,Family,Genus,Species,Subspecies,Infrasubspecies,Sex,Name
0,,,,,,,nan nan nan nan nan nan
129,,Delias,Delias,Delias,,,nan Delias nan nan nan nan
244,Hesperiidae,Notocrypta,Notocrypta sp.,Notocrypta sp.,,,Hesperiidae Notocrypta sp. nan nan nan
278,Hesperiidae,Telicota,Telicota sp.,Telicota sp.,,,Hesperiidae Telicota sp. nan nan nan
420,Nymphalidae,,,,,,Nymphalidae nan nan nan nan nan
422,Pieridae,Appias,Appias,Appias,,,Pieridae Appias nan nan nan nan
502,Nymphalidae,Mynes,Mynes geoffroyii,Mynes geoffroyii,,,Nymphalidae Mynes geoffroyii nan nan nan
648,Pieridae,Eurema,Eurema,Eurema,,,Pieridae Eurema nan nan nan nan
835,Nymphalidae,Danaus,Danaus,Danaus,,,Nymphalidae Danaus nan nan nan nan
1082,Erebidae,,,,,,Erebidae nan nan nan nan nan
1539,Uraniidae,,,,,,Uraniidae nan nan nan nan nan
1729,Nymphalidae,,,,,ERROR,Nymphalidae nan nan nan nan @
1840,Pieridae,Delias,Delias,Delias,,,Pieridae Delias nan nan nan nan
3379,Papilionidae,Parnassius,Parnassius,Parnassius,,,Papilionidae Parnassius nan nan nan nan
4785,Nymphalidae,Vanessa,Vanessa virginiensis,Vanessa virginiensis,,,Nymphalidae Vanessa virginiensis nan nan nan
4818,Nymphalidae,Charaxes,Charaxes,Charaxes,,,Nymphalidae Charaxes nan nan nan nan
5354,Nymphalidae,Neptis,Neptis,Neptis,,,Nymphalidae Neptis nan nan nan nan
7022,,,,,,ERROR,nan nan nan nan nan B+@
7076,,,,,,ERROR,nan nan nan nan nan @
8356,Nymphalidae,Cethosia,Cethosia,Cethosia,,,Nymphalidae Cethosia nan nan nan nan
8423,Nymphalidae,Sephisa,Sephisa chandra,Sephisa chandra,,,Nymphalidae Sephisa chandra nan nan nan
8845,Papilionidae,Byasa,Byasa polyeuctes,Byasa polyeuctes letincius,,,Papilionidae Byasa polyeuctes letincius nan nan
8878,Papilionidea,Byasa,Byasa polyeuctes,Byasa polyeuctes,,,Papilionidea Byasa polyeuctes nan nan nan
9019,Nymphalidae,,,,,ERROR,Nymphalidae nan nan nan nan B
9113,Papilionidae,Papilio,Papilio polyctor,Papilio polyctor,,,Papilionidae Papilio polyctor nan nan nan
9128,Papilionidae,Graphium,Graphium sarpedon,Graphium sarpedon,,,Papilionidae Graphium sarpedon nan nan nan
9163,Nymphalidae,Argynnis,Argynnis hyperbius,Argynnis hyperbius,,,Nymphalidae Argynnis hyperbius nan nan nan
9258,Papilionidae,Papilio,Papilio memnon,Papilio memnon,,,Papilionidae Papilio memnon nan nan nan
9265,Papilionidae,Parnassius,Parnassius acdestis,Parnassius acdestis,,,Papilionidae Parnassius acdestis nan nan nan
9321,Papilionidae,Graphium,Graphium nomius,Graphium nomius,,,Papilionidae Graphium nomius nan nan nan
9340,Papilionidae,Parnassius,Parnassius epaphus,Parnassius epaphus,,,Papilionidae Parnassius epaphus nan nan nan
9457,Nymphalidae,Vanessa,Vanessa cardui,Vanessa cardui,,,Nymphalidae Vanessa cardui nan nan nan
9475,Nymphalidae,Euploea,Euploea mulciber,Euploea mulciber mulciber,,Euploea mulciber mulciber male,Nymphalidae Euploea mulciber mulciber nan male
9489,Nymphalidae,Euploea,Euploea mulciber,Euploea mulciber mulciber,,Euploea mulciber mulciber female,Nymphalidae Euploea mulciber mulciber nan female
9515,Papilionidae,Papilio,Papilio protenor,Papilio protenor,,,Papilionidae Papilio protenor nan nan nan
9994,,Taenaris,Taenaris onolaus,Taenaris onolaus saturatior,,,nan Taenaris onolaus saturatior nan nan
9995,,Taenaris,Taenaris bioculatus,Taenaris bioculatus,,,nan Taenaris bioculatus nan nan nan
9996,,Taenaris,Taenaris catops,Taenaris catops,,,nan Taenaris catops nan nan nan
10000,,Taenaris,Taenaris artemis,Taenaris artemis,,,nan Taenaris artemis nan nan nan
10001,,Taenaris,Taenaris,Taenaris,,,nan Taenaris nan nan nan nan
10002,,Taenaris,Taenaris myops,Taenaris myops,,,nan Taenaris myops nan nan nan
10011,,Elymnias,Elymnias agondas,Elymnias agondas,,,nan Elymnias agondas nan nan nan
10015,,Melanitis,Melanitis amabilis,Melanitis amabilis,,,nan Melanitis amabilis nan nan nan
10017,,Melanitis,Melanitis,Melanitis,,,nan Melanitis nan nan nan nan
10020,,Lamprolenis,Lamprolenis nitida,Lamprolenis nitida,,,nan Lamprolenis nitida nan nan nan
10023,,Taenaris,Taenaris montana,Taenaris montana,,,nan Taenaris montana nan nan nan
10026,,Taenaris,Taenaris chionides,Taenaris chionides aroana,,,nan Taenaris chionides aroana nan nan
10030,,Hyantis,Hyantis,Hyantis,,,nan Hyantis nan nan nan nan
10032,,Taenaris,Taenaris onolaus,Taenaris onolaus,,,nan Taenaris onolaus nan nan nan
11117,Nymphalidae,Euploea,Euploea mulciber,Euploea mulciber mulciber,,,Nymphalidae Euploea mulciber mulciber nan nan
11171,Papilionidae,Graphium,Graphium eurous,Graphium eurous,,,Papilionidae Graphium eurous nan nan nan
11193,Papilionidae,Byasa,Byasa latreillei,Byasa latreillei,,,Papilionidae Byasa latreillei nan nan nan
11244,,,,,,ERROR,nan nan nan nan nan @
11248,,,,,,ERROR,nan nan nan nan nan B
11285,Pieridae,Colias,Colias fieldii,Colias fieldii,,Colias fieldii female,Pieridae Colias fieldii nan nan female
11308,Papilionidae,Byasa,Byasa dasarada,Byasa dasarada,,,Papilionidae Byasa dasarada nan nan nan
11371,Nymphalidae,Euthalia,Euthalia,Euthalia,,,Nymphalidae Euthalia nan nan nan nan
11509,Nymphalidae,Stibochiona,Stibochiona nicea,Stibochiona nicea,,,Nymphalidae Stibochiona nicea nan nan nan
11541,Nymphalidae,Euploea,Euploea core,Euploea core core,,,Nymphalidae Euploea core core nan nan
11619,Nymphalidae,Kallima,Kallima,Kallima,,,Nymphalidae Kallima nan nan nan nan
11792,Papilionidae,Papilio,Papilio machaon,Papilio machaon,,,Papilionidae Papilio machaon nan nan nan
11902,Papilionidae,Papilio,Papilio protenor,Papilio protenor,,Papilio protenor male,Papilionidae Papilio protenor nan nan male
12003,Papilionidae,Papilio,Papilio janaka,Papilio janaka,,,Papilionidae Papilio janaka nan nan nan
12045,Papilionidae,Papilio,Papilio helenus,Papilio helenus,,,Papilionidae Papilio helenus nan nan nan
12066,Papilionidae,Byasa,Byasa plutonius,Byasa plutonius pembertoni,,,Papilionidae Byasa plutonius pembertoni nan nan
12080,Papilionidae,Papilio,Papilio alcmenor,Papilio alcmenor,,Papilio alcmenor male,Papilionidae Papilio alcmenor nan nan male
12087,Papilionidae,Papilio,Papilio alcmenor,Papilio alcmenor,,,Papilionidae Papilio alcmenor nan nan nan
12138,Pieridae,Colias,Colias erate,Colias erate,,Colias erate male,Pieridae Colias erate nan nan male
13708,Nymphalidae,Aglais,Aglais caschmirensis,Aglais caschmirensis,,Aglais caschmirensis male,Nymphalidae Aglais caschmirensis nan nan male
14103,Papilionidae,,,,,,Papilionidae nan nan nan nan nan
14176,,,,,,ERROR,nan nan nan nan nan male
14187,Nymphalidae,Acraea,Acraea issoria,Acraea issoria,,Acraea issoria female,Nymphalidae Acraea issoria nan nan female
14491,Pieridae,Pieris,Pieris canidia,Pieris canidia,,Pieris canidia female,Pieridae Pieris canidia nan nan female
14566,Pieridae,Pieris,Pieris canidia,Pieris canidia,,Pieris canidia male,Pieridae Pieris canidia nan nan male
15259,Pieridae,Colias,Colias erate,Colias erate,,Colias erate female,Pieridae Colias erate nan nan female
15308,Hesperiidae,Choaspes,Choaspes benjaminii,Choaspes benjaminii japonica,,,Hesperiidae Choaspes benjaminii japonica nan nan
15316,Hesperiidae,Seseria,Seseria dohertyi,Seseria dohertyi dohertyi,,,Hesperiidae Seseria dohertyi dohertyi nan nan
15321,Hesperiidae,Tagiades,Tagiades litigiosa,Tagiades litigiosa litigiosa,,,Hesperiidae Tagiades litigiosa litigiosa nan nan
15326,Hesperiidae,Tagiades,Tagiades,Tagiades,,,Hesperiidae Tagiades nan nan nan nan
15328,Hesperiidae,Tagiades,Tagiades menaka,Tagiades menaka menaka,,,Hesperiidae Tagiades menaka menaka nan nan
15339,Hesperiidae,Polystremis,Polystremis,Polystremis,,,Hesperiidae Polystremis nan nan nan nan
15345,Hesperiidae,Udaspes,Udaspes folus,Udaspes folus,,,Hesperiidae Udaspes folus nan nan nan
15349,Hesperiidae,Notocrypta,Notocrypta curvifascia,Notocrypta curvifascia,,,Hesperiidae Notocrypta curvifascia nan nan nan
15353,Hesperiidae,Darpa,Darpa hanria,Darpa hanria,,,Hesperiidae Darpa hanria nan nan nan
15355,Hesperiidae,Pyrgus,Pyrgus,Pyrgus,,,Hesperiidae Pyrgus nan nan nan nan
15405,Hesperiidae,Pelopidas,Pelopidas sinensis,Pelopidas sinensis,,,Hesperiidae Pelopidas sinensis nan nan nan
15777,Hesperiidae,Ochlodes,Ochlodes brahma,Ochlodes brahma,,,Hesperiidae Ochlodes brahma nan nan nan
15782,Hesperiidae,Pedesta,Pedesta masuriensis,Pedesta masuriensis,,,Hesperiidae Pedesta masuriensis nan nan nan
15784,Hesperiidae,Pedesta,Pedesta masuriensis,Pedesta masuriensis masuriensis,,,Hesperiidae Pedesta masuriensis masuriensis nan nan
16301,Nymphalidae,Argyreus,Argyreus hyperbius,Argyreus hyperbius,,,Nymphalidae Argyreus hyperbius nan nan nan
16667,Lycaenidae,Ancema,Ancema ctesia,Ancema ctesia ctesia,,,Lycaenidae Ancema ctesia ctesia nan nan
16790,Hesperiidae,,,,,,Hesperiidae nan nan nan nan nan
16798,Hesperiidae,Ochus,Ochus subvittatus,Ochus subvittatus subvittatus,,,Hesperiidae Ochus subvittatus subvittatus nan nan
16863,Hesperiidae,Lobocla,Lobocla liliana,Lobocla liliana,,,Hesperiidae Lobocla liliana nan nan nan
16865,Hesperiidae,Notocrypta,Notocrypta curvifascia,Notocrypta curvifascia curvifascia,,,Hesperiidae Notocrypta curvifascia curvifascia nan nan
16873,Hesperiidae,Celaenorrhinus,Celaenorrhinus munda,Celaenorrhinus munda,,,Hesperiidae Celaenorrhinus munda nan nan nan
17323,Lycaenidae,Arhopala,Arhopala pseudocentaurus,Arhopala pseudocentaurus,,,Lycaenidae Arhopala pseudocentaurus nan nan nan
17488,Lycaenidae,Deudorix,Deudorix epijarbas,Deudorix epijarbas,,,Lycaenidae Deudorix epijarbas nan nan nan
18024,Papilionidae,Papilio,Papilio jordani,Papilio jordani,,Papilio jordani male,Papilionidae Papilio jordani nan nan male
21386,,,,,,ERROR,nan nan nan nan nan B or @
28578,,TAENARIS,TAENARIS myops,TAENARIS myops misolensis,,,nan TAENARIS myops misolensis nan nan
30155,,,,,,ERROR,nan nan nan nan nan B@
31713,Papilionidae,Zerynthia,Zerynthia rumina,Zerynthia rumina australis,,,Papilionidae Zerynthia rumina australis nan nan
31802,Papilionidae,Parnassius,Parnassius,Parnassius,,Parnassius B,Papilionidae Parnassius nan nan nan B
32056,Papilionidae,Zerynthia,Zerynthia polyxena,Zerynthia polyxena cassandra,,,Papilionidae Zerynthia polyxena cassandra nan nan
32193,Lycaenidae,Tomares,Tomares ballus,Tomares ballus,,,Lycaenidae Tomares ballus nan nan nan
32196,Pieridae,Anthocharis,Anthocharis euphenoides,Anthocharis euphenoides,,,Pieridae Anthocharis euphenoides nan nan nan
32871,Papilionidae,Papilio,Papilio alexanor,Papilio alexanor alexanor,,Papilio alexanor alexanor female,Papilionidae Papilio alexanor alexanor nan female
40230,Mymaridae,Indet.,Indet.,Indet.,,,Mymaridae Indet. nan nan nan nan
42188,Pieridae,Delias,Delias hyparete,Delias hyparete,,,Pieridae Delias hyparete nan nan nan
42308,Papilionidae,Eurytides,Eurytides telesilaus,Eurytides telesilaus,,,Papilionidae Eurytides telesilaus nan nan nan
44699,Erebidae,Buzara,Buzara feneratrix,Buzara feneratrix,,,Erebidae Buzara feneratrix nan nan nan
44707,Erebidae,Baroa,Baroa siamica,Baroa siamica javanica,,,Erebidae Baroa siamica javanica nan nan
44740,Erebidae,Lacera,Lacera alope,Lacera alope,,,Erebidae Lacera alope nan nan nan
44785,Noctuidae,Phlogophora,Phlogophora albifrons,Phlogophora albifrons,,,Noctuidae Phlogophora albifrons nan nan nan
44828,Erebidae,Lemyra,Lemyra maculifascia,Lemyra maculifascia,,,Erebidae Lemyra maculifascia nan nan nan
44844,Noctuidae,Mythimna,Mythimna decisissima,Mythimna decisissima,,,Noctuidae Mythimna decisissima nan nan nan
44861,Erebidae,Nyctemera,Nyctemera scalarium,Nyctemera scalarium,,,Erebidae Nyctemera scalarium nan nan nan
49574,Nymphalidae,Erebia,Erebia,Erebia,,,Nymphalidae Erebia nan nan nan nan
49575,Lycaenidae,Maculinea,Maculinea arion,Maculinea arion,,Maculinea arion male,Lycaenidae Maculinea arion nan nan male
51211,Pieridae,Colotis,Colotis euippe,Colotis euippe,,,Pieridae Colotis euippe nan nan nan
51212,Nymphalidae,Acraea,Acraea elongata,Acraea elongata,,,Nymphalidae Acraea elongata nan nan nan
51213,Lycaenidae,Zizeeria,Zizeeria knysna,Zizeeria knysna,,,Lycaenidae Zizeeria knysna nan nan nan
52492,Papilionidae,Parnassius,Parnassius apollo,Parnassius apollo,,,Papilionidae Parnassius apollo nan nan nan
53408,Lycaenidae,,,,,,Lycaenidae nan nan nan nan nan
55110,HesperiidaeNymphalidae,Charaxes,Charaxes,Charaxes,,,HesperiidaeNymphalidae Charaxes nan nan nan nan
59806,Riodinidae,,,,,,Riodinidae nan nan nan nan nan
60180,Formicidae,Camponotus,Camponotus lindigi,Camponotus lindigi,,,Formicidae Camponotus lindigi nan nan nan
61263,Sphingidae,,,,,,Sphingidae nan nan nan nan nan
61631,Sphingidae,,,,,ERROR,Sphingidae nan nan nan nan B
0,Papilionidae,Graphium,Graphium aristeus,Graphium aristeus parmatus,,Graphium aristeus parmatus male,Papilionidae Graphium aristeus parmatus nan male
443,,Ideopsis,Ideopsis vulgaris,Ideopsis vulgaris,,,nan Ideopsis vulgaris nan nan nan
444,,Euploea,Euploea diocletianus,Euploea diocletianus,,,nan Euploea diocletianus nan nan nan
445,,Euploea,Euploea mulciber,Euploea mulciber,,Euploea mulciber male,nan Euploea mulciber nan nan male
446,,Parantica,Parantica aspasia,Parantica aspasia,,,nan Parantica aspasia nan nan nan
448,,Euploea,Euploea mulciber,Euploea mulciber,,Euploea mulciber female,nan Euploea mulciber nan nan female
449,,Papilio,Papilio demolion,Papilio demolion demolion,,Papilio demolion demolion male,nan Papilio demolion demolion nan male
450,,Troides,Troides helena,Troides helena helena,,Troides helena helena male,nan Troides helena helena nan male
451,,Papilio,Papilio peranthus,Papilio peranthus peranthus,,Papilio peranthus peranthus male,nan Papilio peranthus peranthus nan male
458,,Papilio,Papilio helenus,Papilio helenus enganius,,Papilio helenus enganius male,nan Papilio helenus enganius nan male
462,,Papilio,Papilio karna,Papilio karna karna,,Papilio karna karna male,nan Papilio karna karna nan male
463,,Papilio,Papilio paris,Papilio paris gedeensis,,Papilio paris gedeensis male,nan Papilio paris gedeensis nan male
465,,Euploea,Euploea,Euploea,,,nan Euploea nan nan nan nan
470,,Papilio,Papilio nephelus,Papilio nephelus nephelus,,Papilio nephelus nephelus male,nan Papilio nephelus nephelus nan male
481,,Acraea,Acraea vesta,Acraea vesta,,,nan Acraea vesta nan nan nan
490,Nymphalidae,Danaus,Danaus genutia,Danaus genutia,,,Nymphalidae Danaus genutia nan nan nan
492,Nymphalidae,Euploea,Euploea,Euploea,,,Nymphalidae Euploea nan nan nan nan
493,Nymphalidae,Parantica,Parantica aspasia,Parantica aspasia aspasia,,,Nymphalidae Parantica aspasia aspasia nan nan
497,Papilionidae,Papilio,Papilio peranthus,Papilio peranthus peranthus,,Papilio peranthus peranthus male,Papilionidae Papilio peranthus peranthus nan male
499,Papilionidae,Papilio,Papilio helenus,Papilio helenus enganius,,Papilio helenus enganius male,Papilionidae Papilio helenus enganius nan male
502,Papilionidae,Papilio,Papilio demolion,Papilio demolion demolion,,Papilio demolion demolion male,Papilionidae Papilio demolion demolion nan male
511,Nymphalidae,Danaus,Danaus chrysippus,Danaus chrysippus,,,Nymphalidae Danaus chrysippus nan nan nan
518,Nymphalidae,Ideopsis,Ideopsis vulgaris,Ideopsis vulgaris,,,Nymphalidae Ideopsis vulgaris nan nan nan
527,Papilionidae,Papilio,Papilio nephelus,Papilio nephelus nephelus,,Papilio nephelus nephelus male,Papilionidae Papilio nephelus nephelus nan male
531,Papilionidae,Graphium,Graphium bathycles,Graphium bathycles bathycles,,Graphium bathycles bathycles male,Papilionidae Graphium bathycles bathycles nan male
532,Papilionidae,Graphium,Graphium antiphates,Graphium antiphates javanicus,,Graphium antiphates javanicus male,Papilionidae Graphium antiphates javanicus nan male
535,Nymphalidae,Idea,Idea lynceus,Idea lynceus,,,Nymphalidae Idea lynceus nan nan nan
541,,Idea,Idea lynceus,Idea lynceus,,,nan Idea lynceus nan nan nan
547,,Danaus,Danaus genutia,Danaus genutia,,,nan Danaus genutia nan nan nan
555,,Parantica,Parantica melaneus,Parantica melaneus,,,nan Parantica melaneus nan nan nan
559,Pieridae,Delias-group?,,,,,Pieridae Delias-group? nan nan nan nan
561,Pieridae,,,,,,Pieridae nan nan nan nan nan
563,Nymphalidae,?Cyrestis,,,,,Nymphalidae ?Cyrestis nan nan nan nan
566,Nymphalidae,Delias-group?,,,,,Nymphalidae Delias-group? nan nan nan nan
575,Papilionidae,Papilio,Papilio,Papilio,,,Papilionidae Papilio nan nan nan nan
584,Nymphalidae,Polyura,Polyura,Polyura,,,Nymphalidae Polyura nan nan nan nan
590,Nymphalidae,?Lethe,,,,,Nymphalidae ?Lethe nan nan nan nan
593,Nymphalidae,Cyrestis,Cyrestis,Cyrestis,,,Nymphalidae Cyrestis nan nan nan nan
599,Pieridae,Cepora,Cepora,Cepora,,,Pieridae Cepora nan nan nan nan
600,Lycaenidae,,,,,ERROR,Lycaenidae nan nan nan nan male
601,Nymphalidae,Cyrestis,Cyrestis lutea,Cyrestis lutea,,,Nymphalidae Cyrestis lutea nan nan nan
615,Riodinidae,Zemeros,Zemeros flegyas,Zemeros flegyas,,,Riodinidae Zemeros flegyas nan nan nan
616,Nymphalidae,Parantica,Parantica aspasia,Parantica aspasia,,,Nymphalidae Parantica aspasia nan nan nan
622,Nymphalidae,Stibochiona,Stibochiona coresia,Stibochiona coresia,,Stibochiona coresia female,Nymphalidae Stibochiona coresia nan nan female
624,Pieridae,Catopsilia,Catopsilia crocale,Catopsilia crocale,,,Pieridae Catopsilia crocale nan nan nan
629,Nymphalidae,Parantica,Parantica melaneus,Parantica melaneus,,,Nymphalidae Parantica melaneus nan nan nan
630,Nymphalidae,Lethe,Lethe confusa,Lethe confusa,,,Nymphalidae Lethe confusa nan nan nan
647,Nymphalidae,Euploea,Euploea mulciber,Euploea mulciber,,Euploea mulciber male,Nymphalidae Euploea mulciber nan nan male
649,Nymphalidae,Hypolimnas,Hypolimnas bolina,Hypolimnas bolina,,Hypolimnas bolina female,Nymphalidae Hypolimnas bolina nan nan female
650,Nymphalidae,Elymnias,Elymnias,Elymnias,,,Nymphalidae Elymnias nan nan nan nan
663,Pieridae,Catopsilia,Catopsilia,Catopsilia,,,Pieridae Catopsilia nan nan nan nan
667,Papilionidae,Atrophaneura,Atrophaneura coon,Atrophaneura coon coon,,Atrophaneura coon coon male,Papilionidae Atrophaneura coon coon nan male
679,Nymphalidae,Kallima,Kallima paralekta,Kallima paralekta,,,Nymphalidae Kallima paralekta nan nan nan
687,Pieridae,Delias,Delias hyparete,Delias hyparete,,Delias hyparete male,Pieridae Delias hyparete nan nan male
693,Nymphalidae,Mycalesis,Mycalesis janardana,Mycalesis janardana,,,Nymphalidae Mycalesis janardana nan nan nan
701,Nymphalidae,Ragadia,Ragadia crisia,Ragadia crisia,,,Nymphalidae Ragadia crisia nan nan nan
703,Nymphalidae,Vagrans,Vagrans,Vagrans,,,Nymphalidae Vagrans nan nan nan nan
711,Nymphalidae,Euploea,Euploea mulciber,Euploea mulciber,,Euploea mulciber female,Nymphalidae Euploea mulciber nan nan female
717,Papilionidae,Troides,Troides helena,Troides helena helena,,Troides helena helena male,Papilionidae Troides helena helena nan male
720,Erebidae,Utetheisa,Utetheisa,Utetheisa,,,Erebidae Utetheisa nan nan nan nan
727,Nymphalidae,Acraea,Acraea vesta,Acraea vesta,,,Nymphalidae Acraea vesta nan nan nan
746,Papilionidae,Atrophaneura,Atrophaneura coon,Atrophaneura coon coon,,Atrophaneura coon coon female,Papilionidae Atrophaneura coon coon nan female
747,Nymphalidae,Euploea,Euploea rhadamanthus (= diocletianus),Euploea rhadamanthus (= diocletianus),,,Nymphalidae Euploea rhadamanthus (= diocletianus) nan nan nan
759,Pieridae,Delias,Delias belisama,Delias belisama,,,Pieridae Delias belisama nan nan nan
778,Nymphalidae,Hypolimnas,Hypolimnas bolina,Hypolimnas bolina,,,Nymphalidae Hypolimnas bolina nan nan nan
791,Nymphalidae,Junonia,Junonia hedonia,Junonia hedonia,,,Nymphalidae Junonia hedonia nan nan nan
805,Papilionidae,Atrophaneura,Atrophaneura nox,Atrophaneura nox nox,,Atrophaneura nox nox female,Papilionidae Atrophaneura nox nox nan female
840,Nymphalidae,Stibochiona,Stibochiona coresia,Stibochiona coresia,,,Nymphalidae Stibochiona coresia nan nan nan
853,Nymphalidae,Yphtima,Yphtima,Yphtima,,,Nymphalidae Yphtima nan nan nan nan
854,Nymphalidae,Erites,Erites,Erites,,,Nymphalidae Erites nan nan nan nan
878,Nymphalidae,Elymnias,Elymnias,Elymnias,,Elymnias male,Nymphalidae Elymnias nan nan nan male
936,Nymphalidae,Lethe,Lethe,Lethe,,,Nymphalidae Lethe nan nan nan nan
941,Nymphalidae,Erites,Erites,Erites,,Erites male,Nymphalidae Erites nan nan nan male
947,Papilionidae,Papilio,Papilio nephelus,Papilio nephelus nephelus,,Papilio nephelus nephelus female,Papilionidae Papilio nephelus nephelus nan female
953,Nymphalidae,Mycalesis,Mycalesis,Mycalesis,,,Nymphalidae Mycalesis nan nan nan nan
1036,Papilionidae,Papilio,Papilio karna,Papilio karna karna,,Papilio karna karna male,Papilionidae Papilio karna karna nan male
1044,Nymphalidae,Amathusia,Amathusia phidippus,Amathusia phidippus,,,Nymphalidae Amathusia phidippus nan nan nan
1090,Papilionidae,Graphium,Graphium sarpedon,Graphium sarpedon lycianus,,Graphium sarpedon lycianus male,Papilionidae Graphium sarpedon lycianus nan male
1092,Papilionidae,Papilio,Papilio polytes,Papilio polytes javanus,,Papilio polytes javanus male,Papilionidae Papilio polytes javanus nan male
1102,Papilionidae,Papilio,Papilio memnon,Papilio memnon memnon,,Papilio memnon memnon male,Papilionidae Papilio memnon memnon nan male
1104,Papilionidae,Pachliopta,Pachliopta adamas,Pachliopta adamas adamas,,Pachliopta adamas adamas male,Papilionidae Pachliopta adamas adamas nan male
1105,Papilionidae,Papilio,Papilio memnon,Papilio memnon memnon,,Papilio memnon memnon female,Papilionidae Papilio memnon memnon nan female
1116,Papilionidae,Papilio,Papilio polytes,Papilio polytes javanus,,Papilio polytes javanus female,Papilionidae Papilio polytes javanus nan female
1122,Papilionidae,Papilio,Papilio demolion,Papilio demolion demolion,,Papilio demolion demolion female,Papilionidae Papilio demolion demolion nan female
1123,Papilionidae,Papilio,Papilio peranthus,Papilio peranthus peranthus,,Papilio peranthus peranthus female,Papilionidae Papilio peranthus peranthus nan female
1132,,Vindula,Vindula arsinoe,Vindula arsinoe,,,nan Vindula arsinoe nan nan nan
1135,,Cyrestis,Cyrestis lutea,Cyrestis lutea,,,nan Cyrestis lutea nan nan nan
1142,,Danaus,Danaus chrysippus,Danaus chrysippus,,,nan Danaus chrysippus nan nan nan
1147,,Appias,Appias (indra)leptis,Appias (indra)leptis,,,nan Appias (indra)leptis nan nan nan
1149,,Appias,Appias nero,Appias nero,,,nan Appias nero nan nan nan
1159,,Appias,Appias indra (lucasi),Appias indra (lucasi),,,nan Appias indra (lucasi) nan nan nan
1168,,Parantica,Parantica,Parantica,,,nan Parantica nan nan nan nan
1172,,Cepora,Cepora iudith,Cepora iudith,,,nan Cepora iudith nan nan nan
1179,,Zemeros,Zemeros flegyas,Zemeros flegyas,,,nan Zemeros flegyas nan nan nan
1181,,Neorina,Neorina crishna,Neorina crishna,,,nan Neorina crishna nan nan nan
1183,,Ragadia,Ragadia crisia,Ragadia crisia,,,nan Ragadia crisia nan nan nan
1188,,Ideopsis,Ideopsis juventa,Ideopsis juventa,,,nan Ideopsis juventa nan nan nan
1194,Papilionidae,Graphium,Graphium macareus,Graphium macareus macareus,,Graphium macareus macareus male,Papilionidae Graphium macareus macareus nan male
1196,Papilionidae,Papilio,Papilio paris,Papilio paris gedeensis,,Papilio paris gedeensis male,Papilionidae Papilio paris gedeensis nan male
1233,Papilionidae,Lamproptera,Lamproptera curius,Lamproptera curius curius,,Lamproptera curius curius male,Papilionidae Lamproptera curius curius nan male
1234,Papilionidae,Graphium,Graphium evemon,Graphium evemon evemon,,Graphium evemon evemon male,Papilionidae Graphium evemon evemon nan male
1236,Papilionidae,Graphium,Graphium cf. evemon,Graphium cf. evemon,,Graphium cf. evemon male,Papilionidae Graphium cf. evemon nan nan male
1309,Papilionidae,Graphium,Graphium doson,Graphium doson vulso,,Graphium doson vulso male,Papilionidae Graphium doson vulso nan male
1313,,Graphium,Graphium macareus,Graphium macareus macareus,,Graphium macareus macareus male,nan Graphium macareus macareus nan male
1317,,Graphium,Graphium evemon,Graphium evemon evemon,,Graphium evemon evemon male,nan Graphium evemon evemon nan male
1327,,Papilio,Papilio polytes,Papilio polytes javanus,,Papilio polytes javanus male,nan Papilio polytes javanus nan male
1333,,Papilio,Papilio memnon,Papilio memnon memnon,,Papilio memnon memnon female,nan Papilio memnon memnon nan female
1336,,Graphium,Graphium sarpedon,Graphium sarpedon lycianus,,Graphium sarpedon lycianus male,nan Graphium sarpedon lycianus nan male
1337,,Graphium,Graphium antiphates,Graphium antiphates javanicus,,Graphium antiphates javanicus male,nan Graphium antiphates javanicus nan male
1342,,Graphium,Graphium doson,Graphium doson vulso,,Graphium doson vulso male,nan Graphium doson vulso nan male
1349,,Graphium,Graphium agamemnon,Graphium agamemnon agamemnon,,Graphium agamemnon agamemnon male,nan Graphium agamemnon agamemnon nan male
1359,,Papilio,Papilio memnon,Papilio memnon memnon,,Papilio memnon memnon male,nan Papilio memnon memnon nan male
1365,,Papilio,Papilio helenus,Papilio helenus enganius,,Papilio helenus enganius female,nan Papilio helenus enganius nan female
1375,Papilionidae,Graphium,Graphium sarpedon,Graphium sarpedon lycianus,,Graphium sarpedon lycianus female,Papilionidae Graphium sarpedon lycianus nan female
1377,Papilionidae,Graphium,Graphium agamemnon,Graphium agamemnon agamemnon,,Graphium agamemnon agamemnon male,Papilionidae Graphium agamemnon agamemnon nan male
1520,Papilionidae,Graphium,Graphium eurypylus,Graphium eurypylus daton,,Graphium eurypylus daton male,Papilionidae Graphium eurypylus daton nan male
1535,Papilionidae,Pachliopta,Pachliopta adamas,Pachliopta adamas adamas,,Pachliopta adamas adamas female,Papilionidae Pachliopta adamas adamas nan female
1557,,Papilio,Papilio polytes,Papilio polytes javanus,,Papilio polytes javanus female,nan Papilio polytes javanus nan female
1563,,Atrophaneura,Atrophaneura coon,Atrophaneura coon coon,,Atrophaneura coon coon male,nan Atrophaneura coon coon nan male
1564,,Troides,Troides,Troides,,Troides male,nan Troides nan nan nan male
1567,,Atrophaneura,Atrophaneura coon,Atrophaneura coon coon,,Atrophaneura coon coon female,nan Atrophaneura coon coon nan female
1568,,Lamproptera,Lamproptera curius,Lamproptera curius curius,,Lamproptera curius curius male,nan Lamproptera curius curius nan male
1581,,Papilio,Papilio demolion,Papilio demolion demolion,,Papilio demolion demolion female,nan Papilio demolion demolion nan female
1585,,Graphium,Graphium sarpedon,Graphium sarpedon lycianus,,Graphium sarpedon lycianus female,nan Graphium sarpedon lycianus nan female
1625,,Graphium,Graphium bathycles,Graphium bathycles bathycles,,Graphium bathycles bathycles male,nan Graphium bathycles bathycles nan male
1637,,Troides,Troides amphrysus,Troides amphrysus amphrysus,,Troides amphrysus amphrysus male,nan Troides amphrysus amphrysus nan male
1639,,Atrophaneura,Atrophaneura priapus,Atrophaneura priapus priapus,,Atrophaneura priapus priapus female,nan Atrophaneura priapus priapus nan female
1642,,Pachliopta,Pachliopta adamas,Pachliopta adamas adamas,,Pachliopta adamas adamas male,nan Pachliopta adamas adamas nan male
1643,,Pachliopta,Pachliopta adamas,Pachliopta adamas adamas,,Pachliopta adamas adamas female,nan Pachliopta adamas adamas nan female
1650,,Graphium,Graphium agamemnon,Graphium agamemnon agamemnon,,Graphium agamemnon agamemnon female,nan Graphium agamemnon agamemnon nan female
1661,,Atrophaneura,Atrophaneura nox,Atrophaneura nox nox,,Atrophaneura nox nox female,nan Atrophaneura nox nox nan female
1713,Nymphalidae,Elymnias,Elymnias hypermnestra,Elymnias hypermnestra,,,Nymphalidae Elymnias hypermnestra nan nan nan
1729,Papilionidae,Pachliopta,Pachliopta antiphus,Pachliopta antiphus antiphus,,Pachliopta antiphus antiphus male,Papilionidae Pachliopta antiphus antiphus nan male
1748,Papilionidae,Atrophaneura,Atrophaneura coon,Atrophaneura coon palembanganus,,Atrophaneura coon palembanganus male,Papilionidae Atrophaneura coon palembanganus nan male
1762,Noctuidae,,,,,,Noctuidae nan nan nan nan nan
1763,Nymphalidae,Ideopsis,Ideopsis,Ideopsis,,,Nymphalidae Ideopsis nan nan nan nan
1815,,Graphium,Graphium eurypylus,Graphium eurypylus daton,,Graphium eurypylus daton male,nan Graphium eurypylus daton nan male
1921,,Lamproptera,Lamproptera meges,Lamproptera meges meges,,Lamproptera meges meges male,nan Lamproptera meges meges nan male
2294,,Papilio,Papilio nephelus,Papilio nephelus nephelus,,Papilio nephelus nephelus female,nan Papilio nephelus nephelus nan female
2534,,Papilio,Papilio demolion,Papilio demolion demolion,,,nan Papilio demolion demolion nan nan
2713,,Graphium,Graphium sarpedon,Graphium sarpedon,,Graphium sarpedon male,nan Graphium sarpedon nan nan male
2909,Nymphalidae,Polyura,Polyura hebe,Polyura hebe,,,Nymphalidae Polyura hebe nan nan nan
2915,Nymphalidae,Stibochiona,Stibochiona coresia,Stibochiona coresia coresia,,,Nymphalidae Stibochiona coresia coresia nan nan
2928,Nymphalidae,Junonia,Junonia hedonia,Junonia hedonia ida,,,Nymphalidae Junonia hedonia ida nan nan
2951,Nymphalidae,Vindula,Vindula erota,Vindula erota gedeana,,,Nymphalidae Vindula erota gedeana nan nan
2964,Nymphalidae,Mycalesis,Mycalesis janardana,Mycalesis janardana janardana,,,Nymphalidae Mycalesis janardana janardana nan nan
3001,Nymphalidae,Parantica,Parantica aspasia,Parantica aspasia,,Parantica aspasia male,Nymphalidae Parantica aspasia nan nan male
3041,Nymphalidae,Danaus,Danaus genutia,Danaus genutia,,Danaus genutia male,Nymphalidae Danaus genutia nan nan male
3098,Nymphalidae,Euploea,Euploea,Euploea,,Euploea male,Nymphalidae Euploea nan nan nan male
3127,Nymphalidae,,,,,ERROR,Nymphalidae nan nan nan nan male
3171,Nymphalidae,Euploea,Euploea cf.mulciber,Euploea cf.mulciber,,,Nymphalidae Euploea cf.mulciber nan nan nan
3187,Papilionidae,Papilio,Papilio paris / karna,Papilio paris / karna,,Papilio paris / karna male,Papilionidae Papilio paris / karna nan nan male
3323,Pieridae,Catopsilia,Catopsilia,Catopsilia,,,Pieridae Catopsilia crocale? nan nan nan
3331,Papilionidae,Papilio,Papilio helenus,Papilio helenus enganius,,Papilio helenus enganius female,Papilionidae Papilio helenus enganius nan female
3356,Pieridae,Delias,Delias belisama,Delias belisama,,Delias belisama male,Pieridae Delias belisama nan nan male
3415,Nymphalidae,Danaus,Danaus,Danaus,,,Nymphalidae Danaus melanippus? nan nan nan
3417,Nymphalidae,Euploea?,,,,,Nymphalidae Euploea? nan nan nan nan
3423,Nymphalidae,Ideopsis,Ideopsis juventa,Ideopsis juventa,,,Nymphalidae Ideopsis juventa nan nan nan
3427,Nymphalidae,Parantica?,,,,,Nymphalidae Parantica? nan nan nan nan
3432,Nymphalidae,Danaus,Danaus melanippus,Danaus melanippus,,,Nymphalidae Danaus melanippus nan nan nan
3435,Geometridae,Dysphania,Dysphania cuprina,Dysphania cuprina,,,Geometridae Dysphania cuprina nan nan nan
3436,Nymphalidae,Parantica,Parantica melaneus,Parantica melaneus,,Parantica melaneus male,Nymphalidae Parantica melaneus nan nan male
3452,Nymphalidae,Tanaecia,Tanaecia,Tanaecia,,,Nymphalidae Tanaecia trigerta ?? nan nan nan
3470,Nymphalidae,Idea,Idea lyncea,Idea lyncea,,,Nymphalidae Idea lyncea nan nan nan
3480,Nymphalidae,Idea,Idea lyncea,Idea lyncea,,Idea lyncea male,Nymphalidae Idea lyncea nan nan male
3596,Nymphalidae,Amathusia,Amathusia phidippus,Amathusia phidippus phidippus,,,Nymphalidae Amathusia phidippus phidippus nan nan
3607,Nymphalidae,Zeuxidia,Zeuxidia,Zeuxidia,,Zeuxidia male,Nymphalidae Zeuxidia luxeri? nan nan male
3608,Nymphalidae,Zeuxidia,Zeuxidia luxeri,Zeuxidia luxeri,,Zeuxidia luxeri female,Nymphalidae Zeuxidia luxeri nan nan female
3629,Nymphalidae,Cyrestis,Cyrestis nivea,Cyrestis nivea nivea,,,Nymphalidae Cyrestis nivea nivea nan nan
3694,Nymphalidae,Hypolimnas,Hypolimnas misippus,Hypolimnas misippus,,,Nymphalidae Hypolimnas misippus nan nan nan
3814,Nymphalidae,Parantica,Parantica,Parantica,,,Nymphalidae Parantica melaneus? nan nan nan
3818,Nymphalidae,Parantica,Parantica,Parantica,,,Nymphalidae Parantica nan nan nan nan
3820,Nymphalidae,Zeuxidia,Zeuxidia luxeri,Zeuxidia luxeri,,Zeuxidia luxeri female,Nymphalidae Zeuxidia luxeri luxerii? nan female
3821,Nymphalidae,Danaus,Danaus,Danaus,,,Nymphalidae Danaus genutia? nan nan nan
3822,Nymphalidae,Ideopsis,Ideopsis,Ideopsis,,,Nymphalidae Ideopsis vulgaris? nan nan nan
3831,Nymphalidae,Zeuxidia,Zeuxidia luxeri,Zeuxidia luxeri,,Zeuxidia luxeri male,Nymphalidae Zeuxidia luxeri luxerii? nan male
3857,Papilionidae,Papilio,Papilio aegeus,Papilio aegeus ormenus,,Papilio aegeus ormenus female,Papilionidae Papilio aegeus ormenus nan female
3858,Papilionidae,Ornithoptera,Ornithoptera priamus,Ornithoptera priamus poseidon,,Ornithoptera priamus poseidon male,Papilionidae Ornithoptera priamus poseidon nan male
3955,Nymphalidae,Tanaecia,Tanaecia trigerta,Tanaecia trigerta,,,Nymphalidae Tanaecia trigerta nan nan nan
4050,Nymphalidae,Hypolimnas,Hypolimnas misippus,Hypolimnas misippus,,Hypolimnas misippus female,Nymphalidae Hypolimnas misippus nan nan female
4054,Nymphalidae,,ERROR,ERROR,,,Nymphalidae nan ? genutia nan nan nan
4188,Papilionidae,Troides,Troides amphrysus,Troides amphrysus amphrysus,,Troides amphrysus amphrysus male,Papilionidae Troides amphrysus amphrysus nan male
4305,Papilionidae,Graphium,Graphium agamemnon,Graphium agamemnon agamemnon,,Graphium agamemnon agamemnon female,Papilionidae Graphium agamemnon agamemnon nan female
4900,Papilionidae,Atrophaneura,Atrophaneura nox,Atrophaneura nox nox,,Atrophaneura nox nox male,Papilionidae Atrophaneura nox nox nan male
4945,Papilionidae,Troides,Troides helena,Troides helena helena,,Troides helena helena female,Papilionidae Troides helena helena nan female
5156,Papilionidae,Graphium,Graphium antiphates,Graphium antiphates javanicus,,,Papilionidae Graphium antiphates javanicus nan nan
5235,Pieridae,Appias,Appias nero,Appias nero,,,Pieridae Appias nero nan nan nan
5478,Papilionidae,Papilio,Papilio demolion,Papilio demolion demolion,,,Papilionidae Papilio demolion demolion nan nan
6021,Nymphalidae,Zeuxidia,Zeuxidia luxeri,Zeuxidia luxeri luxeri,,Zeuxidia luxeri luxeri male,Nymphalidae Zeuxidia luxeri luxeri nan male
6052,Papilionidae,Papilio,Papilio karna,Papilio karna karna,,Papilio karna karna female,Papilionidae Papilio karna karna nan female
6428,Nymphalidae,Cyrestis,Cyrestis nivea,Cyrestis nivea,,,Nymphalidae Cyrestis nivea nan nan nan
6483,Pieridae,Appias,Appias nero,Appias nero,,Appias nero male,Pieridae Appias nero nan nan male
6534,Nymphalidae,Cyrestis,Cyrestis nivea,Cyrestis nivea nivea,,Cyrestis nivea nivea male,Nymphalidae Cyrestis nivea nivea nan male
6573,Papilionidae,Graphium,Graphium,Graphium,,,Papilionidae Graphium nan nan nan nan
6598,Papilionidae,Graphium,Graphium antiphates,Graphium antiphates javanicus,,Graphium antiphates javanicus female,Papilionidae Graphium antiphates javanicus nan female
6668,Papilionidae,Atrophaneura,Atrophaneura priapus,Atrophaneura priapus priapus,,Atrophaneura priapus priapus male,Papilionidae Atrophaneura priapus priapus nan male
6700,Papilionidae,Papilio,Papilio,Papilio,,Papilio male,Papilionidae Papilio nan nan nan male
6946,Papilionidae,Graphium,Graphium adonarensis,Graphium adonarensis lycianus,,Graphium adonarensis lycianus male,Papilionidae Graphium adonarensis lycianus nan male
7000,Papilionidae,Papilio,Papilio paris,Papilio paris gedeensis,,Papilio paris gedeensis female,Papilionidae Papilio paris gedeensis nan female
7075,Papilionidae,Graphium,Graphium agamemnon,Graphium agamemnon agamemnon,,Graphium agamemnon agamemnon,Papilionidae Graphium agamemnon agamemnon nan female?
7155,Papilionidae,Graphium,Graphium doson,Graphium doson vulso,,Graphium doson vulso female,Papilionidae Graphium doson vulso nan female
7280,Pieridae,Delias,Delias belisama,Delias belisama,,Delias belisama female,Pieridae Delias belisama nan nan female
7521,Nymphalidae,Hypolimnas,Hypolimnas missipus,Hypolimnas missipus,,Hypolimnas missipus female,Nymphalidae Hypolimnas missipus nan nan female
7645,Papilionidae,Graphium,Graphium adonarensis,Graphium adonarensis lycianus,,Graphium adonarensis lycianus female,Papilionidae Graphium adonarensis lycianus nan female
7664,Nymphalidae,Elymnias,Elymnias,Elymnias,,Elymnias female,Nymphalidae Elymnias nan nan nan female
7713,Nymphalidae,Tanaecia,Tanaecia,Tanaecia,,,Nymphalidae Tanaecia nan nan nan nan
7775,Nymphalidae,Amathusia,Amathusia,Amathusia,,,Nymphalidae Amathusia nan nan nan nan
7875,Pieridae,,,,,ERROR,Pieridae nan nan nan nan male
7885,Papilionidae,Papilio,Papilio ascalaphus,Papilio ascalaphus,,Papilio ascalaphus male,Papilionidae Papilio ascalaphus nan nan male
7896,Pieridae,Delias,Delias cf. hyparete,Delias cf. hyparete,,,Pieridae Delias cf. hyparete nan nan nan
7926,Nymphalidae,Junonia,Junonia,Junonia,,,Nymphalidae Junonia nan nan nan nan
7965,Papilionidae,Lamproptera,Lamproptera curius,Lamproptera curius curius,,Lamproptera curius curius female,Papilionidae Lamproptera curius curius nan female
8234,Papilionidae,Losaria,Losaria coon,Losaria coon coon,,Losaria coon coon male,Papilionidae Losaria coon coon nan male
8252,Papilionidae,Losaria,Losaria coon,Losaria coon coon,,Losaria coon coon female,Papilionidae Losaria coon coon nan female
8396,Hesperiidae,,,,,ERROR,Hesperiidae nan nan nan nan male
8441,Papilionidae,Troides,Troides helena,Troides helena helena,,,Papilionidae Troides helena helena nan nan
8660,Nymphalidae,Lethe,Lethe cf. mantara,Lethe cf. mantara,,,Nymphalidae Lethe cf. mantara nan nan nan
8671,Papilionidae,Papilio,Papilio ulysses,Papilio ulysses telegonus,,Papilio ulysses telegonus male,Papilionidae Papilio ulysses telegonus nan male
8684,Papilionidae,Papilio,Papilio ulysses,Papilio ulysses,,Papilio ulysses male,Papilionidae Papilio ulysses nan nan male
8743,Nymphalidae,cf. Parantica,cf. Parantica,cf. Parantica,,cf. Parantica male,Nymphalidae cf. Parantica nan nan nan male
8917,Nymphalidae,Ideopsis,Ideopsis cf. vulgaris,Ideopsis cf. vulgaris,,,Nymphalidae Ideopsis cf. vulgaris nan nan nan
8974,Nymphalidae,Tanaecia,Tanaecia,Tanaecia,,Tanaecia male,Nymphalidae Tanaecia nan nan nan male
9086,Danaidae,,,,,,Danaidae nan nan nan nan nan
9226,Pieridae,? Cepora,,,,,Pieridae ? Cepora nan nan nan nan
9229,Nymphalidae,Zeuxidia,Zeuxidia luxeri,Zeuxidia luxeri,,,Nymphalidae Zeuxidia luxeri nan nan nan
9233,Nymphalidae,Taenaris,Taenaris,Taenaris,,,Nymphalidae Taenaris nan nan nan nan
9249,Pieridae,,ERROR,ERROR,,,Pieridae nan ? lucasi nan nan nan
9271,Nymphalidae,Idea,Idea,Idea,,,Nymphalidae Idea nan nan nan nan
9306,Nymphalidae,? Neptis/Parathyma,,,,,Nymphalidae ? Neptis/Parathyma nan nan nan nan
9326,Nymphalidae,Erites,Erites cf.argentina,Erites cf.argentina,,,Nymphalidae Erites cf.argentina nan nan nan
9339,Hesperiidae (?),,,,,,Hesperiidae (?) nan nan nan nan nan
9380,Nymphalidae,? Junonia,,,,,Nymphalidae ? Junonia nan nan nan nan
9558,Sesiidae,,,,,,Sesiidae nan nan nan nan nan
9837,Heseriidae,,,,,,Heseriidae nan nan nan nan nan
9900,Nymphalidae,,,,,ERROR,Nymphalidae nan nan nan nan female
9904,Papilionidae,Graphium,Graphium anthedon,Graphium anthedon milon,,Graphium anthedon milon male,Papilionidae Graphium anthedon milon nan male
9905,Papilionidae,Graphium,Graphium eurypylus,Graphium eurypylus pamphylus,,Graphium eurypylus pamphylus male,Papilionidae Graphium eurypylus pamphylus nan male
9981,Papilionidae,Graphium,Graphium meyeri,Graphium meyeri meyeri,,Graphium meyeri meyeri male,Papilionidae Graphium meyeri meyeri nan male
10529,Papilionidae,Graphium,Graphium eurypylus,Graphium eurypylus pamphylus,,Graphium eurypylus pamphylus female,Papilionidae Graphium eurypylus pamphylus nan female
10557,Papilionidae,Graphium,Graphium rhesus (Boisduval),Graphium rhesus (Boisduval) rhesulus,,Graphium rhesus (Boisduval) rhesulus male,Papilionidae Graphium rhesus (Boisduval) rhesulus nan male
10673,Nymphalidae,cf. Cyrestis,cf. Cyrestis,cf. Cyrestis,,,Nymphalidae cf. Cyrestis nan nan nan nan
10682,Nymphalidae,Euploea,Euploea mulciber,Euploea mulciber,,,Nymphalidae Euploea mulciber nan nan nan
10686,Nymphalidae,? Mycalesis,,,,ERROR,Nymphalidae ? Mycalesis nan nan nan male
10687,Nymphalidae,? Lethe,,,,,Nymphalidae ? Lethe nan nan nan nan
10690,Nymphalidae,? Mycalesis,,,,,Nymphalidae ? Mycalesis nan nan nan nan
10702,Nymphalidae,,ERROR,ERROR,,,Nymphalidae nan ? vulgaris nan nan nan
10715,Nymphalidae,? Precis,,,,,Nymphalidae ? Precis nan nan nan nan
10737,Pieridae,? Catopsilia,,,,,Pieridae ? Catopsilia nan nan nan nan
10755,Nymphalidae,Vindula,Vindula arsinoe,Vindula arsinoe,,,Nymphalidae Vindula arsinoe nan nan nan
10849,Nymphalidae,Vindula,Vindula,Vindula,,,Nymphalidae Vindula nan nan nan nan
10854,Erebidae,Nyctemera,Nyctemera coleta,Nyctemera coleta,,,Erebidae Nyctemera coleta nan nan nan
11107,Nymphalidae,Junonia,Junonia nero,Junonia nero,,,Nymphalidae Junonia nero nan nan nan
11173,Nymphalidae,cf. Lethe,cf. Lethe,cf. Lethe,,,Nymphalidae cf. Lethe nan nan nan nan
11243,Nymphalidae,Ragadia,Ragadia,Ragadia,,,Nymphalidae Ragadia nan nan nan nan
11453,Nymphalidae,Euploea,Euploea rhadamanthus,Euploea rhadamanthus,,,Nymphalidae Euploea rhadamanthus nan nan nan
11511,Nymphalidae,Melanitis,Melanitis,Melanitis,,,Nymphalidae Melanitis nan nan nan nan
11519,Erebidae,Creatonotos,Creatonotos gangis,Creatonotos gangis,,,Erebidae Creatonotos gangis nan nan nan
11527,Geometridae,Eumelea,Eumelea rosalia,Eumelea rosalia,,,Geometridae Eumelea rosalia nan nan nan
11539,Nymphalidae,Euthalia,Euthalia dunya,Euthalia dunya mahara,,,Nymphalidae Euthalia dunya mahara nan nan
11551,Nymphalidae,Cirrochroa,Cirrochroa tyche,Cirrochroa tyche moeris,,Cirrochroa tyche moeris male,Nymphalidae Cirrochroa tyche moeris nan male
11593,Nymphalidae,Acraea,Acraea,Acraea,,,Nymphalidae Acraea nan nan nan nan
11730,Nymphalidae,Zeuxidia,Zeuxidia,Zeuxidia,,,Nymphalidae Zeuxidia nan nan nan nan
11732,Nymphalidae,Limenitis,Limenitis,Limenitis,,,Nymphalidae Limenitis nan nan nan nan
11832,Nymphalidae,Rhinopalpa,Rhinopalpa,Rhinopalpa,,,Nymphalidae Rhinopalpa nan nan nan nan
11904,Acraeidae,,,,,,Acraeidae nan nan nan nan nan
13263,,,,,,ERROR,nan nan nan nan nan msle
13699,,Graphium,Graphium evemon,Graphium evemon evemon,,,nan Graphium evemon evemon nan nan
13702,,Lamproptera,Lamproptera meges,Lamproptera meges,,,nan Lamproptera meges nan nan nan
13704,,Lethe,Lethe manthara,Lethe manthara,,,nan Lethe manthara nan nan nan
13712,,Euploea,Euploea alcathoe,Euploea alcathoe alcathoe,,,nan Euploea alcathoe alcathoe nan nan
13746,,Odontoptilum,Odontoptilum sp.,Odontoptilum sp.,,,nan Odontoptilum sp. nan nan nan
13751,,Zemeros,Zemeros flegyas,Zemeros flegyas javanus,,,nan Zemeros flegyas javanus nan nan
13760,,,,javanus,,,nan nan nan javanus nan nan
13804,Nymphalidae,Lethe,Lethe minerva,Lethe minerva minerva,,,Nymphalidae Lethe minerva minerva nan nan
13806,Nymphalidae,Lethe,Lethe manthara,Lethe manthara manthara,,,Nymphalidae Lethe manthara manthara nan nan
13814,,Coeliades,Coeliades subcaudata,Coeliades subcaudata,,,nan Coeliades subcaudata nan nan nan
13892,,Plastingia,Plastingia,Plastingia,,,nan Plastingia nan nan nan nan
13894,,Amathusia,Amathusia phidippus,Amathusia phidippus,,,nan Amathusia phidippus nan nan nan
13898,,Zeuxidia,Zeuxidia luxerii,Zeuxidia luxerii luxerii,,,nan Zeuxidia luxerii luxerii nan nan
15405,Nymphalidae,Danaus,Danaus similis,Danaus similis,,Danaus similis male,Nymphalidae Danaus similis nan nan male
16881,Papilionidae,Troides,Troides amphrysus,Troides amphrysus ruficollis,,Troides amphrysus ruficollis female,Papilionidae Troides amphrysus ruficollis nan female
16884,Nymphalidae,Euploea,Euploea rhadamanthus (= diocletianus),Euploea rhadamanthus (= diocletianus),,Euploea rhadamanthus (= diocletianus) male,Nymphalidae Euploea rhadamanthus (= diocletianus) nan nan male
17136,Nymphalidae,Parantica,Parantica agleoides,Parantica agleoides,,,Nymphalidae Parantica agleoides nan nan nan
17143,Nymphalidae,Euploea,Euploea algea,Euploea algea deione,,,Nymphalidae Euploea algea deione nan nan
17149,Papilionidae,Graphium,Graphium sarpedon,Graphium sarpedon,,Graphium sarpedon male,Papilionidae Graphium sarpedon nan nan male
17150,Papilionidae,Pachliopta,Pachliopta antiphus,Pachliopta antiphus antiphus,,Pachliopta antiphus antiphus female,Papilionidae Pachliopta antiphus antiphus nan female
17163,Nymphalidae,Danaus,Danaus cf. genutia,Danaus cf. genutia,,,Nymphalidae Danaus cf. genutia nan nan nan
17217,Nymphalidae,Hypolimnas,Hypolimnas,Hypolimnas,,,Nymphalidae Hypolimnas nan nan nan nan
17252,Papilionidae,Papilio,Papilio paris,Papilio paris,,Papilio paris male,Papilionidae Papilio paris nan nan male
17344,Papilionidae,Troides,Troides oblongomaculatus,Troides oblongomaculatus oblongomaculatus,,Troides oblongomaculatus oblongomaculatus male,Papilionidae Troides oblongomaculatus oblongomaculatus nan male
17345,Papilionidae,Troides,Troides oblongomaculatus,Troides oblongomaculatus oblongomaculatus,,Troides oblongomaculatus oblongomaculatus female,Papilionidae Troides oblongomaculatus oblongomaculatus nan female
17346,Papilionidae,Ornithoptera,Ornithoptera priamus,Ornithoptera priamus priamus,,Ornithoptera priamus priamus female,Papilionidae Ornithoptera priamus priamus nan female
17522,Pieridae,Catopsilia,Catopsilia pomona,Catopsilia pomona,,Catopsilia pomona female,Pieridae Catopsilia pomona nan nan female
17584,Papilionidae,Papilio,Papilio memnon,Papilio memnon subclathratus,,Papilio memnon subclathratus male,Papilionidae Papilio memnon subclathratus nan male
17585,Papilionidae,Papilio,Papilio peranthus,Papilio peranthus transiens,,Papilio peranthus transiens male,Papilionidae Papilio peranthus transiens nan male
17591,Papilionidae,Papilio,Papilio peranthus,Papilio peranthus transiens,,Papilio peranthus transiens female,Papilionidae Papilio peranthus transiens nan female
17647,Papilionidae,Troides,Troides haliphron,Troides haliphron cf. naias,,Troides haliphron cf. naias female,Papilionidae Troides haliphron cf. naias nan female
17658,Papilionidae,Atrophaneura,Atrophaneura dasarada,Atrophaneura dasarada dasarada,,Atrophaneura dasarada dasarada male,Papilionidae Atrophaneura dasarada dasarada nan male
17659,Papilionidae,Troides,Troides helena,Troides helena cerberus,,Troides helena cerberus male,Papilionidae Troides helena cerberus nan male
17661,Papilionidae,Graphium,Graphium sarpedon,Graphium sarpedon sirkari,,Graphium sarpedon sirkari male,Papilionidae Graphium sarpedon sirkari nan male
17662,Papilionidae,Graphium,Graphium eurypylus,Graphium eurypylus acheron,,Graphium eurypylus acheron male,Papilionidae Graphium eurypylus acheron nan male
17663,Papilionidae,Papilio,Papilio paris,Papilio paris paris,,Papilio paris paris male,Papilionidae Papilio paris paris nan male
17664,Papilionidae,Atrophaneura,Atrophaneura varuna,Atrophaneura varuna astorion,,Atrophaneura varuna astorion male,Papilionidae Atrophaneura varuna astorion nan male
17667,Papilionidae,Papilio,Papilio agestor,Papilio agestor cf.agestor,,Papilio agestor cf.agestor male,Papilionidae Papilio agestor cf.agestor nan male
17669,Papilionidae,Atrophaneura,Atrophaneura dasarada,Atrophaneura dasarada dasarada,,Atrophaneura dasarada dasarada female,Papilionidae Atrophaneura dasarada dasarada nan female
17671,Papilionidae,Graphium,Graphium chironides,Graphium chironides chironides,,Graphium chironides chironides male,Papilionidae Graphium chironides chironides nan male
17672,Papilionidae,Graphium,Graphium aristeus,Graphium aristeus anticrates,,Graphium aristeus anticrates male,Papilionidae Graphium aristeus anticrates nan male
17673,Papilionidae,Graphium,Graphium macareus,Graphium macareus indicus,,Graphium macareus indicus male,Papilionidae Graphium macareus indicus nan male
17676,Papilionidae,Papilio,Papilio epycides,Papilio epycides epycides,,Papilio epycides epycides male,Papilionidae Papilio epycides epycides nan male
17677,Papilionidae,Teinopalpus,Teinopalpus imperialis,Teinopalpus imperialis imperialis,,Teinopalpus imperialis imperialis male,Papilionidae Teinopalpus imperialis imperialis nan male
17678,Papilionidae,Papilio,Papilio nephelus,Papilio nephelus chaon,,Papilio nephelus chaon male,Papilionidae Papilio nephelus chaon nan male
17682,Papilionidae,Papilio,Papilio slateri,Papilio slateri slateri,,Papilio slateri slateri male,Papilionidae Papilio slateri slateri nan male
17684,Papilionidae,Graphium,Graphium eurous,Graphium eurous cashmirensis,,Graphium eurous cashmirensis male,Papilionidae Graphium eurous cashmirensis nan male
17687,Papilionidae,Papilio,Papilio bianor,Papilio bianor cf. ganesa,,Papilio bianor cf. ganesa male,Papilionidae Papilio bianor cf. ganesa nan male
17693,Nymphalidae,Neptis,Neptis,Neptis,,Neptis male,Nymphalidae Neptis nan nan nan male
17695,Papilionidae,Papilio,Papilio helenus,Papilio helenus helenus,,Papilio helenus helenus male,Papilionidae Papilio helenus helenus nan male
17697,Papilionidae,Papilio,Papilio memnon,Papilio memnon agenor,,Papilio memnon agenor male,Papilionidae Papilio memnon agenor nan male
17700,Papilionidae,Papilio,Papilio memnon,Papilio memnon agenor,,Papilio memnon agenor female,Papilionidae Papilio memnon agenor nan female
17707,Papilionidae,Papilio,Papilio castor,Papilio castor cf. castor,,Papilio castor cf. castor male,Papilionidae Papilio castor cf. castor nan male
17708,Papilionidae,Papilio,Papilio castor,Papilio castor cf. castor,,Papilio castor cf. castor female,Papilionidae Papilio castor cf. castor nan female
17710,Papilionidae,Graphium,Graphium antiphates,Graphium antiphates pompilius,,Graphium antiphates pompilius male,Papilionidae Graphium antiphates pompilius nan male
17720,Papilionidae,Teinopalpus,Teinopalpus imperialis,Teinopalpus imperialis imperialis,,Teinopalpus imperialis imperialis female,Papilionidae Teinopalpus imperialis imperialis nan female
17731,Papilionidae,Graphium,Graphium xenocles,Graphium xenocles phrontis,,Graphium xenocles phrontis male,Papilionidae Graphium xenocles phrontis nan male
17734,Papilionidae,Atrophaneura,Atrophaneura aidoneus,Atrophaneura aidoneus,,Atrophaneura aidoneus male,Papilionidae Atrophaneura aidoneus nan nan male
17737,Papilionidae,Graphium,Graphium agetes,Graphium agetes agetes,,Graphium agetes agetes male,Papilionidae Graphium agetes agetes nan male
17738,Papilionidae,Graphium,Graphium doson,Graphium doson axionides,,Graphium doson axionides male,Papilionidae Graphium doson axionides nan male
17743,Papilionidae,Papilio,Papilio clytia,Papilio clytia clytia,,Papilio clytia clytia male,Papilionidae Papilio clytia clytia nan male
17747,Papilionidae,Papilio,Papilio castor,Papilio castor castor,,Papilio castor castor female,Papilionidae Papilio castor castor nan female
17758,Papilionidae,Papilio,Papilio castor,Papilio castor castor,,Papilio castor castor male,Papilionidae Papilio castor castor nan male
17849,Papilionidae,Papilio,Papilio helenus,Papilio helenus enganius,,,Papilionidae Papilio helenus enganius nan nan
17889,Papilionidae,Graphium,Graphium antiphates,Graphium antiphates kalaoensis,,Graphium antiphates kalaoensis male,Papilionidae Graphium antiphates kalaoensis nan male
17892,Papilionidae,Papilio,Papilio gigon,Papilio gigon cf. gigon,,Papilio gigon cf. gigon female,Papilionidae Papilio gigon cf. gigon nan female
17893,Papilionidae,Papilio,Papilio fuscus,Papilio fuscus,,Papilio fuscus female,Papilionidae Papilio fuscus nan nan female
17902,Papilionidae,Papilio,Papilio demoleus,Papilio demoleus,,Papilio demoleus male,Papilionidae Papilio demoleus nan nan male
17980,Papilionidae,Papilio,Papilio polytes,Papilio polytes timorensis,,Papilio polytes timorensis male,Papilionidae Papilio polytes timorensis nan male
17983,Papilionidae,Papilio,Papilio helenus,Papilio helenus mangarinus,,Papilio helenus mangarinus male,Papilionidae Papilio helenus mangarinus nan male
18106,Papilionidae,Papilio,Papilio gigon,Papilio gigon cf. gigon,,Papilio gigon cf. gigon male,Papilionidae Papilio gigon cf. gigon nan male
18107,Nymphalidae,Idea,Idea blanchardi,Idea blanchardi,,,Nymphalidae Idea blanchardi nan nan nan
18127,Papilionidae,Graphium,Graphium agamemnon,Graphium agamemnon cf. agamemnon,,Graphium agamemnon cf. agamemnon female,Papilionidae Graphium agamemnon cf. agamemnon nan female
18128,Papilionidae,Graphium,Graphium eurypylus,Graphium eurypylus pamphilus,,Graphium eurypylus pamphilus male,Papilionidae Graphium eurypylus pamphilus nan male
18176,Papilionidae,Atrophaneura,Atrophaneura priapus,Atrophaneura priapus priapus,,Atrophaneura priapus priapus female,Papilionidae Atrophaneura priapus priapus nan female
18183,Papilionidae,Troides,Troides amphrysus,Troides amphrysus amphrysus,,Troides amphrysus amphrysus female,Papilionidae Troides amphrysus amphrysus nan female
18186,Papilionidae,Papilio,Papilio ascalaphus,Papilio ascalaphus,,Papilio ascalaphus female,Papilionidae Papilio ascalaphus nan nan female
18274,Papilionidae,Papilio,Papilio polytes,Papilio polytes alcindor,,Papilio polytes alcindor male,Papilionidae Papilio polytes alcindor nan male
18275,Papilionidae,Pachliopta,Pachliopta polyphontes,Pachliopta polyphontes polyphontes,,Pachliopta polyphontes polyphontes male,Papilionidae Pachliopta polyphontes polyphontes nan male
18276,Papilionidae,Pachliopta,Pachliopta polyphontes,Pachliopta polyphontes polyphontes,,Pachliopta polyphontes polyphontes female,Papilionidae Pachliopta polyphontes polyphontes nan female
18280,Papilionidae,Papilio,Papilio sataspes,Papilio sataspes sataspes,,Papilio sataspes sataspes female,Papilionidae Papilio sataspes sataspes nan female
18282,Papilionidae,Papilio,Papilio sataspes,Papilio sataspes sataspes,,Papilio sataspes sataspes male,Papilionidae Papilio sataspes sataspes nan male
18284,Papilionidae,Graphium,Graphium milon,Graphium milon milon,,Graphium milon milon male,Papilionidae Graphium milon milon nan male
18287,Papilionidae,Papilio,Papilio ascalaphus,Papilio ascalaphus ascalaphus,,Papilio ascalaphus ascalaphus male,Papilionidae Papilio ascalaphus ascalaphus nan male
18290,Papilionidae,Graphium,Graphium monticolus,Graphium monticolus,,Graphium monticolus male,Papilionidae Graphium monticolus nan nan male
18291,Papilionidae,Papilio,Papilio blumei,Papilio blumei blumei,,Papilio blumei blumei male,Papilionidae Papilio blumei blumei nan male
18294,Papilionidae,Graphium,Graphium agamemnon,Graphium agamemnon comodus,,Graphium agamemnon comodus male,Papilionidae Graphium agamemnon comodus nan male
18295,Papilionidae,Troides,Troides helena,Troides helena hephaestus,,Troides helena hephaestus female,Papilionidae Troides helena hephaestus nan female
18297,Papilionidae,Graphium,Graphium agamemnon,Graphium agamemnon comodus,,Graphium agamemnon comodus female,Papilionidae Graphium agamemnon comodus nan female
18300,Papilionidae,Papilio,Papilio aegeus,Papilio aegeus keianus,,Papilio aegeus keianus male,Papilionidae Papilio aegeus keianus nan male
18301,Papilionidae,Pachliopta,Pachliopta polydorus,Pachliopta polydorus thessalia,,Pachliopta polydorus thessalia male,Papilionidae Pachliopta polydorus thessalia nan male
18302,Papilionidae,Papilio,Papilio fuscus,Papilio fuscus thomsonii,,Papilio fuscus thomsonii female,Papilionidae Papilio fuscus thomsonii nan female
18303,Papilionidae,Ornithoptera,Ornithoptera priamus,Ornithoptera priamus hecuba,,Ornithoptera priamus hecuba male,Papilionidae Ornithoptera priamus hecuba nan male
18304,Papilionidae,Papilio,Papilio fuscus,Papilio fuscus thomsonii,,Papilio fuscus thomsonii male,Papilionidae Papilio fuscus thomsonii nan male
18306,Papilionidae,Papilio,Papilio aegeus,Papilio aegeus keianus,,Papilio aegeus keianus female,Papilionidae Papilio aegeus keianus nan female
18313,Papilionidae,Pachliopta,Pachliopta polydorus,Pachliopta polydorus thessalia,,Pachliopta polydorus thessalia female,Papilionidae Pachliopta polydorus thessalia nan female
18319,Papilionidae,Graphium,Graphium sarpedon,Graphium sarpedon adonarensis,,Graphium sarpedon adonarensis male,Papilionidae Graphium sarpedon adonarensis nan male
18324,Papilionidae,Graphium,Graphium agamemnon,Graphium agamemnon meton,,Graphium agamemnon meton male,Papilionidae Graphium agamemnon meton nan male
18325,Papilionidae,Graphium,Graphium latreillianus,Graphium latreillianus theorini,,Graphium latreillianus theorini male,Papilionidae Graphium latreillianus theorini nan male
18326,Papilionidae,Papilio,Papilio zenobia-group,Papilio zenobia-group,,Papilio zenobia-group male,Papilionidae Papilio zenobia-group nan nan male
18327,Papilionidae,Graphium,Graphium ucalegon,Graphium ucalegon,,Graphium ucalegon female,Papilionidae Graphium ucalegon nan nan female
18328,Papilionidae,Graphium,Graphium leonidas,Graphium leonidas leonidas,,Graphium leonidas leonidas male,Papilionidae Graphium leonidas leonidas nan male
18329,Papilionidae,Papilio,Papilio demodocus,Papilio demodocus demodocus,,Papilio demodocus demodocus female,Papilionidae Papilio demodocus demodocus nan female
18330,Papilionidae,Papilio,Papilio hesperus,Papilio hesperus hesperus,,Papilio hesperus hesperus male,Papilionidae Papilio hesperus hesperus nan male
18331,Papilionidae,Papilio,Papilio cynorta-group,Papilio cynorta-group,,Papilio cynorta-group male,Papilionidae Papilio cynorta-group nan nan male
18332,Papilionidae,Graphium,Graphium policenes,Graphium policenes policenes,,Graphium policenes policenes male,Papilionidae Graphium policenes policenes nan male
18333,Papilionidae,Graphium,Graphium tynderaeus,Graphium tynderaeus,,Graphium tynderaeus male,Papilionidae Graphium tynderaeus nan nan male
18337,Papilionidae,Graphium,Graphium antheus,Graphium antheus antheus,,Graphium antheus antheus male,Papilionidae Graphium antheus antheus nan male
18338,Papilionidae,Papilio,Papilio phorcas,Papilio phorcas,,Papilio phorcas male,Papilionidae Papilio phorcas nan nan male
18339,Papilionidae,Papilio,Papilio cf. cyproeofila,Papilio cf. cyproeofila,,Papilio cf. cyproeofila male,Papilionidae Papilio cf. cyproeofila nan nan male
18341,Acreidae,,,,,,Acreidae nan nan nan nan nan
18342,Papilionidae,Graphium,Graphium ucalegon,Graphium ucalegon,,Graphium ucalegon male,Papilionidae Graphium ucalegon nan nan male
18343,Papilionidae,Papilio,Papilio nireus,Papilio nireus nireus,,Papilio nireus nireus male,Papilionidae Papilio nireus nireus nan male
18346,Papilionidae,Papilio,Papilio lormieri,Papilio lormieri,,Papilio lormieri male,Papilionidae Papilio lormieri nan nan male
18348,Papilionidae,Papilio,Papilio antimachus,Papilio antimachus antimachus,,Papilio antimachus antimachus male,Papilionidae Papilio antimachus antimachus nan male
18352,Papilionidae,Papilio,Papilio dardanus,Papilio dardanus dardanus,,Papilio dardanus dardanus female,Papilionidae Papilio dardanus dardanus nan female
18353,Papilionidae,Papilio,Papilio zalmoxis,Papilio zalmoxis,,Papilio zalmoxis male,Papilionidae Papilio zalmoxis nan nan male
18357,Papilionidae,Graphium,Graphium angolanus,Graphium angolanus,,Graphium angolanus male,Papilionidae Graphium angolanus nan nan male
18365,Papilionidae,Papilio,Papilio demodocus,Papilio demodocus demodocus,,Papilio demodocus demodocus male,Papilionidae Papilio demodocus demodocus nan male
18384,Papilionidae,Papilio,Papilio polytes,Papilio polytes theseus,,Papilio polytes theseus female,Papilionidae Papilio polytes theseus nan female
18389,Papilionidae,Graphium,Graphium delesserti,Graphium delesserti delesserti,,Graphium delesserti delesserti male,Papilionidae Graphium delesserti delesserti nan male
18391,Papilionidae,Graphium,Graphium antiphates,Graphium antiphates itamputi,,Graphium antiphates itamputi male,Papilionidae Graphium antiphates itamputi nan male
18425,Papilionidae,Papilio,Papilio phorcas,Papilio phorcas ssp.,,Papilio phorcas ssp. male,Papilionidae Papilio phorcas ssp. nan male
18427,Papilionidae,Papilio,Papilio dardanus,Papilio dardanus,,Papilio dardanus male,Papilionidae Papilio dardanus nan nan male
18428,Papilionidae,Papilio,Papilio demodocus,Papilio demodocus demodocus,,,Papilionidae Papilio demodocus demodocus nan nan
18429,Papilionidae,Papilio,Papilio desmondi,Papilio desmondi,,Papilio desmondi female,Papilionidae Papilio desmondi nan nan female
18430,Papilionidae,Papilio,Papilio desmondi,Papilio desmondi,,Papilio desmondi male,Papilionidae Papilio desmondi nan nan male
18432,Papilionidae,Papilio,Papilio mackinnoni,Papilio mackinnoni,,,Papilionidae Papilio mackinnoni nan nan nan
18437,Papilionidae,Papilio,Papilio mackinnoni,Papilio mackinnoni,,Papilio mackinnoni male,Papilionidae Papilio mackinnoni nan nan male
18438,Papilionidae,Papilio,Papilio nobilis,Papilio nobilis,,Papilio nobilis male,Papilionidae Papilio nobilis nan nan male
18443,Papilionidae,Papilio,Papilio jacksoni,Papilio jacksoni cf. jacksoni,,Papilio jacksoni cf. jacksoni male,Papilionidae Papilio jacksoni cf. jacksoni nan male
18446,Papilionidae,Papilio,Papilio cf. mackinnoni,Papilio cf. mackinnoni,,Papilio cf. mackinnoni female,Papilionidae Papilio cf. mackinnoni nan nan female
18456,Papilionidae,Graphium,Graphium doson,Graphium doson evemonides,,Graphium doson evemonides male,Papilionidae Graphium doson evemonides nan male
18457,Papilionidae,Papilio,Papilio nephelus,Papilio nephelus albolineatus,,Papilio nephelus albolineatus male,Papilionidae Papilio nephelus albolineatus nan male
18472,Papilionidae,Papilio,Papilio ophidicephalus,Papilio ophidicephalus cf. phalusco,,Papilio ophidicephalus cf. phalusco female,Papilionidae Papilio ophidicephalus cf. phalusco nan female
18478,Papilionidae,Graphium,Graphium angolanus,Graphium angolanus calabar,,Graphium angolanus calabar male,Papilionidae Graphium angolanus calabar nan male
18480,Papilionidae,Graphium,Graphium policenes,Graphium policenes,,Graphium policenes male,Papilionidae Graphium policenes nan nan male
18484,Papilionidae,Papilio,Papilio,Papilio,,Papilio female,Papilionidae Papilio nan nan nan female
18491,Papilionidae,Papilio,Papilio dardanus,Papilio dardanus dardanus,,Papilio dardanus dardanus male,Papilionidae Papilio dardanus dardanus nan male
18492,Papilionidae,Papilio,Papilio cynorta,Papilio cynorta,,Papilio cynorta male,Papilionidae Papilio cynorta nan nan male
18526,Papilionidae,Graphium,Graphium antheus,Graphium antheus,,Graphium antheus male,Papilionidae Graphium antheus nan nan male
18527,Papilionidae,Papilio,Papilio nireus,Papilio nireus cf. lyaeus,,Papilio nireus cf. lyaeus male,Papilionidae Papilio nireus cf. lyaeus nan male
18537,Papilionidae,Papilio,Papilio dardanus,Papilio dardanus cf. tibullus,,Papilio dardanus cf. tibullus male,Papilionidae Papilio dardanus cf. tibullus nan male
18549,Papilionidae,Graphium,Graphium macareus,Graphium macareus maccabaeus,,Graphium macareus maccabaeus male,Papilionidae Graphium macareus maccabaeus nan male
18550,Papilionidae,Papilio,Papilio polytes,Papilio polytes theseus,,Papilio polytes theseus male,Papilionidae Papilio polytes theseus nan male
18561,Papilionidae,Lamproptera,Lamproptera meges,Lamproptera meges meges,,Lamproptera meges meges male,Papilionidae Lamproptera meges meges nan male
18570,Papilionidae,Graphium,Graphium leonidas,Graphium leonidas leonidas,,Graphium leonidas leonidas female,Papilionidae Graphium leonidas leonidas nan female
18591,Papilionidae,Eurytides,Eurytides philolaus,Eurytides philolaus philolaus,,Eurytides philolaus philolaus male,Papilionidae Eurytides philolaus philolaus nan male
18613,Papilionidae,Papilio,Papilio cf. glaucus,Papilio cf. glaucus,,Papilio cf. glaucus female,Papilionidae Papilio cf. glaucus nan nan female
18614,Papilionidae,Papilio,Papilio hesperus,Papilio hesperus,,Papilio hesperus male,Papilionidae Papilio hesperus nan nan male
18615,Papilionidae,Graphium,Graphium angolanus,Graphium angolanus angolanus,,Graphium angolanus angolanus male,Papilionidae Graphium angolanus angolanus nan male
18619,Papilionidae,Papilio,Papilio cf. glaucus,Papilio cf. glaucus,,Papilio cf. glaucus male,Papilionidae Papilio cf. glaucus nan nan male
18621,Papilionidae,Papilio,Papilio cf. sosia,Papilio cf. sosia,,Papilio cf. sosia male,Papilionidae Papilio cf. sosia nan nan male
18625,Pieridae,Appias,Appias zarinda,Appias zarinda zarinda,,Appias zarinda zarinda male,Pieridae Appias zarinda zarinda nan male
18626,Pieridae,Appias,Appias zarinda,Appias zarinda zarinda,,Appias zarinda zarinda female,Pieridae Appias zarinda zarinda nan female
18628,Papilionidae,Graphium,Graphium rhesus,Graphium rhesus rhesus,,Graphium rhesus rhesus female,Papilionidae Graphium rhesus rhesus nan female
18631,Pieridae,Appias,Appias hombroni,Appias hombroni hombroni,,Appias hombroni hombroni female,Pieridae Appias hombroni hombroni nan female
18633,Pieridae,Catopsilia,Catopsilia pomona,Catopsilia pomona flava,,Catopsilia pomona flava female,Pieridae Catopsilia pomona flava nan female
18636,Pieridae,Aoa,Aoa affinis,Aoa affinis,,Aoa affinis male,Pieridae Aoa affinis nan nan male
18644,Papilionidae,Graphium,Graphium meyeri,Graphium meyeri,,Graphium meyeri female,Papilionidae Graphium meyeri nan nan female
18645,Papilionidae,Lamproptera,Lamproptera meges,Lamproptera meges ennius,,Lamproptera meges ennius male,Papilionidae Lamproptera meges ennius nan male
18649,Papilionidae,Graphium,Graphium rhesus,Graphium rhesus rhesus,,Graphium rhesus rhesus male,Papilionidae Graphium rhesus rhesus nan male
18650,Papilionidae,Pachliopta,Pachliopta cf. adamas,Pachliopta cf. adamas,,Pachliopta cf. adamas male,Papilionidae Pachliopta cf. adamas nan nan male
18652,Papilionidae,Papilio,Papilio polytes,Papilio polytes sotira,,Papilio polytes sotira male,Papilionidae Papilio polytes sotira nan male
18665,Papilionidae,Papilio,Papilio peranthus,Papilio peranthus adamantius,,Papilio peranthus adamantius male,Papilionidae Papilio peranthus adamantius nan male
18669,Papilionidae,Papilio,Papilio fuscus,Papilio fuscus pertinax,,Papilio fuscus pertinax male,Papilionidae Papilio fuscus pertinax nan male
18680,Papilionidae,Papilio,Papilio gigon,Papilio gigon gigon,,Papilio gigon gigon male,Papilionidae Papilio gigon gigon nan male
18697,Papilionidae,Graphium,Graphium androcles,Graphium androcles androcles,,Graphium androcles androcles male,Papilionidae Graphium androcles androcles nan male
18724,Papilionidae,Lamproptera,Lamproptera meges,Lamproptera meges akirai,,Lamproptera meges akirai male,Papilionidae Lamproptera meges akirai nan male
18737,Hesperiidae,Celaenoirrhinus,Celaenoirrhinus,Celaenoirrhinus,,,Hesperiidae Celaenoirrhinus nan nan nan nan
18738,Hesperiidae,Erionota,Erionota thrax,Erionota thrax,,,Hesperiidae Erionota thrax nan nan nan
18740,Hesperiidae,Iambrix,Iambrix distanti,Iambrix distanti,,,Hesperiidae Iambrix distanti nan nan nan
18743,Lycaenidae,Chilades,Chilades pandava,Chilades pandava,,Chilades pandava female,Lycaenidae Chilades pandava nan nan female
18744,Hesperiidae,Tagiades,Tagiades litigiosa,Tagiades litigiosa tubulus,,,Hesperiidae Tagiades litigiosa tubulus nan nan
18745,Hesperiidae,Potanthus,Potanthus,Potanthus,,,Hesperiidae Potanthus nan nan nan nan
18746,Lycaenidae,Hypolycaena,Hypolycaena amasa,Hypolycaena amasa pompaedius,,,Lycaenidae Hypolycaena amasa pompaedius nan nan
18748,Lycaenidae,Allotinus,Allotinus,Allotinus,,,Lycaenidae Allotinus nan nan nan nan
18750,Lycaenidae,Acytolepis,Acytolepis puspa,Acytolepis puspa puspa,,,Lycaenidae Acytolepis puspa puspa nan nan
18751,Lycaenidae,Miletus,Miletus,Miletus,,,Lycaenidae Miletus nan nan nan nan
18753,Hesperiidae,Parnara,Parnara apostata,Parnara apostata,,,Hesperiidae Parnara apostata nan nan nan
18754,Hesperiidae,Notocrypta,Notocrypta curvifascia,Notocrypta curvifascia chimaera,,,Hesperiidae Notocrypta curvifascia chimaera nan nan
18755,Lycaenidae,Jamides,Jamides,Jamides,,,Lycaenidae Jamides nan nan nan nan
18758,Lycaenidae,Spalgis,Spalgis epius,Spalgis epius,,,Lycaenidae Spalgis epius nan nan nan
18759,Lycaenidae,Caleta,Caleta roxus,Caleta roxus,,,Lycaenidae Caleta roxus nan nan nan
18760,Hesperiidae,Gangara,Gangara thyrsis,Gangara thyrsis,,,Hesperiidae Gangara thyrsis nan nan nan
18763,Lycaenidae,Chilades,Chilades pandava,Chilades pandava,,,Lycaenidae Chilades pandava nan nan nan
18768,Hesperiidae,Iambrix,Iambrix,Iambrix,,,Hesperiidae Iambrix nan nan nan nan
18775,Lycaenidae,Surendra,Surendra vivarna,Surendra vivarna,,,Lycaenidae Surendra vivarna nan nan nan
18780,Hesperiidae,Koruthaialos,Koruthaialos rubecula,Koruthaialos rubecula,,,Hesperiidae Koruthaialos rubecula nan nan nan
18787,Lycaenidae,Jamides,Jamides,Jamides,,Jamides female,Lycaenidae Jamides nan nan nan female
18788,Hesperiidae,Taractrocera,Taractrocera aliena,Taractrocera aliena,,,Hesperiidae Taractrocera aliena nan nan nan
18806,Callidulidae,,,,,,Callidulidae nan nan nan nan nan
18809,Hesperiidae,Ampittia,Ampittia dioscorides,Ampittia dioscorides,,,Hesperiidae Ampittia dioscorides nan nan nan
18820,Hesperiidae,Halpe,Halpe zola,Halpe zola,,,Hesperiidae Halpe zola nan nan nan
18832,Hesperiidae,Oriens,Oriens,Oriens,,,Hesperiidae Oriens nan nan nan nan
18837,Hesperiidae,Pelopidas,Pelopidas conjuncta,Pelopidas conjuncta,,,Hesperiidae Pelopidas conjuncta nan nan nan
18842,Lycaenidae,Sinthusa,Sinthusa malika,Sinthusa malika,,,Lycaenidae Sinthusa malika nan nan nan
18846,Hesperiidae,Caltoris,Caltoris brunnea,Caltoris brunnea,,,Hesperiidae Caltoris brunnea nan nan nan
18848,Hesperiidae,Telicota,Telicota,Telicota,,,Hesperiidae Telicota nan nan nan nan
18850,Lycaenidae,Flos,Flos apidanus,Flos apidanus,,,Lycaenidae Flos apidanus nan nan nan
18855,Hesperiidae,Ge,Ge geta,Ge geta,,,Hesperiidae Ge geta nan nan nan
18858,Lycaenidae,Heliophorus,Heliophorus epicles,Heliophorus epicles,,,Lycaenidae Heliophorus epicles nan nan nan
18865,Hesperiidae,Halpe,Halpe,Halpe,,,Hesperiidae Halpe nan nan nan nan
18879,Hesperiidae,Psolos,Psolos fuligo,Psolos fuligo,,,Hesperiidae Psolos fuligo nan nan nan
18880,Lycaenidae,Poritia,Poritia,Poritia,,,Lycaenidae Poritia nan nan nan nan
18892,Lycaenidae,Zizina,Zizina otis,Zizina otis lampa,,,Lycaenidae Zizina otis lampa nan nan
18902,Geometridae,,,,,,Geometridae nan nan nan nan nan
18904,Lycaenidae,Arhopala,Arhopala centaurus,Arhopala centaurus,,,Lycaenidae Arhopala centaurus nan nan nan
18927,Lycaenidae,Lampides,Lampides boeticus,Lampides boeticus,,,Lycaenidae Lampides boeticus nan nan nan
18928,Lycaenidae,Everes,Everes lacturnus,Everes lacturnus,,,Lycaenidae Everes lacturnus nan nan nan
18935,Hesperiidae,Oriens,Oriens gola,Oriens gola,,,Hesperiidae Oriens gola nan nan nan
18941,Lycaenidae,Horaga,Horaga,Horaga,,,Lycaenidae Horaga nan nan nan nan
18968,Lycaenidae,Curetis,Curetis,Curetis,,,Lycaenidae Curetis nan nan nan nan
18969,Hesperiidae,Pelopidas,Pelopidas,Pelopidas,,,Hesperiidae Pelopidas nan nan nan nan
18977,Lycaenidae,Jamides,Jamides celeno,Jamides celeno,,,Lycaenidae Jamides celeno nan nan nan
18982,Lycaenidae,Logania,Logania,Logania,,,Lycaenidae Logania nan nan nan nan
18995,Hesperiidae,Ancistroides,Ancistroides nigrita,Ancistroides nigrita,,,Hesperiidae Ancistroides nigrita nan nan nan
18997,Lycaenidae,Arhopala,Arhopala,Arhopala,,,Lycaenidae Arhopala nan nan nan nan
19019,Lycaenidae,Pithecops,Pithecops corvus,Pithecops corvus corax,,,Lycaenidae Pithecops corvus corax nan nan
19023,Lycaenidae,Loxura,Loxura,Loxura,,,Lycaenidae Loxura nan nan nan nan
19031,Lycaenidae,Heliophorus,Heliophorus,Heliophorus,,,Lycaenidae Heliophorus nan nan nan nan
19187,Hesperiidae,Koruthaialus,Koruthaialus rubecula,Koruthaialus rubecula,,,Hesperiidae Koruthaialus rubecula nan nan nan
19220,Lycaenidae,Prosotas,Prosotas,Prosotas,,,Lycaenidae Prosotas nan nan nan nan
19221,Lycaenidae,Hypolycaena,Hypolycaena amasa,Hypolycaena amasa,,,Lycaenidae Hypolycaena amasa nan nan nan
19245,Lycaenidae,Acytolepis,Acytolepis puspa,Acytolepis puspa,,,Lycaenidae Acytolepis puspa nan nan nan
19249,Lycaenidae,Dacalana,Dacalana,Dacalana,,,Lycaenidae Dacalana nan nan nan nan
19294,Lycaenidae,Caleta,Caleta,Caleta,,,Lycaenidae Caleta nan nan nan nan
19332,Lycaenidae,Surendra,Surendra quercetorum,Surendra quercetorum,,,Lycaenidae Surendra quercetorum nan nan nan
19364,Pieridae,Belenois,Belenois java,Belenois java java,,Belenois java java male,Pieridae Belenois java java nan male
19365,Pieridae,Belenois,Belenois java,Belenois java java,,Belenois java java female,Pieridae Belenois java java nan female
19369,Pieridae,Appias,Appias lyncida,Appias lyncida,,Appias lyncida male,Pieridae Appias lyncida nan nan male
19374,Lycaenidae,Hypolycaena,Hypolycaena erylus,Hypolycaena erylus erylus,,,Lycaenidae Hypolycaena erylus erylus nan nan
19375,Pieridae,Saletara,Saletara panda,Saletara panda,,Saletara panda male,Pieridae Saletara panda nan nan male
19377,Hesperiidae,Pelopidas,Pelopidas mathias,Pelopidas mathias,,,Hesperiidae Pelopidas mathias nan nan nan
19390,Pieridae,Catopsilia,Catopsilia pomona,Catopsilia pomona,,Catopsilia pomona male,Pieridae Catopsilia pomona nan nan male
19392,Hesperiidae,Parnara,Parnara,Parnara,,,Hesperiidae Parnara nan nan nan nan
19395,Pieridae,Delias,Delias periboea,Delias periboea,,Delias periboea female,Pieridae Delias periboea nan nan female
19396,Pieridae,Delias,Delias periboea,Delias periboea,,Delias periboea male,Pieridae Delias periboea nan nan male
19401,Pieridae,Appias,Appias lyncida,Appias lyncida hippona,,Appias lyncida hippona female,Pieridae Appias lyncida hippona nan female
19407,Pieridae,Eurema,Eurema cf. hecabe,Eurema cf. hecabe,,,Pieridae Eurema cf. hecabe nan nan nan
19409,Pieridae,Delias,Delias belisama,Delias belisama belisama,,Delias belisama belisama male,Pieridae Delias belisama belisama nan male
19419,Pieridae,Appias,Appias indra,Appias indra leptis,,Appias indra leptis male,Pieridae Appias indra leptis nan male
19482,Lycaenidae,Discolampa,Discolampa ethion,Discolampa ethion,,,Lycaenidae Discolampa ethion nan nan nan
19483,Lycaenidae,Psychonotis,Psychonotis,Psychonotis,,,Lycaenidae Psychonotis nan nan nan nan
19485,Lycaenidae,Catochrysops,Catochrysops panormus,Catochrysops panormus,,,Lycaenidae Catochrysops panormus nan nan nan
19486,Lycaenidae,Psychonotis,Psychonotis piepersii,Psychonotis piepersii,,,Lycaenidae Psychonotis piepersii nan nan nan
19489,Lycaenidae,Jamides,Jamides bochus,Jamides bochus,,,Lycaenidae Jamides bochus nan nan nan
19492,Lycaenidae,Hypolycaena,Hypolycaena sipylus,Hypolycaena sipylus,,,Lycaenidae Hypolycaena sipylus nan nan nan
19493,Lycaenidae,Arhopala,Arhopala acetes,Arhopala acetes,,,Lycaenidae Arhopala acetes nan nan nan
19494,Lycaenidae,Psychonotis,Psychonotis piepersii,Psychonotis piepersii,,Psychonotis piepersii female,Lycaenidae Psychonotis piepersii nan nan female
19507,Lycaenidae,Caleta,Caleta elna,Caleta elna,,,Lycaenidae Caleta elna nan nan nan
19508,Lycaenidae,Euchrysops,Euchrysops cnejus,Euchrysops cnejus,,,Lycaenidae Euchrysops cnejus nan nan nan
19511,Lycaenidae,Rapala,Rapala,Rapala,,,Lycaenidae Rapala nan nan nan nan
19515,Lycaenidae,Anthene,Anthene,Anthene,,,Lycaenidae Anthene nan nan nan nan
19558,Pieridae,Gandaca,Gandaca harina,Gandaca harina harina,,Gandaca harina harina male,Pieridae Gandaca harina harina nan male
19586,Pieridae,Delias,Delias hyparete,Delias hyparete hyparete,,Delias hyparete hyparete female,Pieridae Delias hyparete hyparete nan female
19596,Pieridae,Delias,Delias pasithoe,Delias pasithoe egialea,,Delias pasithoe egialea male,Pieridae Delias pasithoe egialea nan male
19600,Lycaenidae,Jamides,Jamides cf. bochus,Jamides cf. bochus,,,Lycaenidae Jamides cf. bochus nan nan nan
19601,Lycaenidae,cf. Udara,cf. Udara,cf. Udara,,,Lycaenidae cf. Udara nan nan nan nan
19604,Lycaenidae,cf. Acytolepis,cf. Acytolepis,cf. Acytolepis,,,Lycaenidae cf. Acytolepis nan nan nan nan
19605,Lycaenidae,Plautella,Plautella cf. cossaea,Plautella cf. cossaea,,,Lycaenidae Plautella cf. cossaea nan nan nan
19613,Papilionidae,Graphium,Graphium doson,Graphium doson gyndes,,Graphium doson gyndes male,Papilionidae Graphium doson gyndes nan male
19614,Papilionidae,Papilio,Papilio alphenor,Papilio alphenor ledebouria,,Papilio alphenor ledebouria male,Papilionidae Papilio alphenor ledebouria nan male
19616,Papilionidae,Trogonoptera,Trogonoptera trojana,Trogonoptera trojana,,Trogonoptera trojana male,Papilionidae Trogonoptera trojana nan nan male
19618,Papilionidae,Graphium,Graphium bathycles,Graphium bathycles bathycloides,,Graphium bathycles bathycloides male,Papilionidae Graphium bathycles bathycloides nan male
19619,Papilionidae,Graphium,Graphium aristeus,Graphium aristeus hermocrates,,Graphium aristeus hermocrates male,Papilionidae Graphium aristeus hermocrates nan male
19620,Papilionidae,Graphium,Graphium decolor,Graphium decolor decolor,,Graphium decolor decolor male,Papilionidae Graphium decolor decolor nan male
19638,Lycaenidae,Acytolepis,Acytolepis cf. puspa,Acytolepis cf. puspa,,,Lycaenidae Acytolepis cf. puspa nan nan nan
19641,Satyridae,,,,,,Satyridae nan nan nan nan nan
19644,Pieridae,Delias,Delias pasithoe,Delias pasithoe egialea,,Delias pasithoe egialea female,Pieridae Delias pasithoe egialea nan female
19646,Amathusiinae,Amathusia,Amathusia,Amathusia,,,Amathusiinae Amathusia nan nan nan nan
19649,Pieridae,Delias,Delias hyparete,Delias hyparete hyparete,,Delias hyparete hyparete male,Pieridae Delias hyparete hyparete nan male
19687,Pieridae,Catopsilia,Catopsilia pomona,Catopsilia pomona pomona,,Catopsilia pomona pomona male,Pieridae Catopsilia pomona pomona nan male
19696,Lycaenidae,Pithecops,Pithecops dionisius,Pithecops dionisius,,,Lycaenidae Pithecops dionisius nan nan nan
19700,Lycaenidae,Danis,Danis danis,Danis danis,,Danis danis male,Lycaenidae Danis danis nan nan male
19701,Lycaenidae,Danis,Danis danis,Danis danis,,Danis danis female,Lycaenidae Danis danis nan nan female
19711,Lycaenidae,Arhopala,Arhopala phryxus,Arhopala phryxus,,,Lycaenidae Arhopala phryxus nan nan nan
19725,Lycaenidae,Jamides,Jamides coritus,Jamides coritus,,,Lycaenidae Jamides coritus nan nan nan
19729,Callidulidae,Pithecops,Pithecops dionisius,Pithecops dionisius,,,Callidulidae Pithecops dionisius nan nan nan
19744,Lycaenidae,Hypolycaena,Hypolycaena phorbas,Hypolycaena phorbas,,,Lycaenidae Hypolycaena phorbas nan nan nan
19758,Lycaenidae,Caleta,Caleta mindarus,Caleta mindarus,,,Lycaenidae Caleta mindarus nan nan nan
19761,Danaidae,Euchrysops,Euchrysops cnejus,Euchrysops cnejus,,,Danaidae Euchrysops cnejus nan nan nan
19769,Lycaenidae,Danis,Danis danis,Danis danis,,,Lycaenidae Danis danis nan nan nan
19787,Lycaenidae,Psychonotis,Psychonotis caelius,Psychonotis caelius,,,Lycaenidae Psychonotis caelius nan nan nan
19830,Lycaenidae,cf. Candalides,cf. Candalides,cf. Candalides,,,Lycaenidae cf. Candalides nan nan nan nan
19840,Lycaenidae,Arhopala,Arhopala thamyras,Arhopala thamyras,,,Lycaenidae Arhopala thamyras nan nan nan
19920,Lycaenidae,Nacaduba,Nacaduba cyanaea,Nacaduba cyanaea,,Nacaduba cyanaea female,Lycaenidae Nacaduba cyanaea nan nan female
20016,Zygaenidae,,,,,,Zygaenidae nan nan nan nan nan
20097,Lycaenidae,Danis,Danis,Danis,,,Lycaenidae Danis nan nan nan nan
20099,Lycaenidae,Hypochrysops,Hypochrysops polycletus,Hypochrysops polycletus,,,Lycaenidae Hypochrysops polycletus nan nan nan
20190,,,,,,ERROR,nan nan nan nan nan female
20502,,,,,,ERROR,nan nan nan nan nan ♂
20768,Pieridae,Catopsilia,Catopsilia pomona,Catopsilia pomona,,,Pieridae Catopsilia pomona nan nan nan
20832,Pieridae,Delias,Delias pasithoe,Delias pasithoe,,Delias pasithoe male,Pieridae Delias pasithoe nan nan male
20883,Pieridae,Cepora,Cepora perimale,Cepora perimale,,Cepora perimale female,Pieridae Cepora perimale nan nan female
20909,Pieridae,Appias,Appias nero,Appias nero nero,,Appias nero nero male,Pieridae Appias nero nero nan male
20952,Pieridae,Eurema,Eurema,Eurema,,Eurema female,Pieridae Eurema nan nan nan female
33910,Pieridae,Appias,Appias leptis,Appias leptis,,Appias leptis male,Pieridae Appias leptis nan nan male
33913,Nymphalidae,Lexias,Lexias,Lexias,,,Nymphalidae Lexias nan nan nan nan
33933,Pieridae,Delias,Delias belisama,Delias belisama belisama,,Delias belisama belisama female,Pieridae Delias belisama belisama nan female
37152,,,,,,ERROR,nan nan nan nan nan ♀
43307,,ZMA.INS.1358473,ZMA.INS.1358473,ZMA.INS.1358473,,,nan ZMA.INS.1358473 nan nan nan nan
35,Nymphalidae,Parthenos,Parthenos tigrina,Parthenos tigrina,,,Nymphalidae Parthenos tigrina nan nan nan
107,Nymphalidae,Mycalesis,Mycalesis phidon,Mycalesis phidon phidonides,,,Nymphalidae Mycalesis phidon phidonides nan nan
5737,,,,,,ERROR,nan nan nan nan nan .
5745,,,,,,ERROR,nan nan nan nan nan .@
19084,,,,,,ERROR,nan nan nan nan nan B B
19096,,,,,,ERROR,nan nan nan nan nan B @
19473,,,,,,ERROR,nan nan nan nan nan @B
19840,Nymphalidae,Pantoporia,Pantoporia paraka,Pantoporia paraka,,,Nymphalidae Pantoporia paraka nan nan nan
19841,Nymphalidae,Tanaecia,Tanaecia orphne,Tanaecia orphne,,,Nymphalidae Tanaecia orphne nan nan nan
19842,Nymphalidae,Mycalesis,Mycalesis patiana,Mycalesis patiana,,,Nymphalidae Mycalesis patiana nan nan nan
19843,Nymphalidae,Tanaecia,Tanaecia munda,Tanaecia munda,,,Nymphalidae Tanaecia munda nan nan nan
19844,Nymphalidae,Tanaecia,Tanaecia aruna,Tanaecia aruna,,,Nymphalidae Tanaecia aruna nan nan nan
19845,Nymphalidae,Erites,Erites elegans,Erites elegans,,,Nymphalidae Erites elegans nan nan nan
19847,Nymphalidae,Tanaecia,Tanaecia clathrata,Tanaecia clathrata,,,Nymphalidae Tanaecia clathrata nan nan nan
19848,Pieridae,Eurema,Eurema sari,Eurema sari,,,Pieridae Eurema sari nan nan nan
19849,Nymphalidae,Pandita,Pandita sinope,Pandita sinope,,,Nymphalidae Pandita sinope nan nan nan
19853,Pieridae,Eurema,Eurema nicevillei,Eurema nicevillei,,,Pieridae Eurema nicevillei nan nan nan
19858,Nymphalidae,Athyma,Athyma pravara,Athyma pravara,,,Nymphalidae Athyma pravara nan nan nan
19859,Nymphalidae,Lexias,Lexias pardalis,Lexias pardalis,,,Nymphalidae Lexias pardalis nan nan nan
19862,Nymphalidae,Elymnias,Elymnias penanga,Elymnias penanga,,,Nymphalidae Elymnias penanga nan nan nan
19865,Nymphalidae,Terinos,Terinos terpander,Terinos terpander,,,Nymphalidae Terinos terpander nan nan nan
19866,Nymphalidae,Lasippa,Lasippa tiga,Lasippa tiga,,,Nymphalidae Lasippa tiga nan nan nan
19870,Nymphalidae,Euthalia,Euthalia godarti,Euthalia godarti,,,Nymphalidae Euthalia godarti nan nan nan
19871,Nymphalidae,Euthalia,Euthalia iapis,Euthalia iapis,,,Nymphalidae Euthalia iapis nan nan nan
19874,Nymphalidae,Erites,Erites argentina,Erites argentina,,,Nymphalidae Erites argentina nan nan nan
19878,Nymphalidae,Athyma,Athyma kanwa,Athyma kanwa,,,Nymphalidae Athyma kanwa nan nan nan
19879,Lycaenidae,Allotinus,Allotinus nivalis,Allotinus nivalis,,,Lycaenidae Allotinus nivalis nan nan nan
19884,Nymphalidae,Ypthima,Ypthima fasciata,Ypthima fasciata,,,Nymphalidae Ypthima fasciata nan nan nan
19885,Nymphalidae,Faunis,Faunis stomphax,Faunis stomphax,,,Nymphalidae Faunis stomphax nan nan nan
19890,Pieridae,Eurema,Eurema tominia,Eurema tominia,,,Pieridae Eurema tominia nan nan nan
19893,Nymphalidae,Euthalia,Euthalia alpheda,Euthalia alpheda,,,Nymphalidae Euthalia alpheda nan nan nan
19894,Pieridae,Appias,Appias albina,Appias albina,,,Pieridae Appias albina nan nan nan
19896,Nymphalidae,Coelites,Coelites epiminthia,Coelites epiminthia,,,Nymphalidae Coelites epiminthia nan nan nan
19903,Nymphalidae,Pantoporia,Pantoporia aurelia,Pantoporia aurelia,,,Nymphalidae Pantoporia aurelia nan nan nan
19906,Nymphalidae,Euploea,Euploea eyndhovii,Euploea eyndhovii,,,Nymphalidae Euploea eyndhovii nan nan nan
19909,Nymphalidae,Eulaceura,Eulaceura osteria,Eulaceura osteria,,,Nymphalidae Eulaceura osteria nan nan nan
19914,Nymphalidae,Athyma,Athyma selenophora,Athyma selenophora,,,Nymphalidae Athyma selenophora nan nan nan
19915,Nymphalidae,Euthalia,Euthalia mahadeva,Euthalia mahadeva,,,Nymphalidae Euthalia mahadeva nan nan nan
19923,Nymphalidae,Chersonesia,Chersonesia intermedia,Chersonesia intermedia,,,Nymphalidae Chersonesia intermedia nan nan nan
19930,Pieridae,Saletara,Saletara panda,Saletara panda,,,Pieridae Saletara panda nan nan nan
19935,Nymphalidae,Lebadea,Lebadea martha,Lebadea martha,,,Nymphalidae Lebadea martha nan nan nan
19939,Nymphalidae,Coelites,Coelites euptychioides,Coelites euptychioides,,,Nymphalidae Coelites euptychioides nan nan nan
19941,Lycaenidae,Arhopala,Arhopala epimuta,Arhopala epimuta,,,Lycaenidae Arhopala epimuta nan nan nan
19944,Nymphalidae,Zeuxidia,Zeuxidia ameythystus,Zeuxidia ameythystus,,,Nymphalidae Zeuxidia ameythystus nan nan nan
19948,Papilionidae,Graphium,Graphium doson,Graphium doson,,,Papilionidae Graphium doson nan nan nan
19956,Nymphalidae,Dophla,Dophla evelina,Dophla evelina,,,Nymphalidae Dophla evelina nan nan nan
19958,Nymphalidae,Neptis,Neptis nata,Neptis nata,,,Nymphalidae Neptis nata nan nan nan
19959,Hesperiidae,Baoris,Baoris oceia,Baoris oceia,,,Hesperiidae Baoris oceia nan nan nan
19963,Nymphalidae,Athyma,Athyma nefte,Athyma nefte,,,Nymphalidae Athyma nefte nan nan nan
19966,Nymphalidae,Zeuxidia,Zeuxidia doubledaii,Zeuxidia doubledaii,,,Nymphalidae Zeuxidia doubledaii nan nan nan
19967,Nymphalidae,Lexias,Lexias dirtea,Lexias dirtea,,,Nymphalidae Lexias dirtea nan nan nan
19971,Nymphalidae,Moduza,Moduza procris,Moduza procris,,,Nymphalidae Moduza procris nan nan nan
19976,Nymphalidae,Pantoporia,Pantoporia dindinga,Pantoporia dindinga,,,Nymphalidae Pantoporia dindinga nan nan nan
19980,Pieridae,Appias,Appias paulina,Appias paulina,,,Pieridae Appias paulina nan nan nan
19982,Riodinidae,Abisara,Abisara geza,Abisara geza,,,Riodinidae Abisara geza nan nan nan
19996,Nymphalidae,Cirrochroa,Cirrochroa satellita,Cirrochroa satellita,,,Nymphalidae Cirrochroa satellita nan nan nan
20007,Pieridae,Appias,Appias indra,Appias indra,,,Pieridae Appias indra nan nan nan
20015,Nymphalidae,Prothoe,Prothoe franck,Prothoe franck,,,Nymphalidae Prothoe franck nan nan nan
20016,Nymphalidae,Elymnias,Elymnias nesaea,Elymnias nesaea,,,Nymphalidae Elymnias nesaea nan nan nan
20030,Nymphalidae,Euthalia,Euthalia monina,Euthalia monina,,,Nymphalidae Euthalia monina nan nan nan
20039,Nymphalidae,Euploea,Euploea modesta,Euploea modesta,,,Nymphalidae Euploea modesta nan nan nan
20045,Lycaenidae,Arhopala,Arhopala moorei,Arhopala moorei,,,Lycaenidae Arhopala moorei nan nan nan
20048,Papilionidae,Graphium,Graphium antiphates,Graphium antiphates,,,Papilionidae Graphium antiphates nan nan nan
20050,Lycaenidae,Arhopala,Arhopala pseudomuta,Arhopala pseudomuta,,,Lycaenidae Arhopala pseudomuta nan nan nan
20054,Nymphalidae,Neptis,Neptis leucoporos,Neptis leucoporos,,,Nymphalidae Neptis leucoporos nan nan nan
20057,Nymphalidae,Neptis,Neptis hylas,Neptis hylas,,,Nymphalidae Neptis hylas nan nan nan
20058,Lycaenidae,Allotinus,Allotinus leogoron,Allotinus leogoron,,,Lycaenidae Allotinus leogoron nan nan nan
20059,Nymphalidae,Elymnias,Elymnias panthera,Elymnias panthera,,,Nymphalidae Elymnias panthera nan nan nan
20069,Lycaenidae,Arhopala,Arhopala elopura,Arhopala elopura,,,Lycaenidae Arhopala elopura nan nan nan
20082,Papilionidae,Graphium,Graphium agamemnon,Graphium agamemnon,,,Papilionidae Graphium agamemnon nan nan nan
20106,Nymphalidae,Mycalesis,Mycalesis horsfieldi,Mycalesis horsfieldi,,,Nymphalidae Mycalesis horsfieldi nan nan nan
20108,Lycaenidae,Allotinus,Allotinus corbeti,Allotinus corbeti,,,Lycaenidae Allotinus corbeti nan nan nan
20110,Lycaenidae,Arhopala,Arhopala democritus,Arhopala democritus,,,Lycaenidae Arhopala democritus nan nan nan
20128,Nymphalidae,Discophora,Discophora necho,Discophora necho,,,Nymphalidae Discophora necho nan nan nan
20131,Nymphalidae,Ypthima,Ypthima pandocus,Ypthima pandocus,,,Nymphalidae Ypthima pandocus nan nan nan
20135,Papilionidae,Papilio,Papilio polytes,Papilio polytes,,,Papilionidae Papilio polytes nan nan nan
20136,Nymphalidae,Melanitis,Melanitis leda,Melanitis leda,,,Nymphalidae Melanitis leda nan nan nan
20138,Nymphalidae,Orsotriaena,Orsotriaena medus,Orsotriaena medus,,,Nymphalidae Orsotriaena medus nan nan nan
20142,Nymphalidae,Cethosia,Cethosia hypsea,Cethosia hypsea,,,Nymphalidae Cethosia hypsea nan nan nan
20149,Nymphalidae,Euploea,Euploea leucostictos,Euploea leucostictos,,,Nymphalidae Euploea leucostictos nan nan nan
20152,Nymphalidae,Parthenos,Parthenos sylvia,Parthenos sylvia,,,Nymphalidae Parthenos sylvia nan nan nan
20157,Lycaenidae,Prosotas,Prosotas gracilis,Prosotas gracilis,,,Lycaenidae Prosotas gracilis nan nan nan
20158,Lycaenidae,Nacaduba,Nacaduba calauria,Nacaduba calauria,,,Lycaenidae Nacaduba calauria nan nan nan
20159,Hesperiidae,Halpe,Halpe ormenes,Halpe ormenes,,,Hesperiidae Halpe ormenes nan nan nan
20160,Hesperiidae,Pyroneura,Pyroneura callineura,Pyroneura callineura,,,Hesperiidae Pyroneura callineura nan nan nan
20161,Lycaenidae,Miletus,Miletus symethus,Miletus symethus,,,Lycaenidae Miletus symethus nan nan nan
20162,Lycaenidae,Catopyrops,Catopyrops ancyra,Catopyrops ancyra,,,Lycaenidae Catopyrops ancyra nan nan nan
20165,Hesperiidae,Koruthaialos,Koruthaialos conjuncta,Koruthaialos conjuncta,,,Hesperiidae Koruthaialos conjuncta nan nan nan
20167,Hesperiidae,Caltoris,Caltoris plebeia,Caltoris plebeia,,,Hesperiidae Caltoris plebeia nan nan nan
20169,Pieridae,Eurema,Eurema hecabe,Eurema hecabe,,,Pieridae Eurema hecabe nan nan nan
20174,Lycaenidae,Megisba,Megisba malaya,Megisba malaya,,,Lycaenidae Megisba malaya nan nan nan
20175,Hesperiidae,Caltoris,Caltoris malaya,Caltoris malaya,,,Hesperiidae Caltoris malaya nan nan nan
20178,Hesperiidae,Iambrix,Iambrix stellifer,Iambrix stellifer,,,Hesperiidae Iambrix stellifer nan nan nan
20179,Hesperiidae,Notocrypta,Notocrypta paralysos,Notocrypta paralysos,,,Hesperiidae Notocrypta paralysos nan nan nan
20180,Hesperiidae,Hasora,Hasora quadripunctata,Hasora quadripunctata,,,Hesperiidae Hasora quadripunctata nan nan nan
20181,Hesperiidae,Matapa,Matapa druna,Matapa druna,,,Hesperiidae Matapa druna nan nan nan
20182,Hesperiidae,Salanoemia,Salanoemia sala,Salanoemia sala,,,Hesperiidae Salanoemia sala nan nan nan
20186,Lycaenidae,Miletus,Miletus drucei,Miletus drucei,,,Lycaenidae Miletus drucei nan nan nan
20189,Lycaenidae,Nacaduba,Nacaduba normani,Nacaduba normani,,,Lycaenidae Nacaduba normani nan nan nan
20190,Lycaenidae,Miletus,Miletus biggsii,Miletus biggsii,,,Lycaenidae Miletus biggsii nan nan nan
20191,Lycaenidae,Nacaduba,Nacaduba berenice,Nacaduba berenice,,,Lycaenidae Nacaduba berenice nan nan nan
20192,Lycaenidae,Nacaduba,Nacaduba kurava,Nacaduba kurava,,,Lycaenidae Nacaduba kurava nan nan nan
20193,Lycaenidae,Rapala,Rapala dieneces,Rapala dieneces,,,Lycaenidae Rapala dieneces nan nan nan
20195,Lycaenidae,Miletus,Miletus gopara,Miletus gopara,,,Lycaenidae Miletus gopara nan nan nan
20203,Hesperiidae,Capila,Capila phanaeus,Capila phanaeus,,,Hesperiidae Capila phanaeus nan nan nan
20204,Hesperiidae,Hasora,Hasora taminatus,Hasora taminatus,,,Hesperiidae Hasora taminatus nan nan nan
20205,Hesperiidae,Eetion,Eetion elia,Eetion elia,,,Hesperiidae Eetion elia nan nan nan
20206,Hesperiidae,Plastingia,Plastingia pellonia,Plastingia pellonia,,,Hesperiidae Plastingia pellonia nan nan nan
20208,Lycaenidae,Arhopala,Arhopala corinda,Arhopala corinda,,,Lycaenidae Arhopala corinda nan nan nan
20214,Hesperiidae,Zela,Zela elioti,Zela elioti,,,Hesperiidae Zela elioti nan nan nan
20218,Nymphalidae,Neptis,Neptis magadha,Neptis magadha,,,Nymphalidae Neptis magadha nan nan nan
20219,Lycaenidae,Flos,Flos anniella,Flos anniella,,,Lycaenidae Flos anniella nan nan nan
20220,Lycaenidae,Arhopala,Arhopala major,Arhopala major,,,Lycaenidae Arhopala major nan nan nan
20222,Lycaenidae,Arhopala,Arhopala aurea,Arhopala aurea,,,Lycaenidae Arhopala aurea nan nan nan
20225,Lycaenidae,Arhopala,Arhopala atosia,Arhopala atosia,,,Lycaenidae Arhopala atosia nan nan nan
20229,Nymphalidae,Chersonesia,Chersonesia rahria,Chersonesia rahria,,,Nymphalidae Chersonesia rahria nan nan nan
20237,Nymphalidae,Amathuxidia,Amathuxidia amythaon,Amathuxidia amythaon,,,Nymphalidae Amathuxidia amythaon nan nan nan
20238,Lycaenidae,Lycaenopsis,Lycaenopsis haraldus,Lycaenopsis haraldus,,,Lycaenidae Lycaenopsis haraldus nan nan nan
20240,Lycaenidae,Arhopala,Arhopala borneensis,Arhopala borneensis,,,Lycaenidae Arhopala borneensis nan nan nan
20245,Lycaenidae,Arhopala,Arhopala kinabala,Arhopala kinabala,,,Lycaenidae Arhopala kinabala nan nan nan
20250,Lycaenidae,Arhopala,Arhopala hypomuta,Arhopala hypomuta,,,Lycaenidae Arhopala hypomuta nan nan nan
20251,Lycaenidae,Arhopala,Arhopala phanda,Arhopala phanda,,,Lycaenidae Arhopala phanda nan nan nan
20253,Lycaenidae,Arhopala,Arhopala similis,Arhopala similis,,,Lycaenidae Arhopala similis nan nan nan
20254,Lycaenidae,Allotinus,Allotinus subviolaceus,Allotinus subviolaceus,,,Lycaenidae Allotinus subviolaceus nan nan nan
20350,Lycaenidae,Allotinus,Allotinus unicolor,Allotinus unicolor,,,Lycaenidae Allotinus unicolor nan nan nan
20355,Lycaenidae,Jamides,Jamides puloensis,Jamides puloensis,,,Lycaenidae Jamides puloensis nan nan nan
20361,Lycaenidae,Arhopala,Arhopala agesias,Arhopala agesias,,,Lycaenidae Arhopala agesias nan nan nan
20362,Lycaenidae,Arhopala,Arhopala abseus,Arhopala abseus,,,Lycaenidae Arhopala abseus nan nan nan
20372,Pieridae,Appias,Appias lyncida,Appias lyncida,,,Pieridae Appias lyncida nan nan nan
20373,Hesperiidae,Ancistroides,Ancistroides gemmifer,Ancistroides gemmifer,,,Hesperiidae Ancistroides gemmifer nan nan nan
20391,Lycaenidae,Nacaduba,Nacaduba asaga,Nacaduba asaga,,,Lycaenidae Nacaduba asaga nan nan nan
20392,Lycaenidae,Jamides,Jamides virgulatus,Jamides virgulatus,,,Lycaenidae Jamides virgulatus nan nan nan
20395,Lycaenidae,Arhopala,Arhopala antimuta,Arhopala antimuta,,,Lycaenidae Arhopala antimuta nan nan nan
20403,Lycaenidae,Logania,Logania malayica,Logania malayica,,,Lycaenidae Logania malayica nan nan nan
20405,Nymphalidae,Ragadia,Ragadia makuta,Ragadia makuta,,,Nymphalidae Ragadia makuta nan nan nan
20411,Lycaenidae,Anthene,Anthene emolus,Anthene emolus,,,Lycaenidae Anthene emolus nan nan nan
20417,Riodinidae,Paralaxita,Paralaxita orphna,Paralaxita orphna,,,Riodinidae Paralaxita orphna nan nan nan
20418,Lycaenidae,Nacaduba,Nacaduba hermus,Nacaduba hermus,,,Lycaenidae Nacaduba hermus nan nan nan
20421,Papilionidae,Papilio,Papilio nephelus,Papilio nephelus,,,Papilionidae Papilio nephelus nan nan nan
20431,Hesperiidae,Notocrypta,Notocrypta pria,Notocrypta pria,,,Hesperiidae Notocrypta pria nan nan nan
20434,Hesperiidae,Tagiades,Tagiades gana,Tagiades gana,,,Hesperiidae Tagiades gana nan nan nan
20439,Lycaenidae,Arhopala,Arhopala evansi,Arhopala evansi,,,Lycaenidae Arhopala evansi nan nan nan
20446,Lycaenidae,Arhopala,Arhopala achelous,Arhopala achelous,,,Lycaenidae Arhopala achelous nan nan nan
20452,Lycaenidae,Arhopala,Arhopala alaconia,Arhopala alaconia,,,Lycaenidae Arhopala alaconia nan nan nan
20457,Hesperiidae,Zographetus,Zographetus doxus,Zographetus doxus,,,Hesperiidae Zographetus doxus nan nan nan
20464,Lycaenidae,Jamides,Jamides alecto,Jamides alecto,,,Lycaenidae Jamides alecto nan nan nan
20466,Lycaenidae,Jamides,Jamides talinga,Jamides talinga,,,Lycaenidae Jamides talinga nan nan nan
20469,Hesperiidae,Oerane,Oerane microthyrus,Oerane microthyrus,,,Hesperiidae Oerane microthyrus nan nan nan
20471,Lycaenidae,Petrelaea,Petrelaea dana,Petrelaea dana,,,Lycaenidae Petrelaea dana nan nan nan
20473,Lycaenidae,Sithon,Sithon nedymond,Sithon nedymond,,,Lycaenidae Sithon nedymond nan nan nan
20476,Hesperiidae,Potanthus,Potanthus ganda,Potanthus ganda,,,Hesperiidae Potanthus ganda nan nan nan
20480,Hesperiidae,Polytremis,Polytremis lubricans,Polytremis lubricans,,,Hesperiidae Polytremis lubricans nan nan nan
20486,Nymphalidae,Junonia,Junonia iphita,Junonia iphita,,,Nymphalidae Junonia iphita nan nan nan
20488,Lycaenidae,Allotinus,Allotinus horsfieldi,Allotinus horsfieldi,,,Lycaenidae Allotinus horsfieldi nan nan nan
20494,Hesperiidae,Pemara,Pemara pugnans,Pemara pugnans,,,Hesperiidae Pemara pugnans nan nan nan
20496,Lycaenidae,Jamides,Jamides pura,Jamides pura,,,Lycaenidae Jamides pura nan nan nan
20499,Hesperiidae,Potanthus,Potanthus omaha,Potanthus omaha,,,Hesperiidae Potanthus omaha nan nan nan
20510,Hesperiidae,Halpe,Halpe zema,Halpe zema,,,Hesperiidae Halpe zema nan nan nan
20513,Lycaenidae,Nacaduba,Nacaduba beroe,Nacaduba beroe,,,Lycaenidae Nacaduba beroe nan nan nan
20519,Hesperiidae,Taractrocera,Taractrocera ardonia,Taractrocera ardonia,,,Hesperiidae Taractrocera ardonia nan nan nan
20530,Lycaenidae,Cigaritis,Cigaritis lohita,Cigaritis lohita,,,Lycaenidae Cigaritis lohita nan nan nan
20531,Lycaenidae,Callenya,Callenya lenya,Callenya lenya,,,Lycaenidae Callenya lenya nan nan nan
20539,Lycaenidae,Drupadia,Drupadia theda,Drupadia theda,,,Lycaenidae Drupadia theda nan nan nan
20543,Nymphalidae,Xanthotaenia,Xanthotaenia busiris,Xanthotaenia busiris,,,Nymphalidae Xanthotaenia busiris nan nan nan
20545,Lycaenidae,Arhopala,Arhopala zambra,Arhopala zambra,,,Lycaenidae Arhopala zambra nan nan nan
20552,Riodinidae,Paralaxita,Paralaxita damajanti,Paralaxita damajanti,,,Riodinidae Paralaxita damajanti nan nan nan
20553,Lycaenidae,Logania,Logania distanti,Logania distanti,,,Lycaenidae Logania distanti nan nan nan
20554,Nymphalidae,Mycalesis,Mycalesis anapita,Mycalesis anapita,,,Nymphalidae Mycalesis anapita nan nan nan
20555,Lycaenidae,Hypolycaena,Hypolycaena merguia,Hypolycaena merguia,,,Lycaenidae Hypolycaena merguia nan nan nan
20562,Lycaenidae,Arhopala,Arhopala anthelus,Arhopala anthelus,,,Lycaenidae Arhopala anthelus nan nan nan
20566,Lycaenidae,Neopithecops,Neopithecops zalmora,Neopithecops zalmora,,,Lycaenidae Neopithecops zalmora nan nan nan
20569,Hesperiidae,Pirdana,Pirdana distanti,Pirdana distanti,,,Hesperiidae Pirdana distanti nan nan nan
20576,Lycaenidae,Curetis,Curetis tagalica,Curetis tagalica,,,Lycaenidae Curetis tagalica nan nan nan
20585,Hesperiidae,Isma,Isma bononia,Isma bononia,,,Hesperiidae Isma bononia nan nan nan
20598,Lycaenidae,Curetis,Curetis felderi,Curetis felderi,,,Lycaenidae Curetis felderi nan nan nan
20602,Lycaenidae,Allotinus,Allotinus strigatus,Allotinus strigatus,,,Lycaenidae Allotinus strigatus nan nan nan
20616,Nymphalidae,Faunis,Faunis kirata,Faunis kirata,,,Nymphalidae Faunis kirata nan nan nan
20621,Lycaenidae,Allotinus,Allotinus apries,Allotinus apries,,,Lycaenidae Allotinus apries nan nan nan
20653,Lycaenidae,Nacaduba,Nacaduba solta,Nacaduba solta,,,Lycaenidae Nacaduba solta nan nan nan
20654,Nymphalidae,Chersonesia,Chersonesia peraka,Chersonesia peraka,,,Nymphalidae Chersonesia peraka nan nan nan
20656,Hesperiidae,Darpa,Darpa striata,Darpa striata,,,Hesperiidae Darpa striata nan nan nan
20660,Lycaenidae,Arhopala,Arhopala silhetensis,Arhopala silhetensis,,,Lycaenidae Arhopala silhetensis nan nan nan
20663,Papilionidae,Papilio,Papilio demolion,Papilio demolion,,,Papilionidae Papilio demolion nan nan nan
20664,Nymphalidae,Thaumantis,Thaumantis odana,Thaumantis odana,,,Nymphalidae Thaumantis odana nan nan nan
20673,Hesperiidae,Choaspes,Choaspes plateni,Choaspes plateni,,,Hesperiidae Choaspes plateni nan nan nan
20679,Lycaenidae,Arhopala,Arhopala metamuta,Arhopala metamuta,,,Lycaenidae Arhopala metamuta nan nan nan
20695,Hesperiidae,Celaenorrhinus,Celaenorrhinus ficulnea,Celaenorrhinus ficulnea,,,Hesperiidae Celaenorrhinus ficulnea nan nan nan
20697,Lycaenidae,Rapala,Rapala pheretima,Rapala pheretima,,,Lycaenidae Rapala pheretima nan nan nan
20732,Lycaenidae,Arhopala,Arhopala moolaiana,Arhopala moolaiana,,,Lycaenidae Arhopala moolaiana nan nan nan
20741,Lycaenidae,Iraota,Iraota distanti,Iraota distanti,,,Lycaenidae Iraota distanti nan nan nan
20779,Papilionidae,Graphium,Graphium delesserti,Graphium delesserti,,,Papilionidae Graphium delesserti nan nan nan
20782,Pieridae,Eurema,Eurema andersoni,Eurema andersoni,,,Pieridae Eurema andersoni nan nan nan
20783,Lycaenidae,Drupadia,Drupadia ravindra,Drupadia ravindra,,,Lycaenidae Drupadia ravindra nan nan nan
20787,Pieridae,Gandaca,Gandaca harina,Gandaca harina,,,Pieridae Gandaca harina nan nan nan
20792,Riodinidae,Zemeros,Zemeros emesoides,Zemeros emesoides,,,Riodinidae Zemeros emesoides nan nan nan
20795,Papilionidae,Pachliopta,Pachliopta aristolochiae,Pachliopta aristolochiae,,,Papilionidae Pachliopta aristolochiae nan nan nan
20796,Nymphalidae,Thaumantis,Thaumantis noureddin,Thaumantis noureddin,,,Nymphalidae Thaumantis noureddin nan nan nan
20802,Nymphalidae,Cirrochroa,Cirrochroa tyche,Cirrochroa tyche,,,Nymphalidae Cirrochroa tyche nan nan nan
20807,Papilionidae,Graphium,Graphium ramaceus,Graphium ramaceus,,,Papilionidae Graphium ramaceus nan nan nan
20819,Papilionidae,Losaria,Losaria neptunus,Losaria neptunus,,,Papilionidae Losaria neptunus nan nan nan
20823,Pieridae,Eurema,Eurema blanda,Eurema blanda,,,Pieridae Eurema blanda nan nan nan
20824,Nymphalidae,Euploea,Euploea camaralzeman,Euploea camaralzeman,,,Nymphalidae Euploea camaralzeman nan nan nan
20832,Nymphalidae,Mycalesis,Mycalesis orseis,Mycalesis orseis,,,Nymphalidae Mycalesis orseis nan nan nan
20835,Nymphalidae,Euploea,Euploea algea,Euploea algea,,,Nymphalidae Euploea algea nan nan nan
20842,Nymphalidae,Bassarona,Bassarona dunya,Bassarona dunya,,,Nymphalidae Bassarona dunya nan nan nan
20844,Nymphalidae,Neptis,Neptis duryodana,Neptis duryodana,,,Nymphalidae Neptis duryodana nan nan nan
20845,Papilionidae,Papilio,Papilio paradoxa,Papilio paradoxa,,,Papilionidae Papilio paradoxa nan nan nan
20847,Papilionidae,Graphium,Graphium macareus,Graphium macareus,,,Papilionidae Graphium macareus nan nan nan
20849,Nymphalidae,Vindula,Vindula dejone,Vindula dejone,,,Nymphalidae Vindula dejone nan nan nan
20854,Nymphalidae,Mycalesis,Mycalesis maianeas,Mycalesis maianeas,,,Nymphalidae Mycalesis maianeas nan nan nan
20889,Nymphalidae,Cirrochroa,Cirrochroa emalea,Cirrochroa emalea,,,Nymphalidae Cirrochroa emalea nan nan nan
20896,Nymphalidae,Mycalesis,Mycalesis thyateira,Mycalesis thyateira,,,Nymphalidae Mycalesis thyateira nan nan nan
20898,Nymphalidae,Lasippa,Lasippa monata,Lasippa monata,,,Nymphalidae Lasippa monata nan nan nan
20924,Nymphalidae,Athyma,Athyma larymna,Athyma larymna,,,Nymphalidae Athyma larymna nan nan nan
20925,Nymphalidae,Elymnias,Elymnias esaca,Elymnias esaca,,,Nymphalidae Elymnias esaca nan nan nan
20944,Nymphalidae,Ypthima,Ypthima baldus,Ypthima baldus,,,Nymphalidae Ypthima baldus nan nan nan
20951,Pieridae,Eurema,Eurema ada,Eurema ada,,,Pieridae Eurema ada nan nan nan
20962,Lycaenidae,Logania,Logania regina,Logania regina,,,Lycaenidae Logania regina nan nan nan
20970,Nymphalidae,Chersonesia,Chersonesia nicevillei,Chersonesia nicevillei,,,Nymphalidae Chersonesia nicevillei nan nan nan
20987,Lycaenidae,Arhopala,Arhopala avathina,Arhopala avathina,,,Lycaenidae Arhopala avathina nan nan nan
20993,Hesperiidae,Ancistroides,Ancistroides armatus,Ancistroides armatus,,,Hesperiidae Ancistroides armatus nan nan nan
20998,Nymphalidae,Euploea,Euploea phaenareta,Euploea phaenareta,,,Nymphalidae Euploea phaenareta nan nan nan
21005,Riodinidae,Abisara,Abisara savitri,Abisara savitri,,,Riodinidae Abisara savitri nan nan nan
21025,Nymphalidae,Neptis,Neptis harita,Neptis harita,,,Nymphalidae Neptis harita nan nan nan
21041,Riodinidae,Paralaxita,Paralaxita hewitsoni,Paralaxita hewitsoni,,,Riodinidae Paralaxita hewitsoni nan nan nan
21056,Nymphalidae,Lexias,Lexias canescens,Lexias canescens,,,Nymphalidae Lexias canescens nan nan nan
21066,Nymphalidae,Cupha,Cupha erymanthis,Cupha erymanthis,,,Nymphalidae Cupha erymanthis nan nan nan
21088,Pieridae,Leptosia,Leptosia nina,Leptosia nina,,,Pieridae Leptosia nina nan nan nan
21114,Riodinidae,Paralaxita,Paralaxita telesia,Paralaxita telesia,,,Riodinidae Paralaxita telesia nan nan nan
21145,Nymphalidae,Lasippa,Lasippa heliodore,Lasippa heliodore,,,Nymphalidae Lasippa heliodore nan nan nan
21149,Riodinidae,Taxila,Taxila haquinus,Taxila haquinus,,,Riodinidae Taxila haquinus nan nan nan
21150,Nymphalidae,Faunis,Faunis gracilis,Faunis gracilis,,,Nymphalidae Faunis gracilis nan nan nan
21157,Nymphalidae,Athyma,Athyma reta,Athyma reta,,,Nymphalidae Athyma reta nan nan nan
21161,Nymphalidae,Charaxes,Charaxes bernardus,Charaxes bernardus,,,Nymphalidae Charaxes bernardus nan nan nan
41283,Lasiocampidae,,,,,,Lasiocampidae nan nan nan nan nan
42130,Lasiocampidae,,,,,ERROR,Lasiocampidae nan nan nan nan @
4302,,Poritia,Poritia erycinoides,Poritia erycinoides,,,nan Poritia erycinoides nan nan nan
8069,Lycaenidae,Allotinus,Allotinus davidis,Allotinus davidis,,,Lycaenidae Allotinus davidis nan nan nan
8077,Lycaenidae,Arhopala,Arhopala amphimuta,Arhopala amphimuta,,,Lycaenidae Arhopala amphimuta nan nan nan
8141,Lycaenidae,Surendra,Surendra florimel,Surendra florimel,,,Lycaenidae Surendra florimel nan nan nan
8154,Nymphalidae,Euploea,Euploea radamanthus,Euploea radamanthus,,,Nymphalidae Euploea radamanthus nan nan nan
8227,Lycaenidae,Simiskina,Simiskina pharyge,Simiskina pharyge,,,Lycaenidae Simiskina pharyge nan nan nan
8231,Nymphalidae,Tanaecia,Tanaecia iapis,Tanaecia iapis,,,Nymphalidae Tanaecia iapis nan nan nan
8262,Hesperiidae,Celaenorrhinus,Celaenorrhinus ladana,Celaenorrhinus ladana,,,Hesperiidae Celaenorrhinus ladana nan nan nan
8265,Lycaenidae,Prosotas,Prosotas nora,Prosotas nora,,,Lycaenidae Prosotas nora nan nan nan
8268,Nymphalidae,Phalanta,Phalanta alcippe,Phalanta alcippe,,,Nymphalidae Phalanta alcippe nan nan nan
8293,Nymphalidae,Cirrochroa,Cirrochroa orissa,Cirrochroa orissa,,,Nymphalidae Cirrochroa orissa nan nan nan
8327,Lycaenidae,Jamides,Jamides elpis,Jamides elpis,,,Lycaenidae Jamides elpis nan nan nan
8354,Lycaenidae,Prosotas,Prosotas dubiosa,Prosotas dubiosa,,,Lycaenidae Prosotas dubiosa nan nan nan
8360,Lycaenidae,Curetis,Curetis santana,Curetis santana,,,Lycaenidae Curetis santana nan nan nan
8368,Nymphalidae,Terinos,Terinos atlita,Terinos atlita,,,Nymphalidae Terinos atlita nan nan nan
8390,Lycaenidae,Anthene,Anthene lycaenina,Anthene lycaenina,,,Lycaenidae Anthene lycaenina nan nan nan
8502,Nymphalidae,Idea,Idea stolli,Idea stolli,,,Nymphalidae Idea stolli nan nan nan
8535,Nymphalidae,Neptis,Neptis clinia,Neptis clinia,,,Nymphalidae Neptis clinia nan nan nan
8566,Pieridae,Cepora,Cepora iudith,Cepora iudith,,,Pieridae Cepora iudith nan nan nan
8596,Nymphalidae,Doleschallia,Doleschallia bisaltide,Doleschallia bisaltide,,,Nymphalidae Doleschallia bisaltide nan nan nan
8598,Nymphalidae,Athyma,Athyma asura,Athyma asura,,,Nymphalidae Athyma asura nan nan nan
8600,Pieridae,Cepora,Cepora pactolicus,Cepora pactolicus,,,Pieridae Cepora pactolicus nan nan nan
8715,Nymphalidae,Mycalesis,Mycalesis fuscum,Mycalesis fuscum,,,Nymphalidae Mycalesis fuscum nan nan nan
8760,Nymphalidae,Athyma,Athyma abiasa,Athyma abiasa adunora,,,Nymphalidae Athyma abiasa adunora nan nan
8791,Nymphalidae,Euripus,Euripus nyctelius,Euripus nyctelius,,,Nymphalidae Euripus nyctelius nan nan nan
8805,Nymphalidae,Polyura,Polyura athamas,Polyura athamas,,,Nymphalidae Polyura athamas nan nan nan
8809,Nymphalidae,Hypolimnas,Hypolimnas anomala,Hypolimnas anomala,,,Nymphalidae Hypolimnas anomala nan nan nan
8811,Nymphalidae,Euploea,Euploea crameri,Euploea crameri,,,Nymphalidae Euploea crameri nan nan nan
8828,Nymphalidae,Mycalesis,Mycalesis mnasicles,Mycalesis mnasicles,,,Nymphalidae Mycalesis mnasicles nan nan nan
8836,Lycaenidae,Acytolepis,Acytolepis ripte,Acytolepis ripte,,,Lycaenidae Acytolepis ripte nan nan nan
8878,Nymphalidae,Euthalia,Euthalia anosia,Euthalia anosia,,,Nymphalidae Euthalia anosia nan nan nan
8899,Papilionidae,Papilio,Papilio slateri,Papilio slateri,,,Papilionidae Papilio slateri nan nan nan
8964,Hesperiidae,Potanthus,Potanthus trachala,Potanthus trachala,,,Hesperiidae Potanthus trachala nan nan nan
9007,Hesperiidae,Acerbas,Acerbas duris,Acerbas duris,,,Hesperiidae Acerbas duris nan nan nan
9017,Lycaenidae,Plautella,Plautella cossaea,Plautella cossaea,,,Lycaenidae Plautella cossaea nan nan nan
9018,Nymphalidae,Lasippa,Lasippa viraja,Lasippa viraja,,,Nymphalidae Lasippa viraja nan nan nan
9032,Nymphalidae,Terinos,Terinos clarissa,Terinos clarissa,,,Nymphalidae Terinos clarissa nan nan nan
9045,Hesperiidae,Hasora,Hasora schoenherr,Hasora schoenherr,,,Hesperiidae Hasora schoenherr nan nan nan
9125,Nymphalidae,Neptis,Neptis ilira,Neptis ilira,,,Nymphalidae Neptis ilira nan nan nan
9171,Papilionidae,Troides,Troides amphrysus,Troides amphrysus,,,Papilionidae Troides amphrysus nan nan nan
9178,Nymphalidae,Amathusia,Amathusia ochraceofusca,Amathusia ochraceofusca,,,Nymphalidae Amathusia ochraceofusca nan nan nan
9259,Papilionidae,Graphium,Graphium megarus,Graphium megarus,,,Papilionidae Graphium megarus nan nan nan
9318,Lycaenidae,Sinthusa,Sinthusa privata,Sinthusa privata,,,Lycaenidae Sinthusa privata nan nan nan
9373,Lycaenidae,Allotinus,Allotinus fabius,Allotinus fabius,,,Lycaenidae Allotinus fabius nan nan nan
9394,Nymphalidae,Pantoporia,Pantoporia sandaka,Pantoporia sandaka,,,Nymphalidae Pantoporia sandaka nan nan nan
26039,Nymphalidae,Apaturopsis,Apaturopsis cleochares,Apaturopsis cleochares,,,Nymphalidae Apaturopsis cleochares nan nan nan
26119,Nymphalidae,Heteropsis,Heteropsis peitho,Heteropsis peitho,,,Nymphalidae Heteropsis peitho nan nan nan
26,Pieridae,Delias,Delias ladas,Delias ladas,,,Pieridae Delias ladas nan nan nan
40,Pieridae,Delias,Delias klossi,Delias klossi,,,Pieridae Delias klossi nan nan nan
53,Pieridae,Leuciacria,Leuciacria acuta,Leuciacria acuta,,,Pieridae Leuciacria acuta nan nan nan
81,Pieridae,Delias,Delias autumnalis,Delias autumnalis,,,Pieridae Delias autumnalis nan nan nan
82,Pieridae,Delias,Delias fascelis,Delias fascelis,,,Pieridae Delias fascelis nan nan nan
84,Pieridae,Delias,Delias carstensziana,Delias carstensziana,,,Pieridae Delias carstensziana nan nan nan
95,Pieridae,Delias,Delias meeki,Delias meeki,,,Pieridae Delias meeki nan nan nan
152,Pieridae,Delias,Delias pheres,Delias pheres,,,Pieridae Delias pheres nan nan nan
157,Pieridae,Delias,Delias rosamontana,Delias rosamontana,,,Pieridae Delias rosamontana nan nan nan
170,Pieridae,Delias,Delias campbelli,Delias campbelli,,,Pieridae Delias campbelli nan nan nan
174,Pieridae,Delias,Delias flavistriga,Delias flavistriga,,,Pieridae Delias flavistriga nan nan nan
248,Pieridae,Delias,Delias fascelis,Delias fascelis ibelana,,Delias fascelis ibelana male,Pieridae Delias fascelis ibelana nan male
254,Pieridae,Delias,Delias luctuosa,Delias luctuosa archboldi,,Delias luctuosa archboldi male,Pieridae Delias luctuosa archboldi nan male
292,Pieridae,Delias,Delias meeki,Delias meeki hypochrysis,,Delias meeki hypochrysis male,Pieridae Delias meeki hypochrysis nan male
295,Pieridae,Delias,Delias campbelli,Delias campbelli microleuca,,Delias campbelli microleuca male,Pieridae Delias campbelli microleuca nan male
456,Lycaenidae,Monodontides,Monodontides argioloides,Monodontides argioloides,,,Lycaenidae Monodontides argioloides nan nan nan
495,Lycaenidae,Paraduba,Paraduba metriodes,Paraduba metriodes,,,Lycaenidae Paraduba metriodes nan nan nan
506,Lycaenidae,Anthene,Anthene,Anthene,,Anthene female,Lycaenidae Anthene nan nan nan female
639,Lycaenidae,Nacaduba,Nacaduba,Nacaduba,,,Lycaenidae Nacaduba nan nan nan nan
649,Lycaenidae,Erysichton,Erysichton lineata,Erysichton lineata,,,Lycaenidae Erysichton lineata nan nan nan
846,Lycaenidae,Epimastidia,Epimastidia inops,Epimastidia inops,,,Lycaenidae Epimastidia inops nan nan nan
854,Lycaenidae,cf. Lampides,cf. Lampides,cf. Lampides,,,Lycaenidae cf. Lampides nan nan nan nan
856,Lycaenidae,cf. Nacaduba,cf. Nacaduba,cf. Nacaduba,,,Lycaenidae cf. Nacaduba nan nan nan nan
881,Lycaenidae,Zizina,Zizina labradus,Zizina labradus,,,Lycaenidae Zizina labradus nan nan nan
882,Lycaenidae,Nacaduba,Nacaduba ruficirca,Nacaduba ruficirca,,,Lycaenidae Nacaduba ruficirca nan nan nan
888,Lycaenidae,Zizula,Zizula hylax,Zizula hylax,,,Lycaenidae Zizula hylax nan nan nan
966,Lycaenidae,Pseudodipsas,Pseudodipsas eone,Pseudodipsas eone,,,Lycaenidae Pseudodipsas eone nan nan nan
3506,Lycaenidae,Udara,Udara rona,Udara rona,,,Lycaenidae Udara rona nan nan nan
3516,Lycaenidae,Udara,Udara,Udara,,,Lycaenidae Udara nan nan nan nan
3530,Lycaenidae,Udara,Udara cf. acesina,Udara cf. acesina,,,Lycaenidae Udara cf. acesina nan nan nan
3644,Lycaenidae,Udara,Udara cf. owgarra,Udara cf. owgarra,,,Lycaenidae Udara cf. owgarra nan nan nan
3656,Lycaenidae,Petrelaea,Petrelaea tombugensis,Petrelaea tombugensis,,,Lycaenidae Petrelaea tombugensis nan nan nan
3714,Lycaenidae,Nacaduba,Nacaduba cf. ruficirca,Nacaduba cf. ruficirca,,,Lycaenidae Nacaduba cf. ruficirca nan nan nan
5131,Papilionidae,Graphium,Graphium evemon,Graphium evemon eventus,,Graphium evemon eventus male,Papilionidae Graphium evemon eventus nan male
5132,Papilionidae,Graphium,Graphium sarpedon,Graphium sarpedon agusyantoei,,Graphium sarpedon agusyantoei male,Papilionidae Graphium sarpedon agusyantoei nan male
5145,Papilionidae,Graphium,Graphium sp. eurypylus-group,Graphium sp. eurypylus-group,,,Papilionidae Graphium sp. eurypylus-group nan nan nan
5167,Papilionidae,Graphium,Graphium eurypylus,Graphium eurypylus mecisteus,,Graphium eurypylus mecisteus male,Papilionidae Graphium eurypylus mecisteus nan male
5208,Papilionidae,Graphium,Graphium doson,Graphium doson evemonides,,Graphium doson evemonides female,Papilionidae Graphium doson evemonides nan female
5425,Pieridae,cf. Dismorphia,cf. Dismorphia,cf. Dismorphia,,,Pieridae cf. Dismorphia nan nan nan nan
5526,Papilionidae,Eurytides,Eurytides serville,Eurytides serville serville,,Eurytides serville serville male,Papilionidae Eurytides serville serville nan male
5527,Papilionidae,Eurytides,Eurytides thyastes,Eurytides thyastes thyastinus,,Eurytides thyastes thyastinus male,Papilionidae Eurytides thyastes thyastinus nan male
5529,Papilionidae,Papilio,Papilio menatius,Papilio menatius,,Papilio menatius male,Papilionidae Papilio menatius nan nan male
5530,Papilionidae,Eurytides,Eurytides cf. xeniades,Eurytides cf. xeniades,,Eurytides cf. xeniades male,Papilionidae Eurytides cf. xeniades nan nan male
5531,Papilionidae,Eurytides,Eurytides,Eurytides,,Eurytides male,Papilionidae Eurytides nan nan nan male
5533,Papilionidae,Parides,Parides,Parides,,Parides male,Papilionidae Parides nan nan nan male
5535,Papilionidae,Papilio,Papilio thoas,Papilio thoas cf. cinyras,,Papilio thoas cf. cinyras male,Papilionidae Papilio thoas cf. cinyras nan male
5537,Papilionidae,Parides,Parides,Parides,,Parides female,Papilionidae Parides nan nan nan female
5538,Papilionidae,Eurytides,Eurytides cf. leucaspis,Eurytides cf. leucaspis,,Eurytides cf. leucaspis male,Papilionidae Eurytides cf. leucaspis nan nan male
5542,Papilionidae,Papilio,Papilio zagreus,Papilio zagreus,,Papilio zagreus male,Papilionidae Papilio zagreus nan nan male
5544,Papilionidae,Papilio,Papilio thoas,Papilio thoas cyniras,,Papilio thoas cyniras male,Papilionidae Papilio thoas cyniras nan male
5549,Papilionidae,Papilio,Papilio menatius,Papilio menatius ctesiades,,Papilio menatius ctesiades male,Papilionidae Papilio menatius ctesiades nan male
5554,Papilionidae,Papilio,Papilio androgeus,Papilio androgeus androgeus,,Papilio androgeus androgeus male,Papilionidae Papilio androgeus androgeus nan male
5555,Papilionidae,Battus,Battus belus,Battus belus belus,,Battus belus belus male,Papilionidae Battus belus belus nan male
5556,Papilionidae,Eurytides,Eurytides agesilaus,Eurytides agesilaus autosilaus,,Eurytides agesilaus autosilaus male,Papilionidae Eurytides agesilaus autosilaus nan male
5561,Papilionidae,Papilio,Papilio isidorus,Papilio isidorus cf. tingo,,Papilio isidorus cf. tingo male,Papilionidae Papilio isidorus cf. tingo nan male
5563,Papilionidae,Eurytides,Eurytides xeniades,Eurytides xeniades cf. signatus,,Eurytides xeniades cf. signatus male,Papilionidae Eurytides xeniades cf. signatus nan male
5575,Papilionidae,Papilio,Papilio anchisiades,Papilio anchisiades cf. capys,,Papilio anchisiades cf. capys male,Papilionidae Papilio anchisiades cf. capys nan male
5589,Papilionidae,Parides,Parides erithalion,Parides erithalion,,Parides erithalion male,Papilionidae Parides erithalion nan nan male
5615,Papilionidae,Troides,Troides vandepolli,Troides vandepolli vandepolli,,Troides vandepolli vandepolli male,Papilionidae Troides vandepolli vandepolli nan male
5620,Papilionidae,Papilio,Papilio arjuna,Papilio arjuna gedeensis,,Papilio arjuna gedeensis male,Papilionidae Papilio arjuna gedeensis nan male
5691,Papilionidae,Troides,Troides vandepolli,Troides vandepolli vandepolli,,Troides vandepolli vandepolli female,Papilionidae Troides vandepolli vandepolli nan female
5709,Papilionidae,Papilio,Papilio arjuna,Papilio arjuna tenggerensis,,Papilio arjuna tenggerensis male,Papilionidae Papilio arjuna tenggerensis nan male
5723,Papilionidae,Papilio,Papilio arjuna,Papilio arjuna cf. gedeensis,,Papilio arjuna cf. gedeensis male,Papilionidae Papilio arjuna cf. gedeensis nan male
5860,Papilionidae,Graphium,Graphium angolanus,Graphium angolanus angolanus,,Graphium angolanus angolanus female,Papilionidae Graphium angolanus angolanus nan female
5935,Papilionidae,Papilio,Papilio epicydes,Papilio epicydes epicydes,,Papilio epicydes epicydes male,Papilionidae Papilio epicydes epicydes nan male
5936,Papilionidae,Papilio,Papilio protenor,Papilio protenor euprotenor,,Papilio protenor euprotenor male,Papilionidae Papilio protenor euprotenor nan male
5954,Papilionidae,Papilio,Papilio inopinatus,Papilio inopinatus,,Papilio inopinatus male,Papilionidae Papilio inopinatus nan nan male
5957,Papilionidae,Papilio,Papilio inopinatus,Papilio inopinatus,,Papilio inopinatus female,Papilionidae Papilio inopinatus nan nan female
5963,Papilionidae,Pachliopta,Pachliopta polydorus,Pachliopta polydorus cf. thessalia,,Pachliopta polydorus cf. thessalia female,Papilionidae Pachliopta polydorus cf. thessalia nan female
5965,Papilionidae,Papilio,Papilio fuscus,Papilio fuscus langeni,,Papilio fuscus langeni male,Papilionidae Papilio fuscus langeni nan male
5966,Papilionidae,Pachliopta,Pachliopta polydorus,Pachliopta polydorus cf. thessalia,,Pachliopta polydorus cf. thessalia male,Papilionidae Pachliopta polydorus cf. thessalia nan male
5967,Papilionidae,Papilio,Papilio fuscus,Papilio fuscus langeni,,Papilio fuscus langeni female,Papilionidae Papilio fuscus langeni nan female
5981,Papilionidae,Eurytides,Eurytides dioxippus,Eurytides dioxippus dioxippus,,Eurytides dioxippus dioxippus male,Papilionidae Eurytides dioxippus dioxippus nan male
5983,Papilionidae,Eurytides,Eurytides thyastes,Eurytides thyastes panamensis,,Eurytides thyastes panamensis male,Papilionidae Eurytides thyastes panamensis nan male
5984,Papilionidae,Papilio,Papilio thoas,Papilio thoas nealces,,Papilio thoas nealces male,Papilionidae Papilio thoas nealces nan male
5995,Papilionidae,Parides,Parides childrenae,Parides childrenae latifasciatus,,Parides childrenae latifasciatus male,Papilionidae Parides childrenae latifasciatus nan male
5999,Papilionidae,Eurytides,Eurytides columbus,Eurytides columbus,,Eurytides columbus male,Papilionidae Eurytides columbus nan nan male
6009,Papilionidae,Meandrusa,Meandrusa payeni,Meandrusa payeni evan,,Meandrusa payeni evan male,Papilionidae Meandrusa payeni evan nan male
6027,Papilionidae,Papilio,Papilio alcmenor,Papilio alcmenor alcmenor,,Papilio alcmenor alcmenor female,Papilionidae Papilio alcmenor alcmenor nan female
6028,Papilionidae,Papilio,Papilio polytes,Papilio polytes romulus,,Papilio polytes romulus male,Papilionidae Papilio polytes romulus nan male
6030,Papilionidae,Graphium,Graphium doson,Graphium doson doson,,Graphium doson doson male,Papilionidae Graphium doson doson nan male
6039,Papilionidae,Papilio,Papilio aegeus,Papilio aegeus ormenus,,Papilio aegeus ormenus male,Papilionidae Papilio aegeus ormenus nan male
6040,Papilionidae,Troides,Troides oblongomaculatus,Troides oblongomaculatus papuensis,,Troides oblongomaculatus papuensis male,Papilionidae Troides oblongomaculatus papuensis nan male
6042,Papilionidae,Papilio,Papilio ambrax,Papilio ambrax ambrax,,Papilio ambrax ambrax male,Papilionidae Papilio ambrax ambrax nan male
6044,Papilionidae,Papilio,Papilio euchenor,Papilio euchenor euchenor,,Papilio euchenor euchenor male,Papilionidae Papilio euchenor euchenor nan male
6189,Papilionidae,Papilio,Papilio arjuna,Papilio arjuna cf. tenggerensis,,Papilio arjuna cf. tenggerensis male,Papilionidae Papilio arjuna cf. tenggerensis nan male
6228,Papilionidae,Papilio,Papilio fuscus,Papilio fuscus cf. langeni,,Papilio fuscus cf. langeni male,Papilionidae Papilio fuscus cf. langeni nan male
6229,Papilionidae,Papilio,Papilio polytes,Papilio polytes,,Papilio polytes female,Papilionidae Papilio polytes nan nan female
6257,Papilionidae,Papilio,Papilio arjuna,Papilio arjuna gedeensis,,Papilio arjuna gedeensis female,Papilionidae Papilio arjuna gedeensis nan female
6268,Pieridae,Appias,Appias albina,Appias albina semperi,,Appias albina semperi male,Pieridae Appias albina semperi nan male
6270,Pieridae,Appias,Appias nero,Appias nero palawanica,,Appias nero palawanica male,Pieridae Appias nero palawanica nan male
6272,Pieridae,Cepora,Cepora aspasia,Cepora aspasia olga,,Cepora aspasia olga male,Pieridae Cepora aspasia olga nan male
6275,Pieridae,Appias,Appias indra,Appias indra massilia,,Appias indra massilia male,Pieridae Appias indra massilia nan male
6276,Pieridae,Saletara,Saletara panda,Saletara panda erebina,,Saletara panda erebina male,Pieridae Saletara panda erebina nan male
6277,Pieridae,Gandacina,Gandacina harina,Gandacina harina palawanica,,Gandacina harina palawanica male,Pieridae Gandacina harina palawanica nan male
6281,Pieridae,Pareronia,Pareronia valeria,Pareronia valeria palawana,,Pareronia valeria palawana male,Pieridae Pareronia valeria palawana nan male
6298,Pieridae,Eurema,Eurema sari,Eurema sari obucola,,Eurema sari obucola male,Pieridae Eurema sari obucola nan male
6299,Pieridae,Appias,Appias aegis,Appias aegis caepia,,Appias aegis caepia male,Pieridae Appias aegis caepia nan male
6301,Pieridae,Delias,Delias hyparete,Delias hyparete luzonensis,,Delias hyparete luzonensis male,Pieridae Delias hyparete luzonensis nan male
6302,Pieridae,Appias,Appias nero,Appias nero domitia,,Appias nero domitia male,Pieridae Appias nero domitia nan male
6304,Pieridae,Delias,Delias henningia,Delias henningia henningia,,Delias henningia henningia male,Pieridae Delias henningia henningia nan male
6305,Pieridae,Appias,Appias albina,Appias albina semperi,,Appias albina semperi female,Pieridae Appias albina semperi nan female
6307,Pieridae,Delias,Delias themis,Delias themis soteira,,Delias themis soteira male,Pieridae Delias themis soteira nan male
6313,Pieridae,Leptosia,Leptosia nina,Leptosia nina terentia,,Leptosia nina terentia male,Pieridae Leptosia nina terentia nan male
6329,Pieridae,Delias,Delias henningia,Delias henningia henningia,,Delias henningia henningia female,Pieridae Delias henningia henningia nan female
6333,Pieridae,Appias,Appias indra,Appias indra massilia,,Appias indra massilia female,Pieridae Appias indra massilia nan female
6339,Pieridae,Pareronia,Pareronia boebera,Pareronia boebera boebera,,Pareronia boebera boebera male,Pieridae Pareronia boebera boebera nan male
6346,Pieridae,Gandaca,Gandaca harina,Gandaca harina palawanica,,Gandaca harina palawanica male,Pieridae Gandaca harina palawanica nan male
6352,Pieridae,Delias,Delias argenthona,Delias argenthona argenthona,,Delias argenthona argenthona male,Pieridae Delias argenthona argenthona nan male
6353,Pieridae,Eurema,Eurema cf. hecabe,Eurema cf. hecabe tamiathis,,Eurema cf. hecabe tamiathis male,Pieridae Eurema cf. hecabe tamiathis nan male
6354,Pieridae,Eurema,Eurema cf. hecabe,Eurema cf. hecabe tamiathis,,Eurema cf. hecabe tamiathis female,Pieridae Eurema cf. hecabe tamiathis nan female
6356,Pieridae,Cepora,Cepora boisduvaliana,Cepora boisduvaliana boisduvaliana,,Cepora boisduvaliana boisduvaliana male,Pieridae Cepora boisduvaliana boisduvaliana nan male
6362,Pieridae,Catopsilia,Catopsilia pomona,Catopsilia pomona pomona,,Catopsilia pomona pomona female,Pieridae Catopsilia pomona pomona nan female
6365,Pieridae,Appias,Appias aegis,Appias aegis illana,,Appias aegis illana male,Pieridae Appias aegis illana nan male
6375,Papilionidae,Papilio,Papilio hystaspes,Papilio hystaspes,,Papilio hystaspes male,Papilionidae Papilio hystaspes nan nan male
6376,Papilionidae,Graphium,Graphium euphrates,Graphium euphrates euphrates,,Graphium euphrates euphrates male,Papilionidae Graphium euphrates euphrates nan male
6404,Papilionidae,Graphium,Graphium euphrates,Graphium euphrates cf. euphrates,,Graphium euphrates cf. euphrates male,Papilionidae Graphium euphrates cf. euphrates nan male
6406,Papilionidae,Papilio,Papilio daedalus,Papilio daedalus daedalus,,Papilio daedalus daedalus male,Papilionidae Papilio daedalus daedalus nan male
6407,Papilionidae,Graphium,Graphium euphrates,Graphium euphrates euphrates,,Graphium euphrates euphrates female,Papilionidae Graphium euphrates euphrates nan female
6409,Papilionidae,Pachliopta,Pachliopta mariae,Pachliopta mariae camarines,,Pachliopta mariae camarines male,Papilionidae Pachliopta mariae camarines nan male
6410,Papilionidae,Papilio,Papilio deiphobus,Papilio deiphobus rumanzovia,,Papilio deiphobus rumanzovia male,Papilionidae Papilio deiphobus rumanzovia nan male
6415,Papilionidae,Pachliopta,Pachliopta kotzebuea,Pachliopta kotzebuea cf. kotzebuea,,Pachliopta kotzebuea cf. kotzebuea male,Papilionidae Pachliopta kotzebuea cf. kotzebuea nan male
6420,Papilionidae,Papilio,Papilio demoleus,Papilio demoleus cf. libanius,,Papilio demoleus cf. libanius female,Papilionidae Papilio demoleus cf. libanius nan female
6421,Papilionidae,Troides,Troides rhadamantus,Troides rhadamantus rhadamantus,,Troides rhadamantus rhadamantus male,Papilionidae Troides rhadamantus rhadamantus nan male
6422,Papilionidae,Troides,Troides magellanus,Troides magellanus,,Troides magellanus male,Papilionidae Troides magellanus nan nan male
6427,Papilionidae,Atrophaneura,Atrophaneura semperi,Atrophaneura semperi sorsogona,,Atrophaneura semperi sorsogona male,Papilionidae Atrophaneura semperi sorsogona nan male
6430,Papilionidae,Lamproptera,Lamproptera meges,Lamproptera meges decius,,Lamproptera meges decius male,Papilionidae Lamproptera meges decius nan male
6432,Papilionidae,Troides,Troides magellanus,Troides magellanus,,Troides magellanus female,Papilionidae Troides magellanus nan nan female
6438,Papilionidae,Papilio,Papilio alphenor,Papilio alphenor ledebouria,,Papilio alphenor ledebouria female,Papilionidae Papilio alphenor ledebouria nan female
6443,Papilionidae,Troides,Troides rhadamantus,Troides rhadamantus rhadamantus,,Troides rhadamantus rhadamantus female,Papilionidae Troides rhadamantus rhadamantus nan female
6444,Papilionidae,Pachliopta,Pachliopta kotzebuea,Pachliopta kotzebuea cf. kotzebuea,,Pachliopta kotzebuea cf. kotzebuea female,Papilionidae Pachliopta kotzebuea cf. kotzebuea nan female
6459,Papilionidae,Pachliopta,Pachliopta mariae,Pachliopta mariae camarines,,Pachliopta mariae camarines female,Papilionidae Pachliopta mariae camarines nan female
6467,Papilionidae,Graphium,Graphium eurypylus,Graphium eurypylus gordion,,Graphium eurypylus gordion male,Papilionidae Graphium eurypylus gordion nan male
6473,Papilionidae,Ornithoptera,Ornithoptera priamus,Ornithoptera priamus,,Ornithoptera priamus male,Papilionidae Ornithoptera priamus nan nan male
6481,Papilionidae,Papilio,Papilio blumei,Papilio blumei,,Papilio blumei male,Papilionidae Papilio blumei nan nan male
6482,Papilionidae,Troides,Troides hypolitus,Troides hypolitus cellularis,,Troides hypolitus cellularis female,Papilionidae Troides hypolitus cellularis nan female
6485,Papilionidae,Pachliopta,Pachliopta polydorus,Pachliopta polydorus,,Pachliopta polydorus female,Papilionidae Pachliopta polydorus nan nan female
6488,Papilionidae,Papilio,Papilio memnon,Papilio memnon cf. memnon,,Papilio memnon cf. memnon female,Papilionidae Papilio memnon cf. memnon nan female
6492,Papilionidae,Papilio,Papilio aegeus,Papilio aegeus cf. ormenus,,Papilio aegeus cf. ormenus male,Papilionidae Papilio aegeus cf. ormenus nan male
6497,Papilionidae,Graphium,Graphium antiphates,Graphium antiphates,,Graphium antiphates male,Papilionidae Graphium antiphates nan nan male
6499,Papilionidae,Troides,Troides hypolitus,Troides hypolitus,,Troides hypolitus male,Papilionidae Troides hypolitus nan nan male
6502,Papilionidae,Troides,Troides hypolitus,Troides hypolitus hypolitus,,Troides hypolitus hypolitus female,Papilionidae Troides hypolitus hypolitus nan female
6503,Papilionidae,Losaria,Losaria neptunus,Losaria neptunus,,Losaria neptunus male,Papilionidae Losaria neptunus nan nan male
6504,Papilionidae,Papilio,Papilio helenus,Papilio helenus,,Papilio helenus male,Papilionidae Papilio helenus nan nan male
6505,Papilionidae,Graphium,Graphium codrus,Graphium codrus,,Graphium codrus male,Papilionidae Graphium codrus nan nan male
6507,Papilionidae,Graphium,Graphium codrus,Graphium codrus medon,,Graphium codrus medon male,Papilionidae Graphium codrus medon nan male
6508,Papilionidae,Papilio,Papilio fuscus,Papilio fuscus beccarii,,Papilio fuscus beccarii female,Papilionidae Papilio fuscus beccarii nan female
6510,Papilionidae,Papilio,Papilio ulysses,Papilio ulysses cf. autolycus,,Papilio ulysses cf. autolycus male,Papilionidae Papilio ulysses cf. autolycus nan male
6511,Papilionidae,Graphium,Graphium weiskei,Graphium weiskei,,Graphium weiskei male,Papilionidae Graphium weiskei nan nan male
6514,Papilionidae,Graphium,Graphium encelades,Graphium encelades,,Graphium encelades male,Papilionidae Graphium encelades nan nan male
6519,Papilionidae,Papilio,Papilio fuscus,Papilio fuscus beccarii,,Papilio fuscus beccarii male,Papilionidae Papilio fuscus beccarii nan male
6527,Papilionidae,Papilio,Papilio ambrax,Papilio ambrax cf. ambrax,,Papilio ambrax cf. ambrax female,Papilionidae Papilio ambrax cf. ambrax nan female
6529,Papilionidae,Papilio,Papilio ulysses,Papilio ulysses,,Papilio ulysses female,Papilionidae Papilio ulysses nan nan female
6534,Papilionidae,Pachliopta,Pachliopta cf. antiphus,Pachliopta cf. antiphus,,Pachliopta cf. antiphus male,Papilionidae Pachliopta cf. antiphus nan nan male
6541,Papilionidae,Papilio,Papilio helenus,Papilio helenus cf. enganius,,Papilio helenus cf. enganius male,Papilionidae Papilio helenus cf. enganius nan male
6543,Papilionidae,Losaria,Losaria palu,Losaria palu,,Losaria palu male,Papilionidae Losaria palu nan nan male
6553,Papilionidae,Papilio,Papilio lorquinianus,Papilio lorquinianus,,Papilio lorquinianus male,Papilionidae Papilio lorquinianus nan nan male
6568,Papilionidae,Troides,Troides cf. haliphron,Troides cf. haliphron,,Troides cf. haliphron female,Papilionidae Troides cf. haliphron nan nan female
6591,Papilionidae,Ornithoptera,Ornithoptera priamus,Ornithoptera priamus poseidon,,Ornithoptera priamus poseidon female,Papilionidae Ornithoptera priamus poseidon nan female
6594,Papilionidae,Ornithoptera,Ornithoptera goliath,Ornithoptera goliath,,Ornithoptera goliath female,Papilionidae Ornithoptera goliath nan nan female
6597,Papilionidae,Papilio,Papilio cf. gambrisius,Papilio cf. gambrisius,,Papilio cf. gambrisius male,Papilionidae Papilio cf. gambrisius nan nan male
6618,Papilionidae,Ornithoptera,Ornithoptera priamus,Ornithoptera priamus,,Ornithoptera priamus female,Papilionidae Ornithoptera priamus nan nan female
6621,Papilionidae,Ornithoptera,Ornithoptera croesus,Ornithoptera croesus lydius,,Ornithoptera croesus lydius female,Papilionidae Ornithoptera croesus lydius nan female
6647,Papilionidae,Papilio,Papilio paris,Papilio paris cf. gedeensis,,Papilio paris cf. gedeensis male,Papilionidae Papilio paris cf. gedeensis nan male
6658,Papilionidae,Papilio,Papilio deiphobus,Papilio deiphobus deiphontes,,Papilio deiphobus deiphontes male,Papilionidae Papilio deiphobus deiphontes nan male
6667,Papilionidae,Graphium,Graphium sarpedon,Graphium sarpedon cf. lycianus,,Graphium sarpedon cf. lycianus female,Papilionidae Graphium sarpedon cf. lycianus nan female
6671,Papilionidae,Troides,Troides amphrysus,Troides amphrysus,,Troides amphrysus male,Papilionidae Troides amphrysus nan nan male
6672,Papilionidae,Graphium,Graphium milon,Graphium milon,,Graphium milon male,Papilionidae Graphium milon nan nan male
6686,Nymphalidae,Melitaea,Melitaea didyma,Melitaea didyma,,Melitaea didyma male,Nymphalidae Melitaea didyma nan nan male
6707,Papilionidae,Papilio,Papilio memnon,Papilio memnon lowi,,Papilio memnon lowi male,Papilionidae Papilio memnon lowi nan male
6712,Papilionidae,Troides,Troides rhadamantus,Troides rhadamantus plateni,,Troides rhadamantus plateni male,Papilionidae Troides rhadamantus plateni nan male
6713,Papilionidae,Troides,Troides rhadamantus,Troides rhadamantus plateni,,Troides rhadamantus plateni female,Papilionidae Troides rhadamantus plateni nan female
6714,Papilionidae,Papilio,Papilio helenus,Papilio helenus palawanicus,,Papilio helenus palawanicus male,Papilionidae Papilio helenus palawanicus nan male
6715,Papilionidae,Papilio,Papilio daedalus,Papilio daedalus angustatus,,Papilio daedalus angustatus male,Papilionidae Papilio daedalus angustatus nan male
6716,Papilionidae,Pachliopta,Pachliopta antiphus,Pachliopta antiphus yoshikoae,,Pachliopta antiphus yoshikoae female,Papilionidae Pachliopta antiphus yoshikoae nan female
6719,Papilionidae,Papilio,Papilio aegeus,Papilio aegeus aegeus,,Papilio aegeus aegeus male,Papilionidae Papilio aegeus aegeus nan male
6720,Papilionidae,Papilio,Papilio demoleus,Papilio demoleus sthenelus,,Papilio demoleus sthenelus female,Papilionidae Papilio demoleus sthenelus nan female
6722,Papilionidae,Cressida,Cressida cressida,Cressida cressida cressida,,Cressida cressida cressida female,Papilionidae Cressida cressida cressida nan female
6724,Pieridae,Eurema,Eurema cf. brigitta,Eurema cf. brigitta zoraide,,,Pieridae Eurema cf. brigitta zoraide nan nan
6728,Pieridae,Belenois,Belenois java,Belenois java teutonia,,Belenois java teutonia male,Pieridae Belenois java teutonia nan male
6730,Papilionidae,Papilio,Papilio demoleus,Papilio demoleus cf. malayanus,,Papilio demoleus cf. malayanus female,Papilionidae Papilio demoleus cf. malayanus nan female
6732,Pieridae,Delias,Delias battana,Delias battana battana,,Delias battana battana male,Pieridae Delias battana battana nan male
6733,Pieridae,Delias,Delias battana,Delias battana battana,,Delias battana battana female,Pieridae Delias battana battana nan female
6735,Pieridae,Delias,Delias benasu,Delias benasu benasu,,Delias benasu benasu male,Pieridae Delias benasu benasu nan male
6738,Pieridae,Delias,Delias benasu,Delias benasu benasu,,Delias benasu benasu female,Pieridae Delias benasu benasu nan female
6740,Pieridae,Delias,Delias surprisa,Delias surprisa,,Delias surprisa female,Pieridae Delias surprisa nan nan female
6742,Papilionidae,Atrophaneura,Atrophaneura kuehni,Atrophaneura kuehni kuehni,,Atrophaneura kuehni kuehni female,Papilionidae Atrophaneura kuehni kuehni nan female
6746,Pieridae,Delias,Delias surprisa,Delias surprisa,,Delias surprisa male,Pieridae Delias surprisa nan nan male
6757,Papilionidae,Papilio,Papilio memnon,Papilio memnon anceus,,Papilio memnon anceus male,Papilionidae Papilio memnon anceus nan male
6759,Papilionidae,Graphium,Graphium empedovana,Graphium empedovana empedovana,,Graphium empedovana empedovana male,Papilionidae Graphium empedovana empedovana nan male
6769,Papilionidae,Papilio,Papilio palinurus,Papilio palinurus palinurus,,Papilio palinurus palinurus female,Papilionidae Papilio palinurus palinurus nan female
6777,Papilionidae,Graphium,Graphium agetes,Graphium agetes insularis,,Graphium agetes insularis male,Papilionidae Graphium agetes insularis nan male
6779,Pieridae,Appias,Appias indra,Appias indra myndus,,Appias indra myndus male,Pieridae Appias indra myndus nan male
6785,Pieridae,Eurema,Eurema cf. hecabe,Eurema cf. hecabe hecabe,,,Pieridae Eurema cf. hecabe hecabe nan nan
6791,Papilionidae,Graphium,Graphium macareus,Graphium macareus xanthosoma,,Graphium macareus xanthosoma male,Papilionidae Graphium macareus xanthosoma nan male
6799,Pieridae,Gandaca,Gandaca harina,Gandaca harina distanti,,Gandaca harina distanti male,Pieridae Gandaca harina distanti nan male
6801,Pieridae,Cepora,Cepora iudith,Cepora iudith amelia,,Cepora iudith amelia male,Pieridae Cepora iudith amelia nan male
6815,Pieridae,Appias,Appias nero,Appias nero figulina,,Appias nero figulina male,Pieridae Appias nero figulina nan male
6819,Pieridae,Dorcas,Dorcas gabrias,Dorcas gabrias herodorus,,Dorcas gabrias herodorus male,Pieridae Dorcas gabrias herodorus nan male
6821,Papilionidae,Papilio,Papilio forbesi,Papilio forbesi,,Papilio forbesi male,Papilionidae Papilio forbesi nan nan male
6822,Papilionidae,Papilio,Papilio arjuna,Papilio arjuna battacorum,,Papilio arjuna battacorum male,Papilionidae Papilio arjuna battacorum nan male
6831,Pieridae,Appias,Appias albina,Appias albina albina,,Appias albina albina male,Pieridae Appias albina albina nan male
6839,Pieridae,Hebomia,Hebomia glaucippe,Hebomia glaucippe sumatrensis,,Hebomia glaucippe sumatrensis male,Pieridae Hebomia glaucippe sumatrensis nan male
6847,Papilionidae,Papilio,Papilio ascalaphus,Papilio ascalaphus ascalaphus,,Papilio ascalaphus ascalaphus female,Papilionidae Papilio ascalaphus ascalaphus nan female
6857,Papilionidae,Papilio,Papilio gigon,Papilio gigon gigon,,Papilio gigon gigon female,Papilionidae Papilio gigon gigon nan female
6885,Papilionidae,Papilio,Papilio veiovis,Papilio veiovis,,Papilio veiovis male,Papilionidae Papilio veiovis nan nan male
6892,Papilionidae,Graphium,Graphium sumatranum,Graphium sumatranum,,Graphium sumatranum male,Papilionidae Graphium sumatranum nan nan male
6906,Pieridae,Eurema,Eurema simulatrix,Eurema simulatrix tecmessa,,Eurema simulatrix tecmessa male,Pieridae Eurema simulatrix tecmessa nan male
6908,Pieridae,Catopsilia,Catopsilia pyranthe,Catopsilia pyranthe pyranthe,,Catopsilia pyranthe pyranthe male,Pieridae Catopsilia pyranthe pyranthe nan male
6913,Papilionidae,Troides,Troides hypolitus,Troides hypolitus cellularis,,Troides hypolitus cellularis male,Papilionidae Troides hypolitus cellularis nan male
6916,Pieridae,Cepora,Cepora narissa,Cepora narissa sumatrana,,Cepora narissa sumatrana male,Pieridae Cepora narissa sumatrana nan male
6920,Lycaenidae,Drupadia,Drupadia ravindra,Drupadia ravindra ravindra,,,Lycaenidae Drupadia ravindra ravindra nan nan
6936,Pieridae,Appias,Appias lyncida,Appias lyncida hippona,,Appias lyncida hippona male,Pieridae Appias lyncida hippona nan male
6957,Papilionidae,Atrophaneura,Atrophaneura dixoni,Atrophaneura dixoni,,Atrophaneura dixoni female,Papilionidae Atrophaneura dixoni nan nan female
6960,Pieridae,Leptosia,Leptosia nina,Leptosia nina malayana,,Leptosia nina malayana male,Pieridae Leptosia nina malayana nan male
6965,Papilionidae,Atrophaneura,Atrophaneura dixoni,Atrophaneura dixoni,,Atrophaneura dixoni male,Papilionidae Atrophaneura dixoni nan nan male
6973,Papilionidae,Papilio,Papilio gigon,Papilio gigon gigon,,,Papilionidae Papilio gigon gigon nan nan
6987,Pieridae,Catopsilia,Catopsilia scylla,Catopsilia scylla cornelia,,Catopsilia scylla cornelia male,Pieridae Catopsilia scylla cornelia nan male
6998,Papilionidae,Papilio,Papilio victorinus,Papilio victorinus victorinus,,Papilio victorinus victorinus male,Papilionidae Papilio victorinus victorinus nan male
6999,Papilionidae,Papilio,Papilio polyxenes,Papilio polyxenes ssp.,,Papilio polyxenes ssp. female,Papilionidae Papilio polyxenes ssp. nan female
7000,Papilionidae,Papilio,Papilio cf. victorinus,Papilio cf. victorinus,,Papilio cf. victorinus male,Papilionidae Papilio cf. victorinus nan nan male
7002,Papilionidae,Papilio,Papilio anchisiades,Papilio anchisiades ssp.,,Papilio anchisiades ssp. female,Papilionidae Papilio anchisiades ssp. nan female
7003,Papilionidae,Papilio,Papilio anchisiades,Papilio anchisiades ssp.,,Papilio anchisiades ssp. male,Papilionidae Papilio anchisiades ssp. nan male
7006,Papilionidae,Eurytides,Eurytides thymbraeus,Eurytides thymbraeus thymbraeus,,Eurytides thymbraeus thymbraeus male,Papilionidae Eurytides thymbraeus thymbraeus nan male
7007,Papilionidae,Parides,Parides cf. eurimedes,Parides cf. eurimedes,,Parides cf. eurimedes male,Papilionidae Parides cf. eurimedes nan nan male
7008,Papilionidae,Battus,Battus cf. ingenuus,Battus cf. ingenuus,,Battus cf. ingenuus male,Papilionidae Battus cf. ingenuus nan nan male
7009,Papilionidae,Graphium,Graphium cloanthus,Graphium cloanthus clymenus,,Graphium cloanthus clymenus male,Papilionidae Graphium cloanthus clymenus nan male
7010,Papilionidae,Papilio,Papilio ulysses,Papilio ulysses ulysses,,Papilio ulysses ulysses male,Papilionidae Papilio ulysses ulysses nan male
7011,Papilionidae,Papilio,Papilio deiphobus,Papilio deiphobus deiphobus,,Papilio deiphobus deiphobus male,Papilionidae Papilio deiphobus deiphobus nan male
7014,Papilionidae,Graphium,Graphium eurypylus,Graphium eurypylus eurypylus,,Graphium eurypylus eurypylus male,Papilionidae Graphium eurypylus eurypylus nan male
7020,Papilionidae,Papilio,Papilio gambrisius,Papilio gambrisius buruanus,,Papilio gambrisius buruanus male,Papilionidae Papilio gambrisius buruanus nan male
7037,Papilionidae,Atrophaneura,Atrophaneura adamsoni,Atrophaneura adamsoni adamsoni,,Atrophaneura adamsoni adamsoni male,Papilionidae Atrophaneura adamsoni adamsoni nan male
7038,Hesperiidae,Pelopidas,Pelopidas jansonis,Pelopidas jansonis,,,Hesperiidae Pelopidas jansonis nan nan nan
7039,Hesperiidae,Lobocla,Lobocla bifasciatus,Lobocla bifasciatus,,,Hesperiidae Lobocla bifasciatus nan nan nan
7046,Papilionidae,Pachliopta,Pachliopta schadenbergi,Pachliopta schadenbergi schadenbergi,,Pachliopta schadenbergi schadenbergi male,Papilionidae Pachliopta schadenbergi schadenbergi nan male
7047,Papilionidae,Pachliopta,Pachliopta schadenbergi,Pachliopta schadenbergi schadenbergi,,Pachliopta schadenbergi schadenbergi female,Papilionidae Pachliopta schadenbergi schadenbergi nan female
7054,Papilionidae,Troides,Troides prattorum,Troides prattorum,,Troides prattorum female,Papilionidae Troides prattorum nan nan female
7055,Papilionidae,Atrophaneura,Atrophaneura kuehni,Atrophaneura kuehni kuehni,,Atrophaneura kuehni kuehni male,Papilionidae Atrophaneura kuehni kuehni nan male
7058,Papilionidae,Papilio,Papilio mahadeva,Papilio mahadeva mahadeva,,Papilio mahadeva mahadeva male,Papilionidae Papilio mahadeva mahadeva nan male
7059,Papilionidae,Papilio,Papilio epycides,Papilio epycides hypochroa,,Papilio epycides hypochroa male,Papilionidae Papilio epycides hypochroa nan male
7060,Papilionidae,Ornithoptera,Ornithoptera aesacus,Ornithoptera aesacus,,Ornithoptera aesacus female,Papilionidae Ornithoptera aesacus nan nan female
7061,Papilionidae,Bhutanitis,Bhutanitis lidderdalii,Bhutanitis lidderdalii ocellomaculata,,Bhutanitis lidderdalii ocellomaculata female,Papilionidae Bhutanitis lidderdalii ocellomaculata nan female
7062,Papilionidae,Atrophaneura,Atrophaneura semperi,Atrophaneura semperi melanotus,,Atrophaneura semperi melanotus male,Papilionidae Atrophaneura semperi melanotus nan male
7063,Papilionidae,Atrophaneura,Atrophaneura semperi,Atrophaneura semperi melanotus,,Atrophaneura semperi melanotus female,Papilionidae Atrophaneura semperi melanotus nan female
7069,Papilionidae,Graphium,Graphium sandawanum,Graphium sandawanum sandawanum,,Graphium sandawanum sandawanum male,Papilionidae Graphium sandawanum sandawanum nan male
7070,Papilionidae,Papilio,Papilio antonio,Papilio antonio antonio,,Papilio antonio antonio male,Papilionidae Papilio antonio antonio nan male
7071,Papilionidae,Graphium,Graphium sandawanum,Graphium sandawanum sandawanum,,Graphium sandawanum sandawanum female,Papilionidae Graphium sandawanum sandawanum nan female
7072,Papilionidae,Papilio,Papilio hipponous,Papilio hipponous gamay,,Papilio hipponous gamay female,Papilionidae Papilio hipponous gamay nan female
7073,Lycaenidae,Hypochrysops,Hypochrysops ignitus,Hypochrysops ignitus,,Hypochrysops ignitus female,Lycaenidae Hypochrysops ignitus nan nan female
7077,Lycaenidae,Deudorix,Deudorix,Deudorix,,,Lycaenidae Deudorix nan nan nan nan
7078,Lycaenidae,Hypochrysops,Hypochrysops ignitus,Hypochrysops ignitus,,,Lycaenidae Hypochrysops ignitus nan nan nan
7079,Lycaenidae,Famegana,Famegana alsulus,Famegana alsulus alsulus,,,Lycaenidae Famegana alsulus alsulus nan nan
7080,Lycaenidae,Nacaduba,Nacaduba kurava,Nacaduba kurava parma,,,Lycaenidae Nacaduba kurava parma nan nan
7083,Lycaenidae,Psychonotis,Psychonotis caelius,Psychonotis caelius taygetus,,,Lycaenidae Psychonotis caelius taygetus nan nan
7085,Lycaenidae,Candalides,Candalides,Candalides,,,Lycaenidae Candalides nan nan nan nan
7086,Lycaenidae,Jamides,Jamides nemophilus,Jamides nemophilus,,,Lycaenidae Jamides nemophilus nan nan nan
7090,Lycaenidae,cf. Prosotas,cf. Prosotas,cf. Prosotas,,,Lycaenidae cf. Prosotas nan nan nan nan
7093,Lycaenidae,Philiris,Philiris,Philiris,,,Lycaenidae Philiris nan nan nan nan
7102,Lycaenidae,cf. Miletus,cf. Miletus,cf. Miletus,,,Lycaenidae cf. Miletus nan nan nan nan
7104,Lycaenidae,Ginzia,Ginzia frivaldsky,Ginzia frivaldsky,,,Lycaenidae Ginzia frivaldsky nan nan nan
7105,Lycaenidae,Celastrina,Celastrina sugitanii,Celastrina sugitanii,,,Lycaenidae Celastrina sugitanii nan nan nan
7106,Lycaenidae,Strymonidia,Strymonidia mera,Strymonidia mera,,,Lycaenidae Strymonidia mera nan nan nan
7107,Lycaenidae,Plebejus,Plebejus argus,Plebejus argus micrargus,,,Lycaenidae Plebejus argus micrargus nan nan
7110,Lycaenidae,Lucia,Lucia cf. limbaria,Lucia cf. limbaria,,,Lycaenidae Lucia cf. limbaria nan nan nan
7113,Lycaenidae,Hypolycaena,Hypolycaena amabilis,Hypolycaena amabilis,,,Lycaenidae Hypolycaena amabilis nan nan nan
7114,Lycaenidae,Pseudodipsas,Pseudodipsas,Pseudodipsas,,,Lycaenidae Pseudodipsas nan nan nan nan
7116,Lycaenidae,Pithecops,Pithecops,Pithecops,,,Lycaenidae Pithecops nan nan nan nan
7117,Arctiidae,,,,,,Arctiidae nan nan nan nan nan
7121,Papilionidae,Lamproptera,Lamproptera meges,Lamproptera meges ennius,,Lamproptera meges ennius female,Papilionidae Lamproptera meges ennius nan female
7123,Lycaenidae,Megisba,Megisba strongyle,Megisba strongyle orientalis,,,Lycaenidae Megisba strongyle orientalis nan nan
7125,Lycaenidae,Hypolycaena,Hypolycaena amasa,Hypolycaena amasa maximinianus,,,Lycaenidae Hypolycaena amasa maximinianus nan nan
7128,Lycaenidae,Jamides,Jamides cf. cyta,Jamides cf. cyta,,,Lycaenidae Jamides cf. cyta nan nan nan
7131,Psychidae,,,,,,Psychidae nan nan nan nan nan
7139,Papilionidae,Papilio,Papilio alcmenor,Papilio alcmenor alcmenor,,Papilio alcmenor alcmenor male,Papilionidae Papilio alcmenor alcmenor nan male
7140,Papilionidae,Atrophaneura,Atrophaneura varuna,Atrophaneura varuna astorion,,Atrophaneura varuna astorion female,Papilionidae Atrophaneura varuna astorion nan female
7142,Papilionidae,Teinopalpus,Teinopalpus imperialis,Teinopalpus imperialis himalaicus,,Teinopalpus imperialis himalaicus male,Papilionidae Teinopalpus imperialis himalaicus nan male
7155,Papilionidae,Pachliopta,Pachliopta aristolochiae,Pachliopta aristolochiae aristolochiae,,Pachliopta aristolochiae aristolochiae male,Papilionidae Pachliopta aristolochiae aristolochiae nan male
7159,Papilionidae,Graphium,Graphium sarpedon,Graphium sarpedon luctatius,,Graphium sarpedon luctatius male,Papilionidae Graphium sarpedon luctatius nan male
7160,Papilionidae,Parnassius,Parnassius hardwickii,Parnassius hardwickii,,Parnassius hardwickii male,Papilionidae Parnassius hardwickii nan nan male
7161,Papilionidae,Papilio,Papilio bianor,Papilio bianor ganesa,,Papilio bianor ganesa male,Papilionidae Papilio bianor ganesa nan male
7162,Pieridae,Eurema,Eurema cf. hecabe,Eurema cf. hecabe hecabe,,Eurema cf. hecabe hecabe male,Pieridae Eurema cf. hecabe hecabe nan male
7165,Papilionidae,Papilio,Papilio nephelus,Papilio nephelus chaon,,Papilio nephelus chaon female,Papilionidae Papilio nephelus chaon nan female
7169,Papilionidae,Graphium,Graphium evemon,Graphium evemon orthia,,Graphium evemon orthia male,Papilionidae Graphium evemon orthia nan male
7172,Pieridae,Belenois,Belenois java,Belenois java anita,,Belenois java anita male,Pieridae Belenois java anita nan male
7173,Papilionidae,Graphium,Graphium eurypylus,Graphium eurypylus acheron,,Graphium eurypylus acheron female,Papilionidae Graphium eurypylus acheron nan female
7174,Lycaenidae,Catochrysops,Catochrysops strabo,Catochrysops strabo,,,Lycaenidae Catochrysops strabo nan nan nan
7175,Papilionidae,Pachliopta,Pachliopta aristolochiae,Pachliopta aristolochiae asteris,,Pachliopta aristolochiae asteris male,Papilionidae Pachliopta aristolochiae asteris nan male
7183,Papilionidae,Trogonoptera,Trogonoptera brookeana,Trogonoptera brookeana albescens,,Trogonoptera brookeana albescens male,Papilionidae Trogonoptera brookeana albescens nan male
7187,Papilionidae,Graphium,Graphium cloanthus,Graphium cloanthus cloanthus,,Graphium cloanthus cloanthus male,Papilionidae Graphium cloanthus cloanthus nan male
7199,Papilionidae,Graphium,Graphium sarpedon,Graphium sarpedon cf. sirkari,,Graphium sarpedon cf. sirkari male,Papilionidae Graphium sarpedon cf. sirkari nan male
7201,Lycaenidae,Castalius,Castalius rosimon,Castalius rosimon,,,Lycaenidae Castalius rosimon nan nan nan
7205,Papilionidae,Papilio,Papilio xuthus,Papilio xuthus,,Papilio xuthus male,Papilionidae Papilio xuthus nan nan male
7215,Papilionidae,Papilio,Papilio krishna,Papilio krishna krishna,,Papilio krishna krishna male,Papilionidae Papilio krishna krishna nan male
7219,Papilionidae,Papilio,Papilio clytia,Papilio clytia clytia,,Papilio clytia clytia female,Papilionidae Papilio clytia clytia nan female
7221,Papilionidae,Graphium,Graphium nomius,Graphium nomius,,Graphium nomius male,Papilionidae Graphium nomius nan nan male
7224,Lycaenidae,Zizina,Zizina otis,Zizina otis,,,Lycaenidae Zizina otis nan nan nan
7225,Papilionidae,Papilio,Papilio agestor,Papilio agestor agestor,,Papilio agestor agestor male,Papilionidae Papilio agestor agestor nan male
7231,Papilionidae,Pachliopta,Pachliopta hector,Pachliopta hector,,Pachliopta hector male,Papilionidae Pachliopta hector nan nan male
7232,Lycaenidae,cf. Celastrina,cf. Celastrina,cf. Celastrina,,,Lycaenidae cf. Celastrina nan nan nan nan
7237,Papilionidae,Graphium,Graphium doson,Graphium doson axionides,,Graphium doson axionides female,Papilionidae Graphium doson axionides nan female
7241,Papilionidae,Pachliopta,Pachliopta aristolochiae,Pachliopta aristolochiae asteris,,Pachliopta aristolochiae asteris female,Papilionidae Pachliopta aristolochiae asteris nan female
7244,Lycaenidae,cf. Sinthusa,cf. Sinthusa,cf. Sinthusa,,,Lycaenidae cf. Sinthusa nan nan nan nan
7250,Papilionidae,Papilio,Papilio polytes,Papilio polytes romulus,,Papilio polytes romulus female,Papilionidae Papilio polytes romulus nan female
7251,Papilionidae,Papilio,Papilio helenus,Papilio helenus helenus,,Papilio helenus helenus female,Papilionidae Papilio helenus helenus nan female
7253,Papilionidae,Atrophaneura,Atrophaneura polyeuctes,Atrophaneura polyeuctes polyeuctes,,Atrophaneura polyeuctes polyeuctes male,Papilionidae Atrophaneura polyeuctes polyeuctes nan male
7257,Papilionidae,Lamproptera,Lamproptera cf. meges,Lamproptera cf. meges,,Lamproptera cf. meges male,Papilionidae Lamproptera cf. meges nan nan male
7298,Lycaenidae,Prosotas,Prosotas nora/pia,Prosotas nora/pia,,,Lycaenidae Prosotas nora/pia nan nan nan
7305,Lycaenidae,Pithecops,Pithecops corvus,Pithecops corvus,,,Lycaenidae Pithecops corvus nan nan nan
7317,Lycaenidae,Eooxylides,Eooxylides tharis,Eooxylides tharis,,,Lycaenidae Eooxylides tharis nan nan nan
7320,Lycaenidae,Rapala,Rapala cf. iarbus,Rapala cf. iarbus,,,Lycaenidae Rapala cf. iarbus nan nan nan
7346,Papilionidae,Troides,Troides helena,Troides helena hephaestus,,Troides helena hephaestus male,Papilionidae Troides helena hephaestus nan male
7350,Papilionidae,Papilio,Papilio ambrax,Papilio ambrax ambrax,,Papilio ambrax ambrax female,Papilionidae Papilio ambrax ambrax nan female
7363,Papilionidae,Papilio,Papilio aegeus,Papilio aegeus adrastus,,Papilio aegeus adrastus male,Papilionidae Papilio aegeus adrastus nan male
7364,Papilionidae,Papilio,Papilio alphenor,Papilio alphenor alphenor,,Papilio alphenor alphenor female,Papilionidae Papilio alphenor alphenor nan female
7371,Papilionidae,Papilio,Papilio peranthus,Papilio peranthus cf. peranthus,,Papilio peranthus cf. peranthus male,Papilionidae Papilio peranthus cf. peranthus nan male
7372,Papilionidae,Graphium,Graphium anthedon,Graphium anthedon imparilis,,Graphium anthedon imparilis female,Papilionidae Graphium anthedon imparilis nan female
7373,Papilionidae,Papilio,Papilio lorquinianus,Papilio lorquinianus albertisi,,Papilio lorquinianus albertisi male,Papilionidae Papilio lorquinianus albertisi nan male
7375,Papilionidae,Graphium,Graphium agamemnon,Graphium agamemnon,,Graphium agamemnon male,Papilionidae Graphium agamemnon nan nan male
7376,Papilionidae,Troides,Troides helena,Troides helena,,Troides helena male,Papilionidae Troides helena nan nan male
7377,Papilionidae,Iphiclides,Iphiclides podalirius,Iphiclides podalirius,,Iphiclides podalirius male,Papilionidae Iphiclides podalirius nan nan male
7386,Papilionidae,Papilio,Papilio machaon,Papilio machaon emisphyrus,,Papilio machaon emisphyrus female,Papilionidae Papilio machaon emisphyrus nan female
7387,Papilionidae,Papilio,Papilio machaon,Papilio machaon emisphyrus,,Papilio machaon emisphyrus male,Papilionidae Papilio machaon emisphyrus nan male
7391,Papilionidae,Papilio,Papilio machaon,Papilio machaon,,Papilio machaon male,Papilionidae Papilio machaon nan nan male
7410,Papilionidae,Iphiclides,Iphiclides podalirius,Iphiclides podalirius,,Iphiclides podalirius female,Papilionidae Iphiclides podalirius nan nan female
7422,Papilionidae,Graphium,Graphium delesserti,Graphium delesserti cf. palawanus,,Graphium delesserti cf. palawanus male,Papilionidae Graphium delesserti cf. palawanus nan male
7423,Papilionidae,Papilio,Papilio karna,Papilio karna irauana,,Papilio karna irauana male,Papilionidae Papilio karna irauana nan male
7445,Lycaenidae,Lysandra,Lysandra,Lysandra,,,Lycaenidae Lysandra nan nan nan nan
7769,Pieridae,Pieris,Pieris napi,Pieris napi,,Pieris napi male,Pieridae Pieris napi nan nan male
7770,Pieridae,Colias,Colias croceus,Colias croceus,,Colias croceus male,Pieridae Colias croceus nan nan male
7771,Pieridae,Pieris,Pieris brassicae,Pieris brassicae,,Pieris brassicae male,Pieridae Pieris brassicae nan nan male
7772,Pieridae,Pieris,Pieris brassicae,Pieris brassicae,,Pieris brassicae female,Pieridae Pieris brassicae nan nan female
7773,Pieridae,Leptidea,Leptidea sinapis,Leptidea sinapis,,Leptidea sinapis male,Pieridae Leptidea sinapis nan nan male
7776,Pieridae,Gonepteryx,Gonepteryx rhamni,Gonepteryx rhamni,,Gonepteryx rhamni male,Pieridae Gonepteryx rhamni nan nan male
7778,Pieridae,Pieris,Pieris rapae,Pieris rapae,,Pieris rapae male,Pieridae Pieris rapae nan nan male
7780,Pieridae,Leptidea,Leptidea sinapis,Leptidea sinapis,,Leptidea sinapis female,Pieridae Leptidea sinapis nan nan female
7786,Pieridae,Anthocaris,Anthocaris cardamines,Anthocaris cardamines,,Anthocaris cardamines male,Pieridae Anthocaris cardamines nan nan male
7886,Papilionidae,Papilio,Papilio peranthus,Papilio peranthus,,Papilio peranthus male,Papilionidae Papilio peranthus nan nan male
7887,Papilionidae,Pachliopta,Pachliopta adamas,Pachliopta adamas ssp.,,Pachliopta adamas ssp. female,Papilionidae Pachliopta adamas ssp. nan female
7890,Papilionidae,Pachliopta,Pachliopta adamas,Pachliopta adamas ssp.,,Pachliopta adamas ssp. male,Papilionidae Pachliopta adamas ssp. nan male
7892,Papilionidae,Graphium,Graphium doson,Graphium doson,,Graphium doson male,Papilionidae Graphium doson nan nan male
7938,Pieridae,Delias,Delias meeki,Delias meeki,,Delias meeki male,Pieridae Delias meeki nan nan male
7939,Pieridae,Eurema,Eurema hecabe,Eurema hecabe,,Eurema hecabe male,Pieridae Eurema hecabe nan nan male
7940,Pieridae,Eurema,Eurema hecabe,Eurema hecabe,,Eurema hecabe female,Pieridae Eurema hecabe nan nan female
7941,Pieridae,Delias,Delias rosamontana,Delias rosamontana,,Delias rosamontana male,Pieridae Delias rosamontana nan nan male
7942,Pieridae,Delias,Delias carstenziana,Delias carstenziana alcicornis,,Delias carstenziana alcicornis male,Pieridae Delias carstenziana alcicornis nan male
7943,Pieridae,Delias,Delias aroae,Delias aroae balimensis,,Delias aroae balimensis male,Pieridae Delias aroae balimensis nan male
7944,Pieridae,Delias,Delias phippsi,Delias phippsi wisseli,,Delias phippsi wisseli male,Pieridae Delias phippsi wisseli nan male
7946,Pieridae,Appias,Appias indra,Appias indra,,Appias indra male,Pieridae Appias indra nan nan male
7947,Pieridae,Appias,Appias albina,Appias albina,,Appias albina female,Pieridae Appias albina nan nan female
7949,Pieridae,Delias,Delias germana,Delias germana,,Delias germana male,Pieridae Delias germana nan nan male
7950,Pieridae,Delias,Delias hapalina,Delias hapalina amoena,,Delias hapalina amoena male,Pieridae Delias hapalina amoena nan male
7951,Pieridae,Hebomia,Hebomia glaucippe,Hebomia glaucippe,,Hebomia glaucippe male,Pieridae Hebomia glaucippe nan nan male
7953,Pieridae,Delias,Delias hypomelas,Delias hypomelas,argentata,Delias hypomelas male,Pieridae Delias hypomelas nan argentata male
7958,Pieridae,Elodina,Elodina,Elodina,,,Pieridae Elodina nan nan nan nan
7963,Pieridae,Delias,Delias aroae,Delias aroae yabensis,,Delias aroae yabensis male,Pieridae Delias aroae yabensis nan male
7965,Pieridae,Delias,Delias autumnalis,Delias autumnalis autumnalis,,,Pieridae Delias autumnalis autumnalis nan nan
7971,Pieridae,Delias,Delias pheres,Delias pheres approximata,,Delias pheres approximata male,Pieridae Delias pheres approximata nan male
7973,Pieridae,Delias,Delias microsticha,Delias microsticha serratula,,Delias microsticha serratula male,Pieridae Delias microsticha serratula nan male
8009,Pieridae,Delias,Delias catisa,Delias catisa aurostriga,,,Pieridae Delias catisa aurostriga nan nan
8011,Pieridae,Delias,Delias callista,Delias callista callipereia,,,Pieridae Delias callista callipereia nan nan
8013,Pieridae,Delias,Delias rosamontana,Delias rosamontana rosamontana,,,Pieridae Delias rosamontana rosamontana nan nan
8016,Pieridae,Delias,Delias luctuosa,Delias luctuosa archboldi,,,Pieridae Delias luctuosa archboldi nan nan
8021,Pieridae,Delias,Delias klossi,Delias klossi chrysanthemum,,Delias klossi chrysanthemum male,Pieridae Delias klossi chrysanthemum nan male
8025,Pieridae,Delias,Delias flavistriga,Delias flavistriga flavistriga,,Delias flavistriga flavistriga male,Pieridae Delias flavistriga flavistriga nan male
8039,Pieridae,Delias,Delias leucias,Delias leucias leucias,,Delias leucias leucias male,Pieridae Delias leucias leucias nan male
8047,Pieridae,Delias,Delias leucias,Delias leucias leucias,,,Pieridae Delias leucias leucias nan nan
8077,Pieridae,Hebomia,Hebomia glaucippe,Hebomia glaucippe,,,Pieridae Hebomia glaucippe nan nan nan
8145,Pieridae,Appias,Appias albina,Appias albina,,Appias albina male,Pieridae Appias albina nan nan male
8203,Papilionidae,Papilio,Papilio cf. homothoas,Papilio cf. homothoas,,Papilio cf. homothoas male,Papilionidae Papilio cf. homothoas nan nan male
8204,Papilionidae,Papilio,Papilio cf. homothoas,Papilio cf. homothoas,,Papilio cf. homothoas female,Papilionidae Papilio cf. homothoas nan nan female
8205,Papilionidae,Papilio,Papilio troilus,Papilio troilus,,Papilio troilus male,Papilionidae Papilio troilus nan nan male
8218,Papilionidae,Eurytides,Eurytides marcellus,Eurytides marcellus,,Eurytides marcellus male,Papilionidae Eurytides marcellus nan nan male
8225,Papilionidae,Papilio,Papilio palamedes,Papilio palamedes leontis,,Papilio palamedes leontis male,Papilionidae Papilio palamedes leontis nan male
8230,Pieridae,Leptidea,Leptidea sinapis,Leptidea sinapis,,,Pieridae Leptidea sinapis nan nan nan
8237,Pieridae,Gonepteryx,Gonepteryx rhamni,Gonepteryx rhamni,,,Pieridae Gonepteryx rhamni nan nan nan
8358,Papilionidae,Papilio,Papilio machaon,Papilio machaon gorganus,,Papilio machaon gorganus male,Papilionidae Papilio machaon gorganus nan male
8359,Papilionidae,Parnassius,Parnassius apollo,Parnassius apollo,,Parnassius apollo male,Papilionidae Parnassius apollo nan nan male
8361,Papilionidae,Parnassius,Parnassius apollo,Parnassius apollo,,Parnassius apollo female,Papilionidae Parnassius apollo nan nan female
8367,Papilionidae,Parnassius,Parnassius,Parnassius,,Parnassius male,Papilionidae Parnassius nan nan nan male
9047,Pieridae,Eurema,Eurema blanda,Eurema blanda biformis,,Eurema blanda biformis male,Pieridae Eurema blanda biformis nan male
9049,Pieridae,Eurema,Eurema blanda,Eurema blanda biformis,,Eurema blanda biformis female,Pieridae Eurema blanda biformis nan female
9057,Pieridae,Eurema,Eurema,Eurema,,Eurema male,Pieridae Eurema nan nan nan male
9067,Pieridae,Eurema,Eurema brigitta,Eurema brigitta lerna,,Eurema brigitta lerna male,Pieridae Eurema brigitta lerna nan male
10068,Papilionidae,Papilio,Papilio cf. karna,Papilio cf. karna,,Papilio cf. karna male,Papilionidae Papilio cf. karna nan nan male
10105,Papilionidae,Troides,Troides amphrysus,Troides amphrysus,,Troides amphrysus female,Papilionidae Troides amphrysus nan nan female
10179,Papilionidae,Losaria,Losaria coon,Losaria coon cf. patianus,,Losaria coon cf. patianus female,Papilionidae Losaria coon cf. patianus nan female
10304,,Papilio,Papilio karna,Papilio karna,,,nan Papilio karna nan nan nan
10326,,Delias,Delias isocharis,Delias isocharis,,,nan Delias isocharis nan nan nan
10341,,Taenaris,Taenaris horsfieldii,Taenaris horsfieldii,,,nan Taenaris horsfieldii nan nan nan
10343,,Idea,Idea stolli,Idea stolli,,,nan Idea stolli nan nan nan
10349,,Neptis,Neptis,Neptis,,,nan Neptis nan nan nan nan
10355,,Danaus,Danaus,Danaus,,,nan Danaus nan nan nan nan
10493,Papilionidae,Graphium,Graphium doson,Graphium doson cf. vulso,,Graphium doson cf. vulso male,Papilionidae Graphium doson cf. vulso nan male
10513,Papilionidae,Papilio,Papilio memnon,Papilio memnon cf. memnon,,Papilio memnon cf. memnon male,Papilionidae Papilio memnon cf. memnon nan male
10548,Papilionidae,Graphium,Graphium agamemnon,Graphium agamemnon cf. agamemnon,,Graphium agamemnon cf. agamemnon male,Papilionidae Graphium agamemnon cf. agamemnon nan male
10574,Papilionidae,Graphium,Graphium sarpedon,Graphium sarpedon cf. lycianus,,Graphium sarpedon cf. lycianus male,Papilionidae Graphium sarpedon cf. lycianus nan male
10687,Papilionidae,Papilio,Papilio ulysses,Papilio ulysses autolycus,,Papilio ulysses autolycus male,Papilionidae Papilio ulysses autolycus nan male
10717,Papilionidae,Papilio,Papilio ulysses,Papilio ulysses autolycus,,Papilio ulysses autolycus female,Papilionidae Papilio ulysses autolycus nan female
10720,Papilionidae,Losaria,Losaria palu,Losaria palu,,Losaria palu female,Papilionidae Losaria palu nan nan female
10776,Papilionidae,Pachliopta,Pachliopta polydorus,Pachliopta polydorus cf. godartianus,,Pachliopta polydorus cf. godartianus female,Papilionidae Pachliopta polydorus cf. godartianus nan female
11240,Papilionidae,Troides,Troides amphrysus,Troides amphrysus cf. amphrysus,,Troides amphrysus cf. amphrysus female,Papilionidae Troides amphrysus cf. amphrysus nan female
13115,Nymphalidae,Junonia,Junonia atlites,Junonia atlites,,,Nymphalidae Junonia atlites nan nan nan
13123,Nymphalidae,Junonia,Junonia intermedia,Junonia intermedia,,,Nymphalidae Junonia intermedia nan nan nan
13124,Nymphalidae,Ypthima,Ypthima gavalisi,Ypthima gavalisi,,,Nymphalidae Ypthima gavalisi nan nan nan
13616,Nymphalidae,Junonia,Junonia almana,Junonia almana,,,Nymphalidae Junonia almana nan nan nan
15798,Nymphalidae,Junonia,Junonia erigone,Junonia erigone,,,Nymphalidae Junonia erigone nan nan nan
23403,Nymphalidae,Junonia,Junonia orithya,Junonia orithya,,,Nymphalidae Junonia orithya nan nan nan
23741,Nymphalidae,Junonia,Junonia lemonias,Junonia lemonias,,,Nymphalidae Junonia lemonias nan nan nan
24593,Papilionidae,Papilio,Papilio paris,Papilio paris gedeensis,zebra,Papilio paris gedeensis male,Papilionidae Papilio paris gedeensis zebra male
24598,Papilionidae,Troides,Troides ritsemae,Troides ritsemae ritsemae,,Troides ritsemae ritsemae male,Papilionidae Troides ritsemae ritsemae nan male
24761,Papilionidae,Troides,Troides ritsemae,Troides ritsemae ritsemae,,Troides ritsemae ritsemae female,Papilionidae Troides ritsemae ritsemae nan female
24788,Papilionidae,Papilio,Papilio polytes,Papilio polytes cf. javanus,,Papilio polytes cf. javanus female,Papilionidae Papilio polytes cf. javanus nan female
24898,Nymphalidae,Polyura,Polyura,Polyura,,Polyura male,Nymphalidae Polyura nan nan nan male
25029,Papilionidae,Atrophaneura,Atrophaneura priapus,Atrophaneura priapus dilutus,,Atrophaneura priapus dilutus female,Papilionidae Atrophaneura priapus dilutus nan female
25036,Papilionidae,Atrophaneura,Atrophaneura priapus,Atrophaneura priapus dilutus,,Atrophaneura priapus dilutus male,Papilionidae Atrophaneura priapus dilutus nan male
25201,Papilionidae,Lamproptera,Lamproptera meges,Lamproptera meges,,Lamproptera meges male,Papilionidae Lamproptera meges nan nan male
25242,Papilionidae,Graphium,Graphium anthedon,Graphium anthedon monticolus,,Graphium anthedon monticolus male,Papilionidae Graphium anthedon monticolus nan male
25259,Papilionidae,Graphium,Graphium antiphates,Graphium antiphates,,Graphium antiphates female,Papilionidae Graphium antiphates nan nan female
25436,Papilionidae,Troides,Troides haliphron,Troides haliphron haliphron,,Troides haliphron haliphron female,Papilionidae Troides haliphron haliphron nan female
25776,Papilionidae,Papilio,Papilio nephelus,Papilio nephelus,,Papilio nephelus male,Papilionidae Papilio nephelus nan nan male
25797,Papilionidae,Papilio,Papilio sycorax,Papilio sycorax,,Papilio sycorax female,Papilionidae Papilio sycorax nan nan female
25815,Papilionidae,Meandrusa,Meandrusa payeni,Meandrusa payeni,,Meandrusa payeni male,Papilionidae Meandrusa payeni nan nan male
25853,Papilionidae,Papilio,Papilio antimachus,Papilio antimachus,,Papilio antimachus male,Papilionidae Papilio antimachus nan nan male
25857,Papilionidae,Graphium,Graphium doson,Graphium doson vulso,,,Papilionidae Graphium doson vulso nan nan
25898,Papilionidae,Parnassius,Parnassius cf. apollo,Parnassius cf. apollo,,Parnassius cf. apollo male,Papilionidae Parnassius cf. apollo nan nan male
25912,Papilionidae,Parnassius,Parnassius cf. apollo,Parnassius cf. apollo,,Parnassius cf. apollo female,Papilionidae Parnassius cf. apollo nan nan female
25914,Papilionidae,Papilio,Papilio machaon,Papilio machaon,,Papilio machaon female,Papilionidae Papilio machaon nan nan female
26132,Papilionidae,Atrophaneura,Atrophaneura priapus,Atrophaneura priapus,,Atrophaneura priapus male,Papilionidae Atrophaneura priapus nan nan male
26157,Papilionidae,Pachliopta,Pachliopta polydorus,Pachliopta polydorus,,Pachliopta polydorus male,Papilionidae Pachliopta polydorus nan nan male
26328,Papilionidae,Troides,Troides cf. helena,Troides cf. helena,,Troides cf. helena female,Papilionidae Troides cf. helena nan nan female
26346,Papilionidae,Papilio,Papilio albinus,Papilio albinus,,Papilio albinus female,Papilionidae Papilio albinus nan nan female
26347,Papilionidae,Papilio,Papilio demoleus,Papilio demoleus,,Papilio demoleus female,Papilionidae Papilio demoleus nan nan female
26349,Papilionidae,Pachliopta,Pachliopta,Pachliopta,,,Papilionidae Pachliopta nan nan nan nan
26365,Papilionidae,Graphium,Graphium agamemnon,Graphium agamemnon ligatus,,Graphium agamemnon ligatus female,Papilionidae Graphium agamemnon ligatus nan female
26384,Papilionidae,Graphium,Graphium isander,Graphium isander imparilis,,Graphium isander imparilis male,Papilionidae Graphium isander imparilis nan male
26418,Papilionidae,Graphium,Graphium isander,Graphium isander imparilis,,Graphium isander imparilis female,Papilionidae Graphium isander imparilis nan female
26434,Papilionidae,Graphium,Graphium eurypylus,Graphium eurypylus lycaonides,,Graphium eurypylus lycaonides male,Papilionidae Graphium eurypylus lycaonides nan male
26510,Papilionidae,Graphium,Graphium agamemnon,Graphium agamemnon ligatus,,Graphium agamemnon ligatus male,Papilionidae Graphium agamemnon ligatus nan male
26868,Papilionidae,Parnasius,Parnasius smintheus,Parnasius smintheus,,Parnasius smintheus male,Papilionidae Parnasius smintheus nan nan male
26992,Nymphalidae,Junonia,Junonia cf. evarete,Junonia cf. evarete,,,Nymphalidae Junonia cf. evarete nan nan nan
28831,Nymphalidae,Junonia,Junonia oenone,Junonia oenone,,,Nymphalidae Junonia oenone nan nan nan
29058,,,,,,ERROR,nan nan nan nan nan ♀♂
29076,,,,,,ERROR,nan nan nan nan nan ♀ ♀
29123,,,,,,ERROR,nan nan nan nan nan ♂ ♂
29575,,,,,,ERROR,"nan nan nan nan nan ♀, ♂,"
29591,,,,,,ERROR,nan nan nan nan nan ♀ ♂
29595,,,,,,ERROR,nan nan nan nan nan ♀. ♂
29598,,,,,,ERROR,nan nan nan nan nan ♀ en ♂
29679,,,,,,ERROR,nan nan nan nan nan ♀ . ♂
29867,Pieridae,Delias,Delias microsticha,Delias microsticha,,,Pieridae Delias microsticha nan nan nan
29962,Pieridae,Delias,Delias sphenodiscus,Delias sphenodiscus,,,Pieridae Delias sphenodiscus nan nan nan
30004,Pieridae,Delias,Delias aruna,Delias aruna,,,Pieridae Delias aruna nan nan nan
30052,Pieridae,Delias,Delias hypomelas,Delias hypomelas,argentata,,Pieridae Delias hypomelas nan argentata nan
30132,Pieridae,Delias,Delias mavroneria,Delias mavroneria,,,Pieridae Delias mavroneria nan nan nan
30200,,,,,,ERROR,nan nan nan nan nan ♂♀
30527,,,,,,ERROR,nan nan nan nan nan ♂. ♀.
30619,Pieridae,Delias,Delias phippsi,Delias phippsi,,,Pieridae Delias phippsi nan nan nan
30788,Pieridae,Delias,Delias callista,Delias callista,,,Pieridae Delias callista nan nan nan
30904,,,,,,ERROR,nan nan nan nan nan ♀♀
31116,Pieridae,Delias,Delias mira,Delias mira,,,Pieridae Delias mira nan nan nan
31144,Pieridae,Delias,Delias leucias,Delias leucias,,,Pieridae Delias leucias nan nan nan
32091,Pieridae,Delias,Delias aroae,Delias aroae,,,Pieridae Delias aroae nan nan nan
32099,Pieridae,Delias,Delias toxopei,Delias toxopei,,,Pieridae Delias toxopei nan nan nan
32373,Pieridae,Delias,Delias hypomelas,Delias hypomelas lieftincki,,,Pieridae Delias hypomelas lieftincki nan nan
32443,Pieridae,Delias,Delias hapalina,Delias hapalina,,,Pieridae Delias hapalina nan nan nan
32564,Pieridae,Delias,Delias carstenziana,Delias carstenziana,,,Pieridae Delias carstenziana nan nan nan
32590,Pieridae,Delias,Delias luctuosa,Delias luctuosa,,,Pieridae Delias luctuosa nan nan nan
32663,Pieridae,Delias,Delias wollastoni,Delias wollastoni,,,Pieridae Delias wollastoni nan nan nan
32664,Pieridae,Delias,Delias catisa,Delias catisa,,,Pieridae Delias catisa nan nan nan
32676,Pieridae,Delias,Delias nais,Delias nais,,,Pieridae Delias nais nan nan nan
32688,Pieridae,Delias,Delias isocharis,Delias isocharis,,,Pieridae Delias isocharis nan nan nan
34581,Pieridae,Delias,Delias crithoe,Delias crithoe cf. crithoe,,Delias crithoe cf. crithoe male,Pieridae Delias crithoe cf. crithoe nan male
34642,Pieridae,Prioneris,Prioneris autothisbe,Prioneris autothisbe autothisbe,,Prioneris autothisbe autothisbe male,Pieridae Prioneris autothisbe autothisbe nan male
34650,Pieridae,Delias,Delias belisama,Delias belisama nakula,,Delias belisama nakula male,Pieridae Delias belisama nakula nan male
34654,Pieridae,Hebomoia,Hebomoia glaucippe,Hebomoia glaucippe,,Hebomoia glaucippe male,Pieridae Hebomoia glaucippe nan nan male
34658,Pieridae,Neophasia,Neophasia menapia,Neophasia menapia,,,Pieridae Neophasia menapia nan nan nan
34664,Pieridae,Colias,Colias alexandra,Colias alexandra,,,Pieridae Colias alexandra nan nan nan
34669,Pieridae,Colias,Colias chrysotheme,Colias chrysotheme eurytheme,,,Pieridae Colias chrysotheme eurytheme nan nan
34679,Pieridae,Euchloe,Euchloe ausonides,Euchloe ausonides,,,Pieridae Euchloe ausonides nan nan nan
34683,Pieridae,Colias,Colias scudderi,Colias scudderi,,,Pieridae Colias scudderi nan nan nan
34687,Pieridae,Colotis,Colotis,Colotis,,,Pieridae Colotis nan nan nan nan
34700,Pieridae,Delias,Delias periboea,Delias periboea periboea,,Delias periboea periboea male,Pieridae Delias periboea periboea nan male
34701,Pieridae,Pieris,Pieris,Pieris,,,Pieridae Pieris nan nan nan nan
34704,Pieridae,Gonepteryx,Gonepteryx cf. rhamni,Gonepteryx cf. rhamni,,Gonepteryx cf. rhamni male,Pieridae Gonepteryx cf. rhamni nan nan male
34708,Pieridae,Gonepteryx,Gonepteryx cf. rhamni,Gonepteryx cf. rhamni,,Gonepteryx cf. rhamni female,Pieridae Gonepteryx cf. rhamni nan nan female
34709,Pieridae,Pareronia,Pareronia cf. valeria,Pareronia cf. valeria,,Pareronia cf. valeria male,Pieridae Pareronia cf. valeria nan nan male
34710,Pieridae,Pieris,Pieris rapae,Pieris rapae,,,Pieridae Pieris rapae nan nan nan
34715,Pieridae,Leuciacria,Leuciacria acuta,Leuciacria acuta,,Leuciacria acuta male,Pieridae Leuciacria acuta nan nan male
34716,Pieridae,Delias,Delias callista,Delias callista callipareia,,Delias callista callipareia male,Pieridae Delias callista callipareia nan male
34717,Pieridae,Delias,Delias ligata,Delias ligata interpolata,,Delias ligata interpolata male,Pieridae Delias ligata interpolata nan male
34725,Pieridae,Delias,Delias isocharis,Delias isocharis latiapicalis,,Delias isocharis latiapicalis male,Pieridae Delias isocharis latiapicalis nan male
34734,Pieridae,Delias,Delias autumnalis,Delias autumnalis autumnalis,,Delias autumnalis autumnalis male,Pieridae Delias autumnalis autumnalis nan male
34736,Pieridae,Delias,Delias pheres,Delias pheres,,Delias pheres male,Pieridae Delias pheres nan nan male
34741,Pieridae,Delias,Delias toxopei,Delias toxopei toxopei,,Delias toxopei toxopei m,Pieridae Delias toxopei toxopei nan m
34746,Pieridae,Delias,Delias antara,Delias antara,,Delias antara male,Pieridae Delias antara nan nan male
34749,Pieridae,Delias,Delias alepa,Delias alepa kunupiensis,,Delias alepa kunupiensis male,Pieridae Delias alepa kunupiensis nan male
34753,Pieridae,Delias,Delias catisa,Delias catisa aurostriga,,Delias catisa aurostriga male,Pieridae Delias catisa aurostriga nan male
34754,Pieridae,Delias,Delias cf. aroae,Delias cf. aroae yabensis,,Delias cf. aroae yabensis male,Pieridae Delias cf. aroae yabensis nan male
34756,Pieridae,Delias,Delias hapalina,Delias hapalina adnexa,,Delias hapalina adnexa male,Pieridae Delias hapalina adnexa nan male
34758,Pieridae,Delias,Delias hypomelas,Delias hypomelas rubrostriata,,Delias hypomelas rubrostriata male,Pieridae Delias hypomelas rubrostriata nan male
34760,Pieridae,Delias,Delias marguerita,Delias marguerita,,Delias marguerita male,Pieridae Delias marguerita nan nan male
34765,Pieridae,Delias,Delias wollastoni,Delias wollastoni bryophilea,,Delias wollastoni bryophilea male,Pieridae Delias wollastoni bryophilea nan male
34773,Pieridae,Delias,Delias cf. pheres,Delias cf. pheres approximata,,Delias cf. pheres approximata male,Pieridae Delias cf. pheres approximata nan male
34780,Pieridae,Delias,Delias flavistriga,Delias flavistriga,,Delias flavistriga male,Pieridae Delias flavistriga nan nan male
34782,Pieridae,Delias,Delias nais,Delias nais,zebra,Delias nais male,Pieridae Delias nais nan zebra male
34813,Pieridae,Delias,Delias momea,Delias momea momea,,,Pieridae Delias momea momea nan nan
34817,Pieridae,Hebomoia,Hebomoia glaucippe,Hebomoia glaucippe,,,Pieridae Hebomoia glaucippe nan nan nan
34824,Pieridae,Delias,Delias momea,Delias momea momea,,Delias momea momea female,Pieridae Delias momea momea nan female
34825,Pieridae,Delias,Delias momea,Delias momea momea,,Delias momea momea male,Pieridae Delias momea momea nan male
34857,Pieridae,Gandaca,Gandaca cf. harina,Gandaca cf. harina,,Gandaca cf. harina male,Pieridae Gandaca cf. harina nan nan male
34859,Pieridae,Eurema,Eurema cf. simulatrix,Eurema cf. simulatrix,,Eurema cf. simulatrix male,Pieridae Eurema cf. simulatrix nan nan male
34861,Pieridae,Appias,Appias cf. indra,Appias cf. indra,,Appias cf. indra male,Pieridae Appias cf. indra nan nan male
34891,Pieridae,Appias,Appias cf. lyncida,Appias cf. lyncida,,,Pieridae Appias cf. lyncida nan nan nan
34908,Pieridae,Delias,Delias pasithoe,Delias pasithoe parthenope,,Delias pasithoe parthenope male,Pieridae Delias pasithoe parthenope nan male
34920,Pieridae,Delias,Delias periboea,Delias periboea periboea,,Delias periboea periboea female,Pieridae Delias periboea periboea nan female
34926,Pieridae,Pareronia,Pareronia valeria,Pareronia valeria,,,Pieridae Pareronia valeria nan nan nan
34936,Pieridae,Appias,Appias,Appias,,Appias female,Pieridae Appias nan nan nan female
34945,Pieridae,Belenois,Belenois java,Belenois java,,Belenois java male,Pieridae Belenois java nan nan male
34950,Pieridae,Delias,Delias crithoe,Delias crithoe,,Delias crithoe male,Pieridae Delias crithoe nan nan male
34966,Satyridae,Melanargia,Melanargia galathea,Melanargia galathea,,,Satyridae Melanargia galathea nan nan nan
34968,Pieridae,Eurema,Eurema blanda,Eurema blanda odinia,,Eurema blanda odinia female,Pieridae Eurema blanda odinia nan female
35010,Pieridae,Eurema,Eurema cf. laeta,Eurema cf. laeta,,,Pieridae Eurema cf. laeta nan nan nan
35048,Lycaenidae,Danis,Danis phroso,Danis phroso,,,Lycaenidae Danis phroso nan nan nan
35079,Pieridae,Delias,Delias ladas,Delias ladas wamenaensis,,Delias ladas wamenaensis male,Pieridae Delias ladas wamenaensis nan male
35088,Pieridae,Delias,Delias ladas,Delias ladas wamenaensis,,Delias ladas wamenaensis female,Pieridae Delias ladas wamenaensis nan female
35104,Pieridae,Eurema,Eurema cf. blanda,Eurema cf. blanda,,,Pieridae Eurema cf. blanda nan nan nan
35334,Pieridae,Aporia,Aporia agathon,Aporia agathon,,,Pieridae Aporia agathon nan nan nan
35349,Pieridae,Aporia,Aporia agathon,Aporia agathon,,Aporia agathon female,Pieridae Aporia agathon nan nan female
35380,Pieridae,Colias,Colias,Colias,,,Pieridae Colias nan nan nan nan
35413,Pieridae,Delias,Delias geraldina,Delias geraldina siderea,,Delias geraldina siderea male,Pieridae Delias geraldina siderea nan male
40917,Nymphalidae,Coenonympha,Coenonympha pamphilus,Coenonympha pamphilus,,,Nymphalidae Coenonympha pamphilus nan nan nan
41218,Nymphalidae,Coenonympha,Coenonympha glycerion,Coenonympha glycerion,,,Nymphalidae Coenonympha glycerion nan nan nan
41710,Nymphalidae,Hipparchia,Hipparchia statilinus,Hipparchia statilinus,,,Nymphalidae Hipparchia statilinus nan nan nan
41970,Nymphalidae,Pyronia,Pyronia tithonus,Pyronia tithonus,,,Nymphalidae Pyronia tithonus nan nan nan
42027,Nymphalidae,Satyrus,Satyrus ferula,Satyrus ferula,,,Nymphalidae Satyrus ferula nan nan nan
42102,Nymphalidae,Melanargia,Melanargia lachesis,Melanargia lachesis,,,Nymphalidae Melanargia lachesis nan nan nan
42204,Nymphalidae,Pyronia,Pyronia bathseba,Pyronia bathseba,,,Nymphalidae Pyronia bathseba nan nan nan
42211,,,,,,ERROR,nan nan nan nan nan ♂♂
42288,Nymphalidae,Arethusana,Arethusana arethusa,Arethusana arethusa,,,Nymphalidae Arethusana arethusa nan nan nan
42344,Nymphalidae,Satyrus,Satyrus briseis,Satyrus briseis,,,Nymphalidae Satyrus briseis nan nan nan
42362,Nymphalidae,Pyronia,Pyronia cecilia,Pyronia cecilia,,,Nymphalidae Pyronia cecilia nan nan nan
42409,Nymphalidae,Satyrus,Satyrus actaea,Satyrus actaea,,,Nymphalidae Satyrus actaea nan nan nan
42462,Nymphalidae,Pararge,Pararge maera,Pararge maera,,,Nymphalidae Pararge maera nan nan nan
42470,Nymphalidae,Satyrus/Hipparchia,Satyrus/Hipparchia circe/hermione/fagi,Satyrus/Hipparchia circe/hermione/fagi,,,Nymphalidae Satyrus/Hipparchia circe/hermione/fagi nan nan nan
42504,Nymphalidae,Melanargia,Melanargia galathea,Melanargia galathea,,,Nymphalidae Melanargia galathea nan nan nan
42637,Nymphalidae,Coenonympha,Coenonympha dorus,Coenonympha dorus,,,Nymphalidae Coenonympha dorus nan nan nan
42696,Nymphalidae,Hipparchia,Hipparchia hermione,Hipparchia hermione,,,Nymphalidae Hipparchia hermione nan nan nan
43033,Nymphalidae,Junonia,Junonia hierta,Junonia hierta,,,Nymphalidae Junonia hierta nan nan nan
1921,Nymphalidae,Euploea,Euploea netscheri,Euploea netscheri,,,Nymphalidae Euploea netscheri nan nan nan
2069,Drepanidae,,,,,,Drepanidae nan nan nan nan nan
3583,Pieridae,Delias,Delias pheres,Delias pheres approximata,,,Pieridae Delias pheres approximata nan nan
5468,Nymphalidae,Charaxes,Charaxes borneensis,Charaxes borneensis,,Charaxes borneensis ♀,Nymphalidae Charaxes borneensis nan nan ♀
5469,Nymphalidae,Charaxes,Charaxes latona,Charaxes latona,,Charaxes latona ♀,Nymphalidae Charaxes latona nan nan ♀
5470,Nymphalidae,Charaxes,Charaxes,Charaxes,,Charaxes ♀,Nymphalidae Charaxes nan nan nan ♀
5476,Nymphalidae,Charaxes,Charaxes hara,Charaxes hara,,,Nymphalidae Charaxes hara nan nan nan
5477,Nymphalidae,Charaxes,Charaxes mori,Charaxes mori,,,Nymphalidae Charaxes mori nan nan nan
5484,Nymphalidae,Charaxes,Charaxes latona,Charaxes latona,,,Nymphalidae Charaxes latona nan nan nan
5486,Nymphalidae,Polyura,Polyura pyrrhus,Polyura pyrrhus,,,Nymphalidae Polyura pyrrhus nan nan nan
5494,Nymphalidae,Charaxes,Charaxes durnfordi,Charaxes durnfordi,,,Nymphalidae Charaxes durnfordi nan nan nan
5499,Nymphalidae,Charaxes,Charaxes pyrrhus,Charaxes pyrrhus,,Charaxes pyrrhus ♂,Nymphalidae Charaxes pyrrhus nan nan ♂
5501,Nymphalidae,Charaxes,Charaxes latona,Charaxes latona,,Charaxes latona ♂,Nymphalidae Charaxes latona nan nan ♂
5508,Nymphalidae,Charaxes,Charaxes cognatus,Charaxes cognatus,,,Nymphalidae Charaxes cognatus nan nan nan
5509,Nymphalidae,Charaxes,Charaxes cognatus,Charaxes cognatus,,Charaxes cognatus ♀,Nymphalidae Charaxes cognatus nan nan ♀
5518,Nymphalidae,Charaxes,Charaxes madensis,Charaxes madensis,,,Nymphalidae Charaxes madensis nan nan nan
5530,Nymphalidae,Charaxes,Charaxes nitebis,Charaxes nitebis,,,Nymphalidae Charaxes nitebis nan nan nan
5536,Nymphalidae,Charaxes,Charaxes ocellatus,Charaxes ocellatus,,,Nymphalidae Charaxes ocellatus nan nan nan
5537,Nymphalidae,Charaxes,Charaxes affinis,Charaxes affinis,,,Nymphalidae Charaxes affinis nan nan nan
5540,Nymphalidae,Charaxes,Charaxes setan,Charaxes setan,,,Nymphalidae Charaxes setan nan nan nan
5547,Nymphalidae,Charaxes,Charaxes mars,Charaxes mars,,,Nymphalidae Charaxes mars nan nan nan
5556,Nymphalidae,Charaxes,Charaxes eurialis,Charaxes eurialis,,,Nymphalidae Charaxes eurialis nan nan nan
5558,Nymphalidae,Charaxes,Charaxes solon,Charaxes solon,,Charaxes solon ♀,Nymphalidae Charaxes solon nan nan ♀
5559,Nymphalidae,Charaxes,Charaxes solon,Charaxes solon,,Charaxes solon ♂,Nymphalidae Charaxes solon nan nan ♂
5560,Nymphalidae,Charaxes,Charaxes jasius,Charaxes jasius,,Charaxes jasius female,Nymphalidae Charaxes jasius nan nan female
5561,Nymphalidae,Charaxes,Charaxes jasius,Charaxes jasius,,Charaxes jasius male,Nymphalidae Charaxes jasius nan nan male
5622,Nymphalidae,,,,,ERROR,Nymphalidae nan nan nan nan ♂
5633,Nymphalidae,Charaxes,Charaxes Polyxena,Charaxes Polyxena,,Charaxes Polyxena ♂,Nymphalidae Charaxes Polyxena nan nan ♂
5667,Nymphalidae,Charaxes,Charaxes harmodius,Charaxes harmodius,,,Nymphalidae Charaxes harmodius nan nan nan
5671,Nymphalidae,Charaxes,Charaxes distanti,Charaxes distanti,,Charaxes distanti ♂,Nymphalidae Charaxes distanti nan nan ♂
5673,Nymphalidae,Charaxes,Charaxes eurialus,Charaxes eurialus,,Charaxes eurialus ♂,Nymphalidae Charaxes eurialus nan nan ♂
5675,Nymphalidae,Charaxes,Charaxes solon,Charaxes solon,,,Nymphalidae Charaxes solon nan nan nan
5678,Nymphalidae,Charaxes,Charaxes fionae,Charaxes fionae,,Charaxes fionae male,Nymphalidae Charaxes fionae nan nan male
5693,Nymphalidae,Charaxes,Charaxes tiridates,Charaxes tiridates,,,Nymphalidae Charaxes tiridates nan nan nan
5695,Nymphalidae,Charaxes,Charaxes grahamei,Charaxes grahamei,,Charaxes grahamei ♂,Nymphalidae Charaxes grahamei nan nan ♂
5696,Nymphalidae,Charaxes,Charaxes cynthia,Charaxes cynthia,,Charaxes cynthia ♀,Nymphalidae Charaxes cynthia nan nan ♀
5697,Nymphalidae,Charaxes,Charaxes anticlea,Charaxes anticlea,,Charaxes anticlea ♂,Nymphalidae Charaxes anticlea nan nan ♂
5699,Nymphalidae,Charaxes,Charaxes kahldeni,Charaxes kahldeni,,Charaxes kahldeni ♂,Nymphalidae Charaxes kahldeni nan nan ♂
5700,Nymphalidae,Charaxes,Charaxes eupale,Charaxes eupale,,Charaxes eupale ♂,Nymphalidae Charaxes eupale nan nan ♂
5701,Nymphalidae,Charaxes,Charaxes lucretius,Charaxes lucretius,,Charaxes lucretius ♀,Nymphalidae Charaxes lucretius nan nan ♀
5702,Nymphalidae,Charaxes,Charaxes catachrous,Charaxes catachrous,,Charaxes catachrous ♂,Nymphalidae Charaxes catachrous nan nan ♂
5703,Nymphalidae,Charaxes,Charaxes,Charaxes,,Charaxes ♂,Nymphalidae Charaxes nan nan nan ♂
5704,Nymphalidae,Charaxes,Charaxes lucretius,Charaxes lucretius,,Charaxes lucretius ♂,Nymphalidae Charaxes lucretius nan nan ♂
5705,Nymphalidae,Charaxes,Charaxes bipunctatus,Charaxes bipunctatus,,,Nymphalidae Charaxes bipunctatus nan nan nan
5706,Nymphalidae,Charaxes,Charaxes ameliae,Charaxes ameliae,,,Nymphalidae Charaxes ameliae nan nan nan
5707,Nymphalidae,Charaxes,Charaxes brutus,Charaxes brutus,,Charaxes brutus ♂,Nymphalidae Charaxes brutus nan nan ♂
5708,Nymphalidae,Charaxes,Charaxes nobilis,Charaxes nobilis,,,Nymphalidae Charaxes nobilis nan nan nan
5709,Nymphalidae,Charaxes,Charaxes numenes,Charaxes numenes,,Charaxes numenes ♂,Nymphalidae Charaxes numenes nan nan ♂
5710,Nymphalidae,Charaxes,Charaxes cedreatis,Charaxes cedreatis,,,Nymphalidae Charaxes cedreatis nan nan nan
5711,Nymphalidae,Charaxes,Charaxes etesipe,Charaxes etesipe,,,Nymphalidae Charaxes etesipe nan nan nan
5713,Nymphalidae,Charaxes,Charaxes paphianus,Charaxes paphianus,,Charaxes paphianus male,Nymphalidae Charaxes paphianus nan nan male
5714,Nymphalidae,Charaxes,Charaxes pleione,Charaxes pleione,,,Nymphalidae Charaxes pleione nan nan nan
5715,Nymphalidae,Charaxes,Charaxes varanes,Charaxes varanes,,Charaxes varanes male,Nymphalidae Charaxes varanes nan nan male
5716,Nymphalidae,Charaxes,Charaxes cynthia,Charaxes cynthia,,Charaxes cynthia male,Nymphalidae Charaxes cynthia nan nan male
5717,Nymphalidae,Charaxes,Charaxes hildebrandti male,Charaxes hildebrandti male,,,Nymphalidae Charaxes hildebrandti male nan nan nan
5718,Nymphalidae,Charaxes,Charaxes mycerina,Charaxes mycerina,,,Nymphalidae Charaxes mycerina nan nan nan
5719,Nymphalidae,Charaxes,Charaxes candiope,Charaxes candiope,,Charaxes candiope male,Nymphalidae Charaxes candiope nan nan male
5720,Nymphalidae,Charaxes,Charaxes protoclea,Charaxes protoclea,,Charaxes protoclea male,Nymphalidae Charaxes protoclea nan nan male
5721,Nymphalidae,Charaxes,Charaxes pollux,Charaxes pollux,,,Nymphalidae Charaxes pollux nan nan nan
5722,Nymphalidae,Charaxes,Charaxes hadrianus,Charaxes hadrianus,,,Nymphalidae Charaxes hadrianus nan nan nan
5723,Nymphalidae,Charaxes,Charaxes cedreatis,Charaxes cedreatis,,Charaxes cedreatis male,Nymphalidae Charaxes cedreatis nan nan male
5724,Nymphalidae,Charaxes,Charaxes dilitus,Charaxes dilitus,,,Nymphalidae Charaxes dilitus nan nan nan
5726,Nymphalidae,Charaxes,Charaxes nichetes,Charaxes nichetes,,,Nymphalidae Charaxes nichetes nan nan nan
5727,Nymphalidae,Charaxes,Charaxes etheocles,Charaxes etheocles,,Charaxes etheocles male,Nymphalidae Charaxes etheocles nan nan male
5728,Nymphalidae,Charaxes,Charaxes kahldeni,Charaxes kahldeni,,Charaxes kahldeni male,Nymphalidae Charaxes kahldeni nan nan male
5729,Nymphalidae,Charaxes,Charaxes kheili,Charaxes kheili,,Charaxes kheili male,Nymphalidae Charaxes kheili nan nan male
5730,Nymphalidae,Charaxes,Charaxes brutus,Charaxes brutus,,Charaxes brutus male,Nymphalidae Charaxes brutus nan nan male
5731,Nymphalidae,Charaxes,Charaxes hildebrandti,Charaxes hildebrandti,,,Nymphalidae Charaxes hildebrandti nan nan nan
5732,Nymphalidae,Charaxes,Charaxes tiridates,Charaxes tiridates,,Charaxes tiridates male,Nymphalidae Charaxes tiridates nan nan male
5733,Nymphalidae,Charaxes,Charaxes mycerina,Charaxes mycerina,,Charaxes mycerina male,Nymphalidae Charaxes mycerina nan nan male
5734,Nymphalidae,Charaxes,Charaxes dilitus,Charaxes dilitus,,Charaxes dilitus male,Nymphalidae Charaxes dilitus nan nan male
5735,Nymphalidae,Charaxes,Charaxes viola,Charaxes viola,,,Nymphalidae Charaxes viola nan nan nan
5740,Nymphalidae,Charaxes,Charaxes eupale,Charaxes eupale,,,Nymphalidae Charaxes eupale nan nan nan
5742,Nymphalidae,Charaxes,Charaxes porthos,Charaxes porthos,,,Nymphalidae Charaxes porthos nan nan nan
5744,Nymphalidae,Charaxes,Charaxes ameliae,Charaxes ameliae,,Charaxes ameliae male,Nymphalidae Charaxes ameliae nan nan male
5745,Nymphalidae,Charaxes,Charaxes numenes,Charaxes numenes,,Charaxes numenes male,Nymphalidae Charaxes numenes nan nan male
5746,Nymphalidae,Charaxes,Charaxes viola,Charaxes viola,,Charaxes viola male,Nymphalidae Charaxes viola nan nan male
5747,Nymphalidae,Charaxes,Charaxes achaemenes,Charaxes achaemenes,,Charaxes achaemenes male,Nymphalidae Charaxes achaemenes nan nan male
5748,Nymphalidae,Charaxes,Charaxes catachrous,Charaxes catachrous,,,Nymphalidae Charaxes catachrous nan nan nan
5749,Nymphalidae,Charaxes,Charaxes zingha,Charaxes zingha,,,Nymphalidae Charaxes zingha nan nan nan
5751,Nymphalidae,Charaxes,Charaxes imperialis,Charaxes imperialis,,,Nymphalidae Charaxes imperialis nan nan nan
5752,Nymphalidae,Charaxes,Charaxes numenes,Charaxes numenes,,,Nymphalidae Charaxes numenes nan nan nan
5753,Nymphalidae,Charaxes,Charaxes fulvescens,Charaxes fulvescens,,,Nymphalidae Charaxes fulvescens nan nan nan
5755,Nymphalidae,Charaxes,Charaxes pythodorus,Charaxes pythodorus,,,Nymphalidae Charaxes pythodorus nan nan nan
5756,Nymphalidae,Charaxes,Charaxes brutus,Charaxes brutus,,,Nymphalidae Charaxes brutus nan nan nan
5758,Nymphalidae,Charaxes,Charaxes lucretius,Charaxes lucretius,,,Nymphalidae Charaxes lucretius nan nan nan
5762,Nymphalidae,Charaxes,Charaxes candiope,Charaxes candiope,,,Nymphalidae Charaxes candiope nan nan nan
5766,Nymphalidae,Charaxes,Charaxes laodice,Charaxes laodice,,Charaxes laodice ♂,Nymphalidae Charaxes laodice nan nan ♂
5773,Nymphalidae,Charaxes,Charaxes etheocles,Charaxes etheocles,,,Nymphalidae Charaxes etheocles nan nan nan
5775,Nymphalidae,Charaxes,Charaxes guderiana,Charaxes guderiana guderiana,,Charaxes guderiana guderiana female,Nymphalidae Charaxes guderiana guderiana nan female
5776,Nymphalidae,Charaxes,Charaxes baumanni,Charaxes baumanni,,Charaxes baumanni ♂,Nymphalidae Charaxes baumanni nan nan ♂
5777,Nymphalidae,Charaxes,Charaxes Paradoxa,Charaxes Paradoxa,,,Nymphalidae Charaxes Paradoxa nan nan nan
6012,,Nyctalemon,Nyctalemon menoeticus,Nyctalemon menoeticus,,,nan Nyctalemon menoeticus nan nan nan
6062,Nymphalidae,Charaxes,Charaxes xiphares,Charaxes xiphares woodi,,Charaxes xiphares woodi ♀,Nymphalidae Charaxes xiphares woodi nan ♀
6063,Nymphalidae,Charaxes,Charaxes acuminatus,Charaxes acuminatus usambarensis,,Charaxes acuminatus usambarensis female,Nymphalidae Charaxes acuminatus usambarensis nan female
6064,Nymphalidae,Charaxes,Charaxes xiphares,Charaxes xiphares ludovici,,Charaxes xiphares ludovici ♂,Nymphalidae Charaxes xiphares ludovici nan ♂
6065,Nymphalidae,Charaxes,Charaxes acuminatus,Charaxes acuminatus kigezia,,Charaxes acuminatus kigezia male,Nymphalidae Charaxes acuminatus kigezia nan male
6067,Nymphalidae,Charaxes,Charaxes xiphanes,Charaxes xiphanes woodi,,Charaxes xiphanes woodi ♂,Nymphalidae Charaxes xiphanes woodi nan ♂
6069,Nymphalidae,Charaxes,Charaxes antamboulou,Charaxes antamboulou,,Charaxes antamboulou ♂,Nymphalidae Charaxes antamboulou nan nan ♂
6073,Nymphalidae,Charaxes,Charaxes chintechi,Charaxes chintechi,,,Nymphalidae Charaxes chintechi nan nan nan
6075,Nymphalidae,Charaxes,Charaxes xipharis,Charaxes xipharis woodi,,Charaxes xipharis woodi female,Nymphalidae Charaxes xipharis woodi nan female
6076,Nymphalidae,Charaxes,Charaxes violetta,Charaxes violetta,,,Nymphalidae Charaxes violetta nan nan nan
6078,Nymphalidae,Charaxes,Charaxes margaretae,Charaxes margaretae,,,Nymphalidae Charaxes margaretae nan nan nan
6081,Nymphalidae,Charaxes,Charaxes anticlea,Charaxes anticlea,,,Nymphalidae Charaxes anticlea nan nan nan
6082,Nymphalidae,Charaxes,Charaxes ethalion,Charaxes ethalion,,,Nymphalidae Charaxes ethalion nan nan nan
6083,Nymphalidae,Charaxes,Charaxes xiphares,Charaxes xiphares,,,Nymphalidae Charaxes xiphares nan nan nan
6086,Nymphalidae,Charaxes,Charaxes xiphanes,Charaxes xiphanes,,,Nymphalidae Charaxes xiphanes nan nan nan
6088,Nymphalidae,Charaxes,Charaxes martini,Charaxes martini,,,Nymphalidae Charaxes martini nan nan nan
6090,Nymphalidae,Charaxes,Charaxes cithaeron,Charaxes cithaeron,,,Nymphalidae Charaxes cithaeron nan nan nan
6177,Nymphalidae,Charaxes,Charaxes guderiana,Charaxes guderiana,,,Nymphalidae Charaxes guderiana nan nan nan
7572,Pieridae,Catopsilia,Catopsilia pyranthe,Catopsilia pyranthe,,,Pieridae Catopsilia pyranthe nan nan nan
10452,Papilionidae,Graphium,Graphium cloanthus,Graphium cloanthus,,,Papilionidae Graphium cloanthus nan nan nan
10471,Papilionidae,Graphium,Graphium cloanthus,Graphium cloanthus,,Graphium cloanthus,Papilionidae Graphium cloanthus nan nan ♀ ?
10478,Papilionidae,Graphium,Graphium cloanthus,Graphium cloanthus,,Graphium cloanthus ♀,Papilionidae Graphium cloanthus nan nan ♀
10531,Riodinidae,Dodona,Dodona,Dodona,,,Riodinidae Dodona nan nan nan nan
10600,,Papilio,Papilio tydeus,Papilio tydeus,,,nan Papilio tydeus nan nan nan
10755,,Cirrochroa,Cirrochroa regina,Cirrochroa regina,,,nan Cirrochroa regina nan nan nan
10756,,Euthalia,Euthalia,Euthalia,,,nan Euthalia nan nan nan nan
10757,,Yoma,Yoma sabina,Yoma sabina,,,nan Yoma sabina nan nan nan
10770,,Doleschallia,Doleschallia,Doleschallia,,,nan Doleschallia nan nan nan nan
11428,,♂,♂,♂,,,nan ♂ nan nan nan nan
11545,,,,,,ERROR,nan nan nan nan nan ♂ & ♀
12961,Nymphalidae,Polyura,Polyura dolon,Polyura dolon,,,Nymphalidae Polyura dolon nan nan nan
13629,Papilionidae,Papilio,Papilio demoleus,Papilio demoleus,,,Papilionidae Papilio demoleus nan nan nan
13699,,,,,,ERROR,nan nan nan nan nan ♀️
14513,Papilionidae,Papilio,Papilio chaon,Papilio chaon,,,Papilionidae Papilio chaon nan nan nan
14582,Pieridae,Pieris,Pieris canidia,Pieris canidia,,Pieris canidia ♂ and ♀,Pieridae Pieris canidia nan nan ♂ and ♀
15143,Pieridae,Pieris,Pieris brassicae,Pieris brassicae,,Pieris brassicae ♀,Pieridae Pieris brassicae nan nan ♀
15264,Pieridae,Colias,Colias fieldii,Colias fieldii,,Colias fieldii male,Pieridae Colias fieldii nan nan male
15745,Nymphalidae,Discophora,Discophora sondaica,Discophora sondaica,,,Nymphalidae Discophora sondaica nan nan nan
16021,Nymphalidae,Argyreus,Argyreus hyperbius,Argyreus hyperbius,,Argyreus hyperbius male,Nymphalidae Argyreus hyperbius nan nan male
16137,Lycaenidae,Chliaria,Chliaria kina,Chliaria kina kina,,,Lycaenidae Chliaria kina kina nan nan
18359,,,,,,ERROR,nan nan nan nan nan ♂ [label 2]
18363,,,,,,ERROR,nan nan nan nan nan ♀ [label 2]
18808,,,,,,ERROR,nan nan nan nan nan ♂ 1A
18810,,,,,,ERROR,nan nan nan nan nan ♂ 3
18811,,,,,,ERROR,nan nan nan nan nan ♀ 1A.
18812,,,,,,ERROR,nan nan nan nan nan ♂ 1A.
18814,,,,,,ERROR,nan nan nan nan nan ♀ 2 ♀ 1A.
24548,Lycaenidae,Tomares,Tomares ballus,Tomares ballus,,Tomares ballus female,Lycaenidae Tomares ballus nan nan female
24549,Lycaenidae,Tomares,Tomares ballus,Tomares ballus,,Tomares ballus male,Lycaenidae Tomares ballus nan nan male
24610,Papilionidae,Zerynthia,Zerynthia rumina,Zerynthia rumina australis,,Zerynthia rumina australis male,Papilionidae Zerynthia rumina australis nan male
24612,Papilionidae,Zerynthia,Zerynthia rumina,Zerynthia rumina australis,,Zerynthia rumina australis female,Papilionidae Zerynthia rumina australis nan female
24626,Pieridae,Anthocharis,Anthocharis euphenoides,Anthocharis euphenoides,,Anthocharis euphenoides male,Pieridae Anthocharis euphenoides nan nan male
24640,Nymphalidae,Boloria,Boloria selene,Boloria selene,,Boloria selene male,Nymphalidae Boloria selene nan nan male
24919,Lycaenidae,Lycaena,Lycaena alciphron,Lycaena alciphron gordius,,,Lycaenidae Lycaena alciphron gordius nan nan
24957,Nymphalidae,Libythea,Libythea celtis,Libythea celtis,,Libythea celtis male,Nymphalidae Libythea celtis nan nan male
29514,Nymphalidae,Mynes,Mynes geoffroyi,Mynes geoffroyi,,,Nymphalidae Mynes geoffroyi nan nan nan
29623,Pieridae,Delias,Delias sanaca,Delias sanaca,,,Pieridae Delias sanaca nan nan nan
29655,Nymphalidae,Cyrestis,Cyrestis camillus,Cyrestis camillus elegans,,,Nymphalidae Cyrestis camillus elegans nan nan
29665,Papilionidae,Papilio,Papilio hipponous,Papilio hipponous,,,Papilionidae Papilio hipponous nan nan nan
29676,Papilionidae,Papilio,Papilio astyalus,Papilio astyalus phanias,,,Papilionidae Papilio astyalus phanias nan nan
29701,Noctuidae,Feliniopsis,Feliniopsis distans,Feliniopsis distans,,,Noctuidae Feliniopsis distans nan nan nan
29737,Noctuidae,Axylia,Axylia putris,Axylia putris,,,Noctuidae Axylia putris nan nan nan
29757,Erebidae,Spilarctia,Spilarctia rhodochroa,Spilarctia rhodochroa,,,Erebidae Spilarctia rhodochroa nan nan nan
29778,Erebidae,Ghoria,Ghoria albocinerea,Ghoria albocinerea,,,Erebidae Ghoria albocinerea nan nan nan
29867,Erebidae,Ericeia,Ericeia inangulata,Ericeia inangulata,,,Erebidae Ericeia inangulata nan nan nan
34679,Sphingidae,Ambulyx,Ambulyx obliterata,Ambulyx obliterata,,,Sphingidae Ambulyx obliterata nan nan nan
37538,Papilionidae,Parides,Parides sesostris,Parides sesostris trinitensis,,Parides sesostris trinitensis male,Papilionidae Parides sesostris trinitensis nan male
37541,Papilionidae,Parides,Parides sesostris,Parides sesostris trinitensis,,Parides sesostris trinitensis female,Papilionidae Parides sesostris trinitensis nan female
