url,status_code
"https://medialib.naturalis.nl/file/id/RMNH.INS.1472058_2/format/large",404
"https://medialib.naturalis.nl/file/id/RMNH.INS.1472059_2/format/large",404
"https://medialib.naturalis.nl/file/id/RMNH.INS.1472060_2/format/large",404
"https://medialib.naturalis.nl/file/id/RMNH.INS.1472061_2/format/large",404
"https://medialib.naturalis.nl/file/id/RMNH.INS.1472062_2/format/large",404
"https://medialib.naturalis.nl/file/id/RMNH.INS.1472063_2/format/large",404
"https://medialib.naturalis.nl/file/id/RMNH.INS.1472064_2/format/large",404
"https://medialib.naturalis.nl/file/id/RMNH.INS.1472065_2/format/large",404
"https://medialib.naturalis.nl/file/id/RMNH.INS.1472066_2/format/large",404
"https://medialib.naturalis.nl/file/id/RMNH.INS.1472067_2/format/large",404
"https://medialib.naturalis.nl/file/id/RMNH.INS.1472068_2/format/large",404
"https://medialib.naturalis.nl/file/id/RMNH.INS.1472069_2/format/large",429
"https://medialib.naturalis.nl/file/id/RMNH.INS.1472070_2/format/large",404
"https://medialib.naturalis.nl/file/id/RMNH.INS.1472071_2/format/large",404
"https://medialib.naturalis.nl/file/id/RMNH.INS.1472072_2/format/large",404
"https://medialib.naturalis.nl/file/id/RMNH.INS.1472073_2/format/large",404
"https://medialib.naturalis.nl/file/id/RMNH.INS.1472074_2/format/large",404
"https://medialib.naturalis.nl/file/id/RMNH.INS.1472075_2/format/large",404
"https://medialib.naturalis.nl/file/id/RMNH.INS.1472076_2/format/large",404
"https://medialib.naturalis.nl/file/id/RMNH.INS.1472077_2/format/large",404
"https://medialib.naturalis.nl/file/id/RMNH.INS.1472078_2/format/large",404
"https://medialib.naturalis.nl/file/id/RMNH.INS.1472079_2/format/large",404
"https://medialib.naturalis.nl/file/id/RMNH.INS.1472080_2/format/large",404
"https://medialib.naturalis.nl/file/id/RMNH.INS.1472081_2/format/large",404
"https://medialib.naturalis.nl/file/id/RMNH.INS.1472082_2/format/large",404
"https://medialib.naturalis.nl/file/id/RMNH.INS.1472083_2/format/large",404
"https://medialib.naturalis.nl/file/id/RMNH.INS.1472084_2/format/large",404
"https://medialib.naturalis.nl/file/id/RMNH.INS.1472085_2/format/large",404
"https://medialib.naturalis.nl/file/id/RMNH.INS.1472086_2/format/large",404
"https://medialib.naturalis.nl/file/id/RMNH.INS.1472087_2/format/large",429
"https://medialib.naturalis.nl/file/id/RMNH.INS.1472088_2/format/large",404
"https://medialib.naturalis.nl/file/id/RMNH.INS.1472089_2/format/large",404
"https://medialib.naturalis.nl/file/id/RMNH.INS.1472090_2/format/large",404
"https://medialib.naturalis.nl/file/id/RMNH.INS.1472091_2/format/large",404
"https://medialib.naturalis.nl/file/id/RMNH.INS.1472092_2/format/large",404
"https://medialib.naturalis.nl/file/id/RMNH.INS.1472093_2/format/large",404
"https://medialib.naturalis.nl/file/id/RMNH.INS.1472094_2/format/large",404
"https://medialib.naturalis.nl/file/id/RMNH.INS.1472095_2/format/large",404
"https://medialib.naturalis.nl/file/id/RMNH.INS.1472908_2/format/large",404
"https://medialib.naturalis.nl/file/id/RMNH.INS.1472687_2/format/large",404
"https://medialib.naturalis.nl/file/id/RMNH.INS.1470932_2/format/large",404
"https://medialib.naturalis.nl/file/id/RMNH.INS.1670581_2/format/large",404
"https://medialib.naturalis.nl/file/id/RMNH.INS.1661838_2/format/large",404
"https://medialib.naturalis.nl/file/id/RMNH.INS.1661839_2/format/large",404
"https://medialib.naturalis.nl/file/id/RMNH.INS.1661840_2/format/large",404
"https://medialib.naturalis.nl/file/id/RMNH.INS.1661841_2/format/large",404
"https://medialib.naturalis.nl/file/id/RMNH.INS.1661842_2/format/large",404
"https://medialib.naturalis.nl/file/id/RMNH.INS.1661843_2/format/large",404
"https://medialib.naturalis.nl/file/id/RMNH.INS.1661844_2/format/large",404
"https://medialib.naturalis.nl/file/id/RMNH.INS.1661845_2/format/large",404
"https://medialib.naturalis.nl/file/id/RMNH.INS.1661846_2/format/large",404
"https://medialib.naturalis.nl/file/id/RMNH.INS.1661847_2/format/large",404
"https://medialib.naturalis.nl/file/id/RMNH.INS.1661848_2/format/large",404
"https://medialib.naturalis.nl/file/id/RMNH.INS.1661849_2/format/large",404
"https://medialib.naturalis.nl/file/id/RMNH.INS.1472096_2/format/large",404
"https://medialib.naturalis.nl/file/id/RMNH.INS.1472097_2/format/large",404
"https://medialib.naturalis.nl/file/id/RMNH.INS.1472098_2/format/large",404
"https://medialib.naturalis.nl/file/id/RMNH.INS.1472099_2/format/large",404
"https://medialib.naturalis.nl/file/id/RMNH.INS.1472100_2/format/large",404
"https://medialib.naturalis.nl/file/id/RMNH.INS.1472101_2/format/large",404
"https://medialib.naturalis.nl/file/id/RMNH.INS.1472102_2/format/large",404
"https://medialib.naturalis.nl/file/id/RMNH.INS.1472103_2/format/large",404
"https://medialib.naturalis.nl/file/id/RMNH.INS.1472104_2/format/large",404
"https://medialib.naturalis.nl/file/id/RMNH.INS.1472332_2/format/large",404
"https://medialib.naturalis.nl/file/id/RMNH.INS.1472347_2/format/large",404
"https://medialib.naturalis.nl/file/id/RMNH.INS.1472949_2/format/large",404
"https://medialib.naturalis.nl/file/id/RMNH.INS.1472954_2/format/large",404
"https://medialib.naturalis.nl/file/id/RMNH.INS.1661850_2/format/large",404
"https://medialib.naturalis.nl/file/id/RMNH.INS.1661851_2/format/large",404
"https://medialib.naturalis.nl/file/id/RMNH.INS.1661852_2/format/large",404
"https://medialib.naturalis.nl/file/id/RMNH.INS.1474346_2/format/large",404
"https://medialib.naturalis.nl/file/id/RMNH.INS.1672519_2/format/large",404
"https://medialib.naturalis.nl/file/id/RMNH.INS.1672536_2/format/large",404
"https://medialib.naturalis.nl/file/id/RMNH.INS.1672538_2/format/large",404
"https://medialib.naturalis.nl/file/id/RMNH.INS.1670857_2/format/large",404
"https://medialib.naturalis.nl/file/id/RMNH.INS.1672520_2/format/large",404
"https://medialib.naturalis.nl/file/id/RMNH.INS.1672521_2/format/large",404
"https://medialib.naturalis.nl/file/id/ZMA.INS.1251734_2/format/large",404
"https://medialib.naturalis.nl/file/id/ZMA.INS.1251735_2/format/large",404
"https://medialib.naturalis.nl/file/id/ZMA.INS.1251736_2/format/large",404
"https://medialib.naturalis.nl/file/id/ZMA.INS.1251737_2/format/large",404
"https://medialib.naturalis.nl/file/id/ZMA.INS.1251738_2/format/large",404
"https://medialib.naturalis.nl/file/id/ZMA.INS.1251739_2/format/large",404
"https://medialib.naturalis.nl/file/id/ZMA.INS.1251740_2/format/large",404
"https://medialib.naturalis.nl/file/id/RMNH.INS.320133_2/format/large",404
"https://medialib.naturalis.nl/file/id/RMNH.INS.320134_2/format/large",404
"https://medialib.naturalis.nl/file/id/RMNH.INS.320135_2/format/large",404
"https://medialib.naturalis.nl/file/id/RMNH.INS.320136_2/format/large",404
"https://medialib.naturalis.nl/file/id/RMNH.INS.320137_2/format/large",404
"https://medialib.naturalis.nl/file/id/RMNH.INS.320138_2/format/large",404
"https://medialib.naturalis.nl/file/id/RMNH.INS.320140_2/format/large",404
"https://medialib.naturalis.nl/file/id/RMNH.INS.320141_2/format/large",404
"https://medialib.naturalis.nl/file/id/RMNH.INS.320142_2/format/large",404
"https://medialib.naturalis.nl/file/id/RMNH.INS.320143_2/format/large",404
"https://medialib.naturalis.nl/file/id/RMNH.INS.320144_2/format/large",404
"https://medialib.naturalis.nl/file/id/RMNH.INS.320145_2/format/large",404
"https://medialib.naturalis.nl/file/id/RMNH.INS.320146_2/format/large",404
"https://medialib.naturalis.nl/file/id/RMNH.INS.320147_2/format/large",404
"https://medialib.naturalis.nl/file/id/RMNH.INS.320148_2/format/large",404
"https://medialib.naturalis.nl/file/id/RMNH.INS.320149_2/format/large",404
"https://medialib.naturalis.nl/file/id/RMNH.INS.320150_2/format/large",404
"https://medialib.naturalis.nl/file/id/RMNH.INS.320151_2/format/large",404
"https://medialib.naturalis.nl/file/id/RMNH.INS.320152_2/format/large",404
"https://medialib.naturalis.nl/file/id/RMNH.INS.320153_2/format/large",404
"https://medialib.naturalis.nl/file/id/RMNH.INS.320154_2/format/large",404
"https://medialib.naturalis.nl/file/id/RMNH.INS.320155_2/format/large",404
"https://medialib.naturalis.nl/file/id/RMNH.INS.320156_2/format/large",404
"https://medialib.naturalis.nl/file/id/RMNH.INS.320157_2/format/large",404
"https://medialib.naturalis.nl/file/id/RMNH.INS.320158_2/format/large",404
"https://medialib.naturalis.nl/file/id/RMNH.INS.320159_2/format/large",404
"https://medialib.naturalis.nl/file/id/RMNH.INS.320160_2/format/large",404
"https://medialib.naturalis.nl/file/id/ZMA.INS.5111129_2/format/large",429
"https://medialib.naturalis.nl/file/id/ZMA.INS.5113801_2/format/large",404
"https://medialib.naturalis.nl/file/id/ZMA.INS.5113804_2/format/large",404
"https://medialib.naturalis.nl/file/id/ZMA.INS.5146310_2/format/large",404
"https://medialib.naturalis.nl/file/id/ZMA.INS.5146311_2/format/large",404
"https://medialib.naturalis.nl/file/id/ZMA.INS.5146312_2/format/large",404
"https://medialib.naturalis.nl/file/id/ZMA.INS.5146313_2/format/large",404
"https://medialib.naturalis.nl/file/id/ZMA.INS.5146749_2/format/large",404
"https://medialib.naturalis.nl/file/id/ZMA.INS.5146750_2/format/large",404
"https://medialib.naturalis.nl/file/id/ZMA.INS.5146751_2/format/large",404
"https://medialib.naturalis.nl/file/id/ZMA.INS.5146752_2/format/large",404
"https://medialib.naturalis.nl/file/id/ZMA.INS.5146753_2/format/large",404
"https://medialib.naturalis.nl/file/id/ZMA.INS.5148308_2/format/large",404
"https://medialib.naturalis.nl/file/id/ZMA.INS.5148309_2/format/large",404
"https://medialib.naturalis.nl/file/id/ZMA.INS.5148310_2/format/large",404
"https://medialib.naturalis.nl/file/id/ZMA.INS.5148311_2/format/large",404
"https://medialib.naturalis.nl/file/id/ZMA.INS.5148312_2/format/large",404
"https://medialib.naturalis.nl/file/id/ZMA.INS.5148313_2/format/large",404
"https://medialib.naturalis.nl/file/id/ZMA.INS.5148314_2/format/large",404
"https://medialib.naturalis.nl/file/id/ZMA.INS.5148315_2/format/large",404
"https://medialib.naturalis.nl/file/id/ZMA.INS.5148316_2/format/large",404
"https://medialib.naturalis.nl/file/id/ZMA.INS.5148317_2/format/large",404
"https://medialib.naturalis.nl/file/id/ZMA.INS.5148318_2/format/large",404
"https://medialib.naturalis.nl/file/id/ZMA.INS.5148319_2/format/large",404
"https://medialib.naturalis.nl/file/id/ZMA.INS.5148320_2/format/large",404
"https://medialib.naturalis.nl/file/id/ZMA.INS.5148321_2/format/large",404
"https://medialib.naturalis.nl/file/id/ZMA.INS.5148322_2/format/large",404
"https://medialib.naturalis.nl/file/id/ZMA.INS.5148323_2/format/large",404
"https://medialib.naturalis.nl/file/id/ZMA.INS.5148324_2/format/large",404
"https://medialib.naturalis.nl/file/id/ZMA.INS.5148325_2/format/large",404
"https://medialib.naturalis.nl/file/id/ZMA.INS.5148326_2/format/large",404
"https://medialib.naturalis.nl/file/id/ZMA.INS.5148327_2/format/large",404
"https://medialib.naturalis.nl/file/id/ZMA.INS.5148328_2/format/large",404
"https://medialib.naturalis.nl/file/id/ZMA.INS.5148329_2/format/large",404
"https://medialib.naturalis.nl/file/id/ZMA.INS.5148330_2/format/large",404
"https://medialib.naturalis.nl/file/id/ZMA.INS.5148331_2/format/large",404
"https://medialib.naturalis.nl/file/id/ZMA.INS.5148332_2/format/large",404
"https://medialib.naturalis.nl/file/id/ZMA.INS.5149464_2/format/large",404
"https://medialib.naturalis.nl/file/id/ZMA.INS.5149465_2/format/large",404
"https://medialib.naturalis.nl/file/id/ZMA.INS.5149466_2/format/large",404
"https://medialib.naturalis.nl/file/id/ZMA.INS.5149469_2/format/large",404
"https://medialib.naturalis.nl/file/id/ZMA.INS.5149470_2/format/large",404
"https://medialib.naturalis.nl/file/id/ZMA.INS.5149471_2/format/large",404
"https://medialib.naturalis.nl/file/id/ZMA.INS.5149472_2/format/large",404
"https://medialib.naturalis.nl/file/id/ZMA.INS.5149473_2/format/large",404
"https://medialib.naturalis.nl/file/id/ZMA.INS.5149475_2/format/large",404
"https://medialib.naturalis.nl/file/id/ZMA.INS.5149476_2/format/large",404
"https://medialib.naturalis.nl/file/id/ZMA.INS.5149477_2/format/large",404
"https://medialib.naturalis.nl/file/id/ZMA.INS.5149478_2/format/large",404
"https://medialib.naturalis.nl/file/id/ZMA.INS.5149479_2/format/large",404
"https://medialib.naturalis.nl/file/id/ZMA.INS.5149480_2/format/large",404
"https://medialib.naturalis.nl/file/id/ZMA.INS.5149482_2/format/large",404
"https://medialib.naturalis.nl/file/id/ZMA.INS.5149483_2/format/large",404
"https://medialib.naturalis.nl/file/id/ZMA.INS.5147047_2/format/large",404
"https://medialib.naturalis.nl/file/id/ZMA.INS.5149481_2/format/large",404
"https://medialib.naturalis.nl/file/id/ZMA.INS.5148307_2/format/large",404
"https://medialib.naturalis.nl/file/id/ZMA.INS.5149102_2/format/large",404
"https://medialib.naturalis.nl/file/id/ZMA.INS.5150932_2/format/large",404
"https://medialib.naturalis.nl/file/id/ZMA.INS.5150933_2/format/large",404
"https://medialib.naturalis.nl/file/id/ZMA.INS.5150934_2/format/large",404
"https://medialib.naturalis.nl/file/id/ZMA.INS.5150935_2/format/large",404
"https://medialib.naturalis.nl/file/id/ZMA.INS.5150936_2/format/large",404
"https://medialib.naturalis.nl/file/id/ZMA.INS.5150937_2/format/large",404
"https://medialib.naturalis.nl/file/id/ZMA.INS.5150938_2/format/large",404
"https://medialib.naturalis.nl/file/id/ZMA.INS.5150939_2/format/large",404
"https://medialib.naturalis.nl/file/id/ZMA.INS.5150940_2/format/large",404
"https://medialib.naturalis.nl/file/id/ZMA.INS.5150941_2/format/large",404
"https://medialib.naturalis.nl/file/id/ZMA.INS.5150942_2/format/large",404
"https://medialib.naturalis.nl/file/id/ZMA.INS.5150943_2/format/large",404
"https://medialib.naturalis.nl/file/id/ZMA.INS.5150944_2/format/large",404
"https://medialib.naturalis.nl/file/id/ZMA.INS.5150945_2/format/large",404
"https://medialib.naturalis.nl/file/id/ZMA.INS.5150946_2/format/large",404
"https://medialib.naturalis.nl/file/id/ZMA.INS.5150947_2/format/large",404
"https://medialib.naturalis.nl/file/id/ZMA.INS.5150948_2/format/large",404
"https://medialib.naturalis.nl/file/id/ZMA.INS.5150949_2/format/large",404
"https://medialib.naturalis.nl/file/id/ZMA.INS.5150950_2/format/large",404
"https://medialib.naturalis.nl/file/id/ZMA.INS.5150951_2/format/large",404
"https://medialib.naturalis.nl/file/id/ZMA.INS.5150952_2/format/large",404
"https://medialib.naturalis.nl/file/id/ZMA.INS.5150953_2/format/large",404
"https://medialib.naturalis.nl/file/id/ZMA.INS.5150954_2/format/large",404
"https://medialib.naturalis.nl/file/id/ZMA.INS.5150955_2/format/large",404
"https://medialib.naturalis.nl/file/id/ZMA.INS.5149474_2/format/large",404
"https://medialib.naturalis.nl/file/id/ZMA.INS.5148387_2/format/large",404
"https://medialib.naturalis.nl/file/id/ZMA.INS.5148652_2/format/large",404
"https://medialib.naturalis.nl/file/id/ZMA.INS.5148663_2/format/large",404
"https://medialib.naturalis.nl/file/id/ZMA.INS.5150003_2/format/large",404
"https://medialib.naturalis.nl/file/id/ZMA.INS.5148622_2/format/large",404
"https://medialib.naturalis.nl/file/id/ZMA.INS.5150004_2/format/large",404
"https://medialib.naturalis.nl/file/id/ZMA.INS.5148658_2/format/large",404
"https://medialib.naturalis.nl/file/id/ZMA.INS.5148659_2/format/large",404
"https://medialib.naturalis.nl/file/id/ZMA.INS.5148660_2/format/large",404
"https://medialib.naturalis.nl/file/id/ZMA.INS.5148661_2/format/large",404
"https://medialib.naturalis.nl/file/id/ZMA.INS.5152735_2/format/large",404
"https://medialib.naturalis.nl/file/id/ZMA.INS.5152571_2/format/large",404
"https://medialib.naturalis.nl/file/id/ZMA.INS.5152572_2/format/large",404
"https://medialib.naturalis.nl/file/id/ZMA.INS.5152573_2/format/large",404
"https://medialib.naturalis.nl/file/id/ZMA.INS.5152574_2/format/large",404
"https://medialib.naturalis.nl/file/id/ZMA.INS.5152575_2/format/large",404
"https://medialib.naturalis.nl/file/id/ZMA.INS.5152576_2/format/large",404
"https://medialib.naturalis.nl/file/id/ZMA.INS.5152577_2/format/large",404
"https://medialib.naturalis.nl/file/id/ZMA.INS.5152578_2/format/large",404
"https://medialib.naturalis.nl/file/id/ZMA.INS.5152579_2/format/large",404
"https://medialib.naturalis.nl/file/id/ZMA.INS.5152580_2/format/large",404
"https://medialib.naturalis.nl/file/id/ZMA.INS.5152581_2/format/large",404
"https://medialib.naturalis.nl/file/id/ZMA.INS.5152582_2/format/large",404
"https://medialib.naturalis.nl/file/id/ZMA.INS.5152583_2/format/large",404
"https://medialib.naturalis.nl/file/id/ZMA.INS.5152584_2/format/large",404
"https://medialib.naturalis.nl/file/id/ZMA.INS.5152585_2/format/large",404
"https://medialib.naturalis.nl/file/id/ZMA.INS.5152586_2/format/large",429
"https://medialib.naturalis.nl/file/id/ZMA.INS.5152587_2/format/large",404
"https://medialib.naturalis.nl/file/id/ZMA.INS.5152588_2/format/large",404
"https://medialib.naturalis.nl/file/id/ZMA.INS.5152589_2/format/large",404
"https://medialib.naturalis.nl/file/id/ZMA.INS.5152590_2/format/large",404
"https://medialib.naturalis.nl/file/id/ZMA.INS.5152591_2/format/large",404
"https://medialib.naturalis.nl/file/id/ZMA.INS.5152592_2/format/large",404
"https://medialib.naturalis.nl/file/id/ZMA.INS.5152593_2/format/large",404
"https://medialib.naturalis.nl/file/id/ZMA.INS.5152594_2/format/large",404
"https://medialib.naturalis.nl/file/id/ZMA.INS.5152595_2/format/large",404
"https://medialib.naturalis.nl/file/id/ZMA.INS.5152596_2/format/large",404
"https://medialib.naturalis.nl/file/id/ZMA.INS.5152597_2/format/large",404
"https://medialib.naturalis.nl/file/id/ZMA.INS.5152598_2/format/large",404
"https://medialib.naturalis.nl/file/id/ZMA.INS.5152599_2/format/large",404
"https://medialib.naturalis.nl/file/id/ZMA.INS.5152600_2/format/large",404
"https://medialib.naturalis.nl/file/id/ZMA.INS.5152601_2/format/large",404
"https://medialib.naturalis.nl/file/id/ZMA.INS.5152602_2/format/large",404
"https://medialib.naturalis.nl/file/id/ZMA.INS.5152603_2/format/large",404
"https://medialib.naturalis.nl/file/id/ZMA.INS.5152604_2/format/large",404
"https://medialib.naturalis.nl/file/id/ZMA.INS.5151154_2/format/large",404
"https://medialib.naturalis.nl/file/id/ZMA.INS.5151155_2/format/large",404
"https://medialib.naturalis.nl/file/id/ZMA.INS.5151156_2/format/large",404
"https://medialib.naturalis.nl/file/id/ZMA.INS.5153210_2/format/large",404
"https://medialib.naturalis.nl/file/id/ZMA.INS.5153211_2/format/large",404
"https://medialib.naturalis.nl/file/id/ZMA.INS.5153212_2/format/large",404
"https://medialib.naturalis.nl/file/id/ZMA.INS.5153213_2/format/large",404
"https://medialib.naturalis.nl/file/id/ZMA.INS.5153214_2/format/large",404
"https://medialib.naturalis.nl/file/id/ZMA.INS.5153215_2/format/large",404
"https://medialib.naturalis.nl/file/id/ZMA.INS.5153216_2/format/large",404
"https://medialib.naturalis.nl/file/id/ZMA.INS.5153217_2/format/large",404
"https://medialib.naturalis.nl/file/id/ZMA.INS.5153218_2/format/large",404
"https://medialib.naturalis.nl/file/id/ZMA.INS.5153219_2/format/large",404
"https://medialib.naturalis.nl/file/id/ZMA.INS.5153220_2/format/large",404
"https://medialib.naturalis.nl/file/id/ZMA.INS.5153221_2/format/large",404
"https://medialib.naturalis.nl/file/id/ZMA.INS.5153222_2/format/large",404
"https://medialib.naturalis.nl/file/id/ZMA.INS.5153223_2/format/large",404
"https://medialib.naturalis.nl/file/id/ZMA.INS.5153224_2/format/large",404
"https://medialib.naturalis.nl/file/id/ZMA.INS.5153225_2/format/large",404
"https://medialib.naturalis.nl/file/id/ZMA.INS.5153226_2/format/large",404
"https://medialib.naturalis.nl/file/id/ZMA.INS.5153227_2/format/large",404
"https://medialib.naturalis.nl/file/id/ZMA.INS.5153228_2/format/large",404
"https://medialib.naturalis.nl/file/id/ZMA.INS.5153229_2/format/large",404
"https://medialib.naturalis.nl/file/id/ZMA.INS.5152605_2/format/large",404
"https://medialib.naturalis.nl/file/id/ZMA.INS.5152606_2/format/large",404
"https://medialib.naturalis.nl/file/id/ZMA.INS.5152607_2/format/large",404
"https://medialib.naturalis.nl/file/id/ZMA.INS.5152608_2/format/large",404
"https://medialib.naturalis.nl/file/id/ZMA.INS.5152609_2/format/large",404
"https://medialib.naturalis.nl/file/id/ZMA.INS.5152610_2/format/large",404
"https://medialib.naturalis.nl/file/id/ZMA.INS.5152611_2/format/large",404
"https://medialib.naturalis.nl/file/id/ZMA.INS.5152612_2/format/large",404
"https://medialib.naturalis.nl/file/id/ZMA.INS.5148653_2/format/large",404
"https://medialib.naturalis.nl/file/id/ZMA.INS.5148654_2/format/large",404
"https://medialib.naturalis.nl/file/id/ZMA.INS.5148655_2/format/large",404
"https://medialib.naturalis.nl/file/id/ZMA.INS.5152613_2/format/large",404
"https://medialib.naturalis.nl/file/id/ZMA.INS.5152614_2/format/large",404
"https://medialib.naturalis.nl/file/id/ZMA.INS.5152615_2/format/large",404
"https://medialib.naturalis.nl/file/id/ZMA.INS.5152616_2/format/large",404
"https://medialib.naturalis.nl/file/id/ZMA.INS.5152617_2/format/large",404
"https://medialib.naturalis.nl/file/id/ZMA.INS.5152618_2/format/large",404
"https://medialib.naturalis.nl/file/id/ZMA.INS.5152619_2/format/large",404
"https://medialib.naturalis.nl/file/id/ZMA.INS.5152620_2/format/large",404
"https://medialib.naturalis.nl/file/id/ZMA.INS.5152621_2/format/large",404
"https://medialib.naturalis.nl/file/id/ZMA.INS.5152622_2/format/large",404
"https://medialib.naturalis.nl/file/id/ZMA.INS.5152623_2/format/large",404
"https://medialib.naturalis.nl/file/id/ZMA.INS.5152624_2/format/large",404
"https://medialib.naturalis.nl/file/id/ZMA.INS.5152625_2/format/large",404
"https://medialib.naturalis.nl/file/id/ZMA.INS.5152626_2/format/large",404
"https://medialib.naturalis.nl/file/id/ZMA.INS.5152627_2/format/large",404
"https://medialib.naturalis.nl/file/id/ZMA.INS.5152628_2/format/large",404
"https://medialib.naturalis.nl/file/id/ZMA.INS.5157172_2/format/large",404
"https://medialib.naturalis.nl/file/id/ZMA.INS.5157173_2/format/large",404
"https://medialib.naturalis.nl/file/id/ZMA.INS.5157174_2/format/large",404
"https://medialib.naturalis.nl/file/id/ZMA.INS.5157175_2/format/large",404
"https://medialib.naturalis.nl/file/id/ZMA.INS.5157176_2/format/large",404
"https://medialib.naturalis.nl/file/id/ZMA.INS.5157177_2/format/large",404
"https://medialib.naturalis.nl/file/id/ZMA.INS.5157178_2/format/large",404
"https://medialib.naturalis.nl/file/id/ZMA.INS.5157179_2/format/large",404
"https://medialib.naturalis.nl/file/id/ZMA.INS.5157180_2/format/large",404
"https://medialib.naturalis.nl/file/id/ZMA.INS.5157181_2/format/large",404
"https://medialib.naturalis.nl/file/id/ZMA.INS.5157182_2/format/large",404
"https://medialib.naturalis.nl/file/id/ZMA.INS.5157183_2/format/large",404
"https://medialib.naturalis.nl/file/id/ZMA.INS.5157184_2/format/large",404
"https://medialib.naturalis.nl/file/id/ZMA.INS.5157185_2/format/large",404
"https://medialib.naturalis.nl/file/id/ZMA.INS.5157186_2/format/large",404
"https://medialib.naturalis.nl/file/id/ZMA.INS.5157187_2/format/large",404
"https://medialib.naturalis.nl/file/id/ZMA.INS.5157188_2/format/large",404
"https://medialib.naturalis.nl/file/id/ZMA.INS.5157189_2/format/large",404
"https://medialib.naturalis.nl/file/id/ZMA.INS.5157190_2/format/large",404
"https://medialib.naturalis.nl/file/id/ZMA.INS.5157191_2/format/large",404
"https://medialib.naturalis.nl/file/id/ZMA.INS.5157192_2/format/large",404
"https://medialib.naturalis.nl/file/id/ZMA.INS.5157193_2/format/large",404
"https://medialib.naturalis.nl/file/id/ZMA.INS.5157194_2/format/large",404
"https://medialib.naturalis.nl/file/id/ZMA.INS.5157195_2/format/large",404
"https://medialib.naturalis.nl/file/id/ZMA.INS.5157196_2/format/large",404
"https://medialib.naturalis.nl/file/id/ZMA.INS.5157197_2/format/large",404
"https://medialib.naturalis.nl/file/id/ZMA.INS.5157198_2/format/large",404
"https://medialib.naturalis.nl/file/id/ZMA.INS.5157199_2/format/large",404
"https://medialib.naturalis.nl/file/id/ZMA.INS.5157200_2/format/large",404
"https://medialib.naturalis.nl/file/id/ZMA.INS.5157201_2/format/large",404
"https://medialib.naturalis.nl/file/id/ZMA.INS.5157202_2/format/large",404
"https://medialib.naturalis.nl/file/id/ZMA.INS.5157203_2/format/large",404
"https://medialib.naturalis.nl/file/id/ZMA.INS.5157204_2/format/large",404
"https://medialib.naturalis.nl/file/id/ZMA.INS.5157205_2/format/large",404
"https://medialib.naturalis.nl/file/id/ZMA.INS.5157207_2/format/large",404
"https://medialib.naturalis.nl/file/id/ZMA.INS.5158206_2/format/large",404
"https://medialib.naturalis.nl/file/id/ZMA.INS.5158207_2/format/large",404
"https://medialib.naturalis.nl/file/id/ZMA.INS.5158208_2/format/large",404
"https://medialib.naturalis.nl/file/id/ZMA.INS.5158209_2/format/large",404
"https://medialib.naturalis.nl/file/id/ZMA.INS.5158210_2/format/large",404
"https://medialib.naturalis.nl/file/id/ZMA.INS.5158211_2/format/large",404
"https://medialib.naturalis.nl/file/id/ZMA.INS.5159121_2/format/large",404
"https://medialib.naturalis.nl/file/id/ZMA.INS.5160365_2/format/large",404
"https://medialib.naturalis.nl/file/id/ZMA.INS.5160366_2/format/large",404
"https://medialib.naturalis.nl/file/id/ZMA.INS.5160367_2/format/large",404
"https://medialib.naturalis.nl/file/id/ZMA.INS.5160368_2/format/large",404
"https://medialib.naturalis.nl/file/id/ZMA.INS.5160369_2/format/large",404
"https://medialib.naturalis.nl/file/id/ZMA.INS.5160370_2/format/large",404
"https://medialib.naturalis.nl/file/id/ZMA.INS.5160371_2/format/large",404
"https://medialib.naturalis.nl/file/id/ZMA.INS.5160372_2/format/large",404
"https://medialib.naturalis.nl/file/id/ZMA.INS.5160373_2/format/large",404
"https://medialib.naturalis.nl/file/id/ZMA.INS.5160374_2/format/large",404
"https://medialib.naturalis.nl/file/id/ZMA.INS.5160375_2/format/large",404
"https://medialib.naturalis.nl/file/id/ZMA.INS.5160376_2/format/large",404
"https://medialib.naturalis.nl/file/id/ZMA.INS.5160377_2/format/large",404
"https://medialib.naturalis.nl/file/id/ZMA.INS.5160378_2/format/large",404
"https://medialib.naturalis.nl/file/id/ZMA.INS.5160379_2/format/large",404
"https://medialib.naturalis.nl/file/id/ZMA.INS.5160380_2/format/large",404
"https://medialib.naturalis.nl/file/id/ZMA.INS.5160381_2/format/large",404
"https://medialib.naturalis.nl/file/id/ZMA.INS.5160382_2/format/large",404
"https://medialib.naturalis.nl/file/id/ZMA.INS.5160383_2/format/large",404
"https://medialib.naturalis.nl/file/id/ZMA.INS.5160384_2/format/large",404
"https://medialib.naturalis.nl/file/id/ZMA.INS.5163114_2/format/large",404
"https://medialib.naturalis.nl/file/id/ZMA.INS.5163118_2/format/large",404
"https://medialib.naturalis.nl/file/id/ZMA.INS.5157206_2/format/large",404
"https://medialib.naturalis.nl/file/id/ZMA.INS.5160385_2/format/large",404
"https://medialib.naturalis.nl/file/id/ZMA.INS.5160386_2/format/large",404
"https://medialib.naturalis.nl/file/id/ZMA.INS.5160387_2/format/large",404
"https://medialib.naturalis.nl/file/id/ZMA.INS.5160388_2/format/large",404
"https://medialib.naturalis.nl/file/id/ZMA.INS.5167643_2/format/large",404
"https://medialib.naturalis.nl/file/id/ZMA.INS.5169290_2/format/large",404
"https://medialib.naturalis.nl/file/id/ZMA.INS.5169291_2/format/large",404
"https://medialib.naturalis.nl/file/id/ZMA.INS.5168588_2/format/large",404
"https://medialib.naturalis.nl/file/id/ZMA.INS.5168592_2/format/large",404
"https://medialib.naturalis.nl/file/id/ZMA.INS.5168593_2/format/large",404
"https://medialib.naturalis.nl/file/id/ZMA.INS.5168602_2/format/large",404
"https://medialib.naturalis.nl/file/id/ZMA.INS.5168591_2/format/large",404
"https://medialib.naturalis.nl/file/id/ZMA.INS.5168603_2/format/large",404
"https://medialib.naturalis.nl/file/id/ZMA.INS.5168604_2/format/large",404
"https://medialib.naturalis.nl/file/id/ZMA.INS.5168605_2/format/large",404
"https://medialib.naturalis.nl/file/id/ZMA.INS.5168766_2/format/large",404
"https://medialib.naturalis.nl/file/id/ZMA.INS.5168774_2/format/large",404
"https://medialib.naturalis.nl/file/id/ZMA.INS.5168882_2/format/large",404
"https://medialib.naturalis.nl/file/id/ZMA.INS.5173149_2/format/large",404
"https://medialib.naturalis.nl/file/id/ZMA.INS.5173150_2/format/large",404
"https://medialib.naturalis.nl/file/id/ZMA.INS.5172106_2/format/large",404
"https://medialib.naturalis.nl/file/id/ZMA.INS.5178614_2/format/large",404
"https://medialib.naturalis.nl/file/id/ZMA.INS.5178396_2/format/large",404
"https://medialib.naturalis.nl/file/id/ZMA.INS.5181086_2/format/large",404
"https://medialib.naturalis.nl/file/id/ZMA.INS.5181087_2/format/large",404
"https://medialib.naturalis.nl/file/id/ZMA.INS.5181088_2/format/large",404
"https://medialib.naturalis.nl/file/id/ZMA.INS.5181089_2/format/large",404
"https://medialib.naturalis.nl/file/id/ZMA.INS.5181090_2/format/large",404
"https://medialib.naturalis.nl/file/id/ZMA.INS.5181091_2/format/large",404
"https://medialib.naturalis.nl/file/id/ZMA.INS.5181092_2/format/large",404
"https://medialib.naturalis.nl/file/id/ZMA.INS.5181093_2/format/large",404
"https://medialib.naturalis.nl/file/id/ZMA.INS.5181094_2/format/large",404
"https://medialib.naturalis.nl/file/id/ZMA.INS.5181095_2/format/large",404
"https://medialib.naturalis.nl/file/id/ZMA.INS.5181096_2/format/large",404
"https://medialib.naturalis.nl/file/id/ZMA.INS.5181097_2/format/large",404
"https://medialib.naturalis.nl/file/id/ZMA.INS.5181098_2/format/large",404
"https://medialib.naturalis.nl/file/id/ZMA.INS.5181099_2/format/large",404
"https://medialib.naturalis.nl/file/id/ZMA.INS.5178964_2/format/large",404
"https://medialib.naturalis.nl/file/id/ZMA.INS.5178965_2/format/large",404
"https://medialib.naturalis.nl/file/id/ZMA.INS.5181129_2/format/large",404
"https://medialib.naturalis.nl/file/id/ZMA.INS.5181130_2/format/large",404
"https://medialib.naturalis.nl/file/id/ZMA.INS.5181131_2/format/large",404
"https://medialib.naturalis.nl/file/id/ZMA.INS.5181132_2/format/large",404
"https://medialib.naturalis.nl/file/id/ZMA.INS.5181133_2/format/large",404
"https://medialib.naturalis.nl/file/id/ZMA.INS.5181134_2/format/large",404
"https://medialib.naturalis.nl/file/id/ZMA.INS.5181135_2/format/large",404
"https://medialib.naturalis.nl/file/id/ZMA.INS.5181136_2/format/large",404
"https://medialib.naturalis.nl/file/id/ZMA.INS.5181137_2/format/large",404
"https://medialib.naturalis.nl/file/id/ZMA.INS.5181138_2/format/large",404
"https://medialib.naturalis.nl/file/id/ZMA.INS.5181139_2/format/large",404
"https://medialib.naturalis.nl/file/id/ZMA.INS.5181149_2/format/large",404
"https://medialib.naturalis.nl/file/id/ZMA.INS.5181150_2/format/large",404
"https://medialib.naturalis.nl/file/id/ZMA.INS.5181151_2/format/large",404
"https://medialib.naturalis.nl/file/id/ZMA.INS.5181761_2/format/large",404
"https://medialib.naturalis.nl/file/id/ZMA.INS.5181762_2/format/large",404
"https://medialib.naturalis.nl/file/id/ZMA.INS.5185397_2/format/large",404
"https://medialib.naturalis.nl/file/id/ZMA.INS.5183594_2/format/large",404
"https://medialib.naturalis.nl/file/id/ZMA.INS.5186042_2/format/large",404
"https://medialib.naturalis.nl/file/id/ZMA.INS.5186044_2/format/large",404
"https://medialib.naturalis.nl/file/id/ZMA.INS.5195243_2/format/large",404
"https://medialib.naturalis.nl/file/id/ZMA.INS.5186646_2/format/large",404
"https://medialib.naturalis.nl/file/id/ZMA.INS.5195620_2/format/large",404
"https://medialib.naturalis.nl/file/id/ZMA.INS.5195990_2/format/large",404
"https://medialib.naturalis.nl/file/id/ZMA.INS.5196044_2/format/large",404
"https://medialib.naturalis.nl/file/id/ZMA.INS.8178336_2/format/large",404
"https://medialib.naturalis.nl/file/id/RMNH.INS.350745_2/format/large",404
"https://medialib.naturalis.nl/file/id/RMNH.INS.350492_2/format/large",404
"https://medialib.naturalis.nl/file/id/RMNH.INS.349679_2/format/large",404
"https://medialib.naturalis.nl/file/id/RMNH.INS.349201_2/format/large",404
"https://medialib.naturalis.nl/file/id/RMNH.INS.349200_2/format/large",404
"https://medialib.naturalis.nl/file/id/RMNH.INS.349199_2/format/large",404
"https://medialib.naturalis.nl/file/id/RMNH.INS.349198_2/format/large",404
"https://medialib.naturalis.nl/file/id/RMNH.INS.349197_2/format/large",404
"https://medialib.naturalis.nl/file/id/RMNH.INS.349196_2/format/large",404
"https://medialib.naturalis.nl/file/id/RMNH.INS.349195_2/format/large",404
"https://medialib.naturalis.nl/file/id/RMNH.INS.349194_2/format/large",404
"https://medialib.naturalis.nl/file/id/RMNH.INS.349193_2/format/large",404
"https://medialib.naturalis.nl/file/id/RMNH.INS.349192_2/format/large",404
"https://medialib.naturalis.nl/file/id/RMNH.INS.349191_2/format/large",404
"https://medialib.naturalis.nl/file/id/RMNH.INS.349190_2/format/large",404
"https://medialib.naturalis.nl/file/id/RMNH.INS.349189_2/format/large",404
"https://medialib.naturalis.nl/file/id/RMNH.INS.349188_2/format/large",404
"https://medialib.naturalis.nl/file/id/RMNH.INS.349187_2/format/large",404
"https://medialib.naturalis.nl/file/id/RMNH.INS.349186_2/format/large",404
"https://medialib.naturalis.nl/file/id/RMNH.INS.349185_2/format/large",404
"https://medialib.naturalis.nl/file/id/RMNH.INS.349184_2/format/large",404
"https://medialib.naturalis.nl/file/id/RMNH.INS.349183_2/format/large",404
"https://medialib.naturalis.nl/file/id/RMNH.INS.349182_2/format/large",404
"https://medialib.naturalis.nl/file/id/RMNH.INS.349181_2/format/large",404
"https://medialib.naturalis.nl/file/id/RMNH.INS.349180_2/format/large",404
"https://medialib.naturalis.nl/file/id/RMNH.INS.349179_2/format/large",404
"https://medialib.naturalis.nl/file/id/RMNH.INS.349178_2/format/large",404
"https://medialib.naturalis.nl/file/id/RMNH.INS.349177_2/format/large",404
"https://medialib.naturalis.nl/file/id/RMNH.INS.349176_2/format/large",429
"https://medialib.naturalis.nl/file/id/RMNH.INS.349175_2/format/large",404
"https://medialib.naturalis.nl/file/id/RMNH.INS.349174_2/format/large",404
"https://medialib.naturalis.nl/file/id/RMNH.INS.349173_2/format/large",404
"https://medialib.naturalis.nl/file/id/RMNH.INS.349172_2/format/large",404
"https://medialib.naturalis.nl/file/id/RMNH.INS.349171_2/format/large",404
"https://medialib.naturalis.nl/file/id/RMNH.INS.349170_2/format/large",404
"https://medialib.naturalis.nl/file/id/RMNH.INS.349169_2/format/large",404
"https://medialib.naturalis.nl/file/id/RMNH.INS.349168_2/format/large",404
"https://medialib.naturalis.nl/file/id/RMNH.INS.349167_2/format/large",404
"https://medialib.naturalis.nl/file/id/RMNH.INS.349166_2/format/large",404
"https://medialib.naturalis.nl/file/id/RMNH.INS.340390_2/format/large",404
"https://medialib.naturalis.nl/file/id/RMNH.INS.340389_2/format/large",404
"https://medialib.naturalis.nl/file/id/RMNH.INS.339706_2/format/large",404
"https://medialib.naturalis.nl/file/id/RMNH.INS.338134_2/format/large",404
"https://medialib.naturalis.nl/file/id/RMNH.INS.337912_2/format/large",404
"https://medialib.naturalis.nl/file/id/RMNH.INS.337911_2/format/large",404
"https://medialib.naturalis.nl/file/id/RMNH.INS.337898_2/format/large",404
"https://medialib.naturalis.nl/file/id/RMNH.INS.336734_2/format/large",404
"https://medialib.naturalis.nl/file/id/RMNH.INS.336733_2/format/large",404
"https://medialib.naturalis.nl/file/id/RMNH.INS.336732_2/format/large",404
"https://medialib.naturalis.nl/file/id/RMNH.INS.336731_2/format/large",404
"https://medialib.naturalis.nl/file/id/RMNH.INS.336730_2/format/large",404
"https://medialib.naturalis.nl/file/id/RMNH.INS.336729_2/format/large",404
"https://medialib.naturalis.nl/file/id/RMNH.INS.336728_2/format/large",404
"https://medialib.naturalis.nl/file/id/RMNH.INS.336727_2/format/large",404
"https://medialib.naturalis.nl/file/id/RMNH.INS.336726_2/format/large",404
"https://medialib.naturalis.nl/file/id/RMNH.INS.336725_2/format/large",404
"https://medialib.naturalis.nl/file/id/RMNH.INS.336724_2/format/large",404
"https://medialib.naturalis.nl/file/id/RMNH.INS.336723_2/format/large",404
"https://medialib.naturalis.nl/file/id/RMNH.INS.336722_2/format/large",404
"https://medialib.naturalis.nl/file/id/RMNH.INS.336721_2/format/large",404
"https://medialib.naturalis.nl/file/id/RMNH.INS.336720_2/format/large",404
"https://medialib.naturalis.nl/file/id/RMNH.INS.336719_2/format/large",404
"https://medialib.naturalis.nl/file/id/RMNH.INS.336718_2/format/large",404
"https://medialib.naturalis.nl/file/id/RMNH.INS.336717_2/format/large",404
"https://medialib.naturalis.nl/file/id/RMNH.INS.336716_2/format/large",404
"https://medialib.naturalis.nl/file/id/RMNH.INS.336715_2/format/large",404
"https://medialib.naturalis.nl/file/id/RMNH.INS.336714_2/format/large",404
"https://medialib.naturalis.nl/file/id/RMNH.INS.336713_2/format/large",404
"https://medialib.naturalis.nl/file/id/RMNH.INS.336712_2/format/large",404
"https://medialib.naturalis.nl/file/id/RMNH.INS.336711_2/format/large",404
"https://medialib.naturalis.nl/file/id/RMNH.INS.336710_2/format/large",404
"https://medialib.naturalis.nl/file/id/RMNH.INS.336709_2/format/large",404
"https://medialib.naturalis.nl/file/id/RMNH.INS.336708_2/format/large",404
"https://medialib.naturalis.nl/file/id/RMNH.INS.336707_2/format/large",404
"https://medialib.naturalis.nl/file/id/RMNH.INS.336706_2/format/large",404
"https://medialib.naturalis.nl/file/id/RMNH.INS.336705_2/format/large",404
"https://medialib.naturalis.nl/file/id/RMNH.INS.336704_2/format/large",404
"https://medialib.naturalis.nl/file/id/RMNH.INS.336703_2/format/large",404
"https://medialib.naturalis.nl/file/id/RMNH.INS.336702_2/format/large",404
"https://medialib.naturalis.nl/file/id/RMNH.INS.336701_2/format/large",404
"https://medialib.naturalis.nl/file/id/RMNH.INS.336700_2/format/large",404
"https://medialib.naturalis.nl/file/id/RMNH.INS.336699_2/format/large",404
"https://medialib.naturalis.nl/file/id/RMNH.INS.336698_2/format/large",404
"https://medialib.naturalis.nl/file/id/RMNH.INS.336697_2/format/large",404
"https://medialib.naturalis.nl/file/id/RMNH.INS.336696_2/format/large",404
"https://medialib.naturalis.nl/file/id/RMNH.INS.336695_2/format/large",404
"https://medialib.naturalis.nl/file/id/RMNH.INS.336694_2/format/large",404
"https://medialib.naturalis.nl/file/id/RMNH.INS.336693_2/format/large",404
"https://medialib.naturalis.nl/file/id/RMNH.INS.336676_2/format/large",404
"https://medialib.naturalis.nl/file/id/RMNH.INS.336261_2/format/large",404
"https://medialib.naturalis.nl/file/id/RMNH.INS.336247_2/format/large",404
"https://medialib.naturalis.nl/file/id/RMNH.INS.335920_2/format/large",404
"https://medialib.naturalis.nl/file/id/RMNH.INS.318044_2/format/large",404
"https://medialib.naturalis.nl/file/id/RMNH.INS.310426_2/format/large",404
"https://medialib.naturalis.nl/file/id/RMNH.INS.310425_2/format/large",404
"https://medialib.naturalis.nl/file/id/RMNH.INS.310424_2/format/large",404
"https://medialib.naturalis.nl/file/id/RMNH.INS.310423_2/format/large",404
"https://medialib.naturalis.nl/file/id/RMNH.INS.310422_2/format/large",404
"https://medialib.naturalis.nl/file/id/RMNH.INS.310420_2/format/large",404
"https://medialib.naturalis.nl/file/id/RMNH.INS.310418_2/format/large",404
"https://medialib.naturalis.nl/file/id/RMNH.INS.310416_2/format/large",404
"https://medialib.naturalis.nl/file/id/RMNH.INS.310413_2/format/large",404
"https://medialib.naturalis.nl/file/id/RMNH.INS.310412_2/format/large",404
"https://medialib.naturalis.nl/file/id/RMNH.INS.310411_2/format/large",404
"https://medialib.naturalis.nl/file/id/RMNH.INS.310410_2/format/large",404
"https://medialib.naturalis.nl/file/id/RMNH.INS.310409_2/format/large",404
"https://medialib.naturalis.nl/file/id/RMNH.INS.310408_2/format/large",404
"https://medialib.naturalis.nl/file/id/RMNH.INS.310407_2/format/large",404
"https://medialib.naturalis.nl/file/id/RMNH.INS.310406_2/format/large",404
"https://medialib.naturalis.nl/file/id/RMNH.INS.310405_2/format/large",404
"https://medialib.naturalis.nl/file/id/RMNH.INS.310404_2/format/large",404
"https://medialib.naturalis.nl/file/id/RMNH.INS.310403_2/format/large",404
"https://medialib.naturalis.nl/file/id/RMNH.INS.310402_2/format/large",404
"https://medialib.naturalis.nl/file/id/RMNH.INS.310401_2/format/large",404
"https://medialib.naturalis.nl/file/id/RMNH.INS.310400_2/format/large",404
"https://medialib.naturalis.nl/file/id/RMNH.INS.310399_2/format/large",404
"https://medialib.naturalis.nl/file/id/RMNH.INS.310398_2/format/large",404
"https://medialib.naturalis.nl/file/id/RMNH.INS.310397_2/format/large",404
"https://medialib.naturalis.nl/file/id/RMNH.INS.310396_2/format/large",404
"https://medialib.naturalis.nl/file/id/RMNH.INS.310394_2/format/large",404
"https://medialib.naturalis.nl/file/id/RMNH.INS.310375_2/format/large",404
"https://medialib.naturalis.nl/file/id/ZMA.INS.1251782_2/format/large",404
"https://medialib.naturalis.nl/file/id/ZMA.INS.1271882_2/format/large",404
"https://medialib.naturalis.nl/file/id/ZMA.INS.1271883_2/format/large",404
"https://medialib.naturalis.nl/file/id/ZMA.INS.1271884_2/format/large",404
"https://medialib.naturalis.nl/file/id/ZMA.INS.1271885_2/format/large",404
"https://medialib.naturalis.nl/file/id/ZMA.INS.1271886_2/format/large",404
"https://medialib.naturalis.nl/file/id/ZMA.INS.1271887_2/format/large",404
"https://medialib.naturalis.nl/file/id/ZMA.INS.1271890_2/format/large",404
"https://medialib.naturalis.nl/file/id/ZMA.INS.1271891_2/format/large",404
"https://medialib.naturalis.nl/file/id/ZMA.INS.1271892_2/format/large",404
"https://medialib.naturalis.nl/file/id/ZMA.INS.1271893_2/format/large",404
"https://medialib.naturalis.nl/file/id/ZMA.INS.1271895_2/format/large",404
"https://medialib.naturalis.nl/file/id/ZMA.INS.1271896_2/format/large",404
"https://medialib.naturalis.nl/file/id/ZMA.INS.1271897_2/format/large",404
"https://medialib.naturalis.nl/file/id/ZMA.INS.1271898_2/format/large",404
"https://medialib.naturalis.nl/file/id/ZMA.INS.1271899_2/format/large",404
"https://medialib.naturalis.nl/file/id/ZMA.INS.1271900_2/format/large",404
"https://medialib.naturalis.nl/file/id/ZMA.INS.1271901_2/format/large",404
"https://medialib.naturalis.nl/file/id/ZMA.INS.1271902_2/format/large",404
"https://medialib.naturalis.nl/file/id/ZMA.INS.1251806_2/format/large",404
"https://medialib.naturalis.nl/file/id/ZMA.INS.1251809_2/format/large",404
"https://medialib.naturalis.nl/file/id/ZMA.INS.1272995_2/format/large",404
"https://medialib.naturalis.nl/file/id/ZMA.INS.1272996_2/format/large",404
"https://medialib.naturalis.nl/file/id/ZMA.INS.1251844_2/format/large",404
"https://medialib.naturalis.nl/file/id/ZMA.INS.1251832_2/format/large",404
"https://medialib.naturalis.nl/file/id/ZMA.INS.1251833_2/format/large",404
"https://medialib.naturalis.nl/file/id/ZMA.INS.1251834_2/format/large",404
"https://medialib.naturalis.nl/file/id/ZMA.INS.1251835_2/format/large",404
"https://medialib.naturalis.nl/file/id/ZMA.INS.1251836_2/format/large",404
"https://medialib.naturalis.nl/file/id/ZMA.INS.1251837_2/format/large",404
"https://medialib.naturalis.nl/file/id/ZMA.INS.1251838_2/format/large",404
"https://medialib.naturalis.nl/file/id/ZMA.INS.1251839_2/format/large",404
"https://medialib.naturalis.nl/file/id/ZMA.INS.1251840_2/format/large",404
"https://medialib.naturalis.nl/file/id/ZMA.INS.1251841_2/format/large",404
"https://medialib.naturalis.nl/file/id/ZMA.INS.1251842_2/format/large",404
"https://medialib.naturalis.nl/file/id/ZMA.INS.1251843_2/format/large",404
"https://medialib.naturalis.nl/file/id/ZMA.INS.1251845_2/format/large",404
"https://medialib.naturalis.nl/file/id/ZMA.INS.1251846_2/format/large",404
"https://medialib.naturalis.nl/file/id/ZMA.INS.1251847_2/format/large",404
"https://medialib.naturalis.nl/file/id/ZMA.INS.1251848_2/format/large",404
"https://medialib.naturalis.nl/file/id/ZMA.INS.1251849_2/format/large",404
"https://medialib.naturalis.nl/file/id/ZMA.INS.1251850_2/format/large",404
"https://medialib.naturalis.nl/file/id/ZMA.INS.1251851_2/format/large",404
"https://medialib.naturalis.nl/file/id/ZMA.INS.1273103_2/format/large",404
"https://medialib.naturalis.nl/file/id/ZMA.INS.1251852_2/format/large",404
"https://medialib.naturalis.nl/file/id/ZMA.INS.1251854_2/format/large",404
"https://medialib.naturalis.nl/file/id/ZMA.INS.1251855_2/format/large",404
"https://medialib.naturalis.nl/file/id/ZMA.INS.1251856_2/format/large",404
"https://medialib.naturalis.nl/file/id/ZMA.INS.1251857_2/format/large",404
"https://medialib.naturalis.nl/file/id/ZMA.INS.1251858_2/format/large",404
"https://medialib.naturalis.nl/file/id/ZMA.INS.1251859_2/format/large",404
"https://medialib.naturalis.nl/file/id/ZMA.INS.1251860_2/format/large",404
"https://medialib.naturalis.nl/file/id/ZMA.INS.1273006_2/format/large",404
"https://medialib.naturalis.nl/file/id/ZMA.INS.1273111_2/format/large",404
"https://medialib.naturalis.nl/file/id/ZMA.INS.1272031_2/format/large",429
"https://medialib.naturalis.nl/file/id/ZMA.INS.1272032_2/format/large",404
"https://medialib.naturalis.nl/file/id/ZMA.INS.1272033_2/format/large",404
"https://medialib.naturalis.nl/file/id/ZMA.INS.1272034_2/format/large",404
"https://medialib.naturalis.nl/file/id/ZMA.INS.1272035_2/format/large",404
"https://medialib.naturalis.nl/file/id/ZMA.INS.1272036_2/format/large",404
"https://medialib.naturalis.nl/file/id/ZMA.INS.1272037_2/format/large",404
"https://medialib.naturalis.nl/file/id/ZMA.INS.1272038_2/format/large",404
"https://medialib.naturalis.nl/file/id/ZMA.INS.1272039_2/format/large",404
"https://medialib.naturalis.nl/file/id/ZMA.INS.1272040_2/format/large",404
"https://medialib.naturalis.nl/file/id/ZMA.INS.1272041_2/format/large",404
"https://medialib.naturalis.nl/file/id/ZMA.INS.1272042_2/format/large",404
"https://medialib.naturalis.nl/file/id/ZMA.INS.1272043_2/format/large",404
"https://medialib.naturalis.nl/file/id/ZMA.INS.1272044_2/format/large",404
"https://medialib.naturalis.nl/file/id/ZMA.INS.1272045_2/format/large",404
"https://medialib.naturalis.nl/file/id/ZMA.INS.1272046_2/format/large",404
"https://medialib.naturalis.nl/file/id/ZMA.INS.1272047_2/format/large",404
"https://medialib.naturalis.nl/file/id/ZMA.INS.1272048_2/format/large",429
"https://medialib.naturalis.nl/file/id/ZMA.INS.1272049_2/format/large",404
"https://medialib.naturalis.nl/file/id/ZMA.INS.1272050_2/format/large",404
"https://medialib.naturalis.nl/file/id/ZMA.INS.1272051_2/format/large",404
"https://medialib.naturalis.nl/file/id/ZMA.INS.1272052_2/format/large",404
"https://medialib.naturalis.nl/file/id/ZMA.INS.1272053_2/format/large",404
"https://medialib.naturalis.nl/file/id/ZMA.INS.1272054_2/format/large",404
"https://medialib.naturalis.nl/file/id/ZMA.INS.1272055_2/format/large",404
"https://medialib.naturalis.nl/file/id/ZMA.INS.1272056_2/format/large",404
"https://medialib.naturalis.nl/file/id/ZMA.INS.1272057_2/format/large",404
"https://medialib.naturalis.nl/file/id/ZMA.INS.1272058_2/format/large",404
"https://medialib.naturalis.nl/file/id/ZMA.INS.1272059_2/format/large",404
"https://medialib.naturalis.nl/file/id/ZMA.INS.1272060_2/format/large",404
"https://medialib.naturalis.nl/file/id/ZMA.INS.1272061_2/format/large",404
"https://medialib.naturalis.nl/file/id/ZMA.INS.1272062_2/format/large",404
"https://medialib.naturalis.nl/file/id/ZMA.INS.1272063_2/format/large",404
"https://medialib.naturalis.nl/file/id/ZMA.INS.1272064_2/format/large",404
"https://medialib.naturalis.nl/file/id/ZMA.INS.1272065_2/format/large",404
"https://medialib.naturalis.nl/file/id/ZMA.INS.1272066_2/format/large",404
"https://medialib.naturalis.nl/file/id/ZMA.INS.1272067_2/format/large",404
"https://medialib.naturalis.nl/file/id/ZMA.INS.1272068_2/format/large",404
"https://medialib.naturalis.nl/file/id/ZMA.INS.1272069_2/format/large",404
"https://medialib.naturalis.nl/file/id/ZMA.INS.1272070_2/format/large",404
"https://medialib.naturalis.nl/file/id/ZMA.INS.1272071_2/format/large",404
"https://medialib.naturalis.nl/file/id/ZMA.INS.1272072_2/format/large",404
"https://medialib.naturalis.nl/file/id/ZMA.INS.1272073_2/format/large",404
"https://medialib.naturalis.nl/file/id/ZMA.INS.1272074_2/format/large",404
"https://medialib.naturalis.nl/file/id/ZMA.INS.1272075_2/format/large",404
"https://medialib.naturalis.nl/file/id/ZMA.INS.1272076_2/format/large",404
"https://medialib.naturalis.nl/file/id/ZMA.INS.1272077_2/format/large",404
"https://medialib.naturalis.nl/file/id/ZMA.INS.1272078_2/format/large",404
"https://medialib.naturalis.nl/file/id/ZMA.INS.1272079_2/format/large",404
"https://medialib.naturalis.nl/file/id/ZMA.INS.1272080_2/format/large",404
"https://medialib.naturalis.nl/file/id/ZMA.INS.1272081_2/format/large",404
"https://medialib.naturalis.nl/file/id/ZMA.INS.1272082_2/format/large",404
"https://medialib.naturalis.nl/file/id/ZMA.INS.1272083_2/format/large",404
"https://medialib.naturalis.nl/file/id/ZMA.INS.1272084_2/format/large",404
"https://medialib.naturalis.nl/file/id/ZMA.INS.1272085_2/format/large",404
"https://medialib.naturalis.nl/file/id/ZMA.INS.1272086_2/format/large",404
"https://medialib.naturalis.nl/file/id/ZMA.INS.1272087_2/format/large",404
"https://medialib.naturalis.nl/file/id/ZMA.INS.1272088_2/format/large",404
"https://medialib.naturalis.nl/file/id/ZMA.INS.1272089_2/format/large",404
"https://medialib.naturalis.nl/file/id/ZMA.INS.1272090_2/format/large",404
"https://medialib.naturalis.nl/file/id/ZMA.INS.1273220_2/format/large",404
"https://medialib.naturalis.nl/file/id/ZMA.INS.1273221_2/format/large",404
"https://medialib.naturalis.nl/file/id/ZMA.INS.1273222_2/format/large",404
"https://medialib.naturalis.nl/file/id/ZMA.INS.1273223_2/format/large",404
"https://medialib.naturalis.nl/file/id/ZMA.INS.1273224_2/format/large",404
"https://medialib.naturalis.nl/file/id/RMNH.INS.1677003_2/format/large",404
"https://medialib.naturalis.nl/file/id/RMNH.INS.1677012_2/format/large",404
"https://medialib.naturalis.nl/file/id/ZMA.INS.1251853_2/format/large",404
"http://api.gbif.org/v1/image/unsafe/http://inabif.lipi.go.id/kehati/mzb/lepi/aoa/A_affinis_M_und_48325.jpg",504
"http://api.gbif.org/v1/image/unsafe/http://inabif.lipi.go.id/kehati/mzb/lepi/appias/A_ada_M_und_23134.jpg",504
"http://api.gbif.org/v1/image/unsafe/http://inabif.lipi.go.id/kehati/mzb/lepi/appias/A_indra_F_und_22910.jpg",504
"http://api.gbif.org/v1/image/unsafe/http://inabif.lipi.go.id/kehati/mzb/lepi/appias/A_indra_F_und_22928.jpg",504
"http://api.gbif.org/v1/image/unsafe/http://inabif.lipi.go.id/kehati/mzb/lepi/appias/A_indra_M_und_22909.jpg",504
"http://api.gbif.org/v1/image/unsafe/http://inabif.lipi.go.id/kehati/mzb/lepi/appias/A_indra_M_und_22926.jpg",504
"http://api.gbif.org/v1/image/unsafe/http://inabif.lipi.go.id/kehati/mzb/lepi/appias/A_indra_M_und_23240.jpg",504
"http://api.gbif.org/v1/image/unsafe/http://inabif.lipi.go.id/kehati/mzb/lepi/appias/A_indra_M_und_24932.jpg",504
"http://api.gbif.org/v1/image/unsafe/http://inabif.lipi.go.id/kehati/mzb/lepi/appias/A_indra_M_und_24934.jpg",504
"http://api.gbif.org/v1/image/unsafe/http://inabif.lipi.go.id/kehati/mzb/lepi/appias/A_indra_M_und_33569.jpg",504
"http://api.gbif.org/v1/image/unsafe/http://inabif.lipi.go.id/kehati/mzb/lepi/appias/A_olferna_F_und_24782.jpg",504
"http://api.gbif.org/v1/image/unsafe/http://inabif.lipi.go.id/kehati/mzb/lepi/appias/A_olferna_F_und_47975.jpg",504
"http://api.gbif.org/v1/image/unsafe/http://inabif.lipi.go.id/kehati/mzb/lepi/appias/A_olferna_F_und_47991.jpg",504
"http://api.gbif.org/v1/image/unsafe/http://inabif.lipi.go.id/kehati/mzb/lepi/appias/A_olferna_F_und_47996.jpg",504
"http://api.gbif.org/v1/image/unsafe/http://inabif.lipi.go.id/kehati/mzb/lepi/appias/A_olferna_M_und_47963.jpg",504
"http://api.gbif.org/v1/image/unsafe/http://inabif.lipi.go.id/kehati/mzb/lepi/appias/A_pandione_M_und_23162.jpg",504
"http://api.gbif.org/v1/image/unsafe/http://inabif.lipi.go.id/kehati/mzb/lepi/appias/A_paulina_F_und_22668.jpg",504
"http://api.gbif.org/v1/image/unsafe/http://inabif.lipi.go.id/kehati/mzb/lepi/appias/A_paulina_F_und_22693.jpg",504
"http://api.gbif.org/v1/image/unsafe/http://inabif.lipi.go.id/kehati/mzb/lepi/appias/A_paulina_F_und_23059.jpg",504
"http://api.gbif.org/v1/image/unsafe/http://inabif.lipi.go.id/kehati/mzb/lepi/appias/A_paulina_F_und_23244.jpg",504
"http://api.gbif.org/v1/image/unsafe/http://inabif.lipi.go.id/kehati/mzb/lepi/appias/A_paulina_F_und_24942.jpg",504
"http://api.gbif.org/v1/image/unsafe/http://inabif.lipi.go.id/kehati/mzb/lepi/appias/A_paulina_F_und_24958.jpg",504
"http://api.gbif.org/v1/image/unsafe/http://inabif.lipi.go.id/kehati/mzb/lepi/appias/A_paulina_F_und_48141.jpg",504
"http://api.gbif.org/v1/image/unsafe/http://inabif.lipi.go.id/kehati/mzb/lepi/appias/A_paulina_F_und_48239.jpg",504
"http://api.gbif.org/v1/image/unsafe/http://inabif.lipi.go.id/kehati/mzb/lepi/appias/A_paulina_F_und_48267.jpg",504
"http://api.gbif.org/v1/image/unsafe/http://inabif.lipi.go.id/kehati/mzb/lepi/appias/A_paulina_M_und_22685.jpg",504
"http://api.gbif.org/v1/image/unsafe/http://inabif.lipi.go.id/kehati/mzb/lepi/appias/A_paulina_M_und_23056.jpg",504
"http://api.gbif.org/v1/image/unsafe/http://inabif.lipi.go.id/kehati/mzb/lepi/appias/A_paulina_M_und_23265.jpg",504
"http://api.gbif.org/v1/image/unsafe/http://inabif.lipi.go.id/kehati/mzb/lepi/appias/A_paulina_M_und_48231.jpg",504
"http://api.gbif.org/v1/image/unsafe/http://inabif.lipi.go.id/kehati/mzb/lepi/appias/A_paulina_M_und_48233.jpg",504
"http://api.gbif.org/v1/image/unsafe/http://inabif.lipi.go.id/kehati/mzb/lepi/appias/A_zarinda_M_und_22844.jpg",504
"http://api.gbif.org/v1/image/unsafe/http://inabif.lipi.go.id/kehati/mzb/lepi/appias/A_zarinda_M_und_48029.jpg",504
"http://api.gbif.org/v1/image/unsafe/http://inabif.lipi.go.id/kehati/mzb/lepi/belenois/B_java_F_und_18753.jpg",504
"http://api.gbif.org/v1/image/unsafe/http://inabif.lipi.go.id/kehati/mzb/lepi/belenois/B_java_F_und_21747.jpg",504
"http://api.gbif.org/v1/image/unsafe/http://inabif.lipi.go.id/kehati/mzb/lepi/belenois/B_java_F_und_21750.jpg",504
"http://api.gbif.org/v1/image/unsafe/http://inabif.lipi.go.id/kehati/mzb/lepi/belenois/B_java_F_und_24887.jpg",504
"http://api.gbif.org/v1/image/unsafe/http://inabif.lipi.go.id/kehati/mzb/lepi/belenois/B_java_F_und_46781.jpg",504
"http://api.gbif.org/v1/image/unsafe/http://inabif.lipi.go.id/kehati/mzb/lepi/belenois/B_java_M_und_18747.jpg",504
"http://api.gbif.org/v1/image/unsafe/http://inabif.lipi.go.id/kehati/mzb/lepi/belenois/B_java_M_und_18760.jpg",504
"http://api.gbif.org/v1/image/unsafe/http://inabif.lipi.go.id/kehati/mzb/lepi/belenois/B_java_M_und_18762.jpg",504
"http://api.gbif.org/v1/image/unsafe/http://inabif.lipi.go.id/kehati/mzb/lepi/belenois/B_java_M_und_18782.jpg",504
"http://api.gbif.org/v1/image/unsafe/http://inabif.lipi.go.id/kehati/mzb/lepi/belenois/B_java_M_und_18787.jpg",504
"http://api.gbif.org/v1/image/unsafe/http://inabif.lipi.go.id/kehati/mzb/lepi/belenois/B_java_M_und_21761.jpg",504
"http://api.gbif.org/v1/image/unsafe/http://inabif.lipi.go.id/kehati/mzb/lepi/belenois/B_java_M_und_21762.jpg",504
"http://api.gbif.org/v1/image/unsafe/http://inabif.lipi.go.id/kehati/mzb/lepi/belenois/B_java_M_und_21764.jpg",504
"http://api.gbif.org/v1/image/unsafe/http://inabif.lipi.go.id/kehati/mzb/lepi/belenois/B_java_M_und_46771.jpg",504
"http://api.gbif.org/v1/image/unsafe/http://inabif.lipi.go.id/kehati/mzb/lepi/catopsilia/C_pomona_F_und_22083.jpg",504
"http://api.gbif.org/v1/image/unsafe/http://inabif.lipi.go.id/kehati/mzb/lepi/delias/D_periboea_F_und_21523.jpg",504
"http://api.gbif.org/v1/image/unsafe/http://inabif.lipi.go.id/kehati/mzb/lepi/delias/D_periboea_F_und_33022.jpg",504
"http://api.gbif.org/v1/image/unsafe/http://inabif.lipi.go.id/kehati/mzb/lepi/delias/D_periboea_M_und_21511.jpg",504
"http://api.gbif.org/v1/image/unsafe/http://inabif.lipi.go.id/kehati/mzb/lepi/delias/D_periboea_M_und_21517.jpg",504
"http://api.gbif.org/v1/image/unsafe/http://inabif.lipi.go.id/kehati/mzb/lepi/delias/D_periboea_M_und_33024.jpg",504
"http://api.gbif.org/v1/image/unsafe/http://inabif.lipi.go.id/kehati/mzb/lepi/delias/D_periboea_M_und_33026.jpg",504
"http://api.gbif.org/v1/image/unsafe/http://inabif.lipi.go.id/kehati/mzb/lepi/delias/D_periboea_M_und_48473.jpg",504
"http://api.gbif.org/v1/image/unsafe/http://inabif.lipi.go.id/kehati/mzb/lepi/delias/D_timorensis_M_und_33054.jpg",504
"http://api.gbif.org/v1/image/unsafe/http://inabif.lipi.go.id/kehati/mzb/lepi/delias/D_wollastoni_M_und_4144.jpg",504
"http://api.gbif.org/v1/image/unsafe/http://inabif.lipi.go.id/kehati/mzb/lepi/elodina/E_hypatia_M_und_18303.jpg",504
"http://api.gbif.org/v1/image/unsafe/http://inabif.lipi.go.id/kehati/mzb/lepi/elodina/E_hypatia_M_und_18309.jpg",504
"http://api.gbif.org/v1/image/unsafe/http://inabif.lipi.go.id/kehati/mzb/lepi/elodina/E_pura_F_und_18893.jpg",504
"http://api.gbif.org/v1/image/unsafe/http://inabif.lipi.go.id/kehati/mzb/lepi/gandaca/G_butyrosa_M_und_18051.jpg",504
"http://api.gbif.org/v1/image/unsafe/http://inabif.lipi.go.id/kehati/mzb/lepi/gandaca/G_butyrosa_M_und_46386.jpg",504
"http://api.gbif.org/v1/image/unsafe/http://inabif.lipi.go.id/kehati/mzb/lepi/gandaca/G_butyrosa_M_und_46395.jpg",504
"http://api.gbif.org/v1/image/unsafe/http://inabif.lipi.go.id/kehati/mzb/lepi/gandaca/G_butyrosa_M_und_46412.jpg",504
"http://api.gbif.org/v1/image/unsafe/http://inabif.lipi.go.id/kehati/mzb/lepi/gandaca/G_butyrosa_M_und_46414.jpg",504
"http://api.gbif.org/v1/image/unsafe/http://inabif.lipi.go.id/kehati/mzb/lepi/gandaca/G_harina_M_und_48066.jpg",504
"http://api.gbif.org/v1/image/unsafe/http://inabif.lipi.go.id/kehati/mzb/lepi/graphium/G_agamemnon_und_30245.jpg",504
"http://api.gbif.org/v1/image/unsafe/http://inabif.lipi.go.id/kehati/mzb/lepi/graphium/G_agamemnon_und_36241.jpg",504
"http://api.gbif.org/v1/image/unsafe/http://inabif.lipi.go.id/kehati/mzb/lepi/graphium/G_agamemnon_und_F_29495.jpg",504
"http://api.gbif.org/v1/image/unsafe/http://inabif.lipi.go.id/kehati/mzb/lepi/graphium/G_agamemnon_und_F_30248.jpg",504
"http://api.gbif.org/v1/image/unsafe/http://inabif.lipi.go.id/kehati/mzb/lepi/graphium/G_agamemnon_und_F_30292.jpg",504
"http://api.gbif.org/v1/image/unsafe/http://inabif.lipi.go.id/kehati/mzb/lepi/graphium/G_agamemnon_und_F_30299.jpg",504
"http://api.gbif.org/v1/image/unsafe/http://inabif.lipi.go.id/kehati/mzb/lepi/graphium/G_agamemnon_und_F_30301.jpg",504
"http://api.gbif.org/v1/image/unsafe/http://inabif.lipi.go.id/kehati/mzb/lepi/graphium/G_agamemnon_und_F_30309.jpg",504
"http://api.gbif.org/v1/image/unsafe/http://inabif.lipi.go.id/kehati/mzb/lepi/graphium/G_agamemnon_und_F_30340.jpg",504
"http://api.gbif.org/v1/image/unsafe/http://inabif.lipi.go.id/kehati/mzb/lepi/graphium/G_agamemnon_und_F_30346.jpg",504
"http://api.gbif.org/v1/image/unsafe/http://inabif.lipi.go.id/kehati/mzb/lepi/graphium/G_agamemnon_und_F_31003.jpg",504
"http://api.gbif.org/v1/image/unsafe/http://inabif.lipi.go.id/kehati/mzb/lepi/graphium/G_agamemnon_und_F_32097.jpg",504
"http://api.gbif.org/v1/image/unsafe/http://inabif.lipi.go.id/kehati/mzb/lepi/graphium/G_agamemnon_und_F_32102.jpg",504
"http://api.gbif.org/v1/image/unsafe/http://inabif.lipi.go.id/kehati/mzb/lepi/graphium/G_agamemnon_und_F_36220.jpg",504
"http://api.gbif.org/v1/image/unsafe/http://inabif.lipi.go.id/kehati/mzb/lepi/graphium/G_agamemnon_und_F_36229.jpg",504
"http://api.gbif.org/v1/image/unsafe/http://inabif.lipi.go.id/kehati/mzb/lepi/graphium/G_agamemnon_und_F_36242.jpg",504
"http://api.gbif.org/v1/image/unsafe/http://inabif.lipi.go.id/kehati/mzb/lepi/graphium/G_agamemnon_und_F_36271.jpg",504
"http://api.gbif.org/v1/image/unsafe/http://inabif.lipi.go.id/kehati/mzb/lepi/graphium/G_agamemnon_und_F_36274.jpg",504
"http://api.gbif.org/v1/image/unsafe/http://inabif.lipi.go.id/kehati/mzb/lepi/graphium/G_agamemnon_und_F_36279.jpg",504
"http://api.gbif.org/v1/image/unsafe/http://inabif.lipi.go.id/kehati/mzb/lepi/graphium/G_agamemnon_und_F_36284.jpg",504
"http://api.gbif.org/v1/image/unsafe/http://inabif.lipi.go.id/kehati/mzb/lepi/graphium/G_agamemnon_und_F_39377.jpg",504
"http://api.gbif.org/v1/image/unsafe/http://inabif.lipi.go.id/kehati/mzb/lepi/graphium/G_agamemnon_und_F_39389.jpg",504
"http://api.gbif.org/v1/image/unsafe/http://inabif.lipi.go.id/kehati/mzb/lepi/graphium/G_agamemnon_und_F_39391.jpg",504
"http://api.gbif.org/v1/image/unsafe/http://inabif.lipi.go.id/kehati/mzb/lepi/graphium/G_agamemnon_und_F_39393.jpg",504
"http://api.gbif.org/v1/image/unsafe/http://inabif.lipi.go.id/kehati/mzb/lepi/graphium/G_agamemnon_und_F_39404.jpg",504
"http://api.gbif.org/v1/image/unsafe/http://inabif.lipi.go.id/kehati/mzb/lepi/graphium/G_agamemnon_und_F_39406.jpg",504
"http://api.gbif.org/v1/image/unsafe/http://inabif.lipi.go.id/kehati/mzb/lepi/graphium/G_agamemnon_und_M_30239.jpg",504
"http://api.gbif.org/v1/image/unsafe/http://inabif.lipi.go.id/kehati/mzb/lepi/graphium/G_agamemnon_und_M_30247.jpg",504
"http://api.gbif.org/v1/image/unsafe/http://inabif.lipi.go.id/kehati/mzb/lepi/graphium/G_agamemnon_und_M_30252.jpg",504
"http://api.gbif.org/v1/image/unsafe/http://inabif.lipi.go.id/kehati/mzb/lepi/graphium/G_agamemnon_und_M_30289.jpg",504
"http://api.gbif.org/v1/image/unsafe/http://inabif.lipi.go.id/kehati/mzb/lepi/graphium/G_agamemnon_und_M_30290.jpg",504
"http://api.gbif.org/v1/image/unsafe/http://inabif.lipi.go.id/kehati/mzb/lepi/graphium/G_agamemnon_und_M_30304.jpg",504
"http://api.gbif.org/v1/image/unsafe/http://inabif.lipi.go.id/kehati/mzb/lepi/graphium/G_agamemnon_und_M_30305.jpg",504
"http://api.gbif.org/v1/image/unsafe/http://inabif.lipi.go.id/kehati/mzb/lepi/graphium/G_agamemnon_und_M_30314.jpg",504
"http://api.gbif.org/v1/image/unsafe/http://inabif.lipi.go.id/kehati/mzb/lepi/graphium/G_agamemnon_und_M_30329.jpg",504
"http://api.gbif.org/v1/image/unsafe/http://inabif.lipi.go.id/kehati/mzb/lepi/graphium/G_agamemnon_und_M_30332.jpg",504
"http://api.gbif.org/v1/image/unsafe/http://inabif.lipi.go.id/kehati/mzb/lepi/graphium/G_agamemnon_und_M_30337.jpg",504
"http://api.gbif.org/v1/image/unsafe/http://inabif.lipi.go.id/kehati/mzb/lepi/graphium/G_agamemnon_und_M_30347.jpg",504
"http://api.gbif.org/v1/image/unsafe/http://inabif.lipi.go.id/kehati/mzb/lepi/graphium/G_agamemnon_und_M_32095.jpg",504
"http://api.gbif.org/v1/image/unsafe/http://inabif.lipi.go.id/kehati/mzb/lepi/graphium/G_agamemnon_und_M_32104.jpg",504
"http://api.gbif.org/v1/image/unsafe/http://inabif.lipi.go.id/kehati/mzb/lepi/graphium/G_agamemnon_und_M_32105.jpg",504
"http://api.gbif.org/v1/image/unsafe/http://inabif.lipi.go.id/kehati/mzb/lepi/graphium/G_agamemnon_und_M_36210.jpg",504
"http://api.gbif.org/v1/image/unsafe/http://inabif.lipi.go.id/kehati/mzb/lepi/graphium/G_agamemnon_und_M_36215.jpg",504
"http://api.gbif.org/v1/image/unsafe/http://inabif.lipi.go.id/kehati/mzb/lepi/graphium/G_agamemnon_und_M_36223.jpg",504
"http://api.gbif.org/v1/image/unsafe/http://inabif.lipi.go.id/kehati/mzb/lepi/graphium/G_agamemnon_und_M_36226.jpg",504
"http://api.gbif.org/v1/image/unsafe/http://inabif.lipi.go.id/kehati/mzb/lepi/graphium/G_agamemnon_und_M_36235.jpg",504
"http://api.gbif.org/v1/image/unsafe/http://inabif.lipi.go.id/kehati/mzb/lepi/graphium/G_agamemnon_und_M_36240.jpg",504
"http://api.gbif.org/v1/image/unsafe/http://inabif.lipi.go.id/kehati/mzb/lepi/graphium/G_agamemnon_und_M_36252.jpg",504
"http://api.gbif.org/v1/image/unsafe/http://inabif.lipi.go.id/kehati/mzb/lepi/graphium/G_agamemnon_und_M_36260.jpg",504
"http://api.gbif.org/v1/image/unsafe/http://inabif.lipi.go.id/kehati/mzb/lepi/graphium/G_agamemnon_und_M_36263.jpg",504
"http://api.gbif.org/v1/image/unsafe/http://inabif.lipi.go.id/kehati/mzb/lepi/graphium/G_agamemnon_und_M_36264.jpg",504
"http://api.gbif.org/v1/image/unsafe/http://inabif.lipi.go.id/kehati/mzb/lepi/graphium/G_agamemnon_und_M_36267.jpg",504
"http://api.gbif.org/v1/image/unsafe/http://inabif.lipi.go.id/kehati/mzb/lepi/graphium/G_agamemnon_und_M_39370.jpg",504
"http://api.gbif.org/v1/image/unsafe/http://inabif.lipi.go.id/kehati/mzb/lepi/graphium/G_agamemnon_und_M_39371.jpg",504
"http://api.gbif.org/v1/image/unsafe/http://inabif.lipi.go.id/kehati/mzb/lepi/graphium/G_agamemnon_und_M_39374.jpg",504
"http://api.gbif.org/v1/image/unsafe/http://inabif.lipi.go.id/kehati/mzb/lepi/graphium/G_agamemnon_und_M_39381.jpg",504
"http://api.gbif.org/v1/image/unsafe/http://inabif.lipi.go.id/kehati/mzb/lepi/graphium/G_agamemnon_und_M_39382.jpg",504
"http://api.gbif.org/v1/image/unsafe/http://inabif.lipi.go.id/kehati/mzb/lepi/graphium/G_agamemnon_und_M_39385.jpg",504
"http://api.gbif.org/v1/image/unsafe/http://inabif.lipi.go.id/kehati/mzb/lepi/graphium/G_agamemnon_und_M_39394.jpg",504
"http://api.gbif.org/v1/image/unsafe/http://inabif.lipi.go.id/kehati/mzb/lepi/graphium/G_agetes_und_M_30370.jpg",504
"http://api.gbif.org/v1/image/unsafe/http://inabif.lipi.go.id/kehati/mzb/lepi/graphium/G_antiphates_und_30383.jpg",504
"http://api.gbif.org/v1/image/unsafe/http://inabif.lipi.go.id/kehati/mzb/lepi/graphium/G_antiphates_und_30387.jpg",504
"http://api.gbif.org/v1/image/unsafe/http://inabif.lipi.go.id/kehati/mzb/lepi/graphium/G_antiphates_und_30395.jpg",504
"http://api.gbif.org/v1/image/unsafe/http://inabif.lipi.go.id/kehati/mzb/lepi/graphium/G_antiphates_und_30396.jpg",504
"http://api.gbif.org/v1/image/unsafe/http://inabif.lipi.go.id/kehati/mzb/lepi/graphium/G_antiphates_und_30397.jpg",504
"http://api.gbif.org/v1/image/unsafe/http://inabif.lipi.go.id/kehati/mzb/lepi/graphium/G_antiphates_und_30398.jpg",504
"http://api.gbif.org/v1/image/unsafe/http://inabif.lipi.go.id/kehati/mzb/lepi/graphium/G_antiphates_und_31711.jpg",504
"http://api.gbif.org/v1/image/unsafe/http://inabif.lipi.go.id/kehati/mzb/lepi/graphium/G_antiphates_und_31712.jpg",504
"http://api.gbif.org/v1/image/unsafe/http://inabif.lipi.go.id/kehati/mzb/lepi/graphium/G_antiphates_und_31714.jpg",504
"http://api.gbif.org/v1/image/unsafe/http://inabif.lipi.go.id/kehati/mzb/lepi/graphium/G_antiphates_und_39440.jpg",504
"http://api.gbif.org/v1/image/unsafe/http://inabif.lipi.go.id/kehati/mzb/lepi/graphium/G_antiphates_und_39446.jpg",504
"http://api.gbif.org/v1/image/unsafe/http://inabif.lipi.go.id/kehati/mzb/lepi/graphium/G_antiphates_und_39449.jpg",504
"http://api.gbif.org/v1/image/unsafe/http://inabif.lipi.go.id/kehati/mzb/lepi/graphium/G_aristeus_und_F_31721.jpg",504
"http://api.gbif.org/v1/image/unsafe/http://inabif.lipi.go.id/kehati/mzb/lepi/graphium/G_aristeus_und_F_31722.jpg",504
"http://api.gbif.org/v1/image/unsafe/http://inabif.lipi.go.id/kehati/mzb/lepi/graphium/G_aristeus_und_M_31717.jpg",504
"http://api.gbif.org/v1/image/unsafe/http://inabif.lipi.go.id/kehati/mzb/lepi/graphium/G_aristeus_und_M_31718.jpg",504
"http://api.gbif.org/v1/image/unsafe/http://inabif.lipi.go.id/kehati/mzb/lepi/graphium/G_aristeus_und_M_31719.jpg",504
"http://api.gbif.org/v1/image/unsafe/http://inabif.lipi.go.id/kehati/mzb/lepi/graphium/G_aristeus_und_M_31730.jpg",504
"http://api.gbif.org/v1/image/unsafe/http://inabif.lipi.go.id/kehati/mzb/lepi/graphium/G_aristeus_und_M_39479.jpg",504
"http://api.gbif.org/v1/image/unsafe/http://inabif.lipi.go.id/kehati/mzb/lepi/graphium/G_aristeus_und_M_39480.jpg",504
"http://api.gbif.org/v1/image/unsafe/http://inabif.lipi.go.id/kehati/mzb/lepi/graphium/G_bathycles_und_M_30199.jpg",504
"http://api.gbif.org/v1/image/unsafe/http://inabif.lipi.go.id/kehati/mzb/lepi/graphium/G_bathycles_und_M_30210.jpg",504
"http://api.gbif.org/v1/image/unsafe/http://inabif.lipi.go.id/kehati/mzb/lepi/graphium/G_bathycles_und_M_31806.jpg",504
"http://api.gbif.org/v1/image/unsafe/http://inabif.lipi.go.id/kehati/mzb/lepi/graphium/G_delesserti_und_M_29274.jpg",504
"http://api.gbif.org/v1/image/unsafe/http://inabif.lipi.go.id/kehati/mzb/lepi/graphium/G_delesserti_und_M_29280.jpg",504
"http://api.gbif.org/v1/image/unsafe/http://inabif.lipi.go.id/kehati/mzb/lepi/graphium/G_delesserti_und_M_29290.jpg",504
"http://api.gbif.org/v1/image/unsafe/http://inabif.lipi.go.id/kehati/mzb/lepi/graphium/G_eurypylus_und_F_31897.jpg",504
"http://api.gbif.org/v1/image/unsafe/http://inabif.lipi.go.id/kehati/mzb/lepi/graphium/G_eurypylus_und_F_39557.jpg",504
"http://api.gbif.org/v1/image/unsafe/http://inabif.lipi.go.id/kehati/mzb/lepi/graphium/G_eurypylus_und_M_31836.jpg",504
"http://api.gbif.org/v1/image/unsafe/http://inabif.lipi.go.id/kehati/mzb/lepi/graphium/G_eurypylus_und_M_31859.jpg",504
"http://api.gbif.org/v1/image/unsafe/http://inabif.lipi.go.id/kehati/mzb/lepi/graphium/G_eurypylus_und_M_31871.jpg",504
"http://api.gbif.org/v1/image/unsafe/http://inabif.lipi.go.id/kehati/mzb/lepi/graphium/G_eurypylus_und_M_31872.jpg",504
"http://api.gbif.org/v1/image/unsafe/http://inabif.lipi.go.id/kehati/mzb/lepi/graphium/G_eurypylus_und_M_31873.jpg",504
"http://api.gbif.org/v1/image/unsafe/http://inabif.lipi.go.id/kehati/mzb/lepi/graphium/G_eurypylus_und_M_31874.jpg",504
"http://api.gbif.org/v1/image/unsafe/http://inabif.lipi.go.id/kehati/mzb/lepi/graphium/G_eurypylus_und_M_31885.jpg",504
"http://api.gbif.org/v1/image/unsafe/http://inabif.lipi.go.id/kehati/mzb/lepi/graphium/G_eurypylus_und_M_31889.jpg",504
"http://api.gbif.org/v1/image/unsafe/http://inabif.lipi.go.id/kehati/mzb/lepi/graphium/G_eurypylus_und_M_31896.jpg",504
"http://api.gbif.org/v1/image/unsafe/http://inabif.lipi.go.id/kehati/mzb/lepi/graphium/G_eurypylus_und_M_31940.jpg",504
"http://api.gbif.org/v1/image/unsafe/http://inabif.lipi.go.id/kehati/mzb/lepi/graphium/G_eurypylus_und_M_31953.jpg",504
"http://api.gbif.org/v1/image/unsafe/http://inabif.lipi.go.id/kehati/mzb/lepi/graphium/G_eurypylus_und_M_31955.jpg",504
"http://api.gbif.org/v1/image/unsafe/http://inabif.lipi.go.id/kehati/mzb/lepi/graphium/G_eurypylus_und_M_31957.jpg",504
"http://api.gbif.org/v1/image/unsafe/http://inabif.lipi.go.id/kehati/mzb/lepi/graphium/G_eurypylus_und_M_39559.jpg",504
"http://api.gbif.org/v1/image/unsafe/http://inabif.lipi.go.id/kehati/mzb/lepi/graphium/G_eurypylus_und_M_39567.jpg",504
"http://api.gbif.org/v1/image/unsafe/http://inabif.lipi.go.id/kehati/mzb/lepi/graphium/G_eurypylus_und_M_39583.jpg",504
"http://api.gbif.org/v1/image/unsafe/http://inabif.lipi.go.id/kehati/mzb/lepi/graphium/G_eurypylus_und_M_39584.jpg",504
"http://api.gbif.org/v1/image/unsafe/http://inabif.lipi.go.id/kehati/mzb/lepi/graphium/G_eurypylus_und_M_39585.jpg",504
"http://api.gbif.org/v1/image/unsafe/http://inabif.lipi.go.id/kehati/mzb/lepi/graphium/G_evemon_und_M_30219.jpg",504
"http://api.gbif.org/v1/image/unsafe/http://inabif.lipi.go.id/kehati/mzb/lepi/graphium/G_evemon_und_M_31777.jpg",504
"http://api.gbif.org/v1/image/unsafe/http://inabif.lipi.go.id/kehati/mzb/lepi/graphium/G_evemon_und_M_31817.jpg",504
"http://api.gbif.org/v1/image/unsafe/http://inabif.lipi.go.id/kehati/mzb/lepi/graphium/G_evemon_und_M_31908.jpg",504
"http://api.gbif.org/v1/image/unsafe/http://inabif.lipi.go.id/kehati/mzb/lepi/graphium/G_evemon_und_M_31913.jpg",504
"http://api.gbif.org/v1/image/unsafe/http://inabif.lipi.go.id/kehati/mzb/lepi/graphium/G_evemon_und_M_31921.jpg",504
"http://api.gbif.org/v1/image/unsafe/http://inabif.lipi.go.id/kehati/mzb/lepi/graphium/G_evemon_und_M_31925.jpg",504
"http://api.gbif.org/v1/image/unsafe/http://inabif.lipi.go.id/kehati/mzb/lepi/graphium/G_evemon_und_M_31926.jpg",504
"http://api.gbif.org/v1/image/unsafe/http://inabif.lipi.go.id/kehati/mzb/lepi/graphium/G_evemon_und_M_31927.jpg",504
"http://api.gbif.org/v1/image/unsafe/http://inabif.lipi.go.id/kehati/mzb/lepi/graphium/G_evemon_und_M_31928.jpg",504
"http://api.gbif.org/v1/image/unsafe/http://inabif.lipi.go.id/kehati/mzb/lepi/graphium/G_evemon_und_M_39592.jpg",504
"http://api.gbif.org/v1/image/unsafe/http://inabif.lipi.go.id/kehati/mzb/lepi/graphium/G_evemon_und_M_39593.jpg",504
"http://api.gbif.org/v1/image/unsafe/http://inabif.lipi.go.id/kehati/mzb/lepi/graphium/G_evemon_und_M_42707.jpg",504
"http://api.gbif.org/v1/image/unsafe/http://inabif.lipi.go.id/kehati/mzb/lepi/graphium/G_macareus_und_F_39599.jpg",504
"http://api.gbif.org/v1/image/unsafe/http://inabif.lipi.go.id/kehati/mzb/lepi/graphium/G_macareus_und_M_30196.jpg",504
"http://api.gbif.org/v1/image/unsafe/http://inabif.lipi.go.id/kehati/mzb/lepi/graphium/G_milon_und_39640.jpg",504
"http://api.gbif.org/v1/image/unsafe/http://inabif.lipi.go.id/kehati/mzb/lepi/graphium/G_milon_und_F_32083.jpg",504
"http://api.gbif.org/v1/image/unsafe/http://inabif.lipi.go.id/kehati/mzb/lepi/graphium/G_milon_und_M_32085.jpg",504
"http://api.gbif.org/v1/image/unsafe/http://inabif.lipi.go.id/kehati/mzb/lepi/graphium/G_milon_und_M_32087.jpg",504
"http://api.gbif.org/v1/image/unsafe/http://inabif.lipi.go.id/kehati/mzb/lepi/graphium/G_milon_und_M_39642.jpg",504
"http://api.gbif.org/v1/image/unsafe/http://inabif.lipi.go.id/kehati/mzb/lepi/graphium/G_milon_und_M_39650.jpg",504
"http://api.gbif.org/v1/image/unsafe/http://inabif.lipi.go.id/kehati/mzb/lepi/graphium/G_milon_und_M_39654.jpg",504
"http://api.gbif.org/v1/image/unsafe/http://inabif.lipi.go.id/kehati/mzb/lepi/graphium/G_milon_und_M_39669.jpg",504
"http://api.gbif.org/v1/image/unsafe/http://inabif.lipi.go.id/kehati/mzb/lepi/graphium/G_milon_und_M_42686.jpg",504
"http://api.gbif.org/v1/image/unsafe/http://inabif.lipi.go.id/kehati/mzb/lepi/graphium/G_sarpedon_und_M_32012.jpg",504
"http://api.gbif.org/v1/image/unsafe/http://inabif.lipi.go.id/kehati/mzb/lepi/leuciacria/L_acuta_M_und_23666.jpg",504
"http://api.gbif.org/v1/image/unsafe/http://inabif.lipi.go.id/kehati/mzb/lepi/pachliopta/P_adamas_und_M_40022.jpg",504
"http://api.gbif.org/v1/image/unsafe/http://inabif.lipi.go.id/kehati/mzb/lepi/pachliopta/P_polyphontes_und_M_40200.jpg",504
"http://api.gbif.org/v1/image/unsafe/http://inabif.lipi.go.id/kehati/mzb/lepi/papilio/P_memnon_und_F_31029.jpg",504
"http://api.gbif.org/v1/image/unsafe/http://inabif.lipi.go.id/kehati/mzb/lepi/troides/T_criton_und_F_42277.jpg",504
"http://api.gbif.org/v1/image/unsafe/http://inabif.lipi.go.id/kehati/mzb/lepi/catopsilia/C_pomona_F_und_22544.jpg",504
"http://api.gbif.org/v1/image/unsafe/http://inabif.lipi.go.id/kehati/mzb/lepi/catopsilia/C_pomona_F_und_24857.jpg",504
"http://api.gbif.org/v1/image/unsafe/http://inabif.lipi.go.id/kehati/mzb/lepi/catopsilia/C_pomona_F_und_31690.jpg",504
"http://api.gbif.org/v1/image/unsafe/http://inabif.lipi.go.id/kehati/mzb/lepi/catopsilia/C_pomona_F_und_22105.jpg",504
"http://api.gbif.org/v1/image/unsafe/http://inabif.lipi.go.id/kehati/mzb/lepi/catopsilia/C_pomona_F_und_22142.jpg",504
"http://api.gbif.org/v1/image/unsafe/http://inabif.lipi.go.id/kehati/mzb/lepi/catopsilia/C_pomona_F_und_22145.jpg",504
"http://api.gbif.org/v1/image/unsafe/http://inabif.lipi.go.id/kehati/mzb/lepi/catopsilia/C_pomona_F_und_22149.jpg",504
"http://api.gbif.org/v1/image/unsafe/http://inabif.lipi.go.id/kehati/mzb/lepi/catopsilia/C_pomona_F_und_22199.jpg",504
"http://api.gbif.org/v1/image/unsafe/http://inabif.lipi.go.id/kehati/mzb/lepi/catopsilia/C_pomona_F_und_22209.jpg",504
"http://api.gbif.org/v1/image/unsafe/http://inabif.lipi.go.id/kehati/mzb/lepi/catopsilia/C_pomona_F_und_22223.jpg",504
"http://api.gbif.org/v1/image/unsafe/http://inabif.lipi.go.id/kehati/mzb/lepi/catopsilia/C_pomona_F_und_22225.jpg",504
"http://api.gbif.org/v1/image/unsafe/http://inabif.lipi.go.id/kehati/mzb/lepi/catopsilia/C_pomona_F_und_22244.jpg",504
"http://api.gbif.org/v1/image/unsafe/http://inabif.lipi.go.id/kehati/mzb/lepi/catopsilia/C_pomona_F_und_22291.jpg",504
"http://api.gbif.org/v1/image/unsafe/http://inabif.lipi.go.id/kehati/mzb/lepi/catopsilia/C_pomona_F_und_22293.jpg",504
"http://api.gbif.org/v1/image/unsafe/http://inabif.lipi.go.id/kehati/mzb/lepi/catopsilia/C_pomona_F_und_22316.jpg",504
"http://api.gbif.org/v1/image/unsafe/http://inabif.lipi.go.id/kehati/mzb/lepi/catopsilia/C_pomona_F_und_22426.jpg",504
"http://api.gbif.org/v1/image/unsafe/http://inabif.lipi.go.id/kehati/mzb/lepi/catopsilia/C_pomona_F_und_22444.jpg",504
"http://api.gbif.org/v1/image/unsafe/http://inabif.lipi.go.id/kehati/mzb/lepi/catopsilia/C_pomona_F_und_22487.jpg",504
"http://api.gbif.org/v1/image/unsafe/http://inabif.lipi.go.id/kehati/mzb/lepi/catopsilia/C_pomona_F_und_24798.jpg",504
"http://api.gbif.org/v1/image/unsafe/http://inabif.lipi.go.id/kehati/mzb/lepi/catopsilia/C_pomona_F_und_33280.jpg",504
"http://api.gbif.org/v1/image/unsafe/http://inabif.lipi.go.id/kehati/mzb/lepi/catopsilia/C_pomona_F_und_33281.jpg",504
"http://api.gbif.org/v1/image/unsafe/http://inabif.lipi.go.id/kehati/mzb/lepi/catopsilia/C_pomona_F_und_33498.jpg",504
"http://api.gbif.org/v1/image/unsafe/http://inabif.lipi.go.id/kehati/mzb/lepi/catopsilia/C_pomona_F_und_45717.jpg",504
"http://api.gbif.org/v1/image/unsafe/http://inabif.lipi.go.id/kehati/mzb/lepi/catopsilia/C_pomona_F_und_45728.jpg",504
"http://api.gbif.org/v1/image/unsafe/http://inabif.lipi.go.id/kehati/mzb/lepi/catopsilia/C_pomona_F_und_45734.jpg",504
"http://api.gbif.org/v1/image/unsafe/http://inabif.lipi.go.id/kehati/mzb/lepi/catopsilia/C_pomona_F_und_45738.jpg",504
"http://api.gbif.org/v1/image/unsafe/http://inabif.lipi.go.id/kehati/mzb/lepi/catopsilia/C_pomona_F_und_45741.jpg",504
"http://api.gbif.org/v1/image/unsafe/http://inabif.lipi.go.id/kehati/mzb/lepi/catopsilia/C_pomona_F_und_45761.jpg",504
"http://api.gbif.org/v1/image/unsafe/http://inabif.lipi.go.id/kehati/mzb/lepi/catopsilia/C_pomona_F_und_45763.jpg",504
"http://api.gbif.org/v1/image/unsafe/http://inabif.lipi.go.id/kehati/mzb/lepi/catopsilia/C_pomona_F_und_45768.jpg",504
"http://api.gbif.org/v1/image/unsafe/http://inabif.lipi.go.id/kehati/mzb/lepi/catopsilia/C_pomona_F_und_45795.jpg",504
"http://api.gbif.org/v1/image/unsafe/http://inabif.lipi.go.id/kehati/mzb/lepi/catopsilia/C_pomona_F_und_45796.jpg",504
"http://api.gbif.org/v1/image/unsafe/http://inabif.lipi.go.id/kehati/mzb/lepi/catopsilia/C_pomona_F_und_45801.jpg",504
"http://api.gbif.org/v1/image/unsafe/http://inabif.lipi.go.id/kehati/mzb/lepi/catopsilia/C_pomona_F_und_45806.jpg",504
"http://api.gbif.org/v1/image/unsafe/http://inabif.lipi.go.id/kehati/mzb/lepi/catopsilia/C_pomona_F_und_46195.jpg",504
"http://api.gbif.org/v1/image/unsafe/http://inabif.lipi.go.id/kehati/mzb/lepi/catopsilia/C_pomona_F_und_46233.jpg",504
"http://api.gbif.org/v1/image/unsafe/http://inabif.lipi.go.id/kehati/mzb/lepi/catopsilia/C_pomona_F_und_46234.jpg",504
"http://api.gbif.org/v1/image/unsafe/http://inabif.lipi.go.id/kehati/mzb/lepi/catopsilia/C_pomona_F_und_46276.jpg",504
"http://api.gbif.org/v1/image/unsafe/http://inabif.lipi.go.id/kehati/mzb/lepi/catopsilia/C_pomona_F_und_46277.jpg",504
"http://api.gbif.org/v1/image/unsafe/http://inabif.lipi.go.id/kehati/mzb/lepi/catopsilia/C_pomona_F_und_46298.jpg",504
"http://api.gbif.org/v1/image/unsafe/http://inabif.lipi.go.id/kehati/mzb/lepi/catopsilia/C_pomona_M_und_22562.jpg",504
"http://api.gbif.org/v1/image/unsafe/http://inabif.lipi.go.id/kehati/mzb/lepi/catopsilia/C_pomona_M_und_45758.jpg",504
"http://api.gbif.org/v1/image/unsafe/http://inabif.lipi.go.id/kehati/mzb/lepi/catopsilia/C_pomona_M_und_45799.jpg",504
"http://api.gbif.org/v1/image/unsafe/http://inabif.lipi.go.id/kehati/mzb/lepi/catopsilia/C_pomona_M_und_46213.jpg",504
"http://api.gbif.org/v1/image/unsafe/http://inabif.lipi.go.id/kehati/mzb/lepi/catopsilia/C_pomona_M_und_22080.jpg",504
"http://api.gbif.org/v1/image/unsafe/http://inabif.lipi.go.id/kehati/mzb/lepi/catopsilia/C_pomona_M_und_22135.jpg",504
"http://api.gbif.org/v1/image/unsafe/http://inabif.lipi.go.id/kehati/mzb/lepi/catopsilia/C_pomona_M_und_22136.jpg",504
"http://api.gbif.org/v1/image/unsafe/http://inabif.lipi.go.id/kehati/mzb/lepi/catopsilia/C_pomona_M_und_22148.jpg",504
"http://api.gbif.org/v1/image/unsafe/http://inabif.lipi.go.id/kehati/mzb/lepi/catopsilia/C_pomona_M_und_22179.jpg",504
"http://api.gbif.org/v1/image/unsafe/http://inabif.lipi.go.id/kehati/mzb/lepi/catopsilia/C_pomona_M_und_22191.jpg",504
"http://api.gbif.org/v1/image/unsafe/http://inabif.lipi.go.id/kehati/mzb/lepi/catopsilia/C_pomona_M_und_22358.jpg",504
"http://api.gbif.org/v1/image/unsafe/http://inabif.lipi.go.id/kehati/mzb/lepi/catopsilia/C_pomona_M_und_22398.jpg",504
"http://api.gbif.org/v1/image/unsafe/http://inabif.lipi.go.id/kehati/mzb/lepi/catopsilia/C_pomona_M_und_22433.jpg",504
"http://api.gbif.org/v1/image/unsafe/http://inabif.lipi.go.id/kehati/mzb/lepi/catopsilia/C_pomona_M_und_22440.jpg",504
"http://api.gbif.org/v1/image/unsafe/http://inabif.lipi.go.id/kehati/mzb/lepi/catopsilia/C_pomona_M_und_22469.jpg",504
"http://api.gbif.org/v1/image/unsafe/http://inabif.lipi.go.id/kehati/mzb/lepi/catopsilia/C_pomona_M_und_22478.jpg",504
"http://api.gbif.org/v1/image/unsafe/http://inabif.lipi.go.id/kehati/mzb/lepi/catopsilia/C_pomona_M_und_22512.jpg",504
"http://api.gbif.org/v1/image/unsafe/http://inabif.lipi.go.id/kehati/mzb/lepi/catopsilia/C_pomona_M_und_22521.jpg",504
"http://api.gbif.org/v1/image/unsafe/http://inabif.lipi.go.id/kehati/mzb/lepi/catopsilia/C_pomona_M_und_24803.jpg",504
"http://api.gbif.org/v1/image/unsafe/http://inabif.lipi.go.id/kehati/mzb/lepi/catopsilia/C_pomona_M_und_24985.jpg",504
"http://api.gbif.org/v1/image/unsafe/http://inabif.lipi.go.id/kehati/mzb/lepi/catopsilia/C_pomona_M_und_31048.jpg",504
"http://api.gbif.org/v1/image/unsafe/http://inabif.lipi.go.id/kehati/mzb/lepi/catopsilia/C_pomona_M_und_33283.jpg",504
"http://api.gbif.org/v1/image/unsafe/http://inabif.lipi.go.id/kehati/mzb/lepi/catopsilia/C_pomona_M_und_33500.jpg",504
"http://api.gbif.org/v1/image/unsafe/http://inabif.lipi.go.id/kehati/mzb/lepi/catopsilia/C_pomona_M_und_45715.jpg",504
"http://api.gbif.org/v1/image/unsafe/http://inabif.lipi.go.id/kehati/mzb/lepi/catopsilia/C_pomona_M_und_45716.jpg",504
"http://api.gbif.org/v1/image/unsafe/http://inabif.lipi.go.id/kehati/mzb/lepi/catopsilia/C_pomona_M_und_45718.jpg",504
"http://api.gbif.org/v1/image/unsafe/http://inabif.lipi.go.id/kehati/mzb/lepi/catopsilia/C_pomona_M_und_45723.jpg",504
"http://api.gbif.org/v1/image/unsafe/http://inabif.lipi.go.id/kehati/mzb/lepi/catopsilia/C_pomona_M_und_45725.jpg",504
"http://api.gbif.org/v1/image/unsafe/http://inabif.lipi.go.id/kehati/mzb/lepi/catopsilia/C_pomona_M_und_45732.jpg",504
"http://api.gbif.org/v1/image/unsafe/http://inabif.lipi.go.id/kehati/mzb/lepi/catopsilia/C_pomona_M_und_45753.jpg",504
"http://api.gbif.org/v1/image/unsafe/http://inabif.lipi.go.id/kehati/mzb/lepi/catopsilia/C_pomona_M_und_45765.jpg",504
"http://api.gbif.org/v1/image/unsafe/http://inabif.lipi.go.id/kehati/mzb/lepi/catopsilia/C_pomona_M_und_45769.jpg",504
"http://api.gbif.org/v1/image/unsafe/http://inabif.lipi.go.id/kehati/mzb/lepi/catopsilia/C_pomona_M_und_45775.jpg",504
"http://api.gbif.org/v1/image/unsafe/http://inabif.lipi.go.id/kehati/mzb/lepi/catopsilia/C_pomona_M_und_45786.jpg",504
"http://api.gbif.org/v1/image/unsafe/http://inabif.lipi.go.id/kehati/mzb/lepi/catopsilia/C_pomona_M_und_45793.jpg",504
"http://api.gbif.org/v1/image/unsafe/http://inabif.lipi.go.id/kehati/mzb/lepi/catopsilia/C_pomona_M_und_45802.jpg",504
"http://api.gbif.org/v1/image/unsafe/http://inabif.lipi.go.id/kehati/mzb/lepi/catopsilia/C_pomona_M_und_46194.jpg",504
"http://api.gbif.org/v1/image/unsafe/http://inabif.lipi.go.id/kehati/mzb/lepi/catopsilia/C_pomona_M_und_46203.jpg",504
"http://api.gbif.org/v1/image/unsafe/http://inabif.lipi.go.id/kehati/mzb/lepi/catopsilia/C_pomona_M_und_46226.jpg",504
"http://api.gbif.org/v1/image/unsafe/http://inabif.lipi.go.id/kehati/mzb/lepi/catopsilia/C_pyranthe_F_und_46335.jpg",504
"http://api.gbif.org/v1/image/unsafe/http://inabif.lipi.go.id/kehati/mzb/lepi/catopsilia/C_pyranthe_F_und_46353.jpg",504
"http://api.gbif.org/v1/image/unsafe/http://inabif.lipi.go.id/kehati/mzb/lepi/catopsilia/C_pyranthe_F_und_46360.jpg",504
"http://api.gbif.org/v1/image/unsafe/http://inabif.lipi.go.id/kehati/mzb/lepi/catopsilia/C_pyranthe_M_und_46337.jpg",504
"http://api.gbif.org/v1/image/unsafe/http://inabif.lipi.go.id/kehati/mzb/lepi/catopsilia/C_pyranthe_M_und_46349.jpg",504
"http://api.gbif.org/v1/image/unsafe/http://inabif.lipi.go.id/kehati/mzb/lepi/catopsilia/C_pyranthe_M_und_46352.jpg",504
"http://api.gbif.org/v1/image/unsafe/http://inabif.lipi.go.id/kehati/mzb/lepi/catopsilia/C_scylla_F_und_22034.jpg",504
"http://api.gbif.org/v1/image/unsafe/http://inabif.lipi.go.id/kehati/mzb/lepi/catopsilia/C_scylla_F_und_22037.jpg",504
"http://api.gbif.org/v1/image/unsafe/http://inabif.lipi.go.id/kehati/mzb/lepi/catopsilia/C_scylla_F_und_22050.jpg",504
"http://api.gbif.org/v1/image/unsafe/http://inabif.lipi.go.id/kehati/mzb/lepi/catopsilia/C_scylla_F_und_22062.jpg",504
"http://api.gbif.org/v1/image/unsafe/http://inabif.lipi.go.id/kehati/mzb/lepi/catopsilia/C_scylla_F_und_22252.jpg",504
"http://api.gbif.org/v1/image/unsafe/http://inabif.lipi.go.id/kehati/mzb/lepi/catopsilia/C_scylla_F_und_22270.jpg",504
"http://api.gbif.org/v1/image/unsafe/http://inabif.lipi.go.id/kehati/mzb/lepi/catopsilia/C_scylla_F_und_22275.jpg",504
"http://api.gbif.org/v1/image/unsafe/http://inabif.lipi.go.id/kehati/mzb/lepi/catopsilia/C_scylla_F_und_22394.jpg",504
"http://api.gbif.org/v1/image/unsafe/http://inabif.lipi.go.id/kehati/mzb/lepi/catopsilia/C_scylla_F_und_22529.jpg",504
"http://api.gbif.org/v1/image/unsafe/http://inabif.lipi.go.id/kehati/mzb/lepi/catopsilia/C_scylla_F_und_46316.jpg",504
"http://api.gbif.org/v1/image/unsafe/http://inabif.lipi.go.id/kehati/mzb/lepi/catopsilia/C_scylla_F_und_46323.jpg",504
"http://api.gbif.org/v1/image/unsafe/http://inabif.lipi.go.id/kehati/mzb/lepi/catopsilia/C_scylla_F_und_46325.jpg",504
"http://api.gbif.org/v1/image/unsafe/http://inabif.lipi.go.id/kehati/mzb/lepi/catopsilia/C_scylla_F_und_46329.jpg",504
"http://api.gbif.org/v1/image/unsafe/http://inabif.lipi.go.id/kehati/mzb/lepi/catopsilia/C_scylla_M_und_22032.jpg",504
"http://api.gbif.org/v1/image/unsafe/http://inabif.lipi.go.id/kehati/mzb/lepi/catopsilia/C_scylla_M_und_22036.jpg",504
"http://api.gbif.org/v1/image/unsafe/http://inabif.lipi.go.id/kehati/mzb/lepi/catopsilia/C_scylla_M_und_22040.jpg",504
"http://api.gbif.org/v1/image/unsafe/http://inabif.lipi.go.id/kehati/mzb/lepi/catopsilia/C_scylla_M_und_22042.jpg",504
"http://api.gbif.org/v1/image/unsafe/http://inabif.lipi.go.id/kehati/mzb/lepi/catopsilia/C_scylla_M_und_22045.jpg",504
"http://api.gbif.org/v1/image/unsafe/http://inabif.lipi.go.id/kehati/mzb/lepi/catopsilia/C_scylla_M_und_22051.jpg",504
"http://api.gbif.org/v1/image/unsafe/http://inabif.lipi.go.id/kehati/mzb/lepi/catopsilia/C_scylla_M_und_22057.jpg",504
"http://api.gbif.org/v1/image/unsafe/http://inabif.lipi.go.id/kehati/mzb/lepi/catopsilia/C_scylla_M_und_22061.jpg",504
"http://api.gbif.org/v1/image/unsafe/http://inabif.lipi.go.id/kehati/mzb/lepi/catopsilia/C_scylla_M_und_22128.jpg",504
"http://api.gbif.org/v1/image/unsafe/http://inabif.lipi.go.id/kehati/mzb/lepi/catopsilia/C_scylla_M_und_22254.jpg",504
"http://api.gbif.org/v1/image/unsafe/http://inabif.lipi.go.id/kehati/mzb/lepi/catopsilia/C_scylla_M_und_22278.jpg",504
"http://api.gbif.org/v1/image/unsafe/http://inabif.lipi.go.id/kehati/mzb/lepi/catopsilia/C_scylla_M_und_22530.jpg",504
"http://api.gbif.org/v1/image/unsafe/http://inabif.lipi.go.id/kehati/mzb/lepi/catopsilia/C_scylla_M_und_24796.jpg",504
"http://api.gbif.org/v1/image/unsafe/http://inabif.lipi.go.id/kehati/mzb/lepi/catopsilia/C_scylla_M_und_46306.jpg",504
"http://api.gbif.org/v1/image/unsafe/http://inabif.lipi.go.id/kehati/mzb/lepi/catopsilia/C_scylla_M_und_46307.jpg",504
"http://api.gbif.org/v1/image/unsafe/http://inabif.lipi.go.id/kehati/mzb/lepi/catopsilia/C_scylla_M_und_46314.jpg",504
"http://api.gbif.org/v1/image/unsafe/http://inabif.lipi.go.id/kehati/mzb/lepi/catopsilia/C_scylla_M_und_46317.jpg",504
"http://api.gbif.org/v1/image/unsafe/http://inabif.lipi.go.id/kehati/mzb/lepi/catopsilia/C_scylla_M_und_46320.jpg",504
"http://api.gbif.org/v1/image/unsafe/http://inabif.lipi.go.id/kehati/mzb/lepi/catopsilia/C_scylla_M_und_46321.jpg",504
"http://api.gbif.org/v1/image/unsafe/http://inabif.lipi.go.id/kehati/mzb/lepi/catopsilia/C_scylla_M_und_46326.jpg",504
"http://api.gbif.org/v1/image/unsafe/http://inabif.lipi.go.id/kehati/mzb/lepi/cepora/C_iudith_F_und_22584.jpg",504
"http://api.gbif.org/v1/image/unsafe/http://inabif.lipi.go.id/kehati/mzb/lepi/cepora/C_iudith_F_und_22590.jpg",504
"http://api.gbif.org/v1/image/unsafe/http://inabif.lipi.go.id/kehati/mzb/lepi/cepora/C_iudith_F_und_22597.jpg",504
"http://api.gbif.org/v1/image/unsafe/http://inabif.lipi.go.id/kehati/mzb/lepi/cepora/C_iudith_F_und_33507.jpg",504
"http://api.gbif.org/v1/image/unsafe/http://inabif.lipi.go.id/kehati/mzb/lepi/cepora/C_iudith_F_und_47601.jpg",504
"http://api.gbif.org/v1/image/unsafe/http://inabif.lipi.go.id/kehati/mzb/lepi/cepora/C_iudith_F_und_47606.jpg",504
"http://api.gbif.org/v1/image/unsafe/http://inabif.lipi.go.id/kehati/mzb/lepi/cepora/C_iudith_M_und_22596.jpg",504
"http://api.gbif.org/v1/image/unsafe/http://inabif.lipi.go.id/kehati/mzb/lepi/cepora/C_iudith_M_und_23606.jpg",504
"http://api.gbif.org/v1/image/unsafe/http://inabif.lipi.go.id/kehati/mzb/lepi/cepora/C_iudith_M_und_23607.jpg",504
"http://api.gbif.org/v1/image/unsafe/http://inabif.lipi.go.id/kehati/mzb/lepi/cepora/C_iudith_M_und_23610.jpg",504
"http://api.gbif.org/v1/image/unsafe/http://inabif.lipi.go.id/kehati/mzb/lepi/cepora/C_iudith_M_und_23616.jpg",504
"http://api.gbif.org/v1/image/unsafe/http://inabif.lipi.go.id/kehati/mzb/lepi/cepora/C_iudith_M_und_29528.jpg",504
"http://api.gbif.org/v1/image/unsafe/http://inabif.lipi.go.id/kehati/mzb/lepi/cepora/C_iudith_M_und_33574.jpg",504
"http://api.gbif.org/v1/image/unsafe/http://inabif.lipi.go.id/kehati/mzb/lepi/cepora/C_iudith_M_und_47464.jpg",504
"http://api.gbif.org/v1/image/unsafe/http://inabif.lipi.go.id/kehati/mzb/lepi/cepora/C_iudith_M_und_47598.jpg",504
"http://api.gbif.org/v1/image/unsafe/http://inabif.lipi.go.id/kehati/mzb/lepi/cepora/C_nerisa_F_und_18625.jpg",504
"http://api.gbif.org/v1/image/unsafe/http://inabif.lipi.go.id/kehati/mzb/lepi/cepora/C_nerisa_F_und_18642.jpg",504
"http://api.gbif.org/v1/image/unsafe/http://inabif.lipi.go.id/kehati/mzb/lepi/cepora/C_nerisa_M_und_18615.jpg",504
"http://api.gbif.org/v1/image/unsafe/http://inabif.lipi.go.id/kehati/mzb/lepi/cepora/C_nerisa_M_und_18641.jpg",504
"http://api.gbif.org/v1/image/unsafe/http://inabif.lipi.go.id/kehati/mzb/lepi/cepora/C_nerisa_M_und_31053.jpg",504
"http://api.gbif.org/v1/image/unsafe/http://inabif.lipi.go.id/kehati/mzb/lepi/cepora/C_nerisa_M_und_47632.jpg",504
"http://api.gbif.org/v1/image/unsafe/http://inabif.lipi.go.id/kehati/mzb/lepi/delias/D_belisama_F_und_21248.jpg",504
"http://api.gbif.org/v1/image/unsafe/http://inabif.lipi.go.id/kehati/mzb/lepi/delias/D_belisama_F_und_21260.jpg",504
"http://api.gbif.org/v1/image/unsafe/http://inabif.lipi.go.id/kehati/mzb/lepi/delias/D_belisama_F_und_21709.jpg",504
"http://api.gbif.org/v1/image/unsafe/http://inabif.lipi.go.id/kehati/mzb/lepi/delias/D_belisama_F_und_21730.jpg",504
"http://api.gbif.org/v1/image/unsafe/http://inabif.lipi.go.id/kehati/mzb/lepi/delias/D_belisama_F_und_24818.jpg",504
"http://api.gbif.org/v1/image/unsafe/http://inabif.lipi.go.id/kehati/mzb/lepi/delias/D_belisama_F_und_31064.jpg",504
"http://api.gbif.org/v1/image/unsafe/http://inabif.lipi.go.id/kehati/mzb/lepi/delias/D_belisama_F_und_32766.jpg",504
"http://api.gbif.org/v1/image/unsafe/http://inabif.lipi.go.id/kehati/mzb/lepi/delias/D_belisama_F_und_32769.jpg",504
"http://api.gbif.org/v1/image/unsafe/http://inabif.lipi.go.id/kehati/mzb/lepi/delias/D_belisama_F_und_33434.jpg",504
"http://api.gbif.org/v1/image/unsafe/http://inabif.lipi.go.id/kehati/mzb/lepi/delias/D_belisama_F_und_48391.jpg",504
"http://api.gbif.org/v1/image/unsafe/http://inabif.lipi.go.id/kehati/mzb/lepi/delias/D_belisama_F_nd_48411.jpg",504
"http://api.gbif.org/v1/image/unsafe/http://inabif.lipi.go.id/kehati/mzb/lepi/delias/D_belisama_F_und_48438.jpg",504
"http://api.gbif.org/v1/image/unsafe/http://inabif.lipi.go.id/kehati/mzb/lepi/delias/D_belisama_F_und_48454.jpg",504
"http://api.gbif.org/v1/image/unsafe/http://inabif.lipi.go.id/kehati/mzb/lepi/delias/D_belisama_F_und_48466.jpg",504
"http://api.gbif.org/v1/image/unsafe/http://inabif.lipi.go.id/kehati/mzb/lepi/delias/D_belisama_F_und_48469.jpg",504
"http://api.gbif.org/v1/image/unsafe/http://inabif.lipi.go.id/kehati/mzb/lepi/delias/D_belisama_M_und_21297.jpg",504
"http://api.gbif.org/v1/image/unsafe/http://inabif.lipi.go.id/kehati/mzb/lepi/delias/D_belisama_M_und_21732.jpg",504
"http://api.gbif.org/v1/image/unsafe/http://inabif.lipi.go.id/kehati/mzb/lepi/delias/D_belisama_M_und_24824.jpg",504
"http://api.gbif.org/v1/image/unsafe/http://inabif.lipi.go.id/kehati/mzb/lepi/delias/D_belisama_M_und_31056.jpg",504
"http://api.gbif.org/v1/image/unsafe/http://inabif.lipi.go.id/kehati/mzb/lepi/delias/D_belisama_M_und_32759.jpg",504
"http://api.gbif.org/v1/image/unsafe/http://inabif.lipi.go.id/kehati/mzb/lepi/delias/D_belisama_M_und_32768.jpg",504
"http://api.gbif.org/v1/image/unsafe/http://inabif.lipi.go.id/kehati/mzb/lepi/delias/D_belisama_M_und_48402.jpg",504
"http://api.gbif.org/v1/image/unsafe/http://inabif.lipi.go.id/kehati/mzb/lepi/delias/D_belisama_M_und_48409.jpg",504
"http://api.gbif.org/v1/image/unsafe/http://inabif.lipi.go.id/kehati/mzb/lepi/delias/D_belisama_M_und_48435.jpg",504
"http://api.gbif.org/v1/image/unsafe/http://inabif.lipi.go.id/kehati/mzb/lepi/delias/D_belisama_M_und_48445.jpg",504
"http://api.gbif.org/v1/image/unsafe/http://inabif.lipi.go.id/kehati/mzb/lepi/delias/D_belisama_M_und_48448.jpg",504
"http://api.gbif.org/v1/image/unsafe/http://inabif.lipi.go.id/kehati/mzb/lepi/delias/D_belisama_M_und_48477.jpg",504
"http://api.gbif.org/v1/image/unsafe/http://inabif.lipi.go.id/kehati/mzb/lepi/delias/D_ceneus_M_und_21858.jpg",504
"http://api.gbif.org/v1/image/unsafe/http://inabif.lipi.go.id/kehati/mzb/lepi/delias/D_chritoe_F_und_21376.jpg",504
"http://api.gbif.org/v1/image/unsafe/http://inabif.lipi.go.id/kehati/mzb/lepi/delias/D_chritoe_F_und_21565.jpg",504
"http://api.gbif.org/v1/image/unsafe/http://inabif.lipi.go.id/kehati/mzb/lepi/delias/D_chritoe_F_und_21566.jpg",504
"http://api.gbif.org/v1/image/unsafe/http://inabif.lipi.go.id/kehati/mzb/lepi/delias/D_chritoe_F_und_21581.jpg",504
"http://api.gbif.org/v1/image/unsafe/http://inabif.lipi.go.id/kehati/mzb/lepi/delias/D_chritoe_F_und_21584.jpg",504
"http://api.gbif.org/v1/image/unsafe/http://inabif.lipi.go.id/kehati/mzb/lepi/delias/D_chritoe_F_und_21589.jpg",504
"http://api.gbif.org/v1/image/unsafe/http://inabif.lipi.go.id/kehati/mzb/lepi/delias/D_chritoe_F_und_21590.jpg",504
"http://api.gbif.org/v1/image/unsafe/http://inabif.lipi.go.id/kehati/mzb/lepi/delias/D_chritoe_F_und_21602.jpg",504
"http://api.gbif.org/v1/image/unsafe/http://inabif.lipi.go.id/kehati/mzb/lepi/delias/D_chritoe_F_und_21733.jpg",504
"http://api.gbif.org/v1/image/unsafe/http://inabif.lipi.go.id/kehati/mzb/lepi/delias/D_chritoe_F_und_21734.jpg",504
"http://api.gbif.org/v1/image/unsafe/http://inabif.lipi.go.id/kehati/mzb/lepi/delias/D_chritoe_F_und_24741.jpg",504
"http://api.gbif.org/v1/image/unsafe/http://inabif.lipi.go.id/kehati/mzb/lepi/delias/D_chritoe_F_und_32916.jpg",504
"http://api.gbif.org/v1/image/unsafe/http://inabif.lipi.go.id/kehati/mzb/lepi/delias/D_chritoe_F_und_48490.jpg",504
"http://api.gbif.org/v1/image/unsafe/http://inabif.lipi.go.id/kehati/mzb/lepi/delias/D_chritoe_M_und_21380.jpg",504
"http://api.gbif.org/v1/image/unsafe/http://inabif.lipi.go.id/kehati/mzb/lepi/delias/D_chritoe_M_und_21382.jpg",504
"http://api.gbif.org/v1/image/unsafe/http://inabif.lipi.go.id/kehati/mzb/lepi/delias/D_chritoe_M_und_21385.jpg",504
"http://api.gbif.org/v1/image/unsafe/http://inabif.lipi.go.id/kehati/mzb/lepi/delias/D_chritoe_M_und_21387.jpg",504
"http://api.gbif.org/v1/image/unsafe/http://inabif.lipi.go.id/kehati/mzb/lepi/delias/D_chritoe_M_und_21564.jpg",504
"http://api.gbif.org/v1/image/unsafe/http://inabif.lipi.go.id/kehati/mzb/lepi/delias/D_chritoe_M_und_21568.jpg",504
"http://api.gbif.org/v1/image/unsafe/http://inabif.lipi.go.id/kehati/mzb/lepi/delias/D_chritoe_M_und_21571.jpg",504
"http://api.gbif.org/v1/image/unsafe/http://inabif.lipi.go.id/kehati/mzb/lepi/delias/D_chritoe_M_und_21572.jpg",504
"http://api.gbif.org/v1/image/unsafe/http://inabif.lipi.go.id/kehati/mzb/lepi/delias/D_chritoe_M_und_21576.jpg",504
"http://api.gbif.org/v1/image/unsafe/http://inabif.lipi.go.id/kehati/mzb/lepi/delias/D_chritoe_M_und_21582.jpg",504
"http://api.gbif.org/v1/image/unsafe/http://inabif.lipi.go.id/kehati/mzb/lepi/delias/D_chritoe_M_und_21593.jpg",504
"http://api.gbif.org/v1/image/unsafe/http://inabif.lipi.go.id/kehati/mzb/lepi/delias/D_chritoe_M_und_21605.jpg",504
"http://api.gbif.org/v1/image/unsafe/http://inabif.lipi.go.id/kehati/mzb/lepi/delias/D_chritoe_M_und_21606.jpg",504
"http://api.gbif.org/v1/image/unsafe/http://inabif.lipi.go.id/kehati/mzb/lepi/delias/D_chritoe_M_und_21736.jpg",504
"http://api.gbif.org/v1/image/unsafe/http://inabif.lipi.go.id/kehati/mzb/lepi/delias/D_chritoe_M_und_32913.jpg",504
"http://api.gbif.org/v1/image/unsafe/http://inabif.lipi.go.id/kehati/mzb/lepi/delias/D_chritoe_M_und_32917.jpg",504
"http://api.gbif.org/v1/image/unsafe/http://inabif.lipi.go.id/kehati/mzb/lepi/delias/D_chritoe_M_und_33146.jpg",504
"http://api.gbif.org/v1/image/unsafe/http://inabif.lipi.go.id/kehati/mzb/lepi/delias/D_chritoe_M_und_48487.jpg",504
"http://api.gbif.org/v1/image/unsafe/http://inabif.lipi.go.id/kehati/mzb/lepi/delias/D_chrysolmelaena_F_und_32838.jpg",504
"http://api.gbif.org/v1/image/unsafe/http://inabif.lipi.go.id/kehati/mzb/lepi/delias/D_crithoe_M_und_49874.jpg",504
"http://api.gbif.org/v1/image/unsafe/http://inabif.lipi.go.id/kehati/mzb/lepi/delias/D_hyparete_F_und_21477.jpg",504
"http://api.gbif.org/v1/image/unsafe/http://inabif.lipi.go.id/kehati/mzb/lepi/delias/D_hyparete_F_und_21532.jpg",504
"http://api.gbif.org/v1/image/unsafe/http://inabif.lipi.go.id/kehati/mzb/lepi/delias/D_hyparete_F_und_21545.jpg",504
"http://api.gbif.org/v1/image/unsafe/http://inabif.lipi.go.id/kehati/mzb/lepi/delias/D_hyparete_F_und_21549.jpg",504
"http://api.gbif.org/v1/image/unsafe/http://inabif.lipi.go.id/kehati/mzb/lepi/delias/D_hyparete_F_und_21554.jpg",504
"http://api.gbif.org/v1/image/unsafe/http://inabif.lipi.go.id/kehati/mzb/lepi/delias/D_hyparete_F_und_21559.jpg",504
"http://api.gbif.org/v1/image/unsafe/http://inabif.lipi.go.id/kehati/mzb/lepi/delias/D_hyparete_F_und_32619.jpg",504
"http://api.gbif.org/v1/image/unsafe/http://inabif.lipi.go.id/kehati/mzb/lepi/delias/D_hyparete_F_und_32622.jpg",504
"http://api.gbif.org/v1/image/unsafe/http://inabif.lipi.go.id/kehati/mzb/lepi/delias/D_hyparete_F_und_33577.jpg",504
"http://api.gbif.org/v1/image/unsafe/http://inabif.lipi.go.id/kehati/mzb/lepi/delias/D_hyparete_M_und_21312.jpg",504
"http://api.gbif.org/v1/image/unsafe/http://inabif.lipi.go.id/kehati/mzb/lepi/delias/D_hyparete_M_und_21525.jpg",504
"http://api.gbif.org/v1/image/unsafe/http://inabif.lipi.go.id/kehati/mzb/lepi/delias/D_hyparete_M_und_21544.jpg",504
"http://api.gbif.org/v1/image/unsafe/http://inabif.lipi.go.id/kehati/mzb/lepi/delias/D_hyparete_M_und_21546.jpg",504
"http://api.gbif.org/v1/image/unsafe/http://inabif.lipi.go.id/kehati/mzb/lepi/delias/D_hyparete_M_und_21642.jpg",504
"http://api.gbif.org/v1/image/unsafe/http://inabif.lipi.go.id/kehati/mzb/lepi/delias/D_hyparete_M_und_24749.jpg",504
"http://api.gbif.org/v1/image/unsafe/http://inabif.lipi.go.id/kehati/mzb/lepi/delias/D_hyparete_M_und_32605.jpg",504
"http://api.gbif.org/v1/image/unsafe/http://inabif.lipi.go.id/kehati/mzb/lepi/delias/D_hyparete_M_und_32615.jpg",504
"http://api.gbif.org/v1/image/unsafe/http://inabif.lipi.go.id/kehati/mzb/lepi/delias/D_hyparete_M_und_32623.jpg",504
"http://api.gbif.org/v1/image/unsafe/http://inabif.lipi.go.id/kehati/mzb/lepi/delias/D_hyparete_M_und_32625.jpg",504
"http://api.gbif.org/v1/image/unsafe/http://inabif.lipi.go.id/kehati/mzb/lepi/delias/D_hyparete_M_und_48484.jpg",504
"http://api.gbif.org/v1/image/unsafe/http://inabif.lipi.go.id/kehati/mzb/lepi/delias/D_hyparete_M_und_48494.jpg",504
"http://api.gbif.org/v1/image/unsafe/http://inabif.lipi.go.id/kehati/mzb/lepi/delias/D_isse_M_und_21612.jpg",504
"http://api.gbif.org/v1/image/unsafe/http://inabif.lipi.go.id/kehati/mzb/lepi/delias/D_leucias_M_und_3967.jpg",504
"http://api.gbif.org/v1/image/unsafe/http://inabif.lipi.go.id/kehati/mzb/lepi/delias/D_luctuosa_M_und_50180.jpg",504
"http://api.gbif.org/v1/image/unsafe/http://inabif.lipi.go.id/kehati/mzb/lepi/delias/D_manuselensis_M_und_32987.jpg",504
"http://api.gbif.org/v1/image/unsafe/http://inabif.lipi.go.id/kehati/mzb/lepi/delias/D_momea_M_und_32968.jpg",504
"http://api.gbif.org/v1/image/unsafe/http://inabif.lipi.go.id/kehati/mzb/lepi/delias/D_mysis_M_und_21662.jpg",504
"http://api.gbif.org/v1/image/unsafe/http://inabif.lipi.go.id/kehati/mzb/lepi/delias/D_ninus_F_und_32934.jpg",504
"http://api.gbif.org/v1/image/unsafe/http://inabif.lipi.go.id/kehati/mzb/lepi/delias/D_ninus_M_und_32935.jpg",504
"http://api.gbif.org/v1/image/unsafe/http://inabif.lipi.go.id/kehati/mzb/lepi/delias/D_pasithoe_F_und_21418.jpg",504
"http://api.gbif.org/v1/image/unsafe/http://inabif.lipi.go.id/kehati/mzb/lepi/delias/D_pasithoe_F_und_21443.jpg",504
"http://api.gbif.org/v1/image/unsafe/http://inabif.lipi.go.id/kehati/mzb/lepi/delias/D_pasithoe_F_und_32940.jpg",504
"http://api.gbif.org/v1/image/unsafe/http://inabif.lipi.go.id/kehati/mzb/lepi/delias/D_pasithoe_F_und_33578.jpg",504
"http://api.gbif.org/v1/image/unsafe/http://inabif.lipi.go.id/kehati/mzb/lepi/delias/D_pasithoe_M_und_49868.jpg",504
"http://api.gbif.org/v1/image/unsafe/http://inabif.lipi.go.id/kehati/mzb/lepi/delias/D_pasithoe_M_und_32943.jpg",504
"http://api.gbif.org/v1/image/unsafe/http://inabif.lipi.go.id/kehati/mzb/lepi/delias/D_pasithoe_M_und_48496.jpg",504
"http://api.gbif.org/v1/image/unsafe/http://inabif.lipi.go.id/kehati/mzb/lepi/delias/D_periboea_F_und_21510.jpg",504
"https://medialib.naturalis.nl/file/id/ZMA.INS.5112537
 ZMA>INS 5112537_2/format/medium",404
"https://medialib.naturalis.nl/file/id/ZMA.INS.515619_2/format/medium",404
"https://medialib.naturalis.nl/file/id/ZMA.INS.5165995
 ZMA.INS.5165995_2/format/medium",404
"https://medialib.naturalis.nl/file/id/ZAM.INS.5152497_2/format/medium",404
"https://medialib.naturalis.nl/file/id/Zma.INS.1473107_2/format/large",404
"https://medialib.naturalis.nl/file/id/ZMA.INS.1662045_2/format/large",404
"https://medialib.naturalis.nl/file/id/ZMA.INS.1662046_2/format/large",404
"https://medialib.naturalis.nl/file/id/ZMA.INS.1662047_2/format/large",404
"https://medialib.naturalis.nl/file/id/ZMA.INS.1662048_2/format/large",404
"https://medialib.naturalis.nl/file/id/ZMA.INS.1662049_2/format/large",404
"https://medialib.naturalis.nl/file/id/RMNH.INS.1671814_2/format/large",429
"https://medialib.naturalis.nl/file/id/RMNH.INS.984653_2/format/large",404
"https://medialib.naturalis.nl/file/id/RMNH.INS.984663_2/format/large",404
"https://medialib.naturalis.nl/file/id/RMNH.INS.1563228_2/format/large",404
"https://medialib.naturalis.nl/file/id/RMNH.INS.984582_2/format/large",429
"https://medialib.naturalis.nl/file/id/RMNH.INS.984824_2/format/large",404
"https://medialib.naturalis.nl/file/id/RMNH.INS.984771_2/format/large",404
"https://medialib.naturalis.nl/file/id/RMNH.INS.984772_2/format/large",404
"https://medialib.naturalis.nl/file/id/RMNH.INS.984777_2/format/large",404
"https://medialib.naturalis.nl/file/id/RMNH.INS.984795_2/format/large",404
"https://medialib.naturalis.nl/file/id/RMNH.INS.1563314_2/format/large",429
"https://medialib.naturalis.nl/file/id/RMNH.INS.984790_2/format/large",404
"https://medialib.naturalis.nl/file/id/RMNH.INS.984670_2/format/large",404
"https://medialib.naturalis.nl/file/id/RMNH.INS.984671_2/format/large",404
"https://medialib.naturalis.nl/file/id/RMNH.INS.984672_2/format/large",404
"https://medialib.naturalis.nl/file/id/RMNH.INS.984673_2/format/large",404
"https://medialib.naturalis.nl/file/id/RMNH.INS.1563311_2/format/large",404
"https://medialib.naturalis.nl/file/id/RMNH.INS.1563377_2/format/large",404
"https://medialib.naturalis.nl/file/id/RMNH.INS.984608_2/format/large",404
"https://medialib.naturalis.nl/file/id/RMNH.INS.984794_2/format/large",404
"https://medialib.naturalis.nl/file/id/RMNH.INS.984686_2/format/large",404
"https://medialib.naturalis.nl/file/id/RMNH.INS.1563200_2/format/large",404
"https://medialib.naturalis.nl/file/id/RMNH.INS.1563201_2/format/large",404
"https://medialib.naturalis.nl/file/id/RMNH.INS.1563202_2/format/large",404
"https://medialib.naturalis.nl/file/id/RMNH.INS.984623_2/format/large",404
"https://medialib.naturalis.nl/file/id/RMNH.INS.984615_2/format/large",404
"https://medialib.naturalis.nl/file/id/RMNH.INS.984605_2/format/large",404
"https://medialib.naturalis.nl/file/id/RMNH.INS.984604_2/format/large",404
"https://medialib.naturalis.nl/file/id/RMNH.INS.984730_2/format/large",404
"https://medialib.naturalis.nl/file/id/RMNH.INS.984729_2/format/large",404
"https://medialib.naturalis.nl/file/id/RMNH.INS.984731_2/format/large",404
"https://medialib.naturalis.nl/file/id/RMNH.INS.984732_2/format/large",404
"https://medialib.naturalis.nl/file/id/RMNH.INS.984719_2/format/large",404
"https://medialib.naturalis.nl/file/id/RMNH.INS.984720_2/format/large",404
"https://medialib.naturalis.nl/file/id/RMNH.INS.1563346_2/format/large",404
"https://medialib.naturalis.nl/file/id/RMNH.INS.1563348_2/format/large",404
"https://medialib.naturalis.nl/file/id/RMNH.INS.1563306_2/format/large",404
"https://medialib.naturalis.nl/file/id/RMNH.INS.1563345_2/format/large",404
"https://medialib.naturalis.nl/file/id/RMNH.INS.984721_2/format/large",404
"https://medialib.naturalis.nl/file/id/RMNH.INS.1563359_2/format/large",404
"https://medialib.naturalis.nl/file/id/RMNH.INS.1563360_2/format/large",404
"https://medialib.naturalis.nl/file/id/RMNH.INS.1563362_2/format/large",404
"https://medialib.naturalis.nl/file/id/RMNH.INS.984580_2/format/large",404
"https://medialib.naturalis.nl/file/id/RMNH.INS.984599_2/format/large",404
"https://medialib.naturalis.nl/file/id/RMNH.INS.984598_2/format/large",404
"https://medialib.naturalis.nl/file/id/RMNH.INS.1563358_2/format/large",404
"https://medialib.naturalis.nl/file/id/RMNH.INS.1563361_2/format/large",404
"https://medialib.naturalis.nl/file/id/RMNH.INS.1563363_2/format/large",404
"https://medialib.naturalis.nl/file/id/RMNH.INS.1563365_2/format/large",404
"https://medialib.naturalis.nl/file/id/RMNH.INS.1563366_2/format/large",404
"https://medialib.naturalis.nl/file/id/RMNH.INS.1563379_2/format/large",404
"https://medialib.naturalis.nl/file/id/RMNH.INS.1563380_2/format/large",404
"https://medialib.naturalis.nl/file/id/RMNH.INS.1563381_2/format/large",404
"https://medialib.naturalis.nl/file/id/RMNH.INS.1563382_2/format/large",404
"https://medialib.naturalis.nl/file/id/RMNH.INS.1563383_2/format/large",404
"https://medialib.naturalis.nl/file/id/RMNH.INS.1563249_2/format/large",404
"https://medialib.naturalis.nl/file/id/RMNH.INS.1563251_2/format/large",404
"https://medialib.naturalis.nl/file/id/RMNH.INS.984632_2/format/large",404
"https://medialib.naturalis.nl/file/id/RMNH.INS.984624_2/format/large",404
"https://medialib.naturalis.nl/file/id/RMNH.INS.984681_2/format/large",404
"https://medialib.naturalis.nl/file/id/RMNH.INS.984697_2/format/large",404
"https://medialib.naturalis.nl/file/id/RMNH.INS.984684_2/format/large",404
"https://medialib.naturalis.nl/file/id/RMNH.INS.984683_2/format/large",404
"https://medialib.naturalis.nl/file/id/RMNH.INS.984625_2/format/large",404
"https://medialib.naturalis.nl/file/id/RMNH.INS.984687_2/format/large",404
"https://medialib.naturalis.nl/file/id/RMNH.INS.984600_2/format/large",404
"https://medialib.naturalis.nl/file/id/RMNH.INS.984652_2/format/large",404
"https://medialib.naturalis.nl/file/id/RMNH.INS.984662_2/format/large",404
"https://medialib.naturalis.nl/file/id/RMNH.INS.984636_2/format/large",404
"https://medialib.naturalis.nl/file/id/RMNH.INS.984763_2/format/large",404
"https://medialib.naturalis.nl/file/id/RMNH.INS.984679_2/format/large",429
"https://medialib.naturalis.nl/file/id/RMNH.INS.1563234_2/format/large",404
"https://medialib.naturalis.nl/file/id/RMNH.INS.1563208_2/format/large",404
"https://medialib.naturalis.nl/file/id/RMNH.INS.1563230_2/format/large",404
"https://medialib.naturalis.nl/file/id/RMNH.INS.984725_2/format/large",404
"https://medialib.naturalis.nl/file/id/RMNH.INS.984743_2/format/large",404
"https://medialib.naturalis.nl/file/id/RMNH.INS.984742_2/format/large",404
"https://medialib.naturalis.nl/file/id/RMNH.INS.984744_2/format/large",404
"https://medialib.naturalis.nl/file/id/RMNH.INS.984745_2/format/large",404
"https://medialib.naturalis.nl/file/id/RMNH.INS.984746_2/format/large",404
"https://medialib.naturalis.nl/file/id/RMNH.INS.984747_2/format/large",404
"https://medialib.naturalis.nl/file/id/RMNH.INS.984749_2/format/large",404
"https://medialib.naturalis.nl/file/id/RMNH.INS.984750_2/format/large",404
"https://medialib.naturalis.nl/file/id/RMNH.INS.984739_2/format/large",404
"https://medialib.naturalis.nl/file/id/RMNH.INS.1563270_2/format/large",404
"https://medialib.naturalis.nl/file/id/RMNH.INS.1563271_2/format/large",404
"https://medialib.naturalis.nl/file/id/RMNH.INS.1563272_2/format/large",404
"https://medialib.naturalis.nl/file/id/RMNH.INS.1563273_2/format/large",404
"https://medialib.naturalis.nl/file/id/RMNH.INS.1563274_2/format/large",404
"https://medialib.naturalis.nl/file/id/RMNH.INS.1563275_2/format/large",404
"https://medialib.naturalis.nl/file/id/RMNH.INS.1563276_2/format/large",404
"https://medialib.naturalis.nl/file/id/RMNH.INS.1563277_2/format/large",404
"https://medialib.naturalis.nl/file/id/RMNH.INS.1563278_2/format/large",404
"https://medialib.naturalis.nl/file/id/RMNH.INS.1563279_2/format/large",404
"https://medialib.naturalis.nl/file/id/RMNH.INS.1563280_2/format/large",404
"https://medialib.naturalis.nl/file/id/RMNH.INS.1563281_2/format/large",404
"https://medialib.naturalis.nl/file/id/RMNH.INS.1563282_2/format/large",404
"https://medialib.naturalis.nl/file/id/RMNH.INS.1563283_2/format/large",404
"https://medialib.naturalis.nl/file/id/RMNH.INS.1563284_2/format/large",404
"https://medialib.naturalis.nl/file/id/RMNH.INS.1563285_2/format/large",404
"https://medialib.naturalis.nl/file/id/RMNH.INS.1563286_2/format/large",404
"https://medialib.naturalis.nl/file/id/RMNH.INS.1563287_2/format/large",404
"https://medialib.naturalis.nl/file/id/RMNH.INS.1563288_2/format/large",404
"https://medialib.naturalis.nl/file/id/RMNH.INS.1563289_2/format/large",404
"https://medialib.naturalis.nl/file/id/RMNH.INS.1563290_2/format/large",404
"https://medialib.naturalis.nl/file/id/RMNH.INS.1563291_2/format/large",404
"https://medialib.naturalis.nl/file/id/RMNH.INS.1563292_2/format/large",404
"https://medialib.naturalis.nl/file/id/RMNH.INS.1563293_2/format/large",404
"https://medialib.naturalis.nl/file/id/RMNH.INS.1563294_2/format/large",404
"https://medialib.naturalis.nl/file/id/RMNH.INS.1563295_2/format/large",404
"https://medialib.naturalis.nl/file/id/RMNH.INS.1563296_2/format/large",404
"https://medialib.naturalis.nl/file/id/RMNH.INS.1563297_2/format/large",404
"https://medialib.naturalis.nl/file/id/RMNH.INS.1563298_2/format/large",404
"https://medialib.naturalis.nl/file/id/RMNH.INS.1563330_2/format/large",404
"https://medialib.naturalis.nl/file/id/RMNH.INS.1563331_2/format/large",404
"https://medialib.naturalis.nl/file/id/RMNH.INS.1563343_2/format/large",404
"https://medialib.naturalis.nl/file/id/RMNH.INS.1563301_2/format/large",404
"https://medialib.naturalis.nl/file/id/RMNH.INS.1563302_2/format/large",404
"https://medialib.naturalis.nl/file/id/RMNH.INS.1563303_2/format/large",404
"https://medialib.naturalis.nl/file/id/RMNH.INS.1563304_2/format/large",404
"https://medialib.naturalis.nl/file/id/RMNH.INS.1563321_2/format/large",404
"https://medialib.naturalis.nl/file/id/RMNH.INS.1563322_2/format/large",404
"https://medialib.naturalis.nl/file/id/RMNH.INS.1563323_2/format/large",404
"https://medialib.naturalis.nl/file/id/RMNH.INS.1563324_2/format/large",404
"https://medialib.naturalis.nl/file/id/RMNH.INS.1563325_2/format/large",404
"https://medialib.naturalis.nl/file/id/RMNH.INS.1563326_2/format/large",404
"https://medialib.naturalis.nl/file/id/RMNH.INS.1563327_2/format/large",429
"https://medialib.naturalis.nl/file/id/RMNH.INS.1563241_2/format/large",404
"https://medialib.naturalis.nl/file/id/RMNH.INS.1563245_2/format/large",404
"https://medialib.naturalis.nl/file/id/RMNH.INS.1563246_2/format/large",404
"https://medialib.naturalis.nl/file/id/RMNH.INS.984737_2/format/large",404
"https://medialib.naturalis.nl/file/id/RMNH.INS.1563238_2/format/large",404
"https://medialib.naturalis.nl/file/id/RMNH.INS.1563242_2/format/large",404
"https://medialib.naturalis.nl/file/id/RMNH.INS.1563243_2/format/large",404
"https://medialib.naturalis.nl/file/id/RMNH.INS.1563265_2/format/large",404
"https://medialib.naturalis.nl/file/id/RMNH.INS.1563332_2/format/large",404
"https://medialib.naturalis.nl/file/id/RMNH.INS.984577_2/format/large",404
"https://medialib.naturalis.nl/file/id/RMNH.INS.984578_2/format/large",404
"https://medialib.naturalis.nl/file/id/RMNH.INS.984576_2/format/large",404
"https://medialib.naturalis.nl/file/id/RMNH.INS.984678_2/format/large",404
"https://medialib.naturalis.nl/file/id/RMNH.INS.984680_2/format/large",404
"https://medialib.naturalis.nl/file/id/RMNH.INS.984784_2/format/large",404
"https://medialib.naturalis.nl/file/id/RMNH.INS.1563207_2/format/large",404
"https://medialib.naturalis.nl/file/id/RMNH.INS.984741_2/format/large",404
"https://medialib.naturalis.nl/file/id/RMNH.INS.984748_2/format/large",404
"https://medialib.naturalis.nl/file/id/RMNH.INS.984738_2/format/large",404
"https://medialib.naturalis.nl/file/id/RMNH.INS.984736_2/format/large",404
"https://medialib.naturalis.nl/file/id/RMNH.INS.984740_2/format/large",404
"https://medialib.naturalis.nl/file/id/RMNH.INS.984648_2/format/large",404
"https://medialib.naturalis.nl/file/id/RMNH.INS.984649_2/format/large",404
"https://medialib.naturalis.nl/file/id/RMNH.INS.984650_2/format/large",404
"https://medialib.naturalis.nl/file/id/RMNH.INS.1563268_2/format/large",404
"https://medialib.naturalis.nl/file/id/RMNH.INS.1563266_2/format/large",404
"https://medialib.naturalis.nl/file/id/RMNH.INS.1563267_2/format/large",404
"https://medialib.naturalis.nl/file/id/RMNH.INS.1563269_2/format/large",404
"https://medialib.naturalis.nl/file/id/RMNH.INS.1563315_2/format/large",404
"https://medialib.naturalis.nl/file/id/RMNH.INS.1563316_2/format/large",404
"https://medialib.naturalis.nl/file/id/RMNH.INS.1563317_2/format/large",404
"https://medialib.naturalis.nl/file/id/RMNH.INS.1563318_2/format/large",404
"https://medialib.naturalis.nl/file/id/RMNH.INS.1563319_2/format/large",404
"https://medialib.naturalis.nl/file/id/RMNH.INS.1563320_2/format/large",404
"https://medialib.naturalis.nl/file/id/RMNH.INS.1563328_2/format/large",404
"https://medialib.naturalis.nl/file/id/RMNH.INS.1563329_2/format/large",429
"https://medialib.naturalis.nl/file/id/RMNH.INS.984800_2/format/large",404
"https://medialib.naturalis.nl/file/id/RMNH.INS.1563357_2/format/large",404
"https://medialib.naturalis.nl/file/id/RMNH.INS.984661_2/format/large",404
"https://medialib.naturalis.nl/file/id/RMNH.INS.1563185_2/format/large",404
"https://medialib.naturalis.nl/file/id/RMNH.INS.1563225_2/format/large",404
"https://medialib.naturalis.nl/file/id/RMNH.INS.1563236_2/format/large",404
"https://medialib.naturalis.nl/file/id/RMNH.INS.984644_2/format/large",404
"https://medialib.naturalis.nl/file/id/RMNH.INS.1563333_2/format/large",404
"https://medialib.naturalis.nl/file/id/RMNH.INS.1563349_2/format/large",404
"https://medialib.naturalis.nl/file/id/RMNH.INS.1563305_2/format/large",404
"https://medialib.naturalis.nl/file/id/RMNH.INS.1563312_2/format/large",404
"https://medialib.naturalis.nl/file/id/RMNH.INS.1563198_2/format/large",404
"https://medialib.naturalis.nl/file/id/RMNH.INS.1563258_2/format/large",404
"https://medialib.naturalis.nl/file/id/RMNH.INS.1563313_2/format/large",404
"https://medialib.naturalis.nl/file/id/RMNH.INS.984714_2/format/large",404
"https://medialib.naturalis.nl/file/id/RMNH.INS.984778_2/format/large",404
"https://medialib.naturalis.nl/file/id/RMNH.INS.1563231_2/format/large",404
"https://medialib.naturalis.nl/file/id/RMNH.INS.984645_2/format/large",404
"https://medialib.naturalis.nl/file/id/RMNH.INS.1563342_2/format/large",404
"https://medialib.naturalis.nl/file/id/RMNH.INS.1563344_2/format/large",404
"https://medialib.naturalis.nl/file/id/RMNH.INS.1563373_2/format/large",404
"https://medialib.naturalis.nl/file/id/RMNH.INS.1563374_2/format/large",404
"https://medialib.naturalis.nl/file/id/RMNH.INS.1563378_2/format/large",404
"https://medialib.naturalis.nl/file/id/RMNH.INS.1563352_2/format/large",404
"https://medialib.naturalis.nl/file/id/RMNH.INS.1563371_2/format/large",404
"https://medialib.naturalis.nl/file/id/RMNH.INS.1563370_2/format/large",404
"https://medialib.naturalis.nl/file/id/RMNH.INS.984802_2/format/large",404
"https://medialib.naturalis.nl/file/id/RMNH.INS.1563254_2/format/large",404
"https://medialib.naturalis.nl/file/id/RMNH.INS.984701_2/format/large",404
"https://medialib.naturalis.nl/file/id/RMNH.INS.1563220_2/format/large",404
"https://medialib.naturalis.nl/file/id/RMNH.INS.984700_2/format/large",404
"https://medialib.naturalis.nl/file/id/RMNH.INS.984621_2/format/large",404
"https://medialib.naturalis.nl/file/id/RMNH.INS.984622_2/format/large",404
"https://medialib.naturalis.nl/file/id/RMNH.INS.984620_2/format/large",404
"https://medialib.naturalis.nl/file/id/RMNH.INS.984613_2/format/large",404
"https://medialib.naturalis.nl/file/id/RMNH.INS.984614_2/format/large",404
"https://medialib.naturalis.nl/file/id/RMNH.INS.984612_2/format/large",404
"https://medialib.naturalis.nl/file/id/RMNH.INS.984611_2/format/large",404
"https://medialib.naturalis.nl/file/id/RMNH.INS.984629_2/format/large",404
"https://medialib.naturalis.nl/file/id/RMNH.INS.984630_2/format/large",404
"https://medialib.naturalis.nl/file/id/RMNH.INS.984628_2/format/large",404
"https://medialib.naturalis.nl/file/id/RMNH.INS.984631_2/format/large",404
"https://medialib.naturalis.nl/file/id/RMNH.INS.984804_2/format/large",404
"https://medialib.naturalis.nl/file/id/RMNH.INS.984805_2/format/large",404
"https://medialib.naturalis.nl/file/id/RMNH.INS.984807_2/format/large",404
"https://medialib.naturalis.nl/file/id/RMNH.INS.984806_2/format/large",404
"https://medialib.naturalis.nl/file/id/RMNH.INS.984833_2/format/large",404
"https://medialib.naturalis.nl/file/id/RMNH.INS.984834_2/format/large",404
"https://medialib.naturalis.nl/file/id/RMNH.INS.984835_2/format/large",404
"https://medialib.naturalis.nl/file/id/RMNH.INS.984792_2/format/large",404
"https://medialib.naturalis.nl/file/id/RMNH.INS.984791_2/format/large",404
"https://medialib.naturalis.nl/file/id/RMNH.INS.984793_2/format/large",404
"https://medialib.naturalis.nl/file/id/RMNH.INS.984690_2/format/large",404
"https://medialib.naturalis.nl/file/id/RMNH.INS.984693_2/format/large",404
"https://medialib.naturalis.nl/file/id/RMNH.INS.984691_2/format/large",404
"https://medialib.naturalis.nl/file/id/RMNH.INS.984692_2/format/large",404
"https://medialib.naturalis.nl/file/id/RMNH.INS.984696_2/format/large",404
"https://medialib.naturalis.nl/file/id/RMNH.INS.984735_2/format/large",404
"https://medialib.naturalis.nl/file/id/RMNH.INS.984734_2/format/large",404
"https://medialib.naturalis.nl/file/id/RMNH.INS.1563350_2/format/large",404
"https://medialib.naturalis.nl/file/id/RMNH.INS.1563351_2/format/large",404
"https://medialib.naturalis.nl/file/id/RMNH.INS.1563239_2/format/large",404
"https://medialib.naturalis.nl/file/id/RMNH.INS.1563240_2/format/large",404
"https://medialib.naturalis.nl/file/id/RMNH.INS.984817_2/format/large",404
"https://medialib.naturalis.nl/file/id/RMNH.INS.984811_2/format/large",404
"https://medialib.naturalis.nl/file/id/RMNH.INS.984818_2/format/large",404
"https://medialib.naturalis.nl/file/id/RMNH.INS.984816_2/format/large",404
"https://medialib.naturalis.nl/file/id/RMNH.INS.984812_2/format/large",404
"https://medialib.naturalis.nl/file/id/RMNH.INS.984838_2/format/large",404
"https://medialib.naturalis.nl/file/id/RMNH.INS.984820_2/format/large",404
"https://medialib.naturalis.nl/file/id/RMNH.INS.984821_2/format/large",404
"https://medialib.naturalis.nl/file/id/RMNH.INS.984814_2/format/large",404
"https://medialib.naturalis.nl/file/id/RMNH.INS.984813_2/format/large",404
"https://medialib.naturalis.nl/file/id/RMNH.INS.984819_2/format/large",404
"https://medialib.naturalis.nl/file/id/RMNH.INS.984757_2/format/large",404
"https://medialib.naturalis.nl/file/id/RMNH.INS.984755_2/format/large",404
"https://medialib.naturalis.nl/file/id/RMNH.INS.984752_2/format/large",404
"https://medialib.naturalis.nl/file/id/RMNH.INS.984754_2/format/large",404
"https://medialib.naturalis.nl/file/id/RMNH.INS.984753_2/format/large",404
"https://medialib.naturalis.nl/file/id/RMNH.INS.984756_2/format/large",404
"https://medialib.naturalis.nl/file/id/RMNH.INS.984760_2/format/large",404
"https://medialib.naturalis.nl/file/id/RMNH.INS.984758_2/format/large",404
"https://medialib.naturalis.nl/file/id/RMNH.INS.984761_2/format/large",404
"https://medialib.naturalis.nl/file/id/RMNH.INS.984839_2/format/large",404
"https://medialib.naturalis.nl/file/id/RMNH.INS.984759_2/format/large",404
"https://medialib.naturalis.nl/file/id/RMNH.INS.984589_2/format/large",404
"https://medialib.naturalis.nl/file/id/RMNH.INS.984586_2/format/large",404
"https://medialib.naturalis.nl/file/id/RMNH.INS.984584_2/format/large",404
"https://medialib.naturalis.nl/file/id/RMNH.INS.984585_2/format/large",404
"https://medialib.naturalis.nl/file/id/RMNH.INS.984591_2/format/large",404
"https://medialib.naturalis.nl/file/id/RMNH.INS.984583_2/format/large",404
"https://medialib.naturalis.nl/file/id/RMNH.INS.984587_2/format/large",404
"https://medialib.naturalis.nl/file/id/RMNH.INS.984590_2/format/large",404
"https://medialib.naturalis.nl/file/id/RMNH.INS.984712_2/format/large",404
"https://medialib.naturalis.nl/file/id/RMNH.INS.984593_2/format/large",404
"https://medialib.naturalis.nl/file/id/RMNH.INS.984596_2/format/large",404
"https://medialib.naturalis.nl/file/id/RMNH.INS.984594_2/format/large",404
"https://medialib.naturalis.nl/file/id/RMNH.INS.984595_2/format/large",404
"https://medialib.naturalis.nl/file/id/RMNH.INS.984703_2/format/large",404
"https://medialib.naturalis.nl/file/id/RMNH.INS.984592_2/format/large",404
"https://medialib.naturalis.nl/file/id/RMNH.INS.984704_2/format/large",404
"https://medialib.naturalis.nl/file/id/RMNH.INS.984831_2/format/large",404
"https://medialib.naturalis.nl/file/id/RMNH.INS.984830_2/format/large",404
"https://medialib.naturalis.nl/file/id/RMNH.INS.984826_2/format/large",404
"https://medialib.naturalis.nl/file/id/RMNH.INS.984832_2/format/large",404
"https://medialib.naturalis.nl/file/id/RMNH.INS.984825_2/format/large",404
"https://medialib.naturalis.nl/file/id/RMNH.INS.1563210_2/format/large",404
"https://medialib.naturalis.nl/file/id/RMNH.INS.1563211_2/format/large",404
"https://medialib.naturalis.nl/file/id/RMNH.INS.1563212_2/format/large",404
"https://medialib.naturalis.nl/file/id/RMNH.INS.1563213_2/format/large",404
"https://medialib.naturalis.nl/file/id/RMNH.INS.1563214_2/format/large",404
"https://medialib.naturalis.nl/file/id/RMNH.INS.1563215_2/format/large",404
"https://medialib.naturalis.nl/file/id/RMNH.INS.1563216_2/format/large",404
"https://medialib.naturalis.nl/file/id/RMNH.INS.1563217_2/format/large",404
"https://medialib.naturalis.nl/file/id/RMNH.INS.1563218_2/format/large",404
"https://medialib.naturalis.nl/file/id/RMNH.INS.1563369_2/format/large",404
"https://medialib.naturalis.nl/file/id/RMNH.INS.1563372_2/format/large",404
"https://medialib.naturalis.nl/file/id/RMNH.INS.1563375_2/format/large",404
"https://medialib.naturalis.nl/file/id/RMNH.INS.1563376_2/format/large",404
"https://medialib.naturalis.nl/file/id/RMNH.INS.984665_2/format/large",404
"https://medialib.naturalis.nl/file/id/RMNH.INS.984666_2/format/large",404
"https://medialib.naturalis.nl/file/id/RMNH.INS.1563195_2/format/large",404
"https://medialib.naturalis.nl/file/id/RMNH.INS.984597_2/format/large",404
"https://medialib.naturalis.nl/file/id/RMNH.INS.1563353_2/format/large",404
"https://medialib.naturalis.nl/file/id/RMNH.INS.1563180_2/format/large",404
"https://medialib.naturalis.nl/file/id/RMNH.INS.1563181_2/format/large",404
"https://medialib.naturalis.nl/file/id/RMNH.INS.1563364_2/format/large",404
"https://medialib.naturalis.nl/file/id/RMNH.INS.984675_2/format/large",404
"https://medialib.naturalis.nl/file/id/RMNH.INS.984682_2/format/large",404
"https://medialib.naturalis.nl/file/id/RMNH.INS.984659_2/format/large",404
"https://medialib.naturalis.nl/file/id/RMNH.INS.984694_2/format/large",404
"https://medialib.naturalis.nl/file/id/RMNH.INS.1563223_2/format/large",404
"https://medialib.naturalis.nl/file/id/RMNH.INS.1563224_2/format/large",404
"https://medialib.naturalis.nl/file/id/RMNH.INS.1563233_2/format/large",404
"https://medialib.naturalis.nl/file/id/RMNH.INS.1563356_2/format/large",404
"https://medialib.naturalis.nl/file/id/RMNH.INS.1563204_2/format/large",404
"https://medialib.naturalis.nl/file/id/RMNH.INS.1563209_2/format/large",404
"https://medialib.naturalis.nl/file/id/RMNH.INS.1563222_2/format/large",404
"https://medialib.naturalis.nl/file/id/RMNH.INS.984809_2/format/large",404
"https://medialib.naturalis.nl/file/id/RMNH.INS.984810_2/format/large",404
"https://medialib.naturalis.nl/file/id/RMNH.INS.1563226_2/format/large",404
"https://medialib.naturalis.nl/file/id/RMNH.INS.984654_2/format/large",404
"https://medialib.naturalis.nl/file/id/RMNH.INS.984733_2/format/large",404
"https://medialib.naturalis.nl/file/id/RMNH.INS.1563219_2/format/large",404
"https://medialib.naturalis.nl/file/id/RMNH.INS.984776_2/format/large",404
"https://medialib.naturalis.nl/file/id/RMNH.INS.984803_2/format/large",404
"https://medialib.naturalis.nl/file/id/RMNH.INS.984695_2/format/large",404
"https://medialib.naturalis.nl/file/id/RMNH.INS.1563335_2/format/large",404
"https://medialib.naturalis.nl/file/id/RMNH.INS.1563338_2/format/large",404
"https://medialib.naturalis.nl/file/id/RMNH.INS.1563339_2/format/large",404
"https://medialib.naturalis.nl/file/id/RMNH.INS.1563341_2/format/large",404
"https://medialib.naturalis.nl/file/id/RMNH.INS.984822_2/format/large",404
"https://medialib.naturalis.nl/file/id/RMNH.INS.984722_2/format/large",404
"https://medialib.naturalis.nl/file/id/RMNH.INS.984723_2/format/large",404
"https://medialib.naturalis.nl/file/id/RMNH.INS.984724_2/format/large",404
"https://medialib.naturalis.nl/file/id/RMNH.INS.1563336_2/format/large",404
"https://medialib.naturalis.nl/file/id/RMNH.INS.1563337_2/format/large",404
"https://medialib.naturalis.nl/file/id/RMNH.INS.1563354_2/format/large",404
"https://medialib.naturalis.nl/file/id/RMNH.INS.984801_2/format/large",404
"https://medialib.naturalis.nl/file/id/RMNH.INS.1563334_2/format/large",404
"https://medialib.naturalis.nl/file/id/RMNH.INS.1563340_2/format/large",404
"https://medialib.naturalis.nl/file/id/RMNH.INS.984799_2/format/large",404
"https://medialib.naturalis.nl/file/id/RMNH.INS.984789_2/format/large",404
"https://medialib.naturalis.nl/file/id/RMNH.INS.984774_2/format/large",404
"https://medialib.naturalis.nl/file/id/RMNH.INS.984775_2/format/large",404
"https://medialib.naturalis.nl/file/id/RMNH.INS.984699_2/format/large",404
"https://medialib.naturalis.nl/file/id/RMNH.INS.984643_2/format/large",404
"https://medialib.naturalis.nl/file/id/RMNH.INS.984646_2/format/large",404
"https://medialib.naturalis.nl/file/id/RMNH.INS.984647_2/format/large",429
"https://medialib.naturalis.nl/file/id/RMNH.INS.1563310_2/format/large",404
"https://medialib.naturalis.nl/file/id/RMNH.INS.984780_2/format/large",404
"https://medialib.naturalis.nl/file/id/RMNH.INS.984770_2/format/large",404
"https://medialib.naturalis.nl/file/id/RMNH.INS.984667_2/format/large",404
"https://medialib.naturalis.nl/file/id/RMNH.INS.984668_2/format/large",404
"https://medialib.naturalis.nl/file/id/RMNH.INS.984669_2/format/large",404
"https://medialib.naturalis.nl/file/id/RMNH.INS.984702_2/format/large",404
"https://medialib.naturalis.nl/file/id/RMNH.INS.984635_2/format/large",404
"https://medialib.naturalis.nl/file/id/RMNH.INS.984766_2/format/large",404
"https://medialib.naturalis.nl/file/id/RMNH.INS.1563229_2/format/large",404
"https://medialib.naturalis.nl/file/id/RMNH.INS.1563235_2/format/large",404
"https://medialib.naturalis.nl/file/id/RMNH.INS.984840_2/format/large",404
"https://medialib.naturalis.nl/file/id/RMNH.INS.1563221_2/format/large",404
"https://medialib.naturalis.nl/file/id/RMNH.INS.984688_2/format/large",404
"https://medialib.naturalis.nl/file/id/RMNH.INS.984689_2/format/large",404
"https://medialib.naturalis.nl/file/id/RMNH.INS.984765_2/format/large",404
"https://medialib.naturalis.nl/file/id/RMNH.INS.984769_2/format/large",404
"https://medialib.naturalis.nl/file/id/RMNH.INS.984715_2/format/large",404
"https://medialib.naturalis.nl/file/id/RMNH.INS.984718_2/format/large",404
"https://medialib.naturalis.nl/file/id/RMNH.INS.984717_2/format/large",404
"https://medialib.naturalis.nl/file/id/RMNH.INS.984716_2/format/large",404
"https://medialib.naturalis.nl/file/id/RMNH.INS.1563307_2/format/large",404
"https://medialib.naturalis.nl/file/id/RMNH.INS.1563308_2/format/large",404
"https://medialib.naturalis.nl/file/id/RMNH.INS.1563309_2/format/large",404
"https://medialib.naturalis.nl/file/id/RMNH.INS.1563255_2/format/large",404
"https://medialib.naturalis.nl/file/id/RMNH.INS.1563256_2/format/large",404
"https://medialib.naturalis.nl/file/id/RMNH.INS.1563257_2/format/large",404
"https://medialib.naturalis.nl/file/id/RMNH.INS.1563259_2/format/large",404
"https://medialib.naturalis.nl/file/id/RMNH.INS.1563260_2/format/large",404
"https://medialib.naturalis.nl/file/id/RMNH.INS.1563261_2/format/large",404
"https://medialib.naturalis.nl/file/id/RMNH.INS.1563262_2/format/large",404
"https://medialib.naturalis.nl/file/id/RMNH.INS.1563263_2/format/large",404
"https://medialib.naturalis.nl/file/id/RMNH.INS.1563264_2/format/large",404
"https://medialib.naturalis.nl/file/id/RMNH.INS.1563232_2/format/large",404
"https://medialib.naturalis.nl/file/id/ZMA.INS.1241265_2/format/large",404
"https://medialib.naturalis.nl/file/id/RMNH.INS.984601_2/format/large",404
"https://medialib.naturalis.nl/file/id/RMNH.INS.984634_2/format/large",404
"https://medialib.naturalis.nl/file/id/RMNH.INS.1563237_2/format/large",404
"https://medialib.naturalis.nl/file/id/RMNH.INS.984640_2/format/large",404
"https://medialib.naturalis.nl/file/id/RMNH.INS.984762_2/format/large",404
"https://medialib.naturalis.nl/file/id/RMNH.INS.984728_2/format/large",404
"https://medialib.naturalis.nl/file/id/RMNH.INS.984727_2/format/large",404
"https://medialib.naturalis.nl/file/id/ZMA.INS.1241268_2/format/large",404
"https://medialib.naturalis.nl/file/id/ZMA.INS.1241266_2/format/large",404
"https://medialib.naturalis.nl/file/id/ZMA.INS.1241273_2/format/large",404
"https://medialib.naturalis.nl/file/id/ZMA.INS.1241271_2/format/large",404
"https://medialib.naturalis.nl/file/id/ZMA.INS.1241272_2/format/large",404
"https://medialib.naturalis.nl/file/id/ZMA.INS.1241269_2/format/large",404
"https://medialib.naturalis.nl/file/id/ZMA.INS.1241270_2/format/large",404
"https://medialib.naturalis.nl/file/id/ZMA.INS.1241263_2/format/large",404
"https://medialib.naturalis.nl/file/id/ZMA.INS.1241264_2/format/large",404
"https://medialib.naturalis.nl/file/id/ZMA.INS.1241261_2/format/large",404
"https://medialib.naturalis.nl/file/id/ZMA.INS.1241262_2/format/large",404
"https://medialib.naturalis.nl/file/id/ZMA.INS.1241280_2/format/large",404
"https://medialib.naturalis.nl/file/id/ZMA.INS.1241281_2/format/large",404
"https://medialib.naturalis.nl/file/id/ZMA.INS.1241282_2/format/large",404
"https://medialib.naturalis.nl/file/id/RMNH.INS.1241274_2/format/large",404
"https://medialib.naturalis.nl/file/id/RMNH.INS.1241275_2/format/large",404
"https://medialib.naturalis.nl/file/id/RMNH.INS.1241276_2/format/large",404
"https://medialib.naturalis.nl/file/id/RMNH.INS.1241279_2/format/large",404
"https://medialib.naturalis.nl/file/id/RMNH.INS.1241278_2/format/large",404
"https://medialib.naturalis.nl/file/id/RMNH.INS.1563244_2/format/large",404
"https://medialib.naturalis.nl/file/id/RMNH.INS.1563247_2/format/large",404
"https://medialib.naturalis.nl/file/id/RMNH.INS.1563248_2/format/large",404
"https://medialib.naturalis.nl/file/id/ZMA.INS.1241267_2/format/large",404
"https://medialib.naturalis.nl/file/id/RMNH.INS.984764_2/format/large",404
"https://medialib.naturalis.nl/file/id/RMNH.INS.984619_2/format/large",404
"https://medialib.naturalis.nl/file/id/RMNH.INS.984751_2/format/large",404
"https://medialib.naturalis.nl/file/id/RMNH.INS.1563227_2/format/large",404
"https://medialib.naturalis.nl/file/id/RMNH.INS.984676_2/format/large",404
"https://medialib.naturalis.nl/file/id/RMNH.INS.984664_2/format/large",404
"https://medialib.naturalis.nl/file/id/RMNH.INS.984656_2/format/large",404
"https://medialib.naturalis.nl/file/id/RMNH.INS.984660_2/format/large",404
"https://medialib.naturalis.nl/file/id/RMNH.INS.984655_2/format/large",404
"https://medialib.naturalis.nl/file/id/RMNH.INS.984657_2/format/large",404
"https://medialib.naturalis.nl/file/id/RMNH.INS.984658_2/format/large",404
"https://medialib.naturalis.nl/file/id/RMNH.INS.1563199_2/format/large",404
"https://medialib.naturalis.nl/file/id/RMNH.INS.984581_2/format/large",404
"https://medialib.naturalis.nl/file/id/RMNH.INS.1563367_2/format/large",404
"https://medialib.naturalis.nl/file/id/RMNH.INS.1563368_2/format/large",404
"https://medialib.naturalis.nl/file/id/RMNH.INS.1563250_2/format/large",404
"https://medialib.naturalis.nl/file/id/RMNH.INS.1563252_2/format/large",404
"https://medialib.naturalis.nl/file/id/RMNH.INS.1563253_2/format/large",404
"https://medialib.naturalis.nl/file/id/RMNH.INS.984633_2/format/large",404
"https://medialib.naturalis.nl/file/id/RMNH.INS.984618_2/format/large",404
"https://medialib.naturalis.nl/file/id/RMNH.INS.984609_2/format/large",404
"https://medialib.naturalis.nl/file/id/RMNH.INS.984610_2/format/large",404
"https://medialib.naturalis.nl/file/id/RMNH.INS.984626_2/format/large",404
"https://medialib.naturalis.nl/file/id/RMNH.INS.984627_2/format/large",404
"https://medialib.naturalis.nl/file/id/RMNH.INS.984602_2/format/large",404
"https://medialib.naturalis.nl/file/id/RMNH.INS.984637_2/format/large",404
"https://medialib.naturalis.nl/file/id/RMNH.INS.984815_2/format/large",404
"https://medialib.naturalis.nl/file/id/RMNH.INS.984781_2/format/large",404
"https://medialib.naturalis.nl/file/id/RMNH.INS.984783_2/format/large",404
"https://medialib.naturalis.nl/file/id/RMNH.INS.984779_2/format/large",404
"https://medialib.naturalis.nl/file/id/RMNH.INS.984836_2/format/large",404
"https://medialib.naturalis.nl/file/id/RMNH.INS.984837_2/format/large",404
"https://medialib.naturalis.nl/file/id/RMNH.INS.984773_2/format/large",404
"https://medialib.naturalis.nl/file/id/RMNH.INS.984785_2/format/large",404
"https://medialib.naturalis.nl/file/id/RMNH.INS.984782_2/format/large",404
"https://medialib.naturalis.nl/file/id/RMNH.INS.984713_2/format/large",404
"https://medialib.naturalis.nl/file/id/RMNH.INS.984705_2/format/large",404
"https://medialib.naturalis.nl/file/id/RMNH.INS.984706_2/format/large",404
"https://medialib.naturalis.nl/file/id/RMNH.INS.984707_2/format/large",404
"https://medialib.naturalis.nl/file/id/RMNH.INS.984708_2/format/large",404
"https://medialib.naturalis.nl/file/id/RMNH.INS.98409_2/format/large",404
"https://medialib.naturalis.nl/file/id/RMNH.INS.984710_2/format/large",404
"https://medialib.naturalis.nl/file/id/RMNH.INS.984711_2/format/large",404
"https://medialib.naturalis.nl/file/id/RMNH.INS.984767_2/format/large",404
"https://medialib.naturalis.nl/file/id/RMNH.INS.984768_2/format/large",404
"https://medialib.naturalis.nl/file/id/RMNH.INS.984808_2/format/large",404
"https://medialib.naturalis.nl/file/id/RMNH.INS.984823_2/format/large",404
"https://medialib.naturalis.nl/file/id/RMNH.INS.984829_2/format/large",404
"https://medialib.naturalis.nl/file/id/RMNH.INS.984828_2/format/large",404
"https://medialib.naturalis.nl/file/id/RMNH.INS.984827_2/format/large",404
"https://medialib.naturalis.nl/file/id/RMNH.INS.984698_2/format/large",404
"https://medialib.naturalis.nl/file/id/RMNH.INS.984685_2/format/large",404
"https://medialib.naturalis.nl/file/id/RMNH.INS.1563182_2/format/large",404
"https://medialib.naturalis.nl/file/id/RMNH.INS.1563184_2/format/large",404
"https://medialib.naturalis.nl/file/id/RMNH.INS.1563183_2/format/large",404
"https://medialib.naturalis.nl/file/id/RMNH.INS.984651_2/format/large",404
