,Order,Butterfly_Moth,Family,Genus,Species,Subspecies,Sex,Name
0,Lepidoptera,Butterfly,Nymphalidae,Elymnias,Elymnias casiphone,Elymnias casiphone saueri,Elymnias casiphone saueri female,Lepidoptera Butterfly Nymphalidae Elymnias casiphone saueri female
1,Lepidoptera,Butterfly,Pieridae,Eurema,Eurema andersoni,Eurema andersoni,Eurema andersoni male,Lepidoptera Butterfly Pieridae Eurema andersoni nan male
3,Lepidoptera,Butterfly,Nymphalidae,Libythea,Libythea geoffroyi,Libythea geoffroyi,,Lepidoptera Butterfly Nymphalidae Libythea geoffroyi nan nan
7,Lepidoptera,Butterfly,Papilionidae,Papilio,Papilio memnon,Papilio memnon lowi,Papilio memnon lowi male,Lepidoptera Butterfly Papilionidae Papilio memnon lowi male
8,Lepidoptera,Butterfly,Papilionidae,Papilio,Papilio memnon,Papilio memnon lowi,,Lepidoptera Butterfly Papilionidae Papilio memnon lowi nan
15,Lepidoptera,Butterfly,Papilionidae,Papilio,Papilio memnon,Papilio memnon lowi,Papilio memnon lowi female,Lepidoptera Butterfly Papilionidae Papilio memnon lowi female
19,Lepidoptera,Butterfly,Nymphalidae,Athyma,Athyma gutama,Athyma gutama,,Lepidoptera Butterfly Nymphalidae Athyma gutama nan nan
20,Lepidoptera,Butterfly,Nymphalidae,Telchinia,Telchinia issoria,Telchinia issoria,,Lepidoptera Butterfly Nymphalidae Telchinia issoria nan nan
21,Lepidoptera,Butterfly,Nymphalidae,Cyrestis,Cyrestis strigata,Cyrestis strigata bettina,,Lepidoptera Butterfly Nymphalidae Cyrestis strigata bettina nan
22,Lepidoptera,Butterfly,Nymphalidae,Lexias,Lexias dirtea,Lexias dirtea,Lexias dirtea male,Lepidoptera Butterfly Nymphalidae Lexias dirtea nan male
23,Lepidoptera,Butterfly,Nymphalidae,Lexias,Lexias dirtea,Lexias dirtea,,Lepidoptera Butterfly Nymphalidae Lexias dirtea nan nan
24,Lepidoptera,Butterfly,Nymphalidae,Dichorragia,Dichorragia ninus,Dichorragia ninus,Dichorragia ninus female,Lepidoptera Butterfly Nymphalidae Dichorragia ninus nan female
25,Lepidoptera,Butterfly,Nymphalidae,Lexias,Lexias dirtea,Lexias dirtea khasiana,Lexias dirtea khasiana female,Lepidoptera Butterfly Nymphalidae Lexias dirtea khasiana female
26,Lepidoptera,Butterfly,Nymphalidae,Acraea,Acraea andromacha,Acraea andromacha,,Lepidoptera Butterfly Nymphalidae Acraea andromacha nan nan
28,Lepidoptera,Butterfly,Nymphalidae,Tanaecia,Tanaecia amisa,Tanaecia amisa,Tanaecia amisa male,Lepidoptera Butterfly Nymphalidae Tanaecia amisa nan male
29,Lepidoptera,Butterfly,Nymphalidae,Tanaecia,Tanaecia aruna,Tanaecia aruna,,Lepidoptera Butterfly Nymphalidae Tanaecia aruna nan nan
39,Lepidoptera,Butterfly,Nymphalidae,Tanaecia,Tanaecia munda,Tanaecia munda,,Lepidoptera Butterfly Nymphalidae Tanaecia munda nan nan
45,Lepidoptera,Butterfly,Nymphalidae,Acraea,Acraea andromacha,Acraea andromacha,Acraea andromacha female,Lepidoptera Butterfly Nymphalidae Acraea andromacha nan female
48,Lepidoptera,Butterfly,Nymphalidae,Acraea,Acraea meyeri,Acraea meyeri,,Lepidoptera Butterfly Nymphalidae Acraea meyeri nan nan
50,Lepidoptera,Butterfly,Nymphalidae,Acraea,Acraea meyeri,Acraea meyeri,Acraea meyeri female,Lepidoptera Butterfly Nymphalidae Acraea meyeri nan female
56,Lepidoptera,Butterfly,Nymphalidae,Acraea,Acraea meyeri,Acraea meyeri,Acraea meyeri male,Lepidoptera Butterfly Nymphalidae Acraea meyeri nan male
75,Lepidoptera,Butterfly,Nymphalidae,Dichorragia,Dichorragia nesimachus,Dichorragia nesimachus pelurius,Dichorragia nesimachus pelurius male,Lepidoptera Butterfly Nymphalidae Dichorragia nesimachus pelurius male
80,Lepidoptera,Butterfly,Nymphalidae,Dichorragia,Dichorragia nesimachus,Dichorragia nesimachus pelurius,,Lepidoptera Butterfly Nymphalidae Dichorragia nesimachus pelurius nan
86,Lepidoptera,Butterfly,Nymphalidae,Dichorragia,Dichorragia nesimachus,Dichorragia nesimachus pelurius,Dichorragia nesimachus pelurius female,Lepidoptera Butterfly Nymphalidae Dichorragia nesimachus pelurius female
91,Lepidoptera,Butterfly,Nymphalidae,Moduza,Moduza procris,Moduza procris agnata,Moduza procris agnata male,Lepidoptera Butterfly Nymphalidae Moduza procris agnata male
95,Lepidoptera,Butterfly,Nymphalidae,Neptis,Neptis omeroda,Neptis omeroda infuscata,,Lepidoptera Butterfly Nymphalidae Neptis omeroda infuscata nan
96,Lepidoptera,Butterfly,Nymphalidae,Neptis,Neptis vikasi,Neptis vikasi,Neptis vikasi male,Lepidoptera Butterfly Nymphalidae Neptis vikasi nan male
97,Lepidoptera,Butterfly,Nymphalidae,Neptis,Neptis vikasi,Neptis vikasi,,Lepidoptera Butterfly Nymphalidae Neptis vikasi nan nan
99,Lepidoptera,Butterfly,Nymphalidae,Neptis,Neptis nausicaa,Neptis nausicaa syxosa,,Lepidoptera Butterfly Nymphalidae Neptis nausicaa syxosa nan
101,Lepidoptera,Butterfly,Nymphalidae,Neptis,Neptis nausicaa,Neptis nausicaa syxosa,Neptis nausicaa syxosa male,Lepidoptera Butterfly Nymphalidae Neptis nausicaa syxosa male
102,Lepidoptera,Butterfly,Nymphalidae,Neptis,Neptis praslini,Neptis praslini connexa,Neptis praslini connexa male,Lepidoptera Butterfly Nymphalidae Neptis praslini connexa male
108,Lepidoptera,Butterfly,Nymphalidae,Neptis,Neptis praslini,Neptis praslini connexa,,Lepidoptera Butterfly Nymphalidae Neptis praslini connexa nan
111,Lepidoptera,Butterfly,Nymphalidae,Phaedyma,Phaedyma amphion,Phaedyma amphion amphion,,Lepidoptera Butterfly Nymphalidae Phaedyma amphion amphion nan
117,Lepidoptera,Butterfly,Nymphalidae,Athyma,Athyma nefte,Athyma nefte,Athyma nefte female,Lepidoptera Butterfly Nymphalidae Athyma nefte nan female
122,Lepidoptera,Butterfly,Nymphalidae,Athyma,Athyma nefte,Athyma nefte,,Lepidoptera Butterfly Nymphalidae Athyma nefte nan nan
123,Lepidoptera,Butterfly,Nymphalidae,Athyma,Athyma nefte,Athyma nefte,Athyma nefte male,Lepidoptera Butterfly Nymphalidae Athyma nefte nan male
127,Lepidoptera,Butterfly,Nymphalidae,Tarattia,Tarattia bruijni,Tarattia bruijni,Tarattia bruijni male,Lepidoptera Butterfly Nymphalidae Tarattia bruijni nan male
128,Lepidoptera,Butterfly,Nymphalidae,Tarattia,Tarattia bruijni,Tarattia bruijni,Tarattia bruijni female,Lepidoptera Butterfly Nymphalidae Tarattia bruijni nan female
130,Lepidoptera,Butterfly,Nymphalidae,Auzakia,Auzakia danava,Auzakia danava albomarginata,Auzakia danava albomarginata male,Lepidoptera Butterfly Nymphalidae Auzakia danava albomarginata male
131,Lepidoptera,Butterfly,Lycaenidae,Dicallaneura,Dicallaneura decorata,Dicallaneura decorata sangha,,Lepidoptera Butterfly Lycaenidae Dicallaneura decorata sangha nan
132,Lepidoptera,Butterfly,Lycaenidae,Dicallaneura,Dicallaneura decorata,Dicallaneura decorata sangha,Dicallaneura decorata sangha female,Lepidoptera Butterfly Lycaenidae Dicallaneura decorata sangha female
133,Lepidoptera,Butterfly,Lycaenidae,Dicallaneura,Dicallaneura decorata,Dicallaneura decorata kausambides,,Lepidoptera Butterfly Lycaenidae Dicallaneura decorata kausambides nan
134,Lepidoptera,Butterfly,Lycaenidae,Dicallaneura,Dicallaneura ribbei,Dicallaneura ribbei cyanandra,Dicallaneura ribbei cyanandra male,Lepidoptera Butterfly Lycaenidae Dicallaneura ribbei cyanandra male
135,Lepidoptera,Butterfly,Lycaenidae,Praetaxila,Praetaxila segecia,Praetaxila segecia,,Lepidoptera Butterfly Lycaenidae Praetaxila segecia nan nan
136,Lepidoptera,Butterfly,Lycaenidae,Praetaxila,Praetaxila segecia,Praetaxila segecia,Praetaxila segecia female,Lepidoptera Butterfly Lycaenidae Praetaxila segecia nan female
138,Lepidoptera,Butterfly,Papilionidae,Papilio,Papilio helenus,Papilio helenus enganius,,Lepidoptera Butterfly Papilionidae Papilio helenus enganius nan
139,Lepidoptera,Butterfly,Nymphalidae,Junonia,Junonia villida,Junonia villida,Junonia villida male,Lepidoptera Butterfly Nymphalidae Junonia villida nan male
140,Lepidoptera,Butterfly,Papilionidae,Pachliopta,Pachliopta adamas,Pachliopta adamas probus,,Lepidoptera Butterfly Papilionidae Pachliopta adamas probus nan
141,Lepidoptera,Butterfly,Papilionidae,Pachliopta,Pachliopta adamas,Pachliopta adamas probus,Pachliopta adamas probus female,Lepidoptera Butterfly Papilionidae Pachliopta adamas probus female
142,Lepidoptera,Butterfly,Papilionidae,Pachliopta,Pachliopta antiphus,Pachliopta antiphus antiphus,,Lepidoptera Butterfly Papilionidae Pachliopta antiphus antiphus nan
143,Lepidoptera,Butterfly,Papilionidae,Pachliopta,Pachliopta antiphus,Pachliopta antiphus antiphus,Pachliopta antiphus antiphus male,Lepidoptera Butterfly Papilionidae Pachliopta antiphus antiphus male
150,Lepidoptera,Butterfly,Papilionidae,Ornithoptera,Ornithoptera priamus,Ornithoptera priamus teucrus,Ornithoptera priamus teucrus female,Lepidoptera Butterfly Papilionidae Ornithoptera priamus teucrus female
152,Lepidoptera,Butterfly,Papilionidae,Ornithoptera,Ornithoptera priamus,Ornithoptera priamus teucrus,Ornithoptera priamus teucrus male,Lepidoptera Butterfly Papilionidae Ornithoptera priamus teucrus male
155,Lepidoptera,Butterfly,Nymphalidae,Cyrestis,Cyrestis acilia,Cyrestis acilia harterti,,Lepidoptera Butterfly Nymphalidae Cyrestis acilia harterti nan
169,Lepidoptera,Butterfly,Nymphalidae,Cyrestis,Cyrestis acilia,Cyrestis acilia harterti,Cyrestis acilia harterti male,Lepidoptera Butterfly Nymphalidae Cyrestis acilia harterti male
171,Lepidoptera,Butterfly,Nymphalidae,Cyrestis,Cyrestis acilia,Cyrestis acilia harterti,Cyrestis acilia harterti female,Lepidoptera Butterfly Nymphalidae Cyrestis acilia harterti female
178,Lepidoptera,Butterfly,Nymphalidae,Parthenos,Parthenos sylvia,Parthenos sylvia salentia,,Lepidoptera Butterfly Nymphalidae Parthenos sylvia salentia nan
180,Lepidoptera,Butterfly,Nymphalidae,Parthenos,Parthenos sylvia,Parthenos sylvia salentia,Parthenos sylvia salentia female,Lepidoptera Butterfly Nymphalidae Parthenos sylvia salentia female
181,Lepidoptera,Butterfly,Nymphalidae,Parthenos,Parthenos sylvia,Parthenos sylvia salentia,Parthenos sylvia salentia male,Lepidoptera Butterfly Nymphalidae Parthenos sylvia salentia male
196,Lepidoptera,Butterfly,Nymphalidae,Tanaecia,Tanaecia iapis,Tanaecia iapis,,Lepidoptera Butterfly Nymphalidae Tanaecia iapis nan nan
197,Lepidoptera,Butterfly,Nymphalidae,Tanaecia,Tanaecia iapis,Tanaecia iapis,Tanaecia iapis male,Lepidoptera Butterfly Nymphalidae Tanaecia iapis nan male
198,Lepidoptera,Butterfly,Nymphalidae,Tanaecia,Tanaecia iapis,Tanaecia iapis iapis,Tanaecia iapis iapis male,Lepidoptera Butterfly Nymphalidae Tanaecia iapis iapis male
202,Lepidoptera,Butterfly,Nymphalidae,Tanaecia,Tanaecia iapis,Tanaecia iapis,Tanaecia iapis female,Lepidoptera Butterfly Nymphalidae Tanaecia iapis nan female
211,Lepidoptera,Butterfly,Nymphalidae,Tanaecia,Tanaecia iapis,Tanaecia iapis iapis,Tanaecia iapis iapis female,Lepidoptera Butterfly Nymphalidae Tanaecia iapis iapis female
212,Lepidoptera,Butterfly,Nymphalidae,Tanaecia,Tanaecia pelea,Tanaecia pelea heliophila,Tanaecia pelea heliophila male,Lepidoptera Butterfly Nymphalidae Tanaecia pelea heliophila male
215,Lepidoptera,Butterfly,Nymphalidae,Tanaecia,Tanaecia pelea,Tanaecia pelea heliophila,Tanaecia pelea heliophila female,Lepidoptera Butterfly Nymphalidae Tanaecia pelea heliophila female
218,Lepidoptera,Butterfly,Nymphalidae,Tanaecia,Tanaecia palguna,Tanaecia palguna palguna,,Lepidoptera Butterfly Nymphalidae Tanaecia palguna palguna nan
219,Lepidoptera,Butterfly,Nymphalidae,Tanaecia,Tanaecia palguna,Tanaecia palguna palguna,Tanaecia palguna palguna male,Lepidoptera Butterfly Nymphalidae Tanaecia palguna palguna male
225,Lepidoptera,Butterfly,Nymphalidae,Tanaecia,Tanaecia palguna,Tanaecia palguna palguna,Tanaecia palguna palguna female,Lepidoptera Butterfly Nymphalidae Tanaecia palguna palguna female
244,Lepidoptera,Butterfly,Nymphalidae,Euthalia,Euthalia mahadeva,Euthalia mahadeva,,Lepidoptera Butterfly Nymphalidae Euthalia mahadeva nan nan
250,Lepidoptera,Butterfly,Nymphalidae,Danaus,Danaus genutia,Danaus genutia kyllene,Danaus genutia kyllene female,Lepidoptera Butterfly Nymphalidae Danaus genutia kyllene female
251,Lepidoptera,Butterfly,Nymphalidae,Ideopsis,Ideopsis vitrea,Ideopsis vitrea oenopia,,Lepidoptera Butterfly Nymphalidae Ideopsis vitrea oenopia nan
252,Lepidoptera,Butterfly,Nymphalidae,Ideopsis,Ideopsis vitrea,Ideopsis vitrea chloris,,Lepidoptera Butterfly Nymphalidae Ideopsis vitrea chloris nan
258,Lepidoptera,Butterfly,Nymphalidae,Danaus,Danaus ismare,Danaus ismare ismareola,,Lepidoptera Butterfly Nymphalidae Danaus ismare ismareola nan
261,Lepidoptera,Butterfly,Nymphalidae,Danaus,Danaus genutia,Danaus genutia kyllene,Danaus genutia kyllene male,Lepidoptera Butterfly Nymphalidae Danaus genutia kyllene male
264,Lepidoptera,Butterfly,Nymphalidae,Danaus,Danaus genutia,Danaus genutia leucoglene,Danaus genutia leucoglene male,Lepidoptera Butterfly Nymphalidae Danaus genutia leucoglene male
265,Lepidoptera,Butterfly,Nymphalidae,Danaus,Danaus genutia,Danaus genutia leucoglene,Danaus genutia leucoglene female,Lepidoptera Butterfly Nymphalidae Danaus genutia leucoglene female
266,Lepidoptera,Butterfly,Nymphalidae,Danaus,Danaus ismare,Danaus ismare goramica,,Lepidoptera Butterfly Nymphalidae Danaus ismare goramica nan
268,Lepidoptera,Butterfly,Papilionidae,Papilio,Papilio ulysses,Papilio ulysses autolycus,Papilio ulysses autolycus male,Lepidoptera Butterfly Papilionidae Papilio ulysses autolycus male
269,Lepidoptera,Butterfly,Nymphalidae,Neptis,Neptis hylas,Neptis hylas papaja,,Lepidoptera Butterfly Nymphalidae Neptis hylas papaja nan
271,Lepidoptera,Butterfly,Nymphalidae,Tanaecia,Tanaecia cocytina,Tanaecia cocytina cocytina,Tanaecia cocytina cocytina male,Lepidoptera Butterfly Nymphalidae Tanaecia cocytina cocytina male
276,Lepidoptera,Butterfly,Nymphalidae,Pantoporia,Pantoporia hordonia,Pantoporia hordonia pardus,,Lepidoptera Butterfly Nymphalidae Pantoporia hordonia pardus nan
277,Lepidoptera,Butterfly,Nymphalidae,Pantoporia,Pantoporia consimilis,Pantoporia consimilis stenopa,Pantoporia consimilis stenopa male,Lepidoptera Butterfly Nymphalidae Pantoporia consimilis stenopa male
278,Lepidoptera,Butterfly,Nymphalidae,Pantoporia,Pantoporia consimilis,Pantoporia consimilis stenopa,,Lepidoptera Butterfly Nymphalidae Pantoporia consimilis stenopa nan
280,Lepidoptera,Butterfly,Nymphalidae,Lasippa,Lasippa neriphus,Lasippa neriphus,,Lepidoptera Butterfly Nymphalidae Lasippa neriphus nan nan
284,Lepidoptera,Butterfly,Nymphalidae,Lasippa,Lasippa neriphus,Lasippa neriphus,Lasippa neriphus female,Lepidoptera Butterfly Nymphalidae Lasippa neriphus nan female
288,Lepidoptera,Butterfly,Nymphalidae,Acraea,Acraea issoria,Acraea issoria vestoides,,Lepidoptera Butterfly Nymphalidae Acraea issoria vestoides nan
292,Lepidoptera,Butterfly,Nymphalidae,Acraea,Acraea issoria,Acraea issoria vestoides,Acraea issoria vestoides male,Lepidoptera Butterfly Nymphalidae Acraea issoria vestoides male
306,Lepidoptera,Butterfly,Lycaenidae,Praetaxila,Praetaxila segecia,Praetaxila segecia,Praetaxila segecia male,Lepidoptera Butterfly Lycaenidae Praetaxila segecia nan male
308,Lepidoptera,Butterfly,Nymphalidae,Parantica,Parantica phyle,Parantica phyle,,Lepidoptera Butterfly Nymphalidae Parantica phyle nan nan
309,Lepidoptera,Butterfly,Lycaenidae,Abisara,Abisara geza,Abisara geza geza,,Lepidoptera Butterfly Lycaenidae Abisara geza geza nan
312,Lepidoptera,Butterfly,Lycaenidae,Abisara,Abisara geza,Abisara geza geza,Abisara geza geza male,Lepidoptera Butterfly Lycaenidae Abisara geza geza male
315,Lepidoptera,Butterfly,Lycaenidae,Abisara,Abisara geza,Abisara geza aja,,Lepidoptera Butterfly Lycaenidae Abisara geza aja nan
317,Lepidoptera,Butterfly,Nymphalidae,Danaus,Danaus genutia,Danaus genutia laratensis,Danaus genutia laratensis male,Lepidoptera Butterfly Nymphalidae Danaus genutia laratensis male
318,Lepidoptera,Butterfly,Nymphalidae,Danaus,Danaus genutia,Danaus genutia laratensis,Danaus genutia laratensis female,Lepidoptera Butterfly Nymphalidae Danaus genutia laratensis female
338,Lepidoptera,Butterfly,Nymphalidae,Prothoe,Prothoe franck,Prothoe franck franck,,Lepidoptera Butterfly Nymphalidae Prothoe franck franck nan
359,Lepidoptera,Butterfly,Lycaenidae,Dodona,Dodona adonira,Dodona adonira,,Lepidoptera Butterfly Lycaenidae Dodona adonira nan nan
360,Lepidoptera,Butterfly,Lycaenidae,Zemeros,Zemeros flegyas,Zemeros flegyas phyliscus,,Lepidoptera Butterfly Lycaenidae Zemeros flegyas phyliscus nan
363,Lepidoptera,Butterfly,Lycaenidae,Zemeros,Zemeros flegyas,Zemeros flegyas retiarius,,Lepidoptera Butterfly Lycaenidae Zemeros flegyas retiarius nan
364,Lepidoptera,Butterfly,Lycaenidae,Zemeros,Zemeros emesoides,Zemeros emesoides emesoides,,Lepidoptera Butterfly Lycaenidae Zemeros emesoides emesoides nan
367,Lepidoptera,Butterfly,Lycaenidae,Zemeros,Zemeros emesoides,Zemeros emesoides zynias,,Lepidoptera Butterfly Lycaenidae Zemeros emesoides zynias nan
371,Lepidoptera,Butterfly,Lycaenidae,Zemeros,Zemeros emesoides,Zemeros emesoides zynias,Zemeros emesoides zynias male,Lepidoptera Butterfly Lycaenidae Zemeros emesoides zynias male
379,Lepidoptera,Butterfly,Lycaenidae,Zemeros,Zemeros emesoides,Zemeros emesoides zynias,Zemeros emesoides zynias female,Lepidoptera Butterfly Lycaenidae Zemeros emesoides zynias female
380,Lepidoptera,Butterfly,Lycaenidae,Zemeros,Zemeros emesoides,Zemeros emesoides eso,,Lepidoptera Butterfly Lycaenidae Zemeros emesoides eso nan
401,Lepidoptera,Butterfly,Nymphalidae,Agatasa,Agatasa calydonia,Agatasa calydonia calydonia,Agatasa calydonia calydonia female,Lepidoptera Butterfly Nymphalidae Agatasa calydonia calydonia female
403,Lepidoptera,Butterfly,Nymphalidae,Agatasa,Agatasa calydonia,Agatasa calydonia calydonia,Agatasa calydonia calydonia male,Lepidoptera Butterfly Nymphalidae Agatasa calydonia calydonia male
405,Lepidoptera,Butterfly,Nymphalidae,Agatasa,Agatasa calydonia,Agatasa calydonia calydonia,,Lepidoptera Butterfly Nymphalidae Agatasa calydonia calydonia nan
407,Lepidoptera,Butterfly,Nymphalidae,Agatasa,Agatasa calydonia,Agatasa calydonia auricinia,,Lepidoptera Butterfly Nymphalidae Agatasa calydonia auricinia nan
416,Lepidoptera,Butterfly,Nymphalidae,Acraea,Acraea andromacha,Acraea andromacha,Acraea andromacha male,Lepidoptera Butterfly Nymphalidae Acraea andromacha nan male
421,Lepidoptera,Butterfly,Nymphalidae,Neptis,Neptis nata,Neptis nata,,Lepidoptera Butterfly Nymphalidae Neptis nata nan nan
422,Lepidoptera,Butterfly,Nymphalidae,Athyma,Athyma selenophora,Athyma selenophora,,Lepidoptera Butterfly Nymphalidae Athyma selenophora nan nan
424,Lepidoptera,Butterfly,Nymphalidae,Lasippa,Lasippa monata,Lasippa monata,,Lepidoptera Butterfly Nymphalidae Lasippa monata nan nan
425,Lepidoptera,Butterfly,Nymphalidae,Parthenos,Parthenos sylvia,Parthenos sylvia bellimontis,,Lepidoptera Butterfly Nymphalidae Parthenos sylvia bellimontis nan
428,Lepidoptera,Butterfly,Nymphalidae,Parthenos,Parthenos sylvia,Parthenos sylvia borneensis,Parthenos sylvia borneensis female,Lepidoptera Butterfly Nymphalidae Parthenos sylvia borneensis female
432,Lepidoptera,Butterfly,Nymphalidae,Euploea,Euploea climena,Euploea climena elwesiana,,Lepidoptera Butterfly Nymphalidae Euploea climena elwesiana nan
433,Lepidoptera,Butterfly,Nymphalidae,Euploea,Euploea eunice,Euploea eunice,,Lepidoptera Butterfly Nymphalidae Euploea eunice nan nan
437,Lepidoptera,Butterfly,Nymphalidae,Euploea,Euploea tulliolus,Euploea tulliolus mazares,,Lepidoptera Butterfly Nymphalidae Euploea tulliolus mazares nan
439,Lepidoptera,Butterfly,Nymphalidae,Athyma,Athyma perius,Athyma perius perius,,Lepidoptera Butterfly Nymphalidae Athyma perius perius nan
440,Lepidoptera,Butterfly,Nymphalidae,Athyma,Athyma perius,Athyma perius perius,Athyma perius perius male,Lepidoptera Butterfly Nymphalidae Athyma perius perius male
455,Lepidoptera,Butterfly,Nymphalidae,Athyma,Athyma perius,Athyma perius perinus,Athyma perius perinus female,Lepidoptera Butterfly Nymphalidae Athyma perius perinus female
456,Lepidoptera,Butterfly,Nymphalidae,Athyma,Athyma perius,Athyma perius perinus,Athyma perius perinus male,Lepidoptera Butterfly Nymphalidae Athyma perius perinus male
459,Lepidoptera,Butterfly,Nymphalidae,Athyma,Athyma perius,Athyma perius perinus,,Lepidoptera Butterfly Nymphalidae Athyma perius perinus nan
468,Lepidoptera,Butterfly,Nymphalidae,Athyma,Athyma perius,Athyma perius,,Lepidoptera Butterfly Nymphalidae Athyma perius nan nan
477,Lepidoptera,Butterfly,Nymphalidae,Libythea,Libythea geoffroyi,Libythea geoffroyi philippina,,Lepidoptera Butterfly Nymphalidae Libythea geoffroyi philippina nan
478,Lepidoptera,Butterfly,Nymphalidae,Libythea,Libythea geoffroyi,Libythea geoffroyi ceramensis,,Lepidoptera Butterfly Nymphalidae Libythea geoffroyi ceramensis nan
479,Lepidoptera,Butterfly,Nymphalidae,Libythea,Libythea geoffroyi,Libythea geoffroyi ceramensis,Libythea geoffroyi ceramensis male,Lepidoptera Butterfly Nymphalidae Libythea geoffroyi ceramensis male
488,Lepidoptera,Butterfly,Lycaenidae,Zemeros,Zemeros flegyas,Zemeros flegyas phyliscus,Zemeros flegyas phyliscus male,Lepidoptera Butterfly Lycaenidae Zemeros flegyas phyliscus male
489,Lepidoptera,Butterfly,Lycaenidae,Zemeros,Zemeros flegyas,Zemeros flegyas phyliscus,Zemeros flegyas phyliscus female,Lepidoptera Butterfly Lycaenidae Zemeros flegyas phyliscus female
493,Lepidoptera,Butterfly,Lycaenidae,Paralaxita,Paralaxita damajanti,Paralaxita damajanti,Paralaxita damajanti female,Lepidoptera Butterfly Lycaenidae Paralaxita damajanti nan female
494,Lepidoptera,Butterfly,Lycaenidae,Paralaxita,Paralaxita damajanti,Paralaxita damajanti,Paralaxita damajanti male,Lepidoptera Butterfly Lycaenidae Paralaxita damajanti nan male
495,Lepidoptera,Butterfly,Lycaenidae,Paralaxita,Paralaxita orphna,Paralaxita orphna orphna,Paralaxita orphna orphna male,Lepidoptera Butterfly Lycaenidae Paralaxita orphna orphna male
498,Lepidoptera,Butterfly,Lycaenidae,Taxila,Taxila haquinus,Taxila haquinus,Taxila haquinus male,Lepidoptera Butterfly Lycaenidae Taxila haquinus nan male
499,Lepidoptera,Butterfly,Lycaenidae,Taxila,Taxila haquinus,Taxila haquinus agias,Taxila haquinus agias male,Lepidoptera Butterfly Lycaenidae Taxila haquinus agias male
501,Lepidoptera,Butterfly,Lycaenidae,Taxila,Taxila haquinus,Taxila haquinus agias,,Lepidoptera Butterfly Lycaenidae Taxila haquinus agias nan
503,Lepidoptera,Butterfly,Lycaenidae,Taxila,Taxila haquinus,Taxila haquinus agias,Taxila haquinus agias female,Lepidoptera Butterfly Lycaenidae Taxila haquinus agias female
506,Lepidoptera,Butterfly,Lycaenidae,Taxila,Taxila haquinus,Taxila haquinus drupadi,Taxila haquinus drupadi male,Lepidoptera Butterfly Lycaenidae Taxila haquinus drupadi male
510,Lepidoptera,Butterfly,Lycaenidae,Taxila,Taxila haquinus,Taxila haquinus drupadi,,Lepidoptera Butterfly Lycaenidae Taxila haquinus drupadi nan
511,Lepidoptera,Butterfly,Lycaenidae,Taxila,Taxila haquinus,Taxila haquinus drupadi,Taxila haquinus drupadi female,Lepidoptera Butterfly Lycaenidae Taxila haquinus drupadi female
519,Lepidoptera,Butterfly,Nymphalidae,Neptis,Neptis ida,Neptis ida celebensis,,Lepidoptera Butterfly Nymphalidae Neptis ida celebensis nan
525,Lepidoptera,Butterfly,Nymphalidae,Neptis,Neptis ida,Neptis ida celebensis,Neptis ida celebensis female,Lepidoptera Butterfly Nymphalidae Neptis ida celebensis female
526,Lepidoptera,Butterfly,Nymphalidae,Neptis,Neptis ida,Neptis ida celebensis,Neptis ida celebensis male,Lepidoptera Butterfly Nymphalidae Neptis ida celebensis male
531,Lepidoptera,Butterfly,Nymphalidae,Neptis,Neptis ilira,Neptis ilira,,Lepidoptera Butterfly Nymphalidae Neptis ilira nan nan
532,Lepidoptera,Butterfly,Nymphalidae,Pantoporia,Pantoporia hordonia,Pantoporia hordonia hordonia,,Lepidoptera Butterfly Nymphalidae Pantoporia hordonia hordonia nan
533,Lepidoptera,Butterfly,Nymphalidae,Pantoporia,Pantoporia hordonia,Pantoporia hordonia senthes,,Lepidoptera Butterfly Nymphalidae Pantoporia hordonia senthes nan
543,Lepidoptera,Butterfly,Nymphalidae,Pantoporia,Pantoporia consimilis,Pantoporia consimilis affinis,,Lepidoptera Butterfly Nymphalidae Pantoporia consimilis affinis nan
553,Lepidoptera,Butterfly,Nymphalidae,Pantoporia,Pantoporia consimilis,Pantoporia consimilis affinis,Pantoporia consimilis affinis female,Lepidoptera Butterfly Nymphalidae Pantoporia consimilis affinis female
554,Lepidoptera,Butterfly,Nymphalidae,Pantoporia,Pantoporia consimilis,Pantoporia consimilis affinis,Pantoporia consimilis affinis male,Lepidoptera Butterfly Nymphalidae Pantoporia consimilis affinis male
568,Lepidoptera,Butterfly,Nymphalidae,Pantoporia,Pantoporia paraka,Pantoporia paraka dahana,,Lepidoptera Butterfly Nymphalidae Pantoporia paraka dahana nan
569,Lepidoptera,Butterfly,Nymphalidae,Pantoporia,Pantoporia antara,Pantoporia antara antara,,Lepidoptera Butterfly Nymphalidae Pantoporia antara antara nan
575,Lepidoptera,Butterfly,Nymphalidae,Phaedyma,Phaedyma shepherdi,Phaedyma shepherdi,,Lepidoptera Butterfly Nymphalidae Phaedyma shepherdi nan nan
576,Lepidoptera,Butterfly,Nymphalidae,Neptis,Neptis miah,Neptis miah batara,,Lepidoptera Butterfly Nymphalidae Neptis miah batara nan
583,Lepidoptera,Butterfly,Nymphalidae,Neptis,Neptis gracilis,Neptis gracilis gracilis,,Lepidoptera Butterfly Nymphalidae Neptis gracilis gracilis nan
588,Lepidoptera,Butterfly,Nymphalidae,Athyma,Athyma reta,Athyma reta,,Lepidoptera Butterfly Nymphalidae Athyma reta nan nan
589,Lepidoptera,Butterfly,Nymphalidae,Acraea,Acraea issoria,Acraea issoria vestoides,Acraea issoria vestoides female,Lepidoptera Butterfly Nymphalidae Acraea issoria vestoides female
593,Lepidoptera,Butterfly,Lycaenidae,Praetaxila,Praetaxila statira,Praetaxila statira,Praetaxila statira male,Lepidoptera Butterfly Lycaenidae Praetaxila statira nan male
595,Lepidoptera,Butterfly,Lycaenidae,Abisara,Abisara kausambi,Abisara kausambi paha,,Lepidoptera Butterfly Lycaenidae Abisara kausambi paha nan
597,Lepidoptera,Butterfly,Lycaenidae,Abisara,Abisara kausambi,Abisara kausambi paha,Abisara kausambi paha female,Lepidoptera Butterfly Lycaenidae Abisara kausambi paha female
613,Lepidoptera,Butterfly,Lycaenidae,Abisara,Abisara kausambi,Abisara kausambi tina,,Lepidoptera Butterfly Lycaenidae Abisara kausambi tina nan
614,Lepidoptera,Butterfly,Nymphalidae,Parantica,Parantica melusine,Parantica melusine melusine,,Lepidoptera Butterfly Nymphalidae Parantica melusine melusine nan
616,Lepidoptera,Butterfly,Nymphalidae,Parantica,Parantica weiskei,Parantica weiskei,,Lepidoptera Butterfly Nymphalidae Parantica weiskei nan nan
632,Lepidoptera,Butterfly,Nymphalidae,Danaus,Danaus chrysippus,Danaus chrysippus,Danaus chrysippus male,Lepidoptera Butterfly Nymphalidae Danaus chrysippus nan male
633,Lepidoptera,Butterfly,Nymphalidae,Danaus,Danaus chrysippus,Danaus chrysippus,Danaus chrysippus female,Lepidoptera Butterfly Nymphalidae Danaus chrysippus nan female
635,Lepidoptera,Butterfly,Hesperiidae,Bibasis,Bibasis harisa,Bibasis harisa consobrina,,Lepidoptera Butterfly Hesperiidae Bibasis harisa consobrina nan
637,Lepidoptera,Butterfly,Lycaenidae,Dodona,Dodona chrysapha,Dodona chrysapha,Dodona chrysapha female,Lepidoptera Butterfly Lycaenidae Dodona chrysapha nan female
640,Lepidoptera,Butterfly,Lycaenidae,Dodona,Dodona chrysapha,Dodona chrysapha,,Lepidoptera Butterfly Lycaenidae Dodona chrysapha nan nan
645,Lepidoptera,Butterfly,Lycaenidae,Dodona,Dodona aponata,Dodona aponata fruhstorferi,,Lepidoptera Butterfly Lycaenidae Dodona aponata fruhstorferi nan
648,Lepidoptera,Butterfly,Nymphalidae,Libythea,Libythea geoffroyi,Libythea geoffroyi,Libythea geoffroyi male,Lepidoptera Butterfly Nymphalidae Libythea geoffroyi nan male
650,Lepidoptera,Butterfly,Nymphalidae,Neptis,Neptis hylas,Neptis hylas matuta,,Lepidoptera Butterfly Nymphalidae Neptis hylas matuta nan
678,Lepidoptera,Butterfly,Nymphalidae,Cyrestis,Cyrestis strigata,Cyrestis strigata,,Lepidoptera Butterfly Nymphalidae Cyrestis strigata nan nan
686,Lepidoptera,Butterfly,Nymphalidae,Dichorragia,Dichorragia ninus,Dichorragia ninus ninus,,Lepidoptera Butterfly Nymphalidae Dichorragia ninus ninus nan
689,Lepidoptera,Butterfly,Nymphalidae,Dichorragia,Dichorragia ninus,Dichorragia ninus ninus,Dichorragia ninus ninus male,Lepidoptera Butterfly Nymphalidae Dichorragia ninus ninus male
690,Lepidoptera,Butterfly,Nymphalidae,Lexias,Lexias aeropa,Lexias aeropa,,Lepidoptera Butterfly Nymphalidae Lexias aeropa nan nan
700,Lepidoptera,Butterfly,Nymphalidae,Lexias,Lexias aeropa,Lexias aeropa,Lexias aeropa female,Lepidoptera Butterfly Nymphalidae Lexias aeropa nan female
703,Lepidoptera,Butterfly,Nymphalidae,Lexias,Lexias aeropa,Lexias aeropa,Lexias aeropa male,Lepidoptera Butterfly Nymphalidae Lexias aeropa nan male
707,Lepidoptera,Butterfly,Nymphalidae,Lexias,Lexias panopus,Lexias panopus,Lexias panopus female,Lepidoptera Butterfly Nymphalidae Lexias panopus nan female
728,Lepidoptera,Butterfly,Nymphalidae,Lebadea,Lebadea alankara,Lebadea alankara bankana,,Lepidoptera Butterfly Nymphalidae Lebadea alankara bankana nan
729,Lepidoptera,Butterfly,Nymphalidae,Lebadea,Lebadea alankara,Lebadea alankara alankara,,Lepidoptera Butterfly Nymphalidae Lebadea alankara alankara nan
730,Lepidoptera,Butterfly,Nymphalidae,Lebadea,Lebadea alankara,Lebadea alankara alankara,Lebadea alankara alankara male,Lepidoptera Butterfly Nymphalidae Lebadea alankara alankara male
733,Lepidoptera,Butterfly,Nymphalidae,Lebadea,Lebadea alankara,Lebadea alankara alankara,Lebadea alankara alankara female,Lepidoptera Butterfly Nymphalidae Lebadea alankara alankara female
741,Lepidoptera,Butterfly,Nymphalidae,Lexias,Lexias aeetes,Lexias aeetes aeetes,Lexias aeetes aeetes male,Lepidoptera Butterfly Nymphalidae Lexias aeetes aeetes male
749,Lepidoptera,Butterfly,Nymphalidae,Lexias,Lexias aeetes,Lexias aeetes aeetes,,Lepidoptera Butterfly Nymphalidae Lexias aeetes aeetes nan
751,Lepidoptera,Butterfly,Nymphalidae,Lexias,Lexias aeetes,Lexias aeetes aeetes,Lexias aeetes aeetes female,Lepidoptera Butterfly Nymphalidae Lexias aeetes aeetes female
757,Lepidoptera,Butterfly,Nymphalidae,Lexias,Lexias aeetes,Lexias aeetes phasiana,Lexias aeetes phasiana male,Lepidoptera Butterfly Nymphalidae Lexias aeetes phasiana male
759,Lepidoptera,Butterfly,Nymphalidae,Tanaecia,Tanaecia pelea,Tanaecia pelea vordermanni,Tanaecia pelea vordermanni female,Lepidoptera Butterfly Nymphalidae Tanaecia pelea vordermanni female
760,Lepidoptera,Butterfly,Nymphalidae,Tanaecia,Tanaecia pelea,Tanaecia pelea vordermanni,Tanaecia pelea vordermanni male,Lepidoptera Butterfly Nymphalidae Tanaecia pelea vordermanni male
765,Lepidoptera,Butterfly,Nymphalidae,Tanaecia,Tanaecia pelea,Tanaecia pelea,,Lepidoptera Butterfly Nymphalidae Tanaecia pelea nan nan
766,Lepidoptera,Butterfly,Nymphalidae,Tanaecia,Tanaecia pelea,Tanaecia pelea,Tanaecia pelea male,Lepidoptera Butterfly Nymphalidae Tanaecia pelea nan male
779,Lepidoptera,Butterfly,Lycaenidae,Paralaxita,Paralaxita damajanti,Paralaxita damajanti cyme,,Lepidoptera Butterfly Lycaenidae Paralaxita damajanti cyme nan
781,Lepidoptera,Butterfly,Nymphalidae,Dichorragia,Dichorragia nesimachus,Dichorragia nesimachus,,Lepidoptera Butterfly Nymphalidae Dichorragia nesimachus nan nan
783,Lepidoptera,Butterfly,Nymphalidae,Dichorragia,Dichorragia ninus,Dichorragia ninus ninus,Dichorragia ninus ninus female,Lepidoptera Butterfly Nymphalidae Dichorragia ninus ninus female
786,Lepidoptera,Butterfly,Nymphalidae,Vindula,Vindula erota,Vindula erota battaka,Vindula erota battaka male,Lepidoptera Butterfly Nymphalidae Vindula erota battaka male
787,Lepidoptera,Butterfly,Nymphalidae,Vindula,Vindula dejone,Vindula dejone austrosundana,,Lepidoptera Butterfly Nymphalidae Vindula dejone austrosundana nan
789,Lepidoptera,Butterfly,Nymphalidae,Vindula,Vindula dejone,Vindula dejone bagrada,,Lepidoptera Butterfly Nymphalidae Vindula dejone bagrada nan
791,Lepidoptera,Butterfly,Nymphalidae,Vindula,Vindula erota,Vindula erota,,Lepidoptera Butterfly Nymphalidae Vindula erota nan nan
792,Lepidoptera,Butterfly,Nymphalidae,Moduza,Moduza procris,Moduza procris neutra,Moduza procris neutra male,Lepidoptera Butterfly Nymphalidae Moduza procris neutra male
795,Lepidoptera,Butterfly,Nymphalidae,Neptis,Neptis nausicaa,Neptis nausicaa nausicaa,,Lepidoptera Butterfly Nymphalidae Neptis nausicaa nausicaa nan
799,Lepidoptera,Butterfly,Nymphalidae,Neptis,Neptis nausicaa,Neptis nausicaa nausicaa,Neptis nausicaa nausicaa male,Lepidoptera Butterfly Nymphalidae Neptis nausicaa nausicaa male
801,Lepidoptera,Butterfly,Nymphalidae,Phaedyma,Phaedyma columella,Phaedyma columella bataviana,,Lepidoptera Butterfly Nymphalidae Phaedyma columella bataviana nan
802,Lepidoptera,Butterfly,Nymphalidae,Athyma,Athyma nefte,Athyma nefte subrata,,Lepidoptera Butterfly Nymphalidae Athyma nefte subrata nan
803,Lepidoptera,Butterfly,Nymphalidae,Sumalia,Sumalia daraxa,Sumalia daraxa theoda,Sumalia daraxa theoda male,Lepidoptera Butterfly Nymphalidae Sumalia daraxa theoda male
804,Lepidoptera,Butterfly,Lycaenidae,Dicallaneura,Dicallaneura ostrina,Dicallaneura ostrina,,Lepidoptera Butterfly Lycaenidae Dicallaneura ostrina nan nan
805,Lepidoptera,Butterfly,Lycaenidae,Dicallaneura,Dicallaneura amabilis,Dicallaneura amabilis,,Lepidoptera Butterfly Lycaenidae Dicallaneura amabilis nan nan
807,Lepidoptera,Butterfly,Lycaenidae,Praetaxila,Praetaxila heterisa,Praetaxila heterisa,Praetaxila heterisa male,Lepidoptera Butterfly Lycaenidae Praetaxila heterisa nan male
808,Lepidoptera,Butterfly,Lycaenidae,Praetaxila,Praetaxila heterisa,Praetaxila heterisa,Praetaxila heterisa female,Lepidoptera Butterfly Lycaenidae Praetaxila heterisa nan female
811,Lepidoptera,Butterfly,Papilionidae,Papilio,Papilio euchenor,Papilio euchenor,Papilio euchenor female,Lepidoptera Butterfly Papilionidae Papilio euchenor nan female
812,Lepidoptera,Butterfly,Papilionidae,Papilio,Papilio memnon,Papilio memnon,Papilio memnon male,Lepidoptera Butterfly Papilionidae Papilio memnon nan male
813,Lepidoptera,Butterfly,Papilionidae,Papilio,Papilio iswara,Papilio iswara riouwensis,Papilio iswara riouwensis female,Lepidoptera Butterfly Papilionidae Papilio iswara riouwensis female
815,Lepidoptera,Butterfly,Nymphalidae,Danaus,Danaus chrysippus,Danaus chrysippus bataviana,,Lepidoptera Butterfly Nymphalidae Danaus chrysippus bataviana nan
817,Lepidoptera,Butterfly,Nymphalidae,Danaus,Danaus chrysippus,Danaus chrysippus bataviana,Danaus chrysippus bataviana male,Lepidoptera Butterfly Nymphalidae Danaus chrysippus bataviana male
818,Lepidoptera,Butterfly,Nymphalidae,Danaus,Danaus chrysippus,Danaus chrysippus bataviana,Danaus chrysippus bataviana female,Lepidoptera Butterfly Nymphalidae Danaus chrysippus bataviana female
821,Lepidoptera,Butterfly,Nymphalidae,Ideopsis,Ideopsis vitrea,Ideopsis vitrea,Ideopsis vitrea male,Lepidoptera Butterfly Nymphalidae Ideopsis vitrea nan male
822,Lepidoptera,Butterfly,Pieridae,Pareronia,Pareronia tritaea,Pareronia tritaea tritaea,Pareronia tritaea tritaea male,Lepidoptera Butterfly Pieridae Pareronia tritaea tritaea male
823,Lepidoptera,Butterfly,Pieridae,Pareronia,Pareronia tritaea,Pareronia tritaea tritaea,Pareronia tritaea tritaea female,Lepidoptera Butterfly Pieridae Pareronia tritaea tritaea female
824,Lepidoptera,Butterfly,Nymphalidae,Danaus,Danaus affinis,Danaus affinis affinis,Danaus affinis affinis male,Lepidoptera Butterfly Nymphalidae Danaus affinis affinis male
825,Lepidoptera,Butterfly,Nymphalidae,Danaus,Danaus affinis,Danaus affinis affinis,Danaus affinis affinis female,Lepidoptera Butterfly Nymphalidae Danaus affinis affinis female
826,Lepidoptera,Butterfly,Nymphalidae,Danaus,Danaus affinis,Danaus affinis galacterion,Danaus affinis galacterion male,Lepidoptera Butterfly Nymphalidae Danaus affinis galacterion male
827,Lepidoptera,Butterfly,Nymphalidae,Danaus,Danaus affinis,Danaus affinis galacterion,Danaus affinis galacterion female,Lepidoptera Butterfly Nymphalidae Danaus affinis galacterion female
828,Lepidoptera,Butterfly,Nymphalidae,Danaus,Danaus ismare,Danaus ismare,,Lepidoptera Butterfly Nymphalidae Danaus ismare nan nan
832,Lepidoptera,Butterfly,Nymphalidae,Tirumala,Tirumala limniace,Tirumala limniace,,Lepidoptera Butterfly Nymphalidae Tirumala limniace nan nan
834,Lepidoptera,Butterfly,Nymphalidae,Euploea,Euploea midamus,Euploea midamus sophia,Euploea midamus sophia male,Lepidoptera Butterfly Nymphalidae Euploea midamus sophia male
835,Lepidoptera,Butterfly,Nymphalidae,Vindula,Vindula dejone,Vindula dejone,,Lepidoptera Butterfly Nymphalidae Vindula dejone nan nan
845,Lepidoptera,Butterfly,Papilionidae,Papilio,Papilio demoleus,Papilio demoleus novoguineensis,Papilio demoleus novoguineensis female,Lepidoptera Butterfly Papilionidae Papilio demoleus novoguineensis female
849,Lepidoptera,Butterfly,Papilionidae,Papilio,Papilio demoleus,Papilio demoleus novoguineensis,Papilio demoleus novoguineensis male,Lepidoptera Butterfly Papilionidae Papilio demoleus novoguineensis male
854,Lepidoptera,Butterfly,Nymphalidae,Neptis,Neptis hylas,Neptis hylas ombalata,,Lepidoptera Butterfly Nymphalidae Neptis hylas ombalata nan
867,Lepidoptera,Butterfly,Nymphalidae,Neptis,Neptis hylas,Neptis hylas matuta,Neptis hylas matuta male,Lepidoptera Butterfly Nymphalidae Neptis hylas matuta male
869,Lepidoptera,Butterfly,Papilionidae,Papilio,Papilio memnon,Papilio memnon memnon,Papilio memnon memnon male,Lepidoptera Butterfly Papilionidae Papilio memnon memnon male
870,Lepidoptera,Butterfly,Papilionidae,Papilio,Papilio memnon,Papilio memnon memnon,Papilio memnon memnon female,Lepidoptera Butterfly Papilionidae Papilio memnon memnon female
872,Lepidoptera,Butterfly,Papilionidae,Papilio,Papilio polytes,Papilio polytes javanus,Papilio polytes javanus male,Lepidoptera Butterfly Papilionidae Papilio polytes javanus male
873,Lepidoptera,Butterfly,Nymphalidae,Bassarona,Bassarona teuta,Bassarona teuta teuta,,Lepidoptera Butterfly Nymphalidae Bassarona teuta teuta nan
874,Lepidoptera,Butterfly,Nymphalidae,Bassarona,Bassarona teuta,Bassarona teuta teuta,Bassarona teuta teuta male,Lepidoptera Butterfly Nymphalidae Bassarona teuta teuta male
876,Lepidoptera,Butterfly,Nymphalidae,Bassarona,Bassarona teuta,Bassarona teuta eion,Bassarona teuta eion male,Lepidoptera Butterfly Nymphalidae Bassarona teuta eion male
881,Lepidoptera,Butterfly,Nymphalidae,Bassarona,Bassarona teuta,Bassarona teuta eion,Bassarona teuta eion female,Lepidoptera Butterfly Nymphalidae Bassarona teuta eion female
884,Lepidoptera,Butterfly,Nymphalidae,Bassarona,Bassarona teuta,Bassarona teuta externa,Bassarona teuta externa male,Lepidoptera Butterfly Nymphalidae Bassarona teuta externa male
885,Lepidoptera,Butterfly,Nymphalidae,Bassarona,Bassarona teuta,Bassarona teuta externa,Bassarona teuta externa female,Lepidoptera Butterfly Nymphalidae Bassarona teuta externa female
886,Lepidoptera,Butterfly,Nymphalidae,Lexias,Lexias aeropa,Lexias aeropa aeropa,Lexias aeropa aeropa male,Lepidoptera Butterfly Nymphalidae Lexias aeropa aeropa male
888,Lepidoptera,Butterfly,Nymphalidae,Lexias,Lexias aeropa,Lexias aeropa aeropa,,Lepidoptera Butterfly Nymphalidae Lexias aeropa aeropa nan
896,Lepidoptera,Butterfly,Nymphalidae,Euploea,Euploea leucostictos,Euploea leucostictos meizon,,Lepidoptera Butterfly Nymphalidae Euploea leucostictos meizon nan
897,Lepidoptera,Butterfly,Nymphalidae,Euploea,Euploea leucostictos,Euploea leucostictos meizon,Euploea leucostictos meizon female,Lepidoptera Butterfly Nymphalidae Euploea leucostictos meizon female
898,Lepidoptera,Butterfly,Nymphalidae,Euploea,Euploea leucostictos,Euploea leucostictos meizon,Euploea leucostictos meizon male,Lepidoptera Butterfly Nymphalidae Euploea leucostictos meizon male
901,Lepidoptera,Butterfly,Nymphalidae,Athyma,Athyma reta,Athyma reta mendica,,Lepidoptera Butterfly Nymphalidae Athyma reta mendica nan
903,Lepidoptera,Butterfly,Nymphalidae,Athyma,Athyma reta,Athyma reta kresna,Athyma reta kresna female,Lepidoptera Butterfly Nymphalidae Athyma reta kresna female
904,Lepidoptera,Butterfly,Nymphalidae,Athyma,Athyma nefte,Athyma nefte subratina,,Lepidoptera Butterfly Nymphalidae Athyma nefte subratina nan
906,Lepidoptera,Butterfly,Nymphalidae,Athyma,Athyma nefte,Athyma nefte subratina,Athyma nefte subratina male,Lepidoptera Butterfly Nymphalidae Athyma nefte subratina male
913,Lepidoptera,Butterfly,Nymphalidae,Athyma,Athyma nefte,Athyma nefte subratina,Athyma nefte subratina female,Lepidoptera Butterfly Nymphalidae Athyma nefte subratina female
915,Lepidoptera,Butterfly,Nymphalidae,Athyma,Athyma pravara,Athyma pravara,,Lepidoptera Butterfly Nymphalidae Athyma pravara nan nan
918,Lepidoptera,Butterfly,Nymphalidae,Athyma,Athyma libnites,Athyma libnites,Athyma libnites male,Lepidoptera Butterfly Nymphalidae Athyma libnites nan male
920,Lepidoptera,Butterfly,Nymphalidae,Athyma,Athyma libnites,Athyma libnites,,Lepidoptera Butterfly Nymphalidae Athyma libnites nan nan
936,Lepidoptera,Butterfly,Nymphalidae,Athyma,Athyma libnites,Athyma libnites,Athyma libnites female,Lepidoptera Butterfly Nymphalidae Athyma libnites nan female
947,Lepidoptera,Butterfly,Nymphalidae,Parthenos,Parthenos tigrina,Parthenos tigrina tigrina,Parthenos tigrina tigrina female,Lepidoptera Butterfly Nymphalidae Parthenos tigrina tigrina female
948,Lepidoptera,Butterfly,Nymphalidae,Parthenos,Parthenos tigrina,Parthenos tigrina tigrina,Parthenos tigrina tigrina male,Lepidoptera Butterfly Nymphalidae Parthenos tigrina tigrina male
953,Lepidoptera,Butterfly,Nymphalidae,Parthenos,Parthenos tigrina,Parthenos tigrina tigrina,,Lepidoptera Butterfly Nymphalidae Parthenos tigrina tigrina nan
968,Lepidoptera,Butterfly,Nymphalidae,Parthenos,Parthenos aspila,Parthenos aspila,Parthenos aspila female,Lepidoptera Butterfly Nymphalidae Parthenos aspila nan female
969,Lepidoptera,Butterfly,Nymphalidae,Parthenos,Parthenos sylvia,Parthenos sylvia joloensis,Parthenos sylvia joloensis male,Lepidoptera Butterfly Nymphalidae Parthenos sylvia joloensis male
970,Lepidoptera,Butterfly,Nymphalidae,Parthenos,Parthenos sylvia,Parthenos sylvia joloensis,Parthenos sylvia joloensis female,Lepidoptera Butterfly Nymphalidae Parthenos sylvia joloensis female
971,Lepidoptera,Butterfly,Nymphalidae,Euploea,Euploea modesta,Euploea modesta,,Lepidoptera Butterfly Nymphalidae Euploea modesta nan nan
973,Lepidoptera,Butterfly,Nymphalidae,Euploea,Euploea tulliolus,Euploea tulliolus usurpata,,Lepidoptera Butterfly Nymphalidae Euploea tulliolus usurpata nan
980,Lepidoptera,Butterfly,Nymphalidae,Parthenos,Parthenos aspila,Parthenos aspila,,Lepidoptera Butterfly Nymphalidae Parthenos aspila nan nan
981,Lepidoptera,Butterfly,Nymphalidae,Parthenos,Parthenos aspila,Parthenos aspila,Parthenos aspila male,Lepidoptera Butterfly Nymphalidae Parthenos aspila nan male
985,Lepidoptera,Butterfly,Nymphalidae,Parthenos,Parthenos sylvia,Parthenos sylvia,,Lepidoptera Butterfly Nymphalidae Parthenos sylvia nan nan
987,Lepidoptera,Butterfly,Nymphalidae,Parthenos,Parthenos sylvia,Parthenos sylvia,Parthenos sylvia female,Lepidoptera Butterfly Nymphalidae Parthenos sylvia nan female
989,Lepidoptera,Butterfly,Nymphalidae,Parthenos,Parthenos sylvia,Parthenos sylvia,Parthenos sylvia male,Lepidoptera Butterfly Nymphalidae Parthenos sylvia nan male
1004,Lepidoptera,Butterfly,Lycaenidae,Laxita,Laxita teneta,Laxita teneta teneta,,Lepidoptera Butterfly Lycaenidae Laxita teneta teneta nan
1006,Lepidoptera,Butterfly,Lycaenidae,Paralaxita,Paralaxita damajanti,Paralaxita damajanti lasica,Paralaxita damajanti lasica male,Lepidoptera Butterfly Lycaenidae Paralaxita damajanti lasica male
1008,Lepidoptera,Butterfly,Lycaenidae,Paralaxita,Paralaxita telesia,Paralaxita telesia telesia,Paralaxita telesia telesia female,Lepidoptera Butterfly Lycaenidae Paralaxita telesia telesia female
1009,Lepidoptera,Butterfly,Lycaenidae,Stiboges,Stiboges nymphidia,Stiboges nymphidia calycoides,,Lepidoptera Butterfly Lycaenidae Stiboges nymphidia calycoides nan
1014,Lepidoptera,Butterfly,Lycaenidae,Laxita,Laxita teneta,Laxita teneta teneta,Laxita teneta teneta male,Lepidoptera Butterfly Lycaenidae Laxita teneta teneta male
1028,Lepidoptera,Butterfly,Lycaenidae,Paralaxita,Paralaxita damajanti,Paralaxita damajanti lasica,,Lepidoptera Butterfly Lycaenidae Paralaxita damajanti lasica nan
1042,Lepidoptera,Butterfly,Nymphalidae,Neptis,Neptis hylas,Neptis hylas,,Lepidoptera Butterfly Nymphalidae Neptis hylas nan nan
1062,Lepidoptera,Butterfly,Nymphalidae,Cyrestis,Cyrestis acilia,Cyrestis acilia sicca,,Lepidoptera Butterfly Nymphalidae Cyrestis acilia sicca nan
1064,Lepidoptera,Butterfly,Nymphalidae,Cyrestis,Cyrestis acilia,Cyrestis acilia sicca,Cyrestis acilia sicca male,Lepidoptera Butterfly Nymphalidae Cyrestis acilia sicca male
1066,Lepidoptera,Butterfly,Nymphalidae,Cyrestis,Cyrestis acilia,Cyrestis acilia sicca,Cyrestis acilia sicca female,Lepidoptera Butterfly Nymphalidae Cyrestis acilia sicca female
1073,Lepidoptera,Butterfly,Nymphalidae,Cyrestis,Cyrestis acilia,Cyrestis acilia,Cyrestis acilia male,Lepidoptera Butterfly Nymphalidae Cyrestis acilia nan male
1074,Lepidoptera,Butterfly,Nymphalidae,Junonia,Junonia iphita,Junonia iphita,,Lepidoptera Butterfly Nymphalidae Junonia iphita nan nan
1075,Lepidoptera,Butterfly,Nymphalidae,Cyrestis,Cyrestis eximia,Cyrestis eximia eximia,Cyrestis eximia eximia female,Lepidoptera Butterfly Nymphalidae Cyrestis eximia eximia female
1076,Lepidoptera,Butterfly,Nymphalidae,Cyrestis,Cyrestis eximia,Cyrestis eximia eximia,,Lepidoptera Butterfly Nymphalidae Cyrestis eximia eximia nan
1081,Lepidoptera,Butterfly,Nymphalidae,Cyrestis,Cyrestis eximia,Cyrestis eximia eximia,Cyrestis eximia eximia male,Lepidoptera Butterfly Nymphalidae Cyrestis eximia eximia male
1084,Lepidoptera,Butterfly,Nymphalidae,Lexias,Lexias dirtea,Lexias dirtea javana,Lexias dirtea javana male,Lepidoptera Butterfly Nymphalidae Lexias dirtea javana male
1092,Lepidoptera,Butterfly,Nymphalidae,Lexias,Lexias dirtea,Lexias dirtea javana,Lexias dirtea javana female,Lepidoptera Butterfly Nymphalidae Lexias dirtea javana female
1101,Lepidoptera,Butterfly,Nymphalidae,Pandita,Pandita sinope,Pandita sinope sinope,,Lepidoptera Butterfly Nymphalidae Pandita sinope sinope nan
1109,Lepidoptera,Butterfly,Nymphalidae,Pandita,Pandita sinope,Pandita sinope sinope,Pandita sinope sinope male,Lepidoptera Butterfly Nymphalidae Pandita sinope sinope male
1111,Lepidoptera,Butterfly,Nymphalidae,Pandita,Pandita sinope,Pandita sinope sinope,Pandita sinope sinope female,Lepidoptera Butterfly Nymphalidae Pandita sinope sinope female
1118,Lepidoptera,Butterfly,Nymphalidae,Tanaecia,Tanaecia pelea,Tanaecia pelea pelea,Tanaecia pelea pelea female,Lepidoptera Butterfly Nymphalidae Tanaecia pelea pelea female
1119,Lepidoptera,Butterfly,Nymphalidae,Tanaecia,Tanaecia pelea,Tanaecia pelea,Tanaecia pelea female,Lepidoptera Butterfly Nymphalidae Tanaecia pelea nan female
1126,Lepidoptera,Butterfly,Nymphalidae,Euthaliopsis,Euthaliopsis aetion,Euthaliopsis aetion,,Lepidoptera Butterfly Nymphalidae Euthaliopsis aetion nan nan
1127,Lepidoptera,Butterfly,Nymphalidae,Dichorragia,Dichorragia nesimachus,Dichorragia nesimachus mannus,Dichorragia nesimachus mannus male,Lepidoptera Butterfly Nymphalidae Dichorragia nesimachus mannus male
1131,Lepidoptera,Butterfly,Nymphalidae,Dichorragia,Dichorragia nesimachus,Dichorragia nesimachus mannus,,Lepidoptera Butterfly Nymphalidae Dichorragia nesimachus mannus nan
1132,Lepidoptera,Butterfly,Nymphalidae,Dichorragia,Dichorragia nesimachus,Dichorragia nesimachus machates,Dichorragia nesimachus machates male,Lepidoptera Butterfly Nymphalidae Dichorragia nesimachus machates male
1134,Lepidoptera,Butterfly,Nymphalidae,Dichorragia,Dichorragia nesimachus,Dichorragia nesimachus machates,,Lepidoptera Butterfly Nymphalidae Dichorragia nesimachus machates nan
1136,Lepidoptera,Butterfly,Nymphalidae,Dichorragia,Dichorragia nesimachus,Dichorragia nesimachus machates,Dichorragia nesimachus machates female,Lepidoptera Butterfly Nymphalidae Dichorragia nesimachus machates female
1139,Lepidoptera,Butterfly,Nymphalidae,Vindula,Vindula dejone,Vindula dejone erotoides,Vindula dejone erotoides male,Lepidoptera Butterfly Nymphalidae Vindula dejone erotoides male
1140,Lepidoptera,Butterfly,Nymphalidae,Vindula,Vindula arsinoe,Vindula arsinoe,,Lepidoptera Butterfly Nymphalidae Vindula arsinoe nan nan
1141,Lepidoptera,Butterfly,Nymphalidae,Neptis,Neptis vikasi,Neptis vikasi taimiri,,Lepidoptera Butterfly Nymphalidae Neptis vikasi taimiri nan
1142,Lepidoptera,Butterfly,Nymphalidae,Neptis,Neptis vikasi,Neptis vikasi taimiri,Neptis vikasi taimiri female,Lepidoptera Butterfly Nymphalidae Neptis vikasi taimiri female
1144,Lepidoptera,Butterfly,Nymphalidae,Neptis,Neptis cartica,Neptis cartica,,Lepidoptera Butterfly Nymphalidae Neptis cartica nan nan
1145,Lepidoptera,Butterfly,Nymphalidae,Neptis,Neptis satina,Neptis satina satina,Neptis satina satina male,Lepidoptera Butterfly Nymphalidae Neptis satina satina male
1148,Lepidoptera,Butterfly,Nymphalidae,Neptis,Neptis satina,Neptis satina satina,Neptis satina satina female,Lepidoptera Butterfly Nymphalidae Neptis satina satina female
1149,Lepidoptera,Butterfly,Nymphalidae,Neptis,Neptis satina,Neptis satina satina,,Lepidoptera Butterfly Nymphalidae Neptis satina satina nan
1155,Lepidoptera,Butterfly,Nymphalidae,Phaedyma,Phaedyma daria,Phaedyma daria daria,,Lepidoptera Butterfly Nymphalidae Phaedyma daria daria nan
1165,Lepidoptera,Butterfly,Nymphalidae,Athyma,Athyma nefte,Athyma nefte nefte,,Lepidoptera Butterfly Nymphalidae Athyma nefte nefte nan
1169,Lepidoptera,Butterfly,Nymphalidae,Athyma,Athyma nefte,Athyma nefte nefte,Athyma nefte nefte male,Lepidoptera Butterfly Nymphalidae Athyma nefte nefte male
1171,Lepidoptera,Butterfly,Nymphalidae,Cyrestis,Cyrestis strigata,Cyrestis strigata,Cyrestis strigata female,Lepidoptera Butterfly Nymphalidae Cyrestis strigata nan female
1175,Lepidoptera,Butterfly,Nymphalidae,Cyrestis,Cyrestis strigata,Cyrestis strigata,Cyrestis strigata male,Lepidoptera Butterfly Nymphalidae Cyrestis strigata nan male
1227,Lepidoptera,Butterfly,Nymphalidae,Lexias,Lexias immaculata,Lexias immaculata,,Lepidoptera Butterfly Nymphalidae Lexias immaculata nan nan
1228,Lepidoptera,Butterfly,Nymphalidae,Lexias,Lexias dirtea,Lexias dirtea chalcenoides,Lexias dirtea chalcenoides male,Lepidoptera Butterfly Nymphalidae Lexias dirtea chalcenoides male
1229,Lepidoptera,Butterfly,Nymphalidae,Lexias,Lexias dirtea,Lexias dirtea chalcenoides,,Lepidoptera Butterfly Nymphalidae Lexias dirtea chalcenoides nan
1244,Lepidoptera,Butterfly,Nymphalidae,Lexias,Lexias dirtea,Lexias dirtea chalcenoides,Lexias dirtea chalcenoides female,Lepidoptera Butterfly Nymphalidae Lexias dirtea chalcenoides female
1262,Lepidoptera,Butterfly,Nymphalidae,Euthalia,Euthalia franciae,Euthalia franciae,Euthalia franciae male,Lepidoptera Butterfly Nymphalidae Euthalia franciae nan male
1263,Lepidoptera,Butterfly,Nymphalidae,Euthalia,Euthalia alpheda,Euthalia alpheda phelada,,Lepidoptera Butterfly Nymphalidae Euthalia alpheda phelada nan
1266,Lepidoptera,Butterfly,Nymphalidae,Tarattia,Tarattia lysanias,Tarattia lysanias lysanias,Tarattia lysanias lysanias female,Lepidoptera Butterfly Nymphalidae Tarattia lysanias lysanias female
1267,Lepidoptera,Butterfly,Nymphalidae,Tarattia,Tarattia lysanias,Tarattia lysanias lysanias,Tarattia lysanias lysanias male,Lepidoptera Butterfly Nymphalidae Tarattia lysanias lysanias male
1268,Lepidoptera,Butterfly,Nymphalidae,Tarattia,Tarattia lysanias,Tarattia lysanias lysanias,,Lepidoptera Butterfly Nymphalidae Tarattia lysanias lysanias nan
1269,Lepidoptera,Butterfly,Nymphalidae,Lebadea,Lebadea martha,Lebadea martha sumatrensis,,Lepidoptera Butterfly Nymphalidae Lebadea martha sumatrensis nan
1272,Lepidoptera,Butterfly,Nymphalidae,Parthenos,Parthenos sylvia,Parthenos sylvia sumatrensis,,Lepidoptera Butterfly Nymphalidae Parthenos sylvia sumatrensis nan
1273,Lepidoptera,Butterfly,Nymphalidae,Parthenos,Parthenos sylvia,Parthenos sylvia sumatrensis,Parthenos sylvia sumatrensis male,Lepidoptera Butterfly Nymphalidae Parthenos sylvia sumatrensis male
1277,Lepidoptera,Butterfly,Lycaenidae,Dicallaneura,Dicallaneura decorata,Dicallaneura decorata conos,,Lepidoptera Butterfly Lycaenidae Dicallaneura decorata conos nan
1278,Lepidoptera,Butterfly,Lycaenidae,Dicallaneura,Dicallaneura decorata,Dicallaneura decorata sigala,,Lepidoptera Butterfly Lycaenidae Dicallaneura decorata sigala nan
1279,Lepidoptera,Butterfly,Lycaenidae,Dicallaneura,Dicallaneura ostrina,Dicallaneura ostrina,Dicallaneura ostrina male,Lepidoptera Butterfly Lycaenidae Dicallaneura ostrina nan male
1280,Lepidoptera,Butterfly,Lycaenidae,Dicallaneura,Dicallaneura ostrina,Dicallaneura ostrina,Dicallaneura ostrina female,Lepidoptera Butterfly Lycaenidae Dicallaneura ostrina nan female
1281,Lepidoptera,Butterfly,Lycaenidae,Praetaxila,Praetaxila tyrannus,Praetaxila tyrannus,Praetaxila tyrannus female,Lepidoptera Butterfly Lycaenidae Praetaxila tyrannus nan female
1282,Lepidoptera,Butterfly,Lycaenidae,Praetaxila,Praetaxila huntei,Praetaxila huntei,Praetaxila huntei female,Lepidoptera Butterfly Lycaenidae Praetaxila huntei nan female
1283,Lepidoptera,Butterfly,Lycaenidae,Praetaxila,Praetaxila tyrannus,Praetaxila tyrannus segestes,Praetaxila tyrannus segestes male,Lepidoptera Butterfly Lycaenidae Praetaxila tyrannus segestes male
1284,Lepidoptera,Butterfly,Lycaenidae,Praetaxila,Praetaxila satraps,Praetaxila satraps satraps,,Lepidoptera Butterfly Lycaenidae Praetaxila satraps satraps nan
1285,Lepidoptera,Butterfly,Papilionidae,Atrophaneura,Atrophaneura dixoni,Atrophaneura dixoni,,Lepidoptera Butterfly Papilionidae Atrophaneura dixoni nan nan
1286,Lepidoptera,Butterfly,Papilionidae,Graphium,Graphium doson,Graphium doson vulso,Graphium doson vulso male,Lepidoptera Butterfly Papilionidae Graphium doson vulso male
1287,Lepidoptera,Butterfly,Papilionidae,Pachliopta,Pachliopta adamas,Pachliopta adamas balinus,Pachliopta adamas balinus female,Lepidoptera Butterfly Papilionidae Pachliopta adamas balinus female
1289,Lepidoptera,Butterfly,Papilionidae,Pachliopta,Pachliopta adamas,Pachliopta adamas balinus,Pachliopta adamas balinus male,Lepidoptera Butterfly Papilionidae Pachliopta adamas balinus male
1290,Lepidoptera,Butterfly,Papilionidae,Pachliopta,Pachliopta adamas,Pachliopta adamas lombockensis,Pachliopta adamas lombockensis male,Lepidoptera Butterfly Papilionidae Pachliopta adamas lombockensis male
1291,Lepidoptera,Butterfly,Papilionidae,Pachliopta,Pachliopta adamas,Pachliopta adamas lombockensis,Pachliopta adamas lombockensis female,Lepidoptera Butterfly Papilionidae Pachliopta adamas lombockensis female
1293,Lepidoptera,Butterfly,Papilionidae,Papilio,Papilio peranthus,Papilio peranthus kransi,Papilio peranthus kransi male,Lepidoptera Butterfly Papilionidae Papilio peranthus kransi male
1300,Lepidoptera,Butterfly,Nymphalidae,Sumalia,Sumalia chilo,Sumalia chilo,Sumalia chilo male,Lepidoptera Butterfly Nymphalidae Sumalia chilo nan male
1301,Lepidoptera,Butterfly,Nymphalidae,Parthenos,Parthenos sylvia,Parthenos sylvia tualensis,Parthenos sylvia tualensis male,Lepidoptera Butterfly Nymphalidae Parthenos sylvia tualensis male
1304,Lepidoptera,Butterfly,Nymphalidae,Parthenos,Parthenos sylvia,Parthenos sylvia tualensis,,Lepidoptera Butterfly Nymphalidae Parthenos sylvia tualensis nan
1306,Lepidoptera,Butterfly,Nymphalidae,Parthenos,Parthenos sylvia,Parthenos sylvia tualensis,Parthenos sylvia tualensis female,Lepidoptera Butterfly Nymphalidae Parthenos sylvia tualensis female
1319,Lepidoptera,Butterfly,Nymphalidae,Pantoporia,Pantoporia hordonia,Pantoporia hordonia hordonia,Pantoporia hordonia hordonia male,Lepidoptera Butterfly Nymphalidae Pantoporia hordonia hordonia male
1325,Lepidoptera,Butterfly,Nymphalidae,Pantoporia,Pantoporia consimilis,Pantoporia consimilis consimilis,,Lepidoptera Butterfly Nymphalidae Pantoporia consimilis consimilis nan
1326,Lepidoptera,Butterfly,Nymphalidae,Pantoporia,Pantoporia consimilis,Pantoporia consimilis consimilis,Pantoporia consimilis consimilis female,Lepidoptera Butterfly Nymphalidae Pantoporia consimilis consimilis female
1329,Lepidoptera,Butterfly,Nymphalidae,Neptis,Neptis sankara,Neptis sankara yamari,,Lepidoptera Butterfly Nymphalidae Neptis sankara yamari nan
1330,Lepidoptera,Butterfly,Nymphalidae,Neptis,Neptis ananta,Neptis ananta,Neptis ananta male,Lepidoptera Butterfly Nymphalidae Neptis ananta nan male
1331,Lepidoptera,Butterfly,Nymphalidae,Neptis,Neptis duryodana,Neptis duryodana,,Lepidoptera Butterfly Nymphalidae Neptis duryodana nan nan
1334,Lepidoptera,Butterfly,Lycaenidae,Abisara,Abisara echerius,Abisara echerius celebica,,Lepidoptera Butterfly Lycaenidae Abisara echerius celebica nan
1338,Lepidoptera,Butterfly,Lycaenidae,Abisara,Abisara geza,Abisara geza sura,,Lepidoptera Butterfly Lycaenidae Abisara geza sura nan
1342,Lepidoptera,Butterfly,Lycaenidae,Praetaxila,Praetaxila statira,Praetaxila statira naram,Praetaxila statira naram female,Lepidoptera Butterfly Lycaenidae Praetaxila statira naram female
1343,Lepidoptera,Butterfly,Lycaenidae,Abisara,Abisara saturata,Abisara saturata stasinus,,Lepidoptera Butterfly Lycaenidae Abisara saturata stasinus nan
1348,Lepidoptera,Butterfly,Lycaenidae,Abisara,Abisara saturata,Abisara saturata stasinus,Abisara saturata stasinus female,Lepidoptera Butterfly Lycaenidae Abisara saturata stasinus female
1352,Lepidoptera,Butterfly,Nymphalidae,Parantica,Parantica luzonensis,Parantica luzonensis flora,,Lepidoptera Butterfly Nymphalidae Parantica luzonensis flora nan
1354,Lepidoptera,Butterfly,Nymphalidae,Danaus,Danaus plexippus,Danaus plexippus,Danaus plexippus male,Lepidoptera Butterfly Nymphalidae Danaus plexippus nan male
1355,Lepidoptera,Butterfly,Nymphalidae,Danaus,Danaus plexippus,Danaus plexippus,,Lepidoptera Butterfly Nymphalidae Danaus plexippus nan nan
1357,Lepidoptera,Butterfly,Nymphalidae,Danaus,Danaus affinis,Danaus affinis,Danaus affinis male,Lepidoptera Butterfly Nymphalidae Danaus affinis nan male
1359,Lepidoptera,Butterfly,Nymphalidae,Cyrestis,Cyrestis thyonneus,Cyrestis thyonneus celebensis,,Lepidoptera Butterfly Nymphalidae Cyrestis thyonneus celebensis nan
1361,Lepidoptera,Butterfly,Nymphalidae,Cyrestis,Cyrestis thyonneus,Cyrestis thyonneus celebensis,Cyrestis thyonneus celebensis female,Lepidoptera Butterfly Nymphalidae Cyrestis thyonneus celebensis female
1367,Lepidoptera,Butterfly,Nymphalidae,Cyrestis,Cyrestis thyonneus,Cyrestis thyonneus celebensis,Cyrestis thyonneus celebensis male,Lepidoptera Butterfly Nymphalidae Cyrestis thyonneus celebensis male
1373,Lepidoptera,Butterfly,Nymphalidae,Prothoe,Prothoe australis,Prothoe australis australis,Prothoe australis australis male,Lepidoptera Butterfly Nymphalidae Prothoe australis australis male
1383,Lepidoptera,Butterfly,Nymphalidae,Prothoe,Prothoe australis,Prothoe australis westwoodi,Prothoe australis westwoodi male,Lepidoptera Butterfly Nymphalidae Prothoe australis westwoodi male
1384,Lepidoptera,Butterfly,Nymphalidae,Prothoe,Prothoe australis,Prothoe australis westwoodi,Prothoe australis westwoodi female,Lepidoptera Butterfly Nymphalidae Prothoe australis westwoodi female
1385,Lepidoptera,Butterfly,Nymphalidae,Prothoe,Prothoe australis,Prothoe australis,Prothoe australis female,Lepidoptera Butterfly Nymphalidae Prothoe australis nan female
1386,Lepidoptera,Butterfly,Nymphalidae,Euploea,Euploea eyndhovii,Euploea eyndhovii,Euploea eyndhovii male,Lepidoptera Butterfly Nymphalidae Euploea eyndhovii nan male
1388,Lepidoptera,Butterfly,Nymphalidae,Euploea,Euploea crameri,Euploea crameri albomaculata,,Lepidoptera Butterfly Nymphalidae Euploea crameri albomaculata nan
1389,Lepidoptera,Butterfly,Nymphalidae,Euploea,Euploea wallacei,Euploea wallacei,Euploea wallacei male,Lepidoptera Butterfly Nymphalidae Euploea wallacei nan male
1390,Lepidoptera,Butterfly,Nymphalidae,Euploea,Euploea alcathoe,Euploea alcathoe alecto,Euploea alcathoe alecto female,Lepidoptera Butterfly Nymphalidae Euploea alcathoe alecto female
1391,Lepidoptera,Butterfly,Nymphalidae,Euploea,Euploea alcathoe,Euploea alcathoe,Euploea alcathoe female,Lepidoptera Butterfly Nymphalidae Euploea alcathoe nan female
1392,Lepidoptera,Butterfly,Nymphalidae,Euploea,Euploea alcathoe,Euploea alcathoe,Euploea alcathoe male,Lepidoptera Butterfly Nymphalidae Euploea alcathoe nan male
1394,Lepidoptera,Butterfly,Nymphalidae,Euploea,Euploea leucostictos,Euploea leucostictos leucostictos,,Lepidoptera Butterfly Nymphalidae Euploea leucostictos leucostictos nan
1395,Lepidoptera,Butterfly,Nymphalidae,Idea,Idea blanchardii,Idea blanchardii,,Lepidoptera Butterfly Nymphalidae Idea blanchardii nan nan
1397,Lepidoptera,Butterfly,Nymphalidae,Neptis,Neptis hylas,Neptis hylas sopatra,,Lepidoptera Butterfly Nymphalidae Neptis hylas sopatra nan
1399,Lepidoptera,Butterfly,Nymphalidae,Vindula,Vindula dejone,Vindula dejone buruana,Vindula dejone buruana male,Lepidoptera Butterfly Nymphalidae Vindula dejone buruana male
1402,Lepidoptera,Butterfly,Nymphalidae,Vindula,Vindula dejone,Vindula dejone celebensis,,Lepidoptera Butterfly Nymphalidae Vindula dejone celebensis nan
1404,Lepidoptera,Butterfly,Nymphalidae,Vindula,Vindula dejone,Vindula dejone buruana,,Lepidoptera Butterfly Nymphalidae Vindula dejone buruana nan
1407,Lepidoptera,Butterfly,Lycaenidae,Paralaxita,Paralaxita telesia,Paralaxita telesia telesia,Paralaxita telesia telesia male,Lepidoptera Butterfly Lycaenidae Paralaxita telesia telesia male
1416,Lepidoptera,Butterfly,Pieridae,Delias,Delias bobaga,Delias bobaga bobaga,,Lepidoptera Butterfly Pieridae Delias bobaga bobaga nan
1417,Lepidoptera,Butterfly,Lycaenidae,Dicallaneura,Dicallaneura pulchra,Dicallaneura pulchra princessa,,Lepidoptera Butterfly Lycaenidae Dicallaneura pulchra princessa nan
1418,Lepidoptera,Butterfly,Lycaenidae,Praetaxila,Praetaxila satraps,Praetaxila satraps,Praetaxila satraps female,Lepidoptera Butterfly Lycaenidae Praetaxila satraps nan female
1419,Lepidoptera,Butterfly,Lycaenidae,Praetaxila,Praetaxila statira,Praetaxila statira statira,Praetaxila statira statira male,Lepidoptera Butterfly Lycaenidae Praetaxila statira statira male
1420,Lepidoptera,Butterfly,Lycaenidae,Praetaxila,Praetaxila statira,Praetaxila statira naram,Praetaxila statira naram male,Lepidoptera Butterfly Lycaenidae Praetaxila statira naram male
1422,Lepidoptera,Butterfly,Lycaenidae,Praetaxila,Praetaxila satraps,Praetaxila satraps,Praetaxila satraps male,Lepidoptera Butterfly Lycaenidae Praetaxila satraps nan male
1424,Lepidoptera,Butterfly,Nymphalidae,Tanaecia,Tanaecia clathrata,Tanaecia clathrata,,Lepidoptera Butterfly Nymphalidae Tanaecia clathrata nan nan
1432,Lepidoptera,Butterfly,Nymphalidae,Euthalia,Euthalia aconthea,Euthalia aconthea vasanta,,Lepidoptera Butterfly Nymphalidae Euthalia aconthea vasanta nan
1435,Lepidoptera,Butterfly,Nymphalidae,Tanaecia,Tanaecia aruna,Tanaecia aruna palawana,Tanaecia aruna palawana female,Lepidoptera Butterfly Nymphalidae Tanaecia aruna palawana female
1439,Lepidoptera,Butterfly,Nymphalidae,Euthalia,Euthalia monina,Euthalia monina,,Lepidoptera Butterfly Nymphalidae Euthalia monina nan nan
1442,Lepidoptera,Butterfly,Nymphalidae,Tirumala,Tirumala hamata,Tirumala hamata paryadres,Tirumala hamata paryadres male,Lepidoptera Butterfly Nymphalidae Tirumala hamata paryadres male
1443,Lepidoptera,Butterfly,Nymphalidae,Ideopsis,Ideopsis vulgaris,Ideopsis vulgaris,,Lepidoptera Butterfly Nymphalidae Ideopsis vulgaris nan nan
1444,Lepidoptera,Butterfly,Nymphalidae,Danaus,Danaus affinis,Danaus affinis affinoides,Danaus affinis affinoides male,Lepidoptera Butterfly Nymphalidae Danaus affinis affinoides male
1445,Lepidoptera,Butterfly,Nymphalidae,Danaus,Danaus affinis,Danaus affinis affinoides,Danaus affinis affinoides female,Lepidoptera Butterfly Nymphalidae Danaus affinis affinoides female
1449,Lepidoptera,Butterfly,Nymphalidae,Euploea,Euploea mulciber,Euploea mulciber seraphita,,Lepidoptera Butterfly Nymphalidae Euploea mulciber seraphita nan
1451,Lepidoptera,Butterfly,Nymphalidae,Danaus,Danaus ismare,Danaus ismare fulvus,Danaus ismare fulvus female,Lepidoptera Butterfly Nymphalidae Danaus ismare fulvus female
1452,Lepidoptera,Butterfly,Nymphalidae,Euploea,Euploea phaenareta,Euploea phaenareta pavettae,,Lepidoptera Butterfly Nymphalidae Euploea phaenareta pavettae nan
1454,Lepidoptera,Butterfly,Nymphalidae,Euploea,Euploea phaenareta,Euploea phaenareta pavettae,Euploea phaenareta pavettae female,Lepidoptera Butterfly Nymphalidae Euploea phaenareta pavettae female
1466,Lepidoptera,Butterfly,Nymphalidae,Euploea,Euploea doubledayi,Euploea doubledayi,,Lepidoptera Butterfly Nymphalidae Euploea doubledayi nan nan
1467,Lepidoptera,Butterfly,Nymphalidae,Moduza,Moduza lymire,Moduza lymire lymire,Moduza lymire lymire male,Lepidoptera Butterfly Nymphalidae Moduza lymire lymire male
1473,Lepidoptera,Butterfly,Nymphalidae,Moduza,Moduza lymire,Moduza lymire lymire,,Lepidoptera Butterfly Nymphalidae Moduza lymire lymire nan
1475,Lepidoptera,Butterfly,Nymphalidae,Moduza,Moduza lymire,Moduza lymire lymire,Moduza lymire lymire female,Lepidoptera Butterfly Nymphalidae Moduza lymire lymire female
1490,Lepidoptera,Butterfly,Nymphalidae,Parthenos,Parthenos sylvia,Parthenos sylvia ellina,Parthenos sylvia ellina female,Lepidoptera Butterfly Nymphalidae Parthenos sylvia ellina female
1491,Lepidoptera,Butterfly,Nymphalidae,Parthenos,Parthenos sylvia,Parthenos sylvia ellina,,Lepidoptera Butterfly Nymphalidae Parthenos sylvia ellina nan
1492,Lepidoptera,Butterfly,Nymphalidae,Parthenos,Parthenos sylvia,Parthenos sylvia ellina,Parthenos sylvia ellina male,Lepidoptera Butterfly Nymphalidae Parthenos sylvia ellina male
1517,Lepidoptera,Butterfly,Nymphalidae,Euploea,Euploea camaralzeman,Euploea camaralzeman malayica,,Lepidoptera Butterfly Nymphalidae Euploea camaralzeman malayica nan
1518,Lepidoptera,Butterfly,Nymphalidae,Euploea,Euploea gamelia,Euploea gamelia gamelia,,Lepidoptera Butterfly Nymphalidae Euploea gamelia gamelia nan
1528,Lepidoptera,Butterfly,Nymphalidae,Libythea,Libythea geoffroyi,Libythea geoffroyi geoffroyi,Libythea geoffroyi geoffroyi male,Lepidoptera Butterfly Nymphalidae Libythea geoffroyi geoffroyi male
1531,Lepidoptera,Butterfly,Nymphalidae,Libythea,Libythea geoffroyi,Libythea geoffroyi geoffroyi,,Lepidoptera Butterfly Nymphalidae Libythea geoffroyi geoffroyi nan
1532,Lepidoptera,Butterfly,Lycaenidae,Zemeros,Zemeros flegyas,Zemeros flegyas albipunctata,,Lepidoptera Butterfly Lycaenidae Zemeros flegyas albipunctata nan
1533,Lepidoptera,Butterfly,Lycaenidae,Zemeros,Zemeros flegyas,Zemeros flegyas albipunctata,Zemeros flegyas albipunctata male,Lepidoptera Butterfly Lycaenidae Zemeros flegyas albipunctata male
1534,Lepidoptera,Butterfly,Lycaenidae,Zemeros,Zemeros flegyas,Zemeros flegyas hostius,Zemeros flegyas hostius male,Lepidoptera Butterfly Lycaenidae Zemeros flegyas hostius male
1535,Lepidoptera,Butterfly,Lycaenidae,Zemeros,Zemeros flegyas,Zemeros flegyas hostius,,Lepidoptera Butterfly Lycaenidae Zemeros flegyas hostius nan
1538,Lepidoptera,Butterfly,Lycaenidae,Zemeros,Zemeros flegyas,Zemeros flegyas javanus,,Lepidoptera Butterfly Lycaenidae Zemeros flegyas javanus nan
1539,Lepidoptera,Butterfly,Lycaenidae,Zemeros,Zemeros flegyas,Zemeros flegyas javanus,Zemeros flegyas javanus male,Lepidoptera Butterfly Lycaenidae Zemeros flegyas javanus male
1552,Lepidoptera,Butterfly,Papilionidae,Troides,Troides andromache,Troides andromache,,Lepidoptera Butterfly Papilionidae Troides andromache nan nan
1553,Lepidoptera,Butterfly,Papilionidae,Atrophaneura,Atrophaneura sycorax,Atrophaneura sycorax,,Lepidoptera Butterfly Papilionidae Atrophaneura sycorax nan nan
1554,Lepidoptera,Butterfly,Papilionidae,Atrophaneura,Atrophaneura kuehni,Atrophaneura kuehni,Atrophaneura kuehni male,Lepidoptera Butterfly Papilionidae Atrophaneura kuehni nan male
1555,Lepidoptera,Butterfly,Papilionidae,Atrophaneura,Atrophaneura kuehni,Atrophaneura kuehni,Atrophaneura kuehni female,Lepidoptera Butterfly Papilionidae Atrophaneura kuehni nan female
1556,Lepidoptera,Butterfly,Papilionidae,Papilio,Papilio helenus,Papilio helenus palawanicus,,Lepidoptera Butterfly Papilionidae Papilio helenus palawanicus nan
1557,Lepidoptera,Butterfly,Papilionidae,Graphium,Graphium sarpedon,Graphium sarpedon luctatius,Graphium sarpedon luctatius male,Lepidoptera Butterfly Papilionidae Graphium sarpedon luctatius male
1558,Lepidoptera,Butterfly,Papilionidae,Papilio,Papilio aegeus,Papilio aegeus ormenus,Papilio aegeus ormenus female,Lepidoptera Butterfly Papilionidae Papilio aegeus ormenus female
1559,Lepidoptera,Butterfly,Papilionidae,Troides,Troides helena,Troides helena helena,Troides helena helena female,Lepidoptera Butterfly Papilionidae Troides helena helena female
1560,Lepidoptera,Butterfly,Papilionidae,Troides,Troides helena,Troides helena helena,Troides helena helena male,Lepidoptera Butterfly Papilionidae Troides helena helena male
1561,Lepidoptera,Butterfly,Nymphalidae,Cyrestis,Cyrestis acilia,Cyrestis acilia jordani,Cyrestis acilia jordani male,Lepidoptera Butterfly Nymphalidae Cyrestis acilia jordani male
1562,Lepidoptera,Butterfly,Nymphalidae,Cyrestis,Cyrestis acilia,Cyrestis acilia latifascia,,Lepidoptera Butterfly Nymphalidae Cyrestis acilia latifascia nan
1565,Lepidoptera,Butterfly,Nymphalidae,Tanaecia,Tanaecia orphne,Tanaecia orphne,,Lepidoptera Butterfly Nymphalidae Tanaecia orphne nan nan
1569,Lepidoptera,Butterfly,Nymphalidae,Euthalia,Euthalia telchinia,Euthalia telchinia,,Lepidoptera Butterfly Nymphalidae Euthalia telchinia nan nan
1571,Lepidoptera,Butterfly,Nymphalidae,Danaus,Danaus affinis,Danaus affinis,Danaus affinis female,Lepidoptera Butterfly Nymphalidae Danaus affinis nan female
1576,Lepidoptera,Butterfly,Nymphalidae,Danaus,Danaus chrysippus,Danaus chrysippus gelderi,,Lepidoptera Butterfly Nymphalidae Danaus chrysippus gelderi nan
1579,Lepidoptera,Butterfly,Nymphalidae,Danaus,Danaus chrysippus,Danaus chrysippus gelderi,Danaus chrysippus gelderi male,Lepidoptera Butterfly Nymphalidae Danaus chrysippus gelderi male
1582,Lepidoptera,Butterfly,Nymphalidae,Danaus,Danaus chrysippus,Danaus chrysippus petilia,,Lepidoptera Butterfly Nymphalidae Danaus chrysippus petilia nan
1590,Lepidoptera,Butterfly,Nymphalidae,Danaus,Danaus chrysippus,Danaus chrysippus petilia,Danaus chrysippus petilia male,Lepidoptera Butterfly Nymphalidae Danaus chrysippus petilia male
1601,Lepidoptera,Butterfly,Nymphalidae,Danaus,Danaus chrysippus,Danaus chrysippus petilia,Danaus chrysippus petilia female,Lepidoptera Butterfly Nymphalidae Danaus chrysippus petilia female
1606,Lepidoptera,Butterfly,Nymphalidae,Danaus,Danaus chrysippus,Danaus chrysippus cratippus,,Lepidoptera Butterfly Nymphalidae Danaus chrysippus cratippus nan
1616,Lepidoptera,Butterfly,Nymphalidae,Euploea,Euploea crameri,Euploea crameri bremeri,,Lepidoptera Butterfly Nymphalidae Euploea crameri bremeri nan
1617,Lepidoptera,Butterfly,Nymphalidae,Euploea,Euploea leucostictos,Euploea leucostictos nemertes,,Lepidoptera Butterfly Nymphalidae Euploea leucostictos nemertes nan
1620,Lepidoptera,Butterfly,Nymphalidae,Euploea,Euploea sylvester,Euploea sylvester,,Lepidoptera Butterfly Nymphalidae Euploea sylvester nan nan
1622,Lepidoptera,Butterfly,Nymphalidae,Euploea,Euploea eupator,Euploea eupator eupator,,Lepidoptera Butterfly Nymphalidae Euploea eupator eupator nan
1623,Lepidoptera,Butterfly,Nymphalidae,Euploea,Euploea eupator,Euploea eupator vanoorti,Euploea eupator vanoorti male,Lepidoptera Butterfly Nymphalidae Euploea eupator vanoorti male
1624,Lepidoptera,Butterfly,Nymphalidae,Euploea,Euploea eupator,Euploea eupator vanoorti,Euploea eupator vanoorti female,Lepidoptera Butterfly Nymphalidae Euploea eupator vanoorti female
1625,Lepidoptera,Butterfly,Nymphalidae,Euploea,Euploea tulliolus,Euploea tulliolus maria,,Lepidoptera Butterfly Nymphalidae Euploea tulliolus maria nan
1626,Lepidoptera,Butterfly,Nymphalidae,Vindula,Vindula erota,Vindula erota,Vindula erota male,Lepidoptera Butterfly Nymphalidae Vindula erota nan male
1637,Lepidoptera,Butterfly,Nymphalidae,Euploea,Euploea climena,Euploea climena sepulchralis,Euploea climena sepulchralis male,Lepidoptera Butterfly Nymphalidae Euploea climena sepulchralis male
1638,Lepidoptera,Butterfly,Nymphalidae,Euploea,Euploea climena,Euploea climena sepulchralis,Euploea climena sepulchralis female,Lepidoptera Butterfly Nymphalidae Euploea climena sepulchralis female
1639,Lepidoptera,Butterfly,Nymphalidae,Euploea,Euploea eyndhovii,Euploea eyndhovii,Euploea eyndhovii female,Lepidoptera Butterfly Nymphalidae Euploea eyndhovii nan female
1640,Lepidoptera,Butterfly,Nymphalidae,Euploea,Euploea sylvester,Euploea sylvester mithrenes,Euploea sylvester mithrenes male,Lepidoptera Butterfly Nymphalidae Euploea sylvester mithrenes male
1642,Lepidoptera,Butterfly,Nymphalidae,Athyma,Athyma larymna,Athyma larymna,Athyma larymna male,Lepidoptera Butterfly Nymphalidae Athyma larymna nan male
1644,Lepidoptera,Butterfly,Nymphalidae,Athyma,Athyma larymna,Athyma larymna,Athyma larymna female,Lepidoptera Butterfly Nymphalidae Athyma larymna nan female
1645,Lepidoptera,Butterfly,Nymphalidae,Athyma,Athyma larymna,Athyma larymna,,Lepidoptera Butterfly Nymphalidae Athyma larymna nan nan
1651,Lepidoptera,Butterfly,Nymphalidae,Athyma,Athyma eulimene,Athyma eulimene badoura,Athyma eulimene badoura male,Lepidoptera Butterfly Nymphalidae Athyma eulimene badoura male
1655,Lepidoptera,Butterfly,Nymphalidae,Athyma,Athyma eulimene,Athyma eulimene badoura,,Lepidoptera Butterfly Nymphalidae Athyma eulimene badoura nan
1658,Lepidoptera,Butterfly,Nymphalidae,Athyma,Athyma eulimene,Athyma eulimene badoura,Athyma eulimene badoura female,Lepidoptera Butterfly Nymphalidae Athyma eulimene badoura female
1665,Lepidoptera,Butterfly,Nymphalidae,Athyma,Athyma kanwa,Athyma kanwa,,Lepidoptera Butterfly Nymphalidae Athyma kanwa nan nan
1670,Lepidoptera,Butterfly,Nymphalidae,Athyma,Athyma nefte,Athyma nefte neftina,,Lepidoptera Butterfly Nymphalidae Athyma nefte neftina nan
1671,Lepidoptera,Butterfly,Nymphalidae,Libythea,Libythea myrrha,Libythea myrrha hecura,,Lepidoptera Butterfly Nymphalidae Libythea myrrha hecura nan
1673,Lepidoptera,Butterfly,Nymphalidae,Parantica,Parantica menadensis,Parantica menadensis niuwenhuisi,Parantica menadensis niuwenhuisi male,Lepidoptera Butterfly Nymphalidae Parantica menadensis niuwenhuisi male
1674,Lepidoptera,Butterfly,Nymphalidae,Parantica,Parantica menadensis,Parantica menadensis niuwenhuisi,Parantica menadensis niuwenhuisi female,Lepidoptera Butterfly Nymphalidae Parantica menadensis niuwenhuisi female
1675,Lepidoptera,Butterfly,Nymphalidae,Ideopsis,Ideopsis juventa,Ideopsis juventa,,Lepidoptera Butterfly Nymphalidae Ideopsis juventa nan nan
1678,Lepidoptera,Butterfly,Nymphalidae,Danaus,Danaus affinis,Danaus affinis,,Lepidoptera Butterfly Nymphalidae Danaus affinis nan nan
1681,Lepidoptera,Butterfly,Nymphalidae,Euploea,Euploea tulliolus,Euploea tulliolus sumbana,,Lepidoptera Butterfly Nymphalidae Euploea tulliolus sumbana nan
1682,Lepidoptera,Butterfly,Nymphalidae,Euploea,Euploea batesii,Euploea batesii,,Lepidoptera Butterfly Nymphalidae Euploea batesii nan nan
1683,Lepidoptera,Butterfly,Nymphalidae,Euploea,Euploea eupator,Euploea eupator orneus,Euploea eupator orneus male,Lepidoptera Butterfly Nymphalidae Euploea eupator orneus male
1684,Lepidoptera,Butterfly,Nymphalidae,Euploea,Euploea eupator,Euploea eupator orneus,Euploea eupator orneus female,Lepidoptera Butterfly Nymphalidae Euploea eupator orneus female
1685,Lepidoptera,Butterfly,Papilionidae,Pachliopta,Pachliopta aristolochiae,Pachliopta aristolochiae anadyomene,Pachliopta aristolochiae anadyomene male,Lepidoptera Butterfly Papilionidae Pachliopta aristolochiae anadyomene male
1686,Lepidoptera,Butterfly,Papilionidae,Pachliopta,Pachliopta aristolochiae,Pachliopta aristolochiae anadyomene,Pachliopta aristolochiae anadyomene female,Lepidoptera Butterfly Papilionidae Pachliopta aristolochiae anadyomene female
1689,Lepidoptera,Butterfly,Papilionidae,Pachliopta,Pachliopta adamas,Pachliopta adamas adamas,Pachliopta adamas adamas male,Lepidoptera Butterfly Papilionidae Pachliopta adamas adamas male
1698,Lepidoptera,Butterfly,Papilionidae,Pachliopta,Pachliopta adamas,Pachliopta adamas adamas,Pachliopta adamas adamas female,Lepidoptera Butterfly Papilionidae Pachliopta adamas adamas female
1711,Lepidoptera,Butterfly,Nymphalidae,Cyrestis,Cyrestis maenalis,Cyrestis maenalis irmae,,Lepidoptera Butterfly Nymphalidae Cyrestis maenalis irmae nan
1722,Lepidoptera,Butterfly,Nymphalidae,Cyrestis,Cyrestis maenalis,Cyrestis maenalis irmae,Cyrestis maenalis irmae male,Lepidoptera Butterfly Nymphalidae Cyrestis maenalis irmae male
1750,Lepidoptera,Butterfly,Lycaenidae,Laxita,Laxita teneta,Laxita teneta,Laxita teneta male,Lepidoptera Butterfly Lycaenidae Laxita teneta nan male
1751,Lepidoptera,Butterfly,Lycaenidae,Abisara,Abisara saturata,Abisara saturata kausambioides,Abisara saturata kausambioides male,Lepidoptera Butterfly Lycaenidae Abisara saturata kausambioides male
1755,Lepidoptera,Butterfly,Lycaenidae,Abisara,Abisara savitri,Abisara savitri susa,,Lepidoptera Butterfly Lycaenidae Abisara savitri susa nan
1756,Lepidoptera,Butterfly,Lycaenidae,Dicallaneura,Dicallaneura pulchra,Dicallaneura pulchra,,Lepidoptera Butterfly Lycaenidae Dicallaneura pulchra nan nan
1759,Lepidoptera,Butterfly,Nymphalidae,Libythea,Libythea narina,Libythea narina nahathaka,,Lepidoptera Butterfly Nymphalidae Libythea narina nahathaka nan
1761,Lepidoptera,Butterfly,Nymphalidae,Libythea,Libythea narina,Libythea narina nahathaka,Libythea narina nahathaka male,Lepidoptera Butterfly Nymphalidae Libythea narina nahathaka male
1764,Lepidoptera,Butterfly,Nymphalidae,Danaus,Danaus genutia,Danaus genutia,,Lepidoptera Butterfly Nymphalidae Danaus genutia nan nan
1790,Lepidoptera,Butterfly,Nymphalidae,Ideopsis,Ideopsis juventa,Ideopsis juventa curtisi,,Lepidoptera Butterfly Nymphalidae Ideopsis juventa curtisi nan
1813,Lepidoptera,Butterfly,Nymphalidae,Athyma,Athyma pravara,Athyma pravara,Athyma pravara male,Lepidoptera Butterfly Nymphalidae Athyma pravara nan male
1816,Lepidoptera,Butterfly,Nymphalidae,Athyma,Athyma pravara,Athyma pravara,Athyma pravara female,Lepidoptera Butterfly Nymphalidae Athyma pravara nan female
1819,Lepidoptera,Butterfly,Nymphalidae,Moduza,Moduza lycone,Moduza lycone lycone,Moduza lycone lycone male,Lepidoptera Butterfly Nymphalidae Moduza lycone lycone male
1822,Lepidoptera,Butterfly,Nymphalidae,Moduza,Moduza lycone,Moduza lycone lycone,Moduza lycone lycone female,Lepidoptera Butterfly Nymphalidae Moduza lycone lycone female
1825,Lepidoptera,Butterfly,Lycaenidae,Abisara,Abisara echerius,Abisara echerius echerius,,Lepidoptera Butterfly Lycaenidae Abisara echerius echerius nan
1843,Lepidoptera,Butterfly,Nymphalidae,Parthenos,Parthenos sylvia,Parthenos sylvia obiana,,Lepidoptera Butterfly Nymphalidae Parthenos sylvia obiana nan
1848,Lepidoptera,Butterfly,Nymphalidae,Euploea,Euploea sylvester,Euploea sylvester bazilana,,Lepidoptera Butterfly Nymphalidae Euploea sylvester bazilana nan
1854,Lepidoptera,Butterfly,Nymphalidae,Euploea,Euploea mulciber,Euploea mulciber basilissa,Euploea mulciber basilissa female,Lepidoptera Butterfly Nymphalidae Euploea mulciber basilissa female
1855,Lepidoptera,Butterfly,Nymphalidae,Euploea,Euploea mulciber,Euploea mulciber basilissa,,Lepidoptera Butterfly Nymphalidae Euploea mulciber basilissa nan
1861,Lepidoptera,Butterfly,Nymphalidae,Euploea,Euploea boisduvali,Euploea boisduvali boisduvali,Euploea boisduvali boisduvali female,Lepidoptera Butterfly Nymphalidae Euploea boisduvali boisduvali female
1862,Lepidoptera,Butterfly,Nymphalidae,Euploea,Euploea boisduvali,Euploea boisduvali boisduvali,Euploea boisduvali boisduvali male,Lepidoptera Butterfly Nymphalidae Euploea boisduvali boisduvali male
1863,Lepidoptera,Butterfly,Nymphalidae,Athyma,Athyma asura,Athyma asura idita,,Lepidoptera Butterfly Nymphalidae Athyma asura idita nan
1864,Lepidoptera,Butterfly,Nymphalidae,Athyma,Athyma asura,Athyma asura idita,Athyma asura idita male,Lepidoptera Butterfly Nymphalidae Athyma asura idita male
1870,Lepidoptera,Butterfly,Nymphalidae,Athyma,Athyma asura,Athyma asura idita,Athyma asura idita female,Lepidoptera Butterfly Nymphalidae Athyma asura idita female
1872,Lepidoptera,Butterfly,Nymphalidae,Abrota,Abrota ganga,Abrota ganga,,Lepidoptera Butterfly Nymphalidae Abrota ganga nan nan
1873,Lepidoptera,Butterfly,Lycaenidae,Zemeros,Zemeros flegyas,Zemeros flegyas sparsus,Zemeros flegyas sparsus female,Lepidoptera Butterfly Lycaenidae Zemeros flegyas sparsus female
1874,Lepidoptera,Butterfly,Lycaenidae,Zemeros,Zemeros flegyas,Zemeros flegyas sparsus,,Lepidoptera Butterfly Lycaenidae Zemeros flegyas sparsus nan
1880,Lepidoptera,Butterfly,Lycaenidae,Paralaxita,Paralaxita damajanti,Paralaxita damajanti,,Lepidoptera Butterfly Lycaenidae Paralaxita damajanti nan nan
1883,Lepidoptera,Butterfly,Lycaenidae,Paralaxita,Paralaxita damajanti,Paralaxita damajanti cyme,Paralaxita damajanti cyme male,Lepidoptera Butterfly Lycaenidae Paralaxita damajanti cyme male
1885,Lepidoptera,Butterfly,Lycaenidae,Paralaxita,Paralaxita telesia,Paralaxita telesia ines,,Lepidoptera Butterfly Lycaenidae Paralaxita telesia ines nan
1886,Lepidoptera,Butterfly,Lycaenidae,Paralaxita,Paralaxita telesia,Paralaxita telesia ines,Paralaxita telesia ines male,Lepidoptera Butterfly Lycaenidae Paralaxita telesia ines male
1889,Lepidoptera,Butterfly,Lycaenidae,Laxita,Laxita thuisto,Laxita thuisto ephorus,,Lepidoptera Butterfly Lycaenidae Laxita thuisto ephorus nan
1893,Lepidoptera,Butterfly,Nymphalidae,Neptis,Neptis duryodana,Neptis duryodana duryodana,,Lepidoptera Butterfly Nymphalidae Neptis duryodana duryodana nan
1894,Lepidoptera,Butterfly,Nymphalidae,Neptis,Neptis soma,Neptis soma,,Lepidoptera Butterfly Nymphalidae Neptis soma nan nan
1897,Lepidoptera,Butterfly,Nymphalidae,Lasippa,Lasippa tiga,Lasippa tiga siaka,,Lepidoptera Butterfly Nymphalidae Lasippa tiga siaka nan
1901,Lepidoptera,Butterfly,Nymphalidae,Neptis,Neptis vikasi,Neptis vikasi vikasi,Neptis vikasi vikasi male,Lepidoptera Butterfly Nymphalidae Neptis vikasi vikasi male
1902,Lepidoptera,Butterfly,Nymphalidae,Neptis,Neptis vikasi,Neptis vikasi vikasi,,Lepidoptera Butterfly Nymphalidae Neptis vikasi vikasi nan
1915,Lepidoptera,Butterfly,Nymphalidae,Parantica,Parantica luzonensis,Parantica luzonensis,,Lepidoptera Butterfly Nymphalidae Parantica luzonensis nan nan
1916,Lepidoptera,Butterfly,Nymphalidae,Parantica,Parantica luzonensis,Parantica luzonensis,Parantica luzonensis male,Lepidoptera Butterfly Nymphalidae Parantica luzonensis nan male
1917,Lepidoptera,Butterfly,Nymphalidae,Danaus,Danaus chrysippus,Danaus chrysippus,,Lepidoptera Butterfly Nymphalidae Danaus chrysippus nan nan
1945,Lepidoptera,Butterfly,Pieridae,Cepora,Cepora nadina,Cepora nadina andersoni,,Lepidoptera Butterfly Pieridae Cepora nadina andersoni nan
1946,Lepidoptera,Butterfly,Nymphalidae,Parantica,Parantica melaneus,Parantica melaneus sinopion,Parantica melaneus sinopion male,Lepidoptera Butterfly Nymphalidae Parantica melaneus sinopion male
1947,Lepidoptera,Butterfly,Nymphalidae,Elymnias,Elymnias hypermnestra,Elymnias hypermnestra,Elymnias hypermnestra male,Lepidoptera Butterfly Nymphalidae Elymnias hypermnestra nan male
1948,Lepidoptera,Butterfly,Nymphalidae,Euploea,Euploea radamanthus,Euploea radamanthus,,Lepidoptera Butterfly Nymphalidae Euploea radamanthus nan nan
1950,Lepidoptera,Butterfly,Nymphalidae,Stibochiona,Stibochiona nicea,Stibochiona nicea,Stibochiona nicea male,Lepidoptera Butterfly Nymphalidae Stibochiona nicea nan male
1951,Lepidoptera,Butterfly,Nymphalidae,Athyma,Athyma cama,Athyma cama,,Lepidoptera Butterfly Nymphalidae Athyma cama nan nan
1953,Lepidoptera,Butterfly,Nymphalidae,Cyrestis,Cyrestis heracles,Cyrestis heracles,Cyrestis heracles female,Lepidoptera Butterfly Nymphalidae Cyrestis heracles nan female
1959,Lepidoptera,Butterfly,Nymphalidae,Cyrestis,Cyrestis heracles,Cyrestis heracles,,Lepidoptera Butterfly Nymphalidae Cyrestis heracles nan nan
1968,Lepidoptera,Butterfly,Nymphalidae,Euploea,Euploea stephensii,Euploea stephensii salpinxoides,,Lepidoptera Butterfly Nymphalidae Euploea stephensii salpinxoides nan
1969,Lepidoptera,Butterfly,Nymphalidae,Euploea,Euploea gamelia,Euploea gamelia,,Lepidoptera Butterfly Nymphalidae Euploea gamelia nan nan
1970,Lepidoptera,Butterfly,Nymphalidae,Euploea,Euploea gamelia,Euploea gamelia,Euploea gamelia male,Lepidoptera Butterfly Nymphalidae Euploea gamelia nan male
1972,Lepidoptera,Butterfly,Nymphalidae,Euploea,Euploea gamelia,Euploea gamelia,Euploea gamelia female,Lepidoptera Butterfly Nymphalidae Euploea gamelia nan female
1974,Lepidoptera,Butterfly,Nymphalidae,Euploea,Euploea midamus,Euploea midamus rafflesi,Euploea midamus rafflesi male,Lepidoptera Butterfly Nymphalidae Euploea midamus rafflesi male
1976,Lepidoptera,Butterfly,Nymphalidae,Euploea,Euploea mulciber,Euploea mulciber,Euploea mulciber male,Lepidoptera Butterfly Nymphalidae Euploea mulciber nan male
1977,Lepidoptera,Butterfly,Nymphalidae,Euploea,Euploea eupator,Euploea eupator,,Lepidoptera Butterfly Nymphalidae Euploea eupator nan nan
1978,Lepidoptera,Butterfly,Nymphalidae,Euploea,Euploea eupator,Euploea eupator,Euploea eupator male,Lepidoptera Butterfly Nymphalidae Euploea eupator nan male
1980,Lepidoptera,Butterfly,Nymphalidae,Euploea,Euploea eurianassa,Euploea eurianassa,Euploea eurianassa male,Lepidoptera Butterfly Nymphalidae Euploea eurianassa nan male
1981,Lepidoptera,Butterfly,Nymphalidae,Euploea,Euploea eurianassa,Euploea eurianassa,,Lepidoptera Butterfly Nymphalidae Euploea eurianassa nan nan
1987,Lepidoptera,Butterfly,Papilionidae,Losaria,Losaria coon,Losaria coon coon,Losaria coon coon female,Lepidoptera Butterfly Papilionidae Losaria coon coon female
1988,Lepidoptera,Butterfly,Papilionidae,Pachliopta,Pachliopta aristolochiae,Pachliopta aristolochiae interpositus,Pachliopta aristolochiae interpositus male,Lepidoptera Butterfly Papilionidae Pachliopta aristolochiae interpositus male
1989,Lepidoptera,Butterfly,Nymphalidae,Cyrestis,Cyrestis maenalis,Cyrestis maenalis maenalis,,Lepidoptera Butterfly Nymphalidae Cyrestis maenalis maenalis nan
1998,Lepidoptera,Butterfly,Nymphalidae,Cyrestis,Cyrestis maenalis,Cyrestis maenalis negros,,Lepidoptera Butterfly Nymphalidae Cyrestis maenalis negros nan
2018,Lepidoptera,Butterfly,Lycaenidae,Abisara,Abisara kausambi,Abisara kausambi stasinus,,Lepidoptera Butterfly Lycaenidae Abisara kausambi stasinus nan
2019,Lepidoptera,Butterfly,Lycaenidae,Paralaxita,Paralaxita telesia,Paralaxita telesia,Paralaxita telesia male,Lepidoptera Butterfly Lycaenidae Paralaxita telesia nan male
2020,Lepidoptera,Butterfly,Lycaenidae,Abisara,Abisara savitri,Abisara savitri atlas,,Lepidoptera Butterfly Lycaenidae Abisara savitri atlas nan
2028,Lepidoptera,Butterfly,Lycaenidae,Abisara,Abisara savitri,Abisara savitri atlas,Abisara savitri atlas female,Lepidoptera Butterfly Lycaenidae Abisara savitri atlas female
2039,Lepidoptera,Butterfly,Lycaenidae,Dicallaneura,Dicallaneura pulchra,Dicallaneura pulchra sigrya,,Lepidoptera Butterfly Lycaenidae Dicallaneura pulchra sigrya nan
2040,Lepidoptera,Butterfly,Lycaenidae,Dicallaneura,Dicallaneura decorata,Dicallaneura decorata tantra,,Lepidoptera Butterfly Lycaenidae Dicallaneura decorata tantra nan
2042,Lepidoptera,Butterfly,Lycaenidae,Dicallaneura,Dicallaneura decorata,Dicallaneura decorata tantra,Dicallaneura decorata tantra female,Lepidoptera Butterfly Lycaenidae Dicallaneura decorata tantra female
2044,Lepidoptera,Butterfly,Nymphalidae,Libythea,Libythea myrrha,Libythea myrrha,,Lepidoptera Butterfly Nymphalidae Libythea myrrha nan nan
2059,Lepidoptera,Butterfly,Nymphalidae,Ideopsis,Ideopsis juventa,Ideopsis juventa meganire,,Lepidoptera Butterfly Nymphalidae Ideopsis juventa meganire nan
2061,Lepidoptera,Butterfly,Nymphalidae,Ideopsis,Ideopsis similis,Ideopsis similis,,Lepidoptera Butterfly Nymphalidae Ideopsis similis nan nan
2069,Lepidoptera,Butterfly,Lycaenidae,Zemeros,Zemeros flegyas,Zemeros flegyas javanus,Zemeros flegyas javanus female,Lepidoptera Butterfly Lycaenidae Zemeros flegyas javanus female
2086,Lepidoptera,Butterfly,Lycaenidae,Paralaxita,Paralaxita telesia,Paralaxita telesia lychnitis,,Lepidoptera Butterfly Lycaenidae Paralaxita telesia lychnitis nan
2087,Lepidoptera,Butterfly,Lycaenidae,Paralaxita,Paralaxita telesia,Paralaxita telesia lychnitis,Paralaxita telesia lychnitis male,Lepidoptera Butterfly Lycaenidae Paralaxita telesia lychnitis male
2090,Lepidoptera,Butterfly,Lycaenidae,Paralaxita,Paralaxita telesia,Paralaxita telesia lychnitis,Paralaxita telesia lychnitis female,Lepidoptera Butterfly Lycaenidae Paralaxita telesia lychnitis female
2091,Lepidoptera,Butterfly,Lycaenidae,Taxila,Taxila haquinus,Taxila haquinus ducas,Taxila haquinus ducas male,Lepidoptera Butterfly Lycaenidae Taxila haquinus ducas male
2093,Lepidoptera,Butterfly,Lycaenidae,Taxila,Taxila haquinus,Taxila haquinus ducas,,Lepidoptera Butterfly Lycaenidae Taxila haquinus ducas nan
2094,Lepidoptera,Butterfly,Nymphalidae,Pantoporia,Pantoporia consimilis,Pantoporia consimilis,,Lepidoptera Butterfly Nymphalidae Pantoporia consimilis nan nan
2097,Lepidoptera,Butterfly,Nymphalidae,Pantoporia,Pantoporia paraka,Pantoporia paraka,,Lepidoptera Butterfly Nymphalidae Pantoporia paraka nan nan
2102,Lepidoptera,Butterfly,Nymphalidae,Lasippa,Lasippa ebusa,Lasippa ebusa,,Lepidoptera Butterfly Nymphalidae Lasippa ebusa nan nan
2103,Lepidoptera,Butterfly,Nymphalidae,Neptis,Neptis nata,Neptis nata natana,,Lepidoptera Butterfly Nymphalidae Neptis nata natana nan
2106,Lepidoptera,Butterfly,Lycaenidae,Abisara,Abisara geza,Abisara geza niya,,Lepidoptera Butterfly Lycaenidae Abisara geza niya nan
2114,Lepidoptera,Butterfly,Lycaenidae,Abisara,Abisara geza,Abisara geza litavicus,,Lepidoptera Butterfly Lycaenidae Abisara geza litavicus nan
2122,Lepidoptera,Butterfly,Lycaenidae,Abisara,Abisara kausambi,Abisara kausambi kausambi,,Lepidoptera Butterfly Lycaenidae Abisara kausambi kausambi nan
2123,Lepidoptera,Butterfly,Nymphalidae,Parantica,Parantica weiskei,Parantica weiskei weiskei,,Lepidoptera Butterfly Nymphalidae Parantica weiskei weiskei nan
2126,Lepidoptera,Butterfly,Nymphalidae,Danaus,Danaus affinis,Danaus affinis philene,Danaus affinis philene male,Lepidoptera Butterfly Nymphalidae Danaus affinis philene male
2127,Lepidoptera,Butterfly,Nymphalidae,Danaus,Danaus affinis,Danaus affinis philene,Danaus affinis philene female,Lepidoptera Butterfly Nymphalidae Danaus affinis philene female
2128,Lepidoptera,Butterfly,Nymphalidae,Prothoe,Prothoe franck,Prothoe franck borneensis,Prothoe franck borneensis female,Lepidoptera Butterfly Nymphalidae Prothoe franck borneensis female
2129,Lepidoptera,Butterfly,Nymphalidae,Prothoe,Prothoe franck,Prothoe franck borneensis,Prothoe franck borneensis male,Lepidoptera Butterfly Nymphalidae Prothoe franck borneensis male
2130,Lepidoptera,Butterfly,Nymphalidae,Prothoe,Prothoe australis,Prothoe australis mulderi,Prothoe australis mulderi female,Lepidoptera Butterfly Nymphalidae Prothoe australis mulderi female
2131,Lepidoptera,Butterfly,Nymphalidae,Prothoe,Prothoe australis,Prothoe australis mulderi,Prothoe australis mulderi male,Lepidoptera Butterfly Nymphalidae Prothoe australis mulderi male
2140,Lepidoptera,Butterfly,Nymphalidae,Prothoe,Prothoe australis,Prothoe australis mulderi,,Lepidoptera Butterfly Nymphalidae Prothoe australis mulderi nan
2165,Lepidoptera,Butterfly,Papilionidae,Papilio,Papilio polytes,Papilio polytes alcindor,Papilio polytes alcindor male,Lepidoptera Butterfly Papilionidae Papilio polytes alcindor male
2167,Lepidoptera,Butterfly,Nymphalidae,Cyrestis,Cyrestis acilia,Cyrestis acilia tervisia,,Lepidoptera Butterfly Nymphalidae Cyrestis acilia tervisia nan
2202,Lepidoptera,Butterfly,Nymphalidae,Cyrestis,Cyrestis acilia,Cyrestis acilia tervisia,Cyrestis acilia tervisia male,Lepidoptera Butterfly Nymphalidae Cyrestis acilia tervisia male
2203,Lepidoptera,Butterfly,Nymphalidae,Cyrestis,Cyrestis acilia,Cyrestis acilia tervisia,Cyrestis acilia tervisia female,Lepidoptera Butterfly Nymphalidae Cyrestis acilia tervisia female
2217,Lepidoptera,Butterfly,Nymphalidae,Parthenos,Parthenos sylvia,Parthenos sylvia sumatrensis,Parthenos sylvia sumatrensis female,Lepidoptera Butterfly Nymphalidae Parthenos sylvia sumatrensis female
2219,Lepidoptera,Butterfly,Nymphalidae,Tanaecia,Tanaecia trigerta,Tanaecia trigerta trigerta,Tanaecia trigerta trigerta male,Lepidoptera Butterfly Nymphalidae Tanaecia trigerta trigerta male
2223,Lepidoptera,Butterfly,Nymphalidae,Tanaecia,Tanaecia trigerta,Tanaecia trigerta trigerta,,Lepidoptera Butterfly Nymphalidae Tanaecia trigerta trigerta nan
2228,Lepidoptera,Butterfly,Nymphalidae,Tanaecia,Tanaecia trigerta,Tanaecia trigerta trigerta,Tanaecia trigerta trigerta female,Lepidoptera Butterfly Nymphalidae Tanaecia trigerta trigerta female
2245,Lepidoptera,Butterfly,Nymphalidae,Tanaecia,Tanaecia pelea,Tanaecia pelea pelea,,Lepidoptera Butterfly Nymphalidae Tanaecia pelea pelea nan
2265,Lepidoptera,Butterfly,Nymphalidae,Acraea,Acraea moluccana,Acraea moluccana nebulosa,Acraea moluccana nebulosa male,Lepidoptera Butterfly Nymphalidae Acraea moluccana nebulosa male
2269,Lepidoptera,Butterfly,Nymphalidae,Dichorragia,Dichorragia nesimachus,Dichorragia nesimachus nesimachus,,Lepidoptera Butterfly Nymphalidae Dichorragia nesimachus nesimachus nan
2271,Lepidoptera,Butterfly,Nymphalidae,Vindula,Vindula erota,Vindula erota pallida,,Lepidoptera Butterfly Nymphalidae Vindula erota pallida nan
2274,Lepidoptera,Butterfly,Nymphalidae,Vindula,Vindula dejone,Vindula dejone dioneia,Vindula dejone dioneia male,Lepidoptera Butterfly Nymphalidae Vindula dejone dioneia male
2275,Lepidoptera,Butterfly,Nymphalidae,Neptis,Neptis nausicaa,Neptis nausicaa,Neptis nausicaa male,Lepidoptera Butterfly Nymphalidae Neptis nausicaa nan male
2276,Lepidoptera,Butterfly,Nymphalidae,Phaedyma,Phaedyma columella,Phaedyma columella,,Lepidoptera Butterfly Nymphalidae Phaedyma columella nan nan
2277,Lepidoptera,Butterfly,Nymphalidae,Athyma,Athyma kanwa,Athyma kanwa,Athyma kanwa female,Lepidoptera Butterfly Nymphalidae Athyma kanwa nan female
2280,Lepidoptera,Butterfly,Nymphalidae,Parthenos,Parthenos sylvia,Parthenos sylvia thesaurus,,Lepidoptera Butterfly Nymphalidae Parthenos sylvia thesaurus nan
2282,Lepidoptera,Butterfly,Nymphalidae,Euploea,Euploea mulciber,Euploea mulciber,Euploea mulciber female,Lepidoptera Butterfly Nymphalidae Euploea mulciber nan female
2284,Lepidoptera,Butterfly,Lycaenidae,Taxila,Taxila haquinus,Taxila haquinus ducas,Taxila haquinus ducas female,Lepidoptera Butterfly Lycaenidae Taxila haquinus ducas female
2290,Lepidoptera,Butterfly,Nymphalidae,Parantica,Parantica agleoides,Parantica agleoides agleoides,Parantica agleoides agleoides female,Lepidoptera Butterfly Nymphalidae Parantica agleoides agleoides female
2292,Lepidoptera,Butterfly,Nymphalidae,Neptis,Neptis hylas,Neptis hylas sophaina,,Lepidoptera Butterfly Nymphalidae Neptis hylas sophaina nan
2296,Lepidoptera,Butterfly,Nymphalidae,Neptis,Neptis ida,Neptis ida,,Lepidoptera Butterfly Nymphalidae Neptis ida nan nan
2303,Lepidoptera,Butterfly,Nymphalidae,Neptis,Neptis ida,Neptis ida,Neptis ida female,Lepidoptera Butterfly Nymphalidae Neptis ida nan female
2310,Lepidoptera,Butterfly,Nymphalidae,Lamasia,Lamasia lyncides,Lamasia lyncides lyncides,Lamasia lyncides lyncides male,Lepidoptera Butterfly Nymphalidae Lamasia lyncides lyncides male
2312,Lepidoptera,Butterfly,Nymphalidae,Lamasia,Lamasia lyncides,Lamasia lyncides lyncides,Lamasia lyncides lyncides female,Lepidoptera Butterfly Nymphalidae Lamasia lyncides lyncides female
2313,Lepidoptera,Butterfly,Nymphalidae,Lamasia,Lamasia lyncides,Lamasia lyncides lyncides,,Lepidoptera Butterfly Nymphalidae Lamasia lyncides lyncides nan
2331,Lepidoptera,Butterfly,Nymphalidae,Parantica,Parantica davidi,Parantica davidi,,Lepidoptera Butterfly Nymphalidae Parantica davidi nan nan
2334,Lepidoptera,Butterfly,Nymphalidae,Parantica,Parantica vitrina,Parantica vitrina,,Lepidoptera Butterfly Nymphalidae Parantica vitrina nan nan
2345,Lepidoptera,Butterfly,Nymphalidae,Neptis,Neptis hylas,Neptis hylas,Neptis hylas female,Lepidoptera Butterfly Nymphalidae Neptis hylas nan female
2349,Lepidoptera,Butterfly,Nymphalidae,Neptis,Neptis magadha,Neptis magadha phlyasia,Neptis magadha phlyasia male,Lepidoptera Butterfly Nymphalidae Neptis magadha phlyasia male
2350,Lepidoptera,Butterfly,Nymphalidae,Neptis,Neptis magadha,Neptis magadha phlyasia,Neptis magadha phlyasia female,Lepidoptera Butterfly Nymphalidae Neptis magadha phlyasia female
2358,Lepidoptera,Butterfly,Nymphalidae,Neptis,Neptis mahendra,Neptis mahendra,,Lepidoptera Butterfly Nymphalidae Neptis mahendra nan nan
2362,Lepidoptera,Butterfly,Nymphalidae,Neptis,Neptis jumbah,Neptis jumbah amorosca,,Lepidoptera Butterfly Nymphalidae Neptis jumbah amorosca nan
2363,Lepidoptera,Butterfly,Nymphalidae,Lasippa,Lasippa heliodore,Lasippa heliodore dorelia,,Lepidoptera Butterfly Nymphalidae Lasippa heliodore dorelia nan
2364,Lepidoptera,Butterfly,Nymphalidae,Neptis,Neptis vikasi,Neptis vikasi taimiri,Neptis vikasi taimiri male,Lepidoptera Butterfly Nymphalidae Neptis vikasi taimiri male
2391,Lepidoptera,Butterfly,Nymphalidae,Cupha,Cupha erymanthis,Cupha erymanthis lotis,,Lepidoptera Butterfly Nymphalidae Cupha erymanthis lotis nan
2392,Lepidoptera,Butterfly,Nymphalidae,Elymnias,Elymnias nesaea,Elymnias nesaea,Elymnias nesaea male,Lepidoptera Butterfly Nymphalidae Elymnias nesaea nan male
2394,Lepidoptera,Butterfly,Nymphalidae,Athyma,Athyma asura,Athyma asura pusilla,,Lepidoptera Butterfly Nymphalidae Athyma asura pusilla nan
2396,Lepidoptera,Butterfly,Nymphalidae,Athyma,Athyma asura,Athyma asura battakana,,Lepidoptera Butterfly Nymphalidae Athyma asura battakana nan
2402,Lepidoptera,Butterfly,Papilionidae,Pachliopta,Pachliopta polydorus,Pachliopta polydorus,,Lepidoptera Butterfly Papilionidae Pachliopta polydorus nan nan
2408,Lepidoptera,Butterfly,Papilionidae,Pachliopta,Pachliopta polydorus,Pachliopta polydorus,Pachliopta polydorus female,Lepidoptera Butterfly Papilionidae Pachliopta polydorus nan female
2410,Lepidoptera,Butterfly,Papilionidae,Pachliopta,Pachliopta polydorus,Pachliopta polydorus,Pachliopta polydorus male,Lepidoptera Butterfly Papilionidae Pachliopta polydorus nan male
2413,Lepidoptera,Butterfly,Nymphalidae,Cyrestis,Cyrestis achates,Cyrestis achates achates,Cyrestis achates achates male,Lepidoptera Butterfly Nymphalidae Cyrestis achates achates male
2423,Lepidoptera,Butterfly,Nymphalidae,Cyrestis,Cyrestis achates,Cyrestis achates achates,,Lepidoptera Butterfly Nymphalidae Cyrestis achates achates nan
2427,Lepidoptera,Butterfly,Nymphalidae,Cyrestis,Cyrestis achates,Cyrestis achates achates,Cyrestis achates achates female,Lepidoptera Butterfly Nymphalidae Cyrestis achates achates female
2439,Lepidoptera,Butterfly,Nymphalidae,Neptis,Neptis hylas,Neptis hylas varmona,,Lepidoptera Butterfly Nymphalidae Neptis hylas varmona nan
2443,Lepidoptera,Butterfly,Nymphalidae,Euploea,Euploea mulciber,Euploea mulciber babina,Euploea mulciber babina male,Lepidoptera Butterfly Nymphalidae Euploea mulciber babina male
2444,Lepidoptera,Butterfly,Nymphalidae,Euploea,Euploea leucostictos,Euploea leucostictos bernsteini,Euploea leucostictos bernsteini male,Lepidoptera Butterfly Nymphalidae Euploea leucostictos bernsteini male
2447,Lepidoptera,Butterfly,Nymphalidae,Neptis,Neptis duryodana,Neptis duryodana tullia,,Lepidoptera Butterfly Nymphalidae Neptis duryodana tullia nan
2448,Lepidoptera,Butterfly,Nymphalidae,Moduza,Moduza procris,Moduza procris minoe,Moduza procris minoe male,Lepidoptera Butterfly Nymphalidae Moduza procris minoe male
2449,Lepidoptera,Butterfly,Nymphalidae,Moduza,Moduza procris,Moduza procris minoe,,Lepidoptera Butterfly Nymphalidae Moduza procris minoe nan
2460,Lepidoptera,Butterfly,Nymphalidae,Danaus,Danaus melanippus,Danaus melanippus,,Lepidoptera Butterfly Nymphalidae Danaus melanippus nan nan
2465,Lepidoptera,Butterfly,Nymphalidae,Danaus,Danaus melanippus,Danaus melanippus,Danaus melanippus female,Lepidoptera Butterfly Nymphalidae Danaus melanippus nan female
2480,Lepidoptera,Butterfly,Nymphalidae,Tanaecia,Tanaecia cocytina,Tanaecia cocytina cocytina,,Lepidoptera Butterfly Nymphalidae Tanaecia cocytina cocytina nan
2482,Lepidoptera,Butterfly,Nymphalidae,Tanaecia,Tanaecia cocytina,Tanaecia cocytina cocytina,Tanaecia cocytina cocytina female,Lepidoptera Butterfly Nymphalidae Tanaecia cocytina cocytina female
2488,Lepidoptera,Butterfly,Nymphalidae,Tanaecia,Tanaecia cocytina,Tanaecia cocytina ambalika,Tanaecia cocytina ambalika male,Lepidoptera Butterfly Nymphalidae Tanaecia cocytina ambalika male
2494,Lepidoptera,Butterfly,Nymphalidae,Tanaecia,Tanaecia cocytina,Tanaecia cocytina ambalika,,Lepidoptera Butterfly Nymphalidae Tanaecia cocytina ambalika nan
2515,Lepidoptera,Butterfly,Nymphalidae,Tanaecia,Tanaecia cocytina,Tanaecia cocytina ambalika,Tanaecia cocytina ambalika female,Lepidoptera Butterfly Nymphalidae Tanaecia cocytina ambalika female
2539,Lepidoptera,Butterfly,Nymphalidae,Bassarona,Bassarona labotas,Bassarona labotas,Bassarona labotas male,Lepidoptera Butterfly Nymphalidae Bassarona labotas nan male
2543,Lepidoptera,Butterfly,Nymphalidae,Bassarona,Bassarona labotas,Bassarona labotas,,Lepidoptera Butterfly Nymphalidae Bassarona labotas nan nan
2544,Lepidoptera,Butterfly,Nymphalidae,Bassarona,Bassarona labotas,Bassarona labotas,Bassarona labotas female,Lepidoptera Butterfly Nymphalidae Bassarona labotas nan female
2550,Lepidoptera,Butterfly,Nymphalidae,Dophla,Dophla evelina,Dophla evelina mahonia,,Lepidoptera Butterfly Nymphalidae Dophla evelina mahonia nan
2551,Lepidoptera,Butterfly,Nymphalidae,Euploea,Euploea sylvester,Euploea sylvester,Euploea sylvester male,Lepidoptera Butterfly Nymphalidae Euploea sylvester nan male
2555,Lepidoptera,Butterfly,Nymphalidae,Euploea,Euploea crameri,Euploea crameri karimondjawensis,Euploea crameri karimondjawensis male,Lepidoptera Butterfly Nymphalidae Euploea crameri karimondjawensis male
2556,Lepidoptera,Butterfly,Nymphalidae,Euploea,Euploea crameri,Euploea crameri karimondjawensis,Euploea crameri karimondjawensis female,Lepidoptera Butterfly Nymphalidae Euploea crameri karimondjawensis female
2558,Lepidoptera,Butterfly,Nymphalidae,Athyma,Athyma selenophora,Athyma selenophora baris,Athyma selenophora baris female,Lepidoptera Butterfly Nymphalidae Athyma selenophora baris female
2562,Lepidoptera,Butterfly,Nymphalidae,Athyma,Athyma selenophora,Athyma selenophora baris,,Lepidoptera Butterfly Nymphalidae Athyma selenophora baris nan
2563,Lepidoptera,Butterfly,Nymphalidae,Athyma,Athyma selenophora,Athyma selenophora baris,Athyma selenophora baris male,Lepidoptera Butterfly Nymphalidae Athyma selenophora baris male
2571,Lepidoptera,Butterfly,Nymphalidae,Ideopsis,Ideopsis gaura,Ideopsis gaura,,Lepidoptera Butterfly Nymphalidae Ideopsis gaura nan nan
2582,Lepidoptera,Butterfly,Nymphalidae,Ideopsis,Ideopsis gaura,Ideopsis gaura pellucida,Ideopsis gaura pellucida female,Lepidoptera Butterfly Nymphalidae Ideopsis gaura pellucida female
2587,Lepidoptera,Butterfly,Nymphalidae,Ideopsis,Ideopsis gaura,Ideopsis gaura pellucida,Ideopsis gaura pellucida male,Lepidoptera Butterfly Nymphalidae Ideopsis gaura pellucida male
2595,Lepidoptera,Butterfly,Nymphalidae,Ideopsis,Ideopsis gaura,Ideopsis gaura palawana,Ideopsis gaura palawana male,Lepidoptera Butterfly Nymphalidae Ideopsis gaura palawana male
2599,Lepidoptera,Butterfly,Nymphalidae,Euploea,Euploea core,Euploea core,,Lepidoptera Butterfly Nymphalidae Euploea core nan nan
2606,Lepidoptera,Butterfly,Nymphalidae,Euploea,Euploea mulciber,Euploea mulciber dufresne,Euploea mulciber dufresne female,Lepidoptera Butterfly Nymphalidae Euploea mulciber dufresne female
2607,Lepidoptera,Butterfly,Nymphalidae,Euploea,Euploea leucostictos,Euploea leucostictos,,Lepidoptera Butterfly Nymphalidae Euploea leucostictos nan nan
2619,Lepidoptera,Butterfly,Nymphalidae,Euploea,Euploea phaenareta,Euploea phaenareta salvini,Euploea phaenareta salvini female,Lepidoptera Butterfly Nymphalidae Euploea phaenareta salvini female
2620,Lepidoptera,Butterfly,Nymphalidae,Euploea,Euploea camaralzeman,Euploea camaralzeman,,Lepidoptera Butterfly Nymphalidae Euploea camaralzeman nan nan
2622,Lepidoptera,Butterfly,Nymphalidae,Euploea,Euploea treitschkei,Euploea treitschkei,,Lepidoptera Butterfly Nymphalidae Euploea treitschkei nan nan
2630,Lepidoptera,Butterfly,Nymphalidae,Parthenos,Parthenos sylvia,Parthenos sylvia brunnea,Parthenos sylvia brunnea male,Lepidoptera Butterfly Nymphalidae Parthenos sylvia brunnea male
2633,Lepidoptera,Butterfly,Nymphalidae,Parthenos,Parthenos sylvia,Parthenos sylvia brunnea,,Lepidoptera Butterfly Nymphalidae Parthenos sylvia brunnea nan
2637,Lepidoptera,Butterfly,Nymphalidae,Parantica,Parantica albata,Parantica albata albata,,Lepidoptera Butterfly Nymphalidae Parantica albata albata nan
2644,Lepidoptera,Butterfly,Nymphalidae,Danaus,Danaus melanippus,Danaus melanippus lotis,,Lepidoptera Butterfly Nymphalidae Danaus melanippus lotis nan
2645,Lepidoptera,Butterfly,Nymphalidae,Danaus,Danaus melanippus,Danaus melanippus lotis,Danaus melanippus lotis male,Lepidoptera Butterfly Nymphalidae Danaus melanippus lotis male
2653,Lepidoptera,Butterfly,Nymphalidae,Euploea,Euploea leucostictos,Euploea leucostictos,Euploea leucostictos male,Lepidoptera Butterfly Nymphalidae Euploea leucostictos nan male
2655,Lepidoptera,Butterfly,Nymphalidae,Euploea,Euploea midamus,Euploea midamus,,Lepidoptera Butterfly Nymphalidae Euploea midamus nan nan
2660,Lepidoptera,Butterfly,Nymphalidae,Euploea,Euploea algea,Euploea algea sacerdos,Euploea algea sacerdos male,Lepidoptera Butterfly Nymphalidae Euploea algea sacerdos male
2661,Lepidoptera,Butterfly,Nymphalidae,Euploea,Euploea algea,Euploea algea,,Lepidoptera Butterfly Nymphalidae Euploea algea nan nan
2662,Lepidoptera,Butterfly,Nymphalidae,Euploea,Euploea climena,Euploea climena palmedo,,Lepidoptera Butterfly Nymphalidae Euploea climena palmedo nan
2666,Lepidoptera,Butterfly,Nymphalidae,Euploea,Euploea klugii,Euploea klugii sinhala,,Lepidoptera Butterfly Nymphalidae Euploea klugii sinhala nan
2667,Lepidoptera,Butterfly,Nymphalidae,Euploea,Euploea radamanthus,Euploea radamanthus lowii,Euploea radamanthus lowii male,Lepidoptera Butterfly Nymphalidae Euploea radamanthus lowii male
2668,Lepidoptera,Butterfly,Nymphalidae,Euploea,Euploea radamanthus,Euploea radamanthus lowii,,Lepidoptera Butterfly Nymphalidae Euploea radamanthus lowii nan
2673,Lepidoptera,Butterfly,Nymphalidae,Euploea,Euploea radamanthus,Euploea radamanthus lowii,Euploea radamanthus lowii female,Lepidoptera Butterfly Nymphalidae Euploea radamanthus lowii female
2674,Lepidoptera,Butterfly,Nymphalidae,Cyrestis,Cyrestis maenalis,Cyrestis maenalis obscurior,,Lepidoptera Butterfly Nymphalidae Cyrestis maenalis obscurior nan
2682,Lepidoptera,Butterfly,Lycaenidae,Paralaxita,Paralaxita orphna,Paralaxita orphna,Paralaxita orphna male,Lepidoptera Butterfly Lycaenidae Paralaxita orphna nan male
2684,Lepidoptera,Butterfly,Lycaenidae,Zemeros,Zemeros flegyas,Zemeros flegyas,,Lepidoptera Butterfly Lycaenidae Zemeros flegyas nan nan
2686,Lepidoptera,Butterfly,Lycaenidae,Abisara,Abisara echerius,Abisara echerius,,Lepidoptera Butterfly Lycaenidae Abisara echerius nan nan
2687,Lepidoptera,Butterfly,Lycaenidae,Abisara,Abisara echerius,Abisara echerius,Abisara echerius male,Lepidoptera Butterfly Lycaenidae Abisara echerius nan male
2689,Lepidoptera,Butterfly,Lycaenidae,Abisara,Abisara echerius,Abisara echerius,Abisara echerius female,Lepidoptera Butterfly Lycaenidae Abisara echerius nan female
2692,Lepidoptera,Butterfly,Lycaenidae,Abisara,Abisara savitri,Abisara savitri savitri,,Lepidoptera Butterfly Lycaenidae Abisara savitri savitri nan
2694,Lepidoptera,Butterfly,Lycaenidae,Abisara,Abisara savitri,Abisara savitri savitri,Abisara savitri savitri male,Lepidoptera Butterfly Lycaenidae Abisara savitri savitri male
2697,Lepidoptera,Butterfly,Lycaenidae,Abisara,Abisara savitri,Abisara savitri savitri,Abisara savitri savitri female,Lepidoptera Butterfly Lycaenidae Abisara savitri savitri female
2700,Lepidoptera,Butterfly,Lycaenidae,Abisara,Abisara savitri,Abisara savitri sciurus,,Lepidoptera Butterfly Lycaenidae Abisara savitri sciurus nan
2701,Lepidoptera,Butterfly,Lycaenidae,Dicallaneura,Dicallaneura decorata,Dicallaneura decorata decorata,,Lepidoptera Butterfly Lycaenidae Dicallaneura decorata decorata nan
2705,Lepidoptera,Butterfly,Nymphalidae,Neptis,Neptis leucoporos,Neptis leucoporos,,Lepidoptera Butterfly Nymphalidae Neptis leucoporos nan nan
2709,Lepidoptera,Butterfly,Nymphalidae,Neptis,Neptis duryodana,Neptis duryodana nesia,,Lepidoptera Butterfly Nymphalidae Neptis duryodana nesia nan
2714,Lepidoptera,Butterfly,Nymphalidae,Neptis,Neptis nisaea,Neptis nisaea,,Lepidoptera Butterfly Nymphalidae Neptis nisaea nan nan
2717,Lepidoptera,Butterfly,Nymphalidae,Neptis,Neptis nisaea,Neptis nisaea,Neptis nisaea female,Lepidoptera Butterfly Nymphalidae Neptis nisaea nan female
2718,Lepidoptera,Butterfly,Nymphalidae,Lasippa,Lasippa tiga,Lasippa tiga tiga,,Lepidoptera Butterfly Nymphalidae Lasippa tiga tiga nan
2720,Lepidoptera,Butterfly,Nymphalidae,Lasippa,Lasippa tiga,Lasippa tiga tiga,Lasippa tiga tiga female,Lepidoptera Butterfly Nymphalidae Lasippa tiga tiga female
2743,Lepidoptera,Butterfly,Nymphalidae,Parthenos,Parthenos sylvia,Parthenos sylvia sylvina,Parthenos sylvia sylvina male,Lepidoptera Butterfly Nymphalidae Parthenos sylvia sylvina male
2749,Lepidoptera,Butterfly,Nymphalidae,Parthenos,Parthenos sylvia,Parthenos sylvia sylvina,Parthenos sylvia sylvina female,Lepidoptera Butterfly Nymphalidae Parthenos sylvia sylvina female
2750,Lepidoptera,Butterfly,Nymphalidae,Parthenos,Parthenos sylvia,Parthenos sylvia sylvina,,Lepidoptera Butterfly Nymphalidae Parthenos sylvia sylvina nan
2768,Lepidoptera,Butterfly,Lycaenidae,Abisara,Abisara savitri,Abisara savitri deniya,,Lepidoptera Butterfly Lycaenidae Abisara savitri deniya nan
2828,Lepidoptera,Butterfly,Nymphalidae,Acraea,Acraea violae,Acraea violae,,Lepidoptera Butterfly Nymphalidae Acraea violae nan nan
2835,Lepidoptera,Butterfly,Nymphalidae,Euploea,Euploea modesta,Euploea modesta buxtoni,Euploea modesta buxtoni male,Lepidoptera Butterfly Nymphalidae Euploea modesta buxtoni male
2839,Lepidoptera,Butterfly,Nymphalidae,Euploea,Euploea modesta,Euploea modesta buxtoni,Euploea modesta buxtoni female,Lepidoptera Butterfly Nymphalidae Euploea modesta buxtoni female
2840,Lepidoptera,Butterfly,Nymphalidae,Euploea,Euploea camaralzeman,Euploea camaralzeman malayica,Euploea camaralzeman malayica male,Lepidoptera Butterfly Nymphalidae Euploea camaralzeman malayica male
2842,Lepidoptera,Butterfly,Nymphalidae,Euploea,Euploea eunice,Euploea eunice vestigiata,Euploea eunice vestigiata male,Lepidoptera Butterfly Nymphalidae Euploea eunice vestigiata male
2844,Lepidoptera,Butterfly,Nymphalidae,Euploea,Euploea crameri,Euploea crameri,,Lepidoptera Butterfly Nymphalidae Euploea crameri nan nan
2846,Lepidoptera,Butterfly,Nymphalidae,Euploea,Euploea crameri,Euploea crameri,Euploea crameri male,Lepidoptera Butterfly Nymphalidae Euploea crameri nan male
2852,Lepidoptera,Butterfly,Nymphalidae,Euploea,Euploea camaralzeman,Euploea camaralzeman malayica,Euploea camaralzeman malayica female,Lepidoptera Butterfly Nymphalidae Euploea camaralzeman malayica female
2853,Lepidoptera,Butterfly,Nymphalidae,Idea,Idea stolli,Idea stolli logani,Idea stolli logani female,Lepidoptera Butterfly Nymphalidae Idea stolli logani female
2854,Lepidoptera,Butterfly,Nymphalidae,Idea,Idea stolli,Idea stolli logani,,Lepidoptera Butterfly Nymphalidae Idea stolli logani nan
2855,Lepidoptera,Butterfly,Nymphalidae,Idea,Idea stolli,Idea stolli logani,Idea stolli logani male,Lepidoptera Butterfly Nymphalidae Idea stolli logani male
2878,Lepidoptera,Butterfly,Papilionidae,Papilio,Papilio laglaizei,Papilio laglaizei,Papilio laglaizei female,Lepidoptera Butterfly Papilionidae Papilio laglaizei nan female
2879,Lepidoptera,Butterfly,Papilionidae,Papilio,Papilio laglaizei,Papilio laglaizei,Papilio laglaizei male,Lepidoptera Butterfly Papilionidae Papilio laglaizei nan male
2884,Lepidoptera,Butterfly,Papilionidae,Papilio,Papilio gigon,Papilio gigon gigon,Papilio gigon gigon female,Lepidoptera Butterfly Papilionidae Papilio gigon gigon female
2885,Lepidoptera,Butterfly,Papilionidae,Papilio,Papilio gigon,Papilio gigon gigon,Papilio gigon gigon male,Lepidoptera Butterfly Papilionidae Papilio gigon gigon male
2886,Lepidoptera,Butterfly,Papilionidae,Papilio,Papilio polytes,Papilio polytes alcindor,Papilio polytes alcindor female,Lepidoptera Butterfly Papilionidae Papilio polytes alcindor female
2887,Lepidoptera,Butterfly,Papilionidae,Papilio,Papilio euchenor,Papilio euchenor euchenor,Papilio euchenor euchenor male,Lepidoptera Butterfly Papilionidae Papilio euchenor euchenor male
2901,Lepidoptera,Butterfly,Papilionidae,Papilio,Papilio euchenor,Papilio euchenor euchenor,Papilio euchenor euchenor female,Lepidoptera Butterfly Papilionidae Papilio euchenor euchenor female
2923,Lepidoptera,Butterfly,Nymphalidae,Euthalia,Euthalia patala,Euthalia patala,Euthalia patala female,Lepidoptera Butterfly Nymphalidae Euthalia patala nan female
2925,Lepidoptera,Butterfly,Nymphalidae,Euploea,Euploea latifasciata,Euploea latifasciata,Euploea latifasciata male,Lepidoptera Butterfly Nymphalidae Euploea latifasciata nan male
2926,Lepidoptera,Butterfly,Nymphalidae,Euploea,Euploea latifasciata,Euploea latifasciata,Euploea latifasciata female,Lepidoptera Butterfly Nymphalidae Euploea latifasciata nan female
2933,Lepidoptera,Butterfly,Nymphalidae,Euploea,Euploea mulciber,Euploea mulciber vandeventeri,Euploea mulciber vandeventeri male,Lepidoptera Butterfly Nymphalidae Euploea mulciber vandeventeri male
2941,Lepidoptera,Butterfly,Nymphalidae,Argynnis,Argynnis hyperbius,Argynnis hyperbius,,Lepidoptera Butterfly Nymphalidae Argynnis hyperbius nan nan
2942,Lepidoptera,Butterfly,Nymphalidae,Athyma,Athyma reta,Athyma reta reta,,Lepidoptera Butterfly Nymphalidae Athyma reta reta nan
2944,Lepidoptera,Butterfly,Nymphalidae,Athyma,Athyma reta,Athyma reta reta,Athyma reta reta female,Lepidoptera Butterfly Nymphalidae Athyma reta reta female
2950,Lepidoptera,Butterfly,Nymphalidae,Athyma,Athyma selenophora,Athyma selenophora jadava,Athyma selenophora jadava male,Lepidoptera Butterfly Nymphalidae Athyma selenophora jadava male
2951,Lepidoptera,Butterfly,Nymphalidae,Athyma,Athyma selenophora,Athyma selenophora jadava,,Lepidoptera Butterfly Nymphalidae Athyma selenophora jadava nan
2954,Lepidoptera,Butterfly,Nymphalidae,Athyma,Athyma nefte,Athyma nefte matthiola,Athyma nefte matthiola male,Lepidoptera Butterfly Nymphalidae Athyma nefte matthiola male
2955,Lepidoptera,Butterfly,Nymphalidae,Athyma,Athyma magindana,Athyma magindana,,Lepidoptera Butterfly Nymphalidae Athyma magindana nan nan
2956,Lepidoptera,Butterfly,Nymphalidae,Athyma,Athyma epimethis,Athyma epimethis,,Lepidoptera Butterfly Nymphalidae Athyma epimethis nan nan
2957,Lepidoptera,Butterfly,Nymphalidae,Parantica,Parantica cleona,Parantica cleona luciplena,,Lepidoptera Butterfly Nymphalidae Parantica cleona luciplena nan
2958,Lepidoptera,Butterfly,Nymphalidae,Parantica,Parantica cleona,Parantica cleona luciplena,Parantica cleona luciplena female,Lepidoptera Butterfly Nymphalidae Parantica cleona luciplena female
2960,Lepidoptera,Butterfly,Nymphalidae,Parantica,Parantica cleona,Parantica cleona luciplena,Parantica cleona luciplena male,Lepidoptera Butterfly Nymphalidae Parantica cleona luciplena male
2964,Lepidoptera,Butterfly,Nymphalidae,Parantica,Parantica kirbyi,Parantica kirbyi,,Lepidoptera Butterfly Nymphalidae Parantica kirbyi nan nan
2968,Lepidoptera,Butterfly,Nymphalidae,Ideopsis,Ideopsis juventa,Ideopsis juventa manillana,Ideopsis juventa manillana male,Lepidoptera Butterfly Nymphalidae Ideopsis juventa manillana male
2971,Lepidoptera,Butterfly,Nymphalidae,Euploea,Euploea midamus,Euploea midamus,Euploea midamus male,Lepidoptera Butterfly Nymphalidae Euploea midamus nan male
2975,Lepidoptera,Butterfly,Nymphalidae,Euploea,Euploea midamus,Euploea midamus atossa,Euploea midamus atossa male,Lepidoptera Butterfly Nymphalidae Euploea midamus atossa male
2976,Lepidoptera,Butterfly,Nymphalidae,Cyrestis,Cyrestis maenalis,Cyrestis maenalis seminigra,,Lepidoptera Butterfly Nymphalidae Cyrestis maenalis seminigra nan
2977,Lepidoptera,Butterfly,Nymphalidae,Cyrestis,Cyrestis maenalis,Cyrestis maenalis martini,,Lepidoptera Butterfly Nymphalidae Cyrestis maenalis martini nan
2980,Lepidoptera,Butterfly,Nymphalidae,Cyrestis,Cyrestis maenalis,Cyrestis maenalis nigrolineata,,Lepidoptera Butterfly Nymphalidae Cyrestis maenalis nigrolineata nan
2988,Lepidoptera,Butterfly,Nymphalidae,Libythea,Libythea geoffroyi,Libythea geoffroyi pulchra,,Lepidoptera Butterfly Nymphalidae Libythea geoffroyi pulchra nan
2994,Lepidoptera,Butterfly,Lycaenidae,Dicallaneura,Dicallaneura decorata,Dicallaneura decorata conos,Dicallaneura decorata conos male,Lepidoptera Butterfly Lycaenidae Dicallaneura decorata conos male
2996,Lepidoptera,Butterfly,Lycaenidae,Dicallaneura,Dicallaneura decorata,Dicallaneura decorata conos,Dicallaneura decorata conos female,Lepidoptera Butterfly Lycaenidae Dicallaneura decorata conos female
2997,Lepidoptera,Butterfly,Lycaenidae,Paralaxita,Paralaxita telesia,Paralaxita telesia,Paralaxita telesia female,Lepidoptera Butterfly Lycaenidae Paralaxita telesia nan female
2998,Lepidoptera,Butterfly,Lycaenidae,Praetaxila,Praetaxila segecia,Praetaxila segecia yaniya,,Lepidoptera Butterfly Lycaenidae Praetaxila segecia yaniya nan
3001,Lepidoptera,Butterfly,Lycaenidae,Abisara,Abisara echerius,Abisara echerius celebica,Abisara echerius celebica male,Lepidoptera Butterfly Lycaenidae Abisara echerius celebica male
3008,Lepidoptera,Butterfly,Lycaenidae,Abisara,Abisara aita,Abisara aita,Abisara aita female,Lepidoptera Butterfly Lycaenidae Abisara aita nan female
3009,Lepidoptera,Butterfly,Lycaenidae,Abisara,Abisara aita,Abisara aita,,Lepidoptera Butterfly Lycaenidae Abisara aita nan nan
3010,Lepidoptera,Butterfly,Lycaenidae,Abisara,Abisara aita,Abisara aita,Abisara aita male,Lepidoptera Butterfly Lycaenidae Abisara aita nan male
3018,Lepidoptera,Butterfly,Lycaenidae,Dicallaneura,Dicallaneura decorata,Dicallaneura decorata sigala,Dicallaneura decorata sigala female,Lepidoptera Butterfly Lycaenidae Dicallaneura decorata sigala female
3019,Lepidoptera,Butterfly,Nymphalidae,Parantica,Parantica cleona,Parantica cleona tigrana,,Lepidoptera Butterfly Nymphalidae Parantica cleona tigrana nan
3030,Lepidoptera,Butterfly,Nymphalidae,Parantica,Parantica sita,Parantica sita oblita,Parantica sita oblita female,Lepidoptera Butterfly Nymphalidae Parantica sita oblita female
3032,Lepidoptera,Butterfly,Nymphalidae,Tirumala,Tirumala septentrionis,Tirumala septentrionis,,Lepidoptera Butterfly Nymphalidae Tirumala septentrionis nan nan
3034,Lepidoptera,Butterfly,Nymphalidae,Parantica,Parantica luzonensis,Parantica luzonensis praemacaristus,Parantica luzonensis praemacaristus male,Lepidoptera Butterfly Nymphalidae Parantica luzonensis praemacaristus male
3035,Lepidoptera,Butterfly,Nymphalidae,Euploea,Euploea radamanthus,Euploea radamanthus,Euploea radamanthus male,Lepidoptera Butterfly Nymphalidae Euploea radamanthus nan male
3037,Lepidoptera,Butterfly,Nymphalidae,Euploea,Euploea tulliolus,Euploea tulliolus philinna,,Lepidoptera Butterfly Nymphalidae Euploea tulliolus philinna nan
3040,Lepidoptera,Butterfly,Nymphalidae,Euploea,Euploea darchia,Euploea darchia visenda,Euploea darchia visenda male,Lepidoptera Butterfly Nymphalidae Euploea darchia visenda male
3041,Lepidoptera,Butterfly,Nymphalidae,Euploea,Euploea darchia,Euploea darchia visenda,Euploea darchia visenda female,Lepidoptera Butterfly Nymphalidae Euploea darchia visenda female
3043,Lepidoptera,Butterfly,Nymphalidae,Euploea,Euploea stephensii,Euploea stephensii pumila,,Lepidoptera Butterfly Nymphalidae Euploea stephensii pumila nan
3045,Lepidoptera,Butterfly,Nymphalidae,Euploea,Euploea phaenareta,Euploea phaenareta defiguratus,Euploea phaenareta defiguratus male,Lepidoptera Butterfly Nymphalidae Euploea phaenareta defiguratus male
3046,Lepidoptera,Butterfly,Nymphalidae,Euploea,Euploea phaenareta,Euploea phaenareta defiguratus,,Lepidoptera Butterfly Nymphalidae Euploea phaenareta defiguratus nan
3047,Lepidoptera,Butterfly,Nymphalidae,Euploea,Euploea phaenareta,Euploea phaenareta defiguratus,Euploea phaenareta defiguratus female,Lepidoptera Butterfly Nymphalidae Euploea phaenareta defiguratus female
3049,Lepidoptera,Butterfly,Nymphalidae,Euploea,Euploea mulciber,Euploea mulciber vandeventeri,,Lepidoptera Butterfly Nymphalidae Euploea mulciber vandeventeri nan
3051,Lepidoptera,Butterfly,Nymphalidae,Euploea,Euploea leucostictos,Euploea leucostictos hisme,,Lepidoptera Butterfly Nymphalidae Euploea leucostictos hisme nan
3061,Lepidoptera,Butterfly,Nymphalidae,Euploea,Euploea leucostictos,Euploea leucostictos hisme,Euploea leucostictos hisme male,Lepidoptera Butterfly Nymphalidae Euploea leucostictos hisme male
3071,Lepidoptera,Butterfly,Nymphalidae,Elymnias,Elymnias malelas,Elymnias malelas,Elymnias malelas male,Lepidoptera Butterfly Nymphalidae Elymnias malelas nan male
3072,Lepidoptera,Butterfly,Nymphalidae,Euploea,Euploea modesta,Euploea modesta buxtoni,,Lepidoptera Butterfly Nymphalidae Euploea modesta buxtoni nan
3073,Lepidoptera,Butterfly,Nymphalidae,Athyma,Athyma selenophora,Athyma selenophora laela,,Lepidoptera Butterfly Nymphalidae Athyma selenophora laela nan
3074,Lepidoptera,Butterfly,Papilionidae,Pachliopta,Pachliopta kotzebuea,Pachliopta kotzebuea kotzebuea,Pachliopta kotzebuea kotzebuea female,Lepidoptera Butterfly Papilionidae Pachliopta kotzebuea kotzebuea female
3077,Lepidoptera,Butterfly,Papilionidae,Pachliopta,Pachliopta kotzebuea,Pachliopta kotzebuea kotzebuea,Pachliopta kotzebuea kotzebuea male,Lepidoptera Butterfly Papilionidae Pachliopta kotzebuea kotzebuea male
3083,Lepidoptera,Butterfly,Papilionidae,Pachliopta,Pachliopta kotzebuea,Pachliopta kotzebuea philippus,Pachliopta kotzebuea philippus female,Lepidoptera Butterfly Papilionidae Pachliopta kotzebuea philippus female
3084,Lepidoptera,Butterfly,Papilionidae,Pachliopta,Pachliopta kotzebuea,Pachliopta kotzebuea philippus,Pachliopta kotzebuea philippus male,Lepidoptera Butterfly Papilionidae Pachliopta kotzebuea philippus male
3085,Lepidoptera,Butterfly,Papilionidae,Pachliopta,Pachliopta polydorus,Pachliopta polydorus plagiatus,,Lepidoptera Butterfly Papilionidae Pachliopta polydorus plagiatus nan
3086,Lepidoptera,Butterfly,Papilionidae,Papilio,Papilio alphenor,Papilio alphenor ledebouria,,Lepidoptera Butterfly Papilionidae Papilio alphenor ledebouria nan
3087,Lepidoptera,Butterfly,Nymphalidae,Cyrestis,Cyrestis thyodamas,Cyrestis thyodamas,Cyrestis thyodamas male,Lepidoptera Butterfly Nymphalidae Cyrestis thyodamas nan male
3088,Lepidoptera,Butterfly,Nymphalidae,Cyrestis,Cyrestis nais,Cyrestis nais nais,,Lepidoptera Butterfly Nymphalidae Cyrestis nais nais nan
3095,Lepidoptera,Butterfly,Nymphalidae,Neptis,Neptis hylas,Neptis hylas kamarupa,,Lepidoptera Butterfly Nymphalidae Neptis hylas kamarupa nan
3114,Lepidoptera,Butterfly,Nymphalidae,Euploea,Euploea mulciber,Euploea mulciber portia,,Lepidoptera Butterfly Nymphalidae Euploea mulciber portia nan
3115,Lepidoptera,Butterfly,Nymphalidae,Euploea,Euploea mulciber,Euploea mulciber portia,Euploea mulciber portia male,Lepidoptera Butterfly Nymphalidae Euploea mulciber portia male
3118,Lepidoptera,Butterfly,Nymphalidae,Euploea,Euploea mulciber,Euploea mulciber portia,Euploea mulciber portia female,Lepidoptera Butterfly Nymphalidae Euploea mulciber portia female
3121,Lepidoptera,Butterfly,Nymphalidae,Euploea,Euploea leucostictos,Euploea leucostictos assimilata,,Lepidoptera Butterfly Nymphalidae Euploea leucostictos assimilata nan
3122,Lepidoptera,Butterfly,Nymphalidae,Euploea,Euploea leucostictos,Euploea leucostictos assimilata,Euploea leucostictos assimilata female,Lepidoptera Butterfly Nymphalidae Euploea leucostictos assimilata female
3127,Lepidoptera,Butterfly,Nymphalidae,Euploea,Euploea leucostictos,Euploea leucostictos assimilata,Euploea leucostictos assimilata male,Lepidoptera Butterfly Nymphalidae Euploea leucostictos assimilata male
3132,Lepidoptera,Butterfly,Nymphalidae,Euploea,Euploea dehaanii,Euploea dehaanii,Euploea dehaanii female,Lepidoptera Butterfly Nymphalidae Euploea dehaanii nan female
3133,Lepidoptera,Butterfly,Nymphalidae,Euploea,Euploea tulliolus,Euploea tulliolus mazarina,,Lepidoptera Butterfly Nymphalidae Euploea tulliolus mazarina nan
3137,Lepidoptera,Butterfly,Nymphalidae,Euploea,Euploea leucostictos,Euploea leucostictos hisme,Euploea leucostictos hisme female,Lepidoptera Butterfly Nymphalidae Euploea leucostictos hisme female
3139,Lepidoptera,Butterfly,Pieridae,Pareronia,Pareronia tritaea,Pareronia tritaea,,Lepidoptera Butterfly Pieridae Pareronia tritaea nan nan
3143,Lepidoptera,Butterfly,Nymphalidae,Euploea,Euploea corinna,Euploea corinna,,Lepidoptera Butterfly Nymphalidae Euploea corinna nan nan
3144,Lepidoptera,Butterfly,Nymphalidae,Euploea,Euploea eleusina,Euploea eleusina hygina,,Lepidoptera Butterfly Nymphalidae Euploea eleusina hygina nan
3146,Lepidoptera,Butterfly,Nymphalidae,Euploea,Euploea midamus,Euploea midamus atossa,,Lepidoptera Butterfly Nymphalidae Euploea midamus atossa nan
3147,Lepidoptera,Butterfly,Nymphalidae,Euploea,Euploea eunice,Euploea eunice,Euploea eunice male,Lepidoptera Butterfly Nymphalidae Euploea eunice nan male
3148,Lepidoptera,Butterfly,Nymphalidae,Euploea,Euploea latifasciata,Euploea latifasciata,,Lepidoptera Butterfly Nymphalidae Euploea latifasciata nan nan
3152,Lepidoptera,Butterfly,Nymphalidae,Euploea,Euploea climena,Euploea climena melina,,Lepidoptera Butterfly Nymphalidae Euploea climena melina nan
3160,Lepidoptera,Butterfly,Nymphalidae,Euploea,Euploea redtenbacheri,Euploea redtenbacheri,,Lepidoptera Butterfly Nymphalidae Euploea redtenbacheri nan nan
3173,Lepidoptera,Butterfly,Nymphalidae,Ideopsis,Ideopsis juventa,Ideopsis juventa juventa,,Lepidoptera Butterfly Nymphalidae Ideopsis juventa juventa nan
3178,Lepidoptera,Butterfly,Nymphalidae,Euploea,Euploea tobleri,Euploea tobleri snelleni,,Lepidoptera Butterfly Nymphalidae Euploea tobleri snelleni nan
3181,Lepidoptera,Butterfly,Nymphalidae,Danaus,Danaus genutia,Danaus genutia partita,,Lepidoptera Butterfly Nymphalidae Danaus genutia partita nan
3182,Lepidoptera,Butterfly,Nymphalidae,Danaus,Danaus affinis,Danaus affinis fulgurata,,Lepidoptera Butterfly Nymphalidae Danaus affinis fulgurata nan
3183,Lepidoptera,Butterfly,Nymphalidae,Parantica,Parantica menadensis,Parantica menadensis,,Lepidoptera Butterfly Nymphalidae Parantica menadensis nan nan
3187,Lepidoptera,Butterfly,Lycaenidae,Laxita,Laxita thuisto,Laxita thuisto eutyces,,Lepidoptera Butterfly Lycaenidae Laxita thuisto eutyces nan
3194,Lepidoptera,Butterfly,Nymphalidae,Parantica,Parantica cleona,Parantica cleona keiensis,Parantica cleona keiensis female,Lepidoptera Butterfly Nymphalidae Parantica cleona keiensis female
3202,Lepidoptera,Butterfly,Nymphalidae,Danaus,Danaus melanippus,Danaus melanippus lotis,Danaus melanippus lotis female,Lepidoptera Butterfly Nymphalidae Danaus melanippus lotis female
3205,Lepidoptera,Butterfly,Nymphalidae,Idea,Idea iasonia,Idea iasonia,,Lepidoptera Butterfly Nymphalidae Idea iasonia nan nan
3210,Lepidoptera,Butterfly,Nymphalidae,Euploea,Euploea mulciber,Euploea mulciber vandeventeri,Euploea mulciber vandeventeri female,Lepidoptera Butterfly Nymphalidae Euploea mulciber vandeventeri female
3215,Lepidoptera,Butterfly,Nymphalidae,Euploea,Euploea algea,Euploea algea,Euploea algea male,Lepidoptera Butterfly Nymphalidae Euploea algea nan male
3216,Lepidoptera,Butterfly,Nymphalidae,Euploea,Euploea algea,Euploea algea,Euploea algea female,Lepidoptera Butterfly Nymphalidae Euploea algea nan female
3234,Lepidoptera,Butterfly,Nymphalidae,Euploea,Euploea leucostictos,Euploea leucostictos,Euploea leucostictos female,Lepidoptera Butterfly Nymphalidae Euploea leucostictos nan female
3237,Lepidoptera,Butterfly,Nymphalidae,Euploea,Euploea midamus,Euploea midamus staudingeri,Euploea midamus staudingeri female,Lepidoptera Butterfly Nymphalidae Euploea midamus staudingeri female
3238,Lepidoptera,Butterfly,Nymphalidae,Euploea,Euploea boisduvali,Euploea boisduvali fraudulenta,Euploea boisduvali fraudulenta male,Lepidoptera Butterfly Nymphalidae Euploea boisduvali fraudulenta male
3239,Lepidoptera,Butterfly,Nymphalidae,Euploea,Euploea boisduvali,Euploea boisduvali fraudulenta,,Lepidoptera Butterfly Nymphalidae Euploea boisduvali fraudulenta nan
3240,Lepidoptera,Butterfly,Nymphalidae,Euploea,Euploea boisduvali,Euploea boisduvali fraudulenta,Euploea boisduvali fraudulenta female,Lepidoptera Butterfly Nymphalidae Euploea boisduvali fraudulenta female
3241,Lepidoptera,Butterfly,Nymphalidae,Euploea,Euploea climena,Euploea climena eurypon,Euploea climena eurypon male,Lepidoptera Butterfly Nymphalidae Euploea climena eurypon male
3248,Lepidoptera,Butterfly,Nymphalidae,Tellervo,Tellervo zoilus,Tellervo zoilus sarcapus,Tellervo zoilus sarcapus male,Lepidoptera Butterfly Nymphalidae Tellervo zoilus sarcapus male
3249,Lepidoptera,Butterfly,Nymphalidae,Tellervo,Tellervo zoilus,Tellervo zoilus sarcapus,,Lepidoptera Butterfly Nymphalidae Tellervo zoilus sarcapus nan
3250,Lepidoptera,Butterfly,Nymphalidae,Tellervo,Tellervo aequicinctus,Tellervo aequicinctus,,Lepidoptera Butterfly Nymphalidae Tellervo aequicinctus nan nan
3257,Lepidoptera,Butterfly,Nymphalidae,Euploea,Euploea phaenareta,Euploea phaenareta hesiodus,,Lepidoptera Butterfly Nymphalidae Euploea phaenareta hesiodus nan
3261,Lepidoptera,Butterfly,Nymphalidae,Idea,Idea durvillei,Idea durvillei theia,,Lepidoptera Butterfly Nymphalidae Idea durvillei theia nan
3268,Lepidoptera,Butterfly,Nymphalidae,Euploea,Euploea core,Euploea core kalaona,,Lepidoptera Butterfly Nymphalidae Euploea core kalaona nan
3272,Lepidoptera,Butterfly,Nymphalidae,Ideopsis,Ideopsis juventa,Ideopsis juventa homonyma,,Lepidoptera Butterfly Nymphalidae Ideopsis juventa homonyma nan
3274,Lepidoptera,Butterfly,Nymphalidae,Parantica,Parantica aspasia,Parantica aspasia thargalia,Parantica aspasia thargalia male,Lepidoptera Butterfly Nymphalidae Parantica aspasia thargalia male
3275,Lepidoptera,Butterfly,Nymphalidae,Ideopsis,Ideopsis vitrea,Ideopsis vitrea chloris,Ideopsis vitrea chloris female,Lepidoptera Butterfly Nymphalidae Ideopsis vitrea chloris female
3276,Lepidoptera,Butterfly,Nymphalidae,Danaus,Danaus affinis,Danaus affinis fulgurata,Danaus affinis fulgurata male,Lepidoptera Butterfly Nymphalidae Danaus affinis fulgurata male
3277,Lepidoptera,Butterfly,Nymphalidae,Danaus,Danaus affinis,Danaus affinis philene,,Lepidoptera Butterfly Nymphalidae Danaus affinis philene nan
3284,Lepidoptera,Butterfly,Nymphalidae,Ideopsis,Ideopsis vulgaris,Ideopsis vulgaris palawana,,Lepidoptera Butterfly Nymphalidae Ideopsis vulgaris palawana nan
3295,Lepidoptera,Butterfly,Nymphalidae,Euploea,Euploea batesii,Euploea batesii resarta,Euploea batesii resarta male,Lepidoptera Butterfly Nymphalidae Euploea batesii resarta male
3296,Lepidoptera,Butterfly,Nymphalidae,Euploea,Euploea algea,Euploea algea corvina,Euploea algea corvina male,Lepidoptera Butterfly Nymphalidae Euploea algea corvina male
3297,Lepidoptera,Butterfly,Nymphalidae,Euploea,Euploea netscheri,Euploea netscheri netscheri,Euploea netscheri netscheri male,Lepidoptera Butterfly Nymphalidae Euploea netscheri netscheri male
3308,Lepidoptera,Butterfly,Lycaenidae,Praetaxila,Praetaxila huntei,Praetaxila huntei,,Lepidoptera Butterfly Lycaenidae Praetaxila huntei nan nan
3309,Lepidoptera,Butterfly,Nymphalidae,Libythea,Libythea myrrha,Libythea myrrha myrrhina,,Lepidoptera Butterfly Nymphalidae Libythea myrrha myrrhina nan
3311,Lepidoptera,Butterfly,Nymphalidae,Libythea,Libythea myrrha,Libythea myrrha myrrha,,Lepidoptera Butterfly Nymphalidae Libythea myrrha myrrha nan
3324,Lepidoptera,Butterfly,Nymphalidae,Tellervo,Tellervo zoilus,Tellervo zoilus,,Lepidoptera Butterfly Nymphalidae Tellervo zoilus nan nan
3332,Lepidoptera,Butterfly,Nymphalidae,Parantica,Parantica luzonensis,Parantica luzonensis,Parantica luzonensis female,Lepidoptera Butterfly Nymphalidae Parantica luzonensis nan female
3337,Lepidoptera,Butterfly,Nymphalidae,Euploea,Euploea mulciber,Euploea mulciber visaya,Euploea mulciber visaya female,Lepidoptera Butterfly Nymphalidae Euploea mulciber visaya female
3340,Lepidoptera,Butterfly,Nymphalidae,Euploea,Euploea phaenareta,Euploea phaenareta salvini,Euploea phaenareta salvini male,Lepidoptera Butterfly Nymphalidae Euploea phaenareta salvini male
3341,Lepidoptera,Butterfly,Nymphalidae,Euploea,Euploea darchia,Euploea darchia,Euploea darchia female,Lepidoptera Butterfly Nymphalidae Euploea darchia nan female
3342,Lepidoptera,Butterfly,Nymphalidae,Euploea,Euploea hewitsonii,Euploea hewitsonii hewitsonii,,Lepidoptera Butterfly Nymphalidae Euploea hewitsonii hewitsonii nan
3344,Lepidoptera,Butterfly,Nymphalidae,Euploea,Euploea mulciber,Euploea mulciber malakoni,Euploea mulciber malakoni male,Lepidoptera Butterfly Nymphalidae Euploea mulciber malakoni male
3345,Lepidoptera,Butterfly,Nymphalidae,Euploea,Euploea mulciber,Euploea mulciber malakoni,Euploea mulciber malakoni female,Lepidoptera Butterfly Nymphalidae Euploea mulciber malakoni female
3346,Lepidoptera,Butterfly,Nymphalidae,Euploea,Euploea sylvester,Euploea sylvester melolo,,Lepidoptera Butterfly Nymphalidae Euploea sylvester melolo nan
3347,Lepidoptera,Butterfly,Nymphalidae,Euploea,Euploea sylvester,Euploea sylvester doleschalii,Euploea sylvester doleschalii male,Lepidoptera Butterfly Nymphalidae Euploea sylvester doleschalii male
3348,Lepidoptera,Butterfly,Nymphalidae,Euploea,Euploea treitschkei,Euploea treitschkei ursula,Euploea treitschkei ursula female,Lepidoptera Butterfly Nymphalidae Euploea treitschkei ursula female
3349,Lepidoptera,Butterfly,Nymphalidae,Euploea,Euploea treitschkei,Euploea treitschkei ursula,Euploea treitschkei ursula male,Lepidoptera Butterfly Nymphalidae Euploea treitschkei ursula male
3350,Lepidoptera,Butterfly,Nymphalidae,Euploea,Euploea eleusina,Euploea eleusina,Euploea eleusina male,Lepidoptera Butterfly Nymphalidae Euploea eleusina nan male
3352,Lepidoptera,Butterfly,Nymphalidae,Euploea,Euploea usipetes,Euploea usipetes,,Lepidoptera Butterfly Nymphalidae Euploea usipetes nan nan
3355,Lepidoptera,Butterfly,Nymphalidae,Euploea,Euploea leucostictos,Euploea leucostictos nemertes,Euploea leucostictos nemertes female,Lepidoptera Butterfly Nymphalidae Euploea leucostictos nemertes female
3358,Lepidoptera,Butterfly,Nymphalidae,Euploea,Euploea alcathoe,Euploea alcathoe,,Lepidoptera Butterfly Nymphalidae Euploea alcathoe nan nan
3360,Lepidoptera,Butterfly,Nymphalidae,Euploea,Euploea algea,Euploea algea helcita,Euploea algea helcita male,Lepidoptera Butterfly Nymphalidae Euploea algea helcita male
3361,Lepidoptera,Butterfly,Nymphalidae,Idea,Idea hypermnestra,Idea hypermnestra belia,,Lepidoptera Butterfly Nymphalidae Idea hypermnestra belia nan
3364,Lepidoptera,Butterfly,Nymphalidae,Ideopsis,Ideopsis gaura,Ideopsis gaura gaura,,Lepidoptera Butterfly Nymphalidae Ideopsis gaura gaura nan
3371,Lepidoptera,Butterfly,Nymphalidae,Parantica,Parantica luzonensis,Parantica luzonensis larissa,,Lepidoptera Butterfly Nymphalidae Parantica luzonensis larissa nan
3375,Lepidoptera,Butterfly,Nymphalidae,Ideopsis,Ideopsis juventa,Ideopsis juventa sobrina,Ideopsis juventa sobrina female,Lepidoptera Butterfly Nymphalidae Ideopsis juventa sobrina female
3432,Lepidoptera,Butterfly,Nymphalidae,Euploea,Euploea mulciber,Euploea mulciber,,Lepidoptera Butterfly Nymphalidae Euploea mulciber nan nan
3433,Lepidoptera,Butterfly,Nymphalidae,Hypolimnas,Hypolimnas misippus,Hypolimnas misippus,Hypolimnas misippus female,Lepidoptera Butterfly Nymphalidae Hypolimnas misippus nan female
3434,Lepidoptera,Butterfly,Nymphalidae,Danaus,Danaus genutia,Danaus genutia intensa,,Lepidoptera Butterfly Nymphalidae Danaus genutia intensa nan
3441,Lepidoptera,Butterfly,Nymphalidae,Euploea,Euploea mulciber,Euploea mulciber mindanensis,Euploea mulciber mindanensis female,Lepidoptera Butterfly Nymphalidae Euploea mulciber mindanensis female
3454,Lepidoptera,Butterfly,Nymphalidae,Euploea,Euploea mulciber,Euploea mulciber mindanensis,Euploea mulciber mindanensis male,Lepidoptera Butterfly Nymphalidae Euploea mulciber mindanensis male
3456,Lepidoptera,Butterfly,Nymphalidae,Hypolimnas,Hypolimnas anomala,Hypolimnas anomala,Hypolimnas anomala male,Lepidoptera Butterfly Nymphalidae Hypolimnas anomala nan male
3458,Lepidoptera,Butterfly,Nymphalidae,Euploea,Euploea mulciber,Euploea mulciber paupera,Euploea mulciber paupera female,Lepidoptera Butterfly Nymphalidae Euploea mulciber paupera female
3474,Lepidoptera,Butterfly,Nymphalidae,Libythea,Libythea narina,Libythea narina,,Lepidoptera Butterfly Nymphalidae Libythea narina nan nan
3475,Lepidoptera,Butterfly,Nymphalidae,Libythea,Libythea narina,Libythea narina,Libythea narina male,Lepidoptera Butterfly Nymphalidae Libythea narina nan male
3481,Lepidoptera,Butterfly,Nymphalidae,Parantica,Parantica cleona,Parantica cleona cleona,,Lepidoptera Butterfly Nymphalidae Parantica cleona cleona nan
3492,Lepidoptera,Butterfly,Nymphalidae,Parantica,Parantica dannatti,Parantica dannatti dannatti,,Lepidoptera Butterfly Nymphalidae Parantica dannatti dannatti nan
3493,Lepidoptera,Butterfly,Nymphalidae,Parantica,Parantica dannatti,Parantica dannatti,,Lepidoptera Butterfly Nymphalidae Parantica dannatti nan nan
3501,Lepidoptera,Butterfly,Nymphalidae,Tirumala,Tirumala hamata,Tirumala hamata,,Lepidoptera Butterfly Nymphalidae Tirumala hamata nan nan
3502,Lepidoptera,Butterfly,Nymphalidae,Parantica,Parantica agleoides,Parantica agleoides,,Lepidoptera Butterfly Nymphalidae Parantica agleoides nan nan
3503,Lepidoptera,Butterfly,Nymphalidae,Euploea,Euploea treitschkei,Euploea treitschkei treitschkei,,Lepidoptera Butterfly Nymphalidae Euploea treitschkei treitschkei nan
3505,Lepidoptera,Butterfly,Nymphalidae,Euploea,Euploea treitschkei,Euploea treitschkei treitschkei,Euploea treitschkei treitschkei female,Lepidoptera Butterfly Nymphalidae Euploea treitschkei treitschkei female
3506,Lepidoptera,Butterfly,Nymphalidae,Euploea,Euploea doretta,Euploea doretta,,Lepidoptera Butterfly Nymphalidae Euploea doretta nan nan
3508,Lepidoptera,Butterfly,Nymphalidae,Euploea,Euploea algea,Euploea algea tenebrosa,,Lepidoptera Butterfly Nymphalidae Euploea algea tenebrosa nan
3509,Lepidoptera,Butterfly,Nymphalidae,Euploea,Euploea stephensii,Euploea stephensii salpinxoides,Euploea stephensii salpinxoides female,Lepidoptera Butterfly Nymphalidae Euploea stephensii salpinxoides female
3510,Lepidoptera,Butterfly,Nymphalidae,Euploea,Euploea stephensii,Euploea stephensii,,Lepidoptera Butterfly Nymphalidae Euploea stephensii nan nan
3511,Lepidoptera,Butterfly,Nymphalidae,Euploea,Euploea stephensii,Euploea stephensii bismarckiana,,Lepidoptera Butterfly Nymphalidae Euploea stephensii bismarckiana nan
3513,Lepidoptera,Butterfly,Nymphalidae,Euploea,Euploea algea,Euploea algea sacerdos,Euploea algea sacerdos female,Lepidoptera Butterfly Nymphalidae Euploea algea sacerdos female
3514,Lepidoptera,Butterfly,Nymphalidae,Euploea,Euploea camaralzeman,Euploea camaralzeman claudina,Euploea camaralzeman claudina male,Lepidoptera Butterfly Nymphalidae Euploea camaralzeman claudina male
3515,Lepidoptera,Butterfly,Nymphalidae,Euploea,Euploea radamanthus,Euploea radamanthus radamanthus,,Lepidoptera Butterfly Nymphalidae Euploea radamanthus radamanthus nan
3516,Lepidoptera,Butterfly,Nymphalidae,Euploea,Euploea core,Euploea core haworthii,Euploea core haworthii female,Lepidoptera Butterfly Nymphalidae Euploea core haworthii female
3517,Lepidoptera,Butterfly,Nymphalidae,Euploea,Euploea sylvester,Euploea sylvester inaequalis,Euploea sylvester inaequalis male,Lepidoptera Butterfly Nymphalidae Euploea sylvester inaequalis male
3518,Lepidoptera,Butterfly,Nymphalidae,Euploea,Euploea stephensii,Euploea stephensii bismarckiana,Euploea stephensii bismarckiana male,Lepidoptera Butterfly Nymphalidae Euploea stephensii bismarckiana male
3519,Lepidoptera,Butterfly,Nymphalidae,Euploea,Euploea phaenareta,Euploea phaenareta unibrunnea,Euploea phaenareta unibrunnea male,Lepidoptera Butterfly Nymphalidae Euploea phaenareta unibrunnea male
3520,Lepidoptera,Butterfly,Nymphalidae,Euploea,Euploea swainson,Euploea swainson,,Lepidoptera Butterfly Nymphalidae Euploea swainson nan nan
3521,Lepidoptera,Butterfly,Nymphalidae,Euploea,Euploea algea,Euploea algea diana,Euploea algea diana female,Lepidoptera Butterfly Nymphalidae Euploea algea diana female
3522,Lepidoptera,Butterfly,Nymphalidae,Euploea,Euploea algea,Euploea algea diana,Euploea algea diana male,Lepidoptera Butterfly Nymphalidae Euploea algea diana male
3538,Lepidoptera,Butterfly,Nymphalidae,Danaus,Danaus melanippus,Danaus melanippus,Danaus melanippus male,Lepidoptera Butterfly Nymphalidae Danaus melanippus nan male
3546,Lepidoptera,Butterfly,Nymphalidae,Ideopsis,Ideopsis juventa,Ideopsis juventa stictica,,Lepidoptera Butterfly Nymphalidae Ideopsis juventa stictica nan
3547,Lepidoptera,Butterfly,Nymphalidae,Moduza,Moduza procris,Moduza procris milonia,,Lepidoptera Butterfly Nymphalidae Moduza procris milonia nan
3548,Lepidoptera,Butterfly,Papilionidae,Pachliopta,Pachliopta polydorus,Pachliopta polydorus humboldti,,Lepidoptera Butterfly Papilionidae Pachliopta polydorus humboldti nan
3553,Lepidoptera,Butterfly,Nymphalidae,Cyrestis,Cyrestis telamon,Cyrestis telamon telamon,,Lepidoptera Butterfly Nymphalidae Cyrestis telamon telamon nan
3556,Lepidoptera,Butterfly,Nymphalidae,Cyrestis,Cyrestis telamon,Cyrestis telamon obianus,Cyrestis telamon obianus male,Lepidoptera Butterfly Nymphalidae Cyrestis telamon obianus male
3557,Lepidoptera,Butterfly,Nymphalidae,Cyrestis,Cyrestis telamon,Cyrestis telamon obscuratus,Cyrestis telamon obscuratus male,Lepidoptera Butterfly Nymphalidae Cyrestis telamon obscuratus male
3559,Lepidoptera,Butterfly,Nymphalidae,Euploea,Euploea configurata,Euploea configurata,,Lepidoptera Butterfly Nymphalidae Euploea configurata nan nan
3561,Lepidoptera,Butterfly,Nymphalidae,Euploea,Euploea configurata,Euploea configurata,Euploea configurata male,Lepidoptera Butterfly Nymphalidae Euploea configurata nan male
3563,Lepidoptera,Butterfly,Nymphalidae,Euploea,Euploea tulliolus,Euploea tulliolus mazares,Euploea tulliolus mazares male,Lepidoptera Butterfly Nymphalidae Euploea tulliolus mazares male
3566,Lepidoptera,Butterfly,Nymphalidae,Euploea,Euploea tulliolus,Euploea tulliolus mazares,Euploea tulliolus mazares female,Lepidoptera Butterfly Nymphalidae Euploea tulliolus mazares female
3569,Lepidoptera,Butterfly,Nymphalidae,Euploea,Euploea treitschkei,Euploea treitschkei eugenia,Euploea treitschkei eugenia female,Lepidoptera Butterfly Nymphalidae Euploea treitschkei eugenia female
3570,Lepidoptera,Butterfly,Nymphalidae,Euploea,Euploea treitschkei,Euploea treitschkei eugenia,,Lepidoptera Butterfly Nymphalidae Euploea treitschkei eugenia nan
3573,Lepidoptera,Butterfly,Nymphalidae,Euploea,Euploea hewitsonii,Euploea hewitsonii mangolina,,Lepidoptera Butterfly Nymphalidae Euploea hewitsonii mangolina nan
3574,Lepidoptera,Butterfly,Nymphalidae,Euploea,Euploea eleusina,Euploea eleusina vollenhovii,,Lepidoptera Butterfly Nymphalidae Euploea eleusina vollenhovii nan
3581,Lepidoptera,Butterfly,Nymphalidae,Euploea,Euploea sylvester,Euploea sylvester swinhoei,Euploea sylvester swinhoei male,Lepidoptera Butterfly Nymphalidae Euploea sylvester swinhoei male
3582,Lepidoptera,Butterfly,Nymphalidae,Euploea,Euploea sylvester,Euploea sylvester coreta,Euploea sylvester coreta male,Lepidoptera Butterfly Nymphalidae Euploea sylvester coreta male
3584,Lepidoptera,Butterfly,Nymphalidae,Euploea,Euploea treitschkei,Euploea treitschkei,Euploea treitschkei male,Lepidoptera Butterfly Nymphalidae Euploea treitschkei nan male
3585,Lepidoptera,Butterfly,Nymphalidae,Euploea,Euploea treitschkei,Euploea treitschkei,Euploea treitschkei female,Lepidoptera Butterfly Nymphalidae Euploea treitschkei nan female
3589,Lepidoptera,Butterfly,Nymphalidae,Euploea,Euploea leucostictos,Euploea leucostictos novarae,Euploea leucostictos novarae female,Lepidoptera Butterfly Nymphalidae Euploea leucostictos novarae female
3590,Lepidoptera,Butterfly,Nymphalidae,Euploea,Euploea leucostictos,Euploea leucostictos swierstrae,,Lepidoptera Butterfly Nymphalidae Euploea leucostictos swierstrae nan
3592,Lepidoptera,Butterfly,Nymphalidae,Euploea,Euploea swainson,Euploea swainson butra,,Lepidoptera Butterfly Nymphalidae Euploea swainson butra nan
3593,Lepidoptera,Butterfly,Nymphalidae,Ideopsis,Ideopsis vitrea,Ideopsis vitrea chloris,Ideopsis vitrea chloris male,Lepidoptera Butterfly Nymphalidae Ideopsis vitrea chloris male
3595,Lepidoptera,Butterfly,Nymphalidae,Idea,Idea durvillei,Idea durvillei keyensis,Idea durvillei keyensis female,Lepidoptera Butterfly Nymphalidae Idea durvillei keyensis female
3596,Lepidoptera,Butterfly,Nymphalidae,Tellervo,Tellervo fallax,Tellervo fallax hiero,,Lepidoptera Butterfly Nymphalidae Tellervo fallax hiero nan
3598,Lepidoptera,Butterfly,Nymphalidae,Tirumala,Tirumala limniace,Tirumala limniace conjuncta,,Lepidoptera Butterfly Nymphalidae Tirumala limniace conjuncta nan
3599,Lepidoptera,Butterfly,Nymphalidae,Euploea,Euploea tulliolus,Euploea tulliolus,Euploea tulliolus male,Lepidoptera Butterfly Nymphalidae Euploea tulliolus nan male
3600,Lepidoptera,Butterfly,Nymphalidae,Euploea,Euploea darchia,Euploea darchia,Euploea darchia male,Lepidoptera Butterfly Nymphalidae Euploea darchia nan male
3603,Lepidoptera,Butterfly,Nymphalidae,Euploea,Euploea darchia,Euploea darchia,,Lepidoptera Butterfly Nymphalidae Euploea darchia nan nan
3612,Lepidoptera,Butterfly,Nymphalidae,Euploea,Euploea hewitsonii,Euploea hewitsonii reducta,Euploea hewitsonii reducta male,Lepidoptera Butterfly Nymphalidae Euploea hewitsonii reducta male
3616,Lepidoptera,Butterfly,Nymphalidae,Euploea,Euploea phaenareta,Euploea phaenareta,Euploea phaenareta male,Lepidoptera Butterfly Nymphalidae Euploea phaenareta nan male
3617,Lepidoptera,Butterfly,Nymphalidae,Euploea,Euploea phaenareta,Euploea phaenareta,Euploea phaenareta female,Lepidoptera Butterfly Nymphalidae Euploea phaenareta nan female
3619,Lepidoptera,Butterfly,Nymphalidae,Euploea,Euploea phaenareta,Euploea phaenareta semicirculus,Euploea phaenareta semicirculus male,Lepidoptera Butterfly Nymphalidae Euploea phaenareta semicirculus male
3620,Lepidoptera,Butterfly,Nymphalidae,Euploea,Euploea phaenareta,Euploea phaenareta semicirculus,Euploea phaenareta semicirculus female,Lepidoptera Butterfly Nymphalidae Euploea phaenareta semicirculus female
3622,Lepidoptera,Butterfly,Nymphalidae,Euploea,Euploea phaenareta,Euploea phaenareta hollandi,Euploea phaenareta hollandi male,Lepidoptera Butterfly Nymphalidae Euploea phaenareta hollandi male
3624,Lepidoptera,Butterfly,Nymphalidae,Euploea,Euploea phaenareta,Euploea phaenareta hollandi,Euploea phaenareta hollandi female,Lepidoptera Butterfly Nymphalidae Euploea phaenareta hollandi female
3632,Lepidoptera,Butterfly,Nymphalidae,Euploea,Euploea phaenareta,Euploea phaenareta eucala,Euploea phaenareta eucala male,Lepidoptera Butterfly Nymphalidae Euploea phaenareta eucala male
3634,Lepidoptera,Butterfly,Nymphalidae,Euploea,Euploea phaenareta,Euploea phaenareta eucala,Euploea phaenareta eucala female,Lepidoptera Butterfly Nymphalidae Euploea phaenareta eucala female
3636,Lepidoptera,Butterfly,Papilionidae,Losaria,Losaria coon,Losaria coon coon,Losaria coon coon male,Lepidoptera Butterfly Papilionidae Losaria coon coon male
3654,Lepidoptera,Butterfly,Nymphalidae,Libythea,Libythea myrrha,Libythea myrrha,Libythea myrrha male,Lepidoptera Butterfly Nymphalidae Libythea myrrha nan male
3670,Lepidoptera,Butterfly,Nymphalidae,Libythea,Libythea myrrha,Libythea myrrha,Libythea myrrha female,Lepidoptera Butterfly Nymphalidae Libythea myrrha nan female
3679,Lepidoptera,Butterfly,Nymphalidae,Euploea,Euploea phaenareta,Euploea phaenareta,,Lepidoptera Butterfly Nymphalidae Euploea phaenareta nan nan
3681,Lepidoptera,Butterfly,Nymphalidae,Tellervo,Tellervo fallax,Tellervo fallax coalescens,,Lepidoptera Butterfly Nymphalidae Tellervo fallax coalescens nan
3688,Lepidoptera,Butterfly,Nymphalidae,Ideopsis,Ideopsis juventa,Ideopsis juventa ishma,,Lepidoptera Butterfly Nymphalidae Ideopsis juventa ishma nan
3691,Lepidoptera,Butterfly,Nymphalidae,Danaus,Danaus genutia,Danaus genutia conspicua,,Lepidoptera Butterfly Nymphalidae Danaus genutia conspicua nan
3694,Lepidoptera,Butterfly,Nymphalidae,Euploea,Euploea modesta,Euploea modesta suavissima,,Lepidoptera Butterfly Nymphalidae Euploea modesta suavissima nan
3697,Lepidoptera,Butterfly,Nymphalidae,Euploea,Euploea martinii,Euploea martinii,,Lepidoptera Butterfly Nymphalidae Euploea martinii nan nan
3705,Lepidoptera,Butterfly,Lycaenidae,Laxita,Laxita thuisto,Laxita thuisto therikles,,Lepidoptera Butterfly Lycaenidae Laxita thuisto therikles nan
3709,Lepidoptera,Butterfly,Lycaenidae,Laxita,Laxita thuisto,Laxita thuisto therikles,Laxita thuisto therikles female,Lepidoptera Butterfly Lycaenidae Laxita thuisto therikles female
3715,Lepidoptera,Butterfly,Pieridae,Pareronia,Pareronia argolis,Pareronia argolis,Pareronia argolis female,Lepidoptera Butterfly Pieridae Pareronia argolis nan female
3716,Lepidoptera,Butterfly,Nymphalidae,Idea,Idea lynceus,Idea lynceus,,Lepidoptera Butterfly Nymphalidae Idea lynceus nan nan
3717,Lepidoptera,Butterfly,Nymphalidae,Euploea,Euploea eleusina,Euploea eleusina eleusina,Euploea eleusina eleusina male,Lepidoptera Butterfly Nymphalidae Euploea eleusina eleusina male
3718,Lepidoptera,Butterfly,Nymphalidae,Euploea,Euploea eleusina,Euploea eleusina eleusina,Euploea eleusina eleusina female,Lepidoptera Butterfly Nymphalidae Euploea eleusina eleusina female
3719,Lepidoptera,Butterfly,Nymphalidae,Euploea,Euploea lacon,Euploea lacon,Euploea lacon female,Lepidoptera Butterfly Nymphalidae Euploea lacon nan female
3720,Lepidoptera,Butterfly,Nymphalidae,Ideopsis,Ideopsis juventa,Ideopsis juventa sobrinoides,Ideopsis juventa sobrinoides male,Lepidoptera Butterfly Nymphalidae Ideopsis juventa sobrinoides male
3721,Lepidoptera,Butterfly,Nymphalidae,Tellervo,Tellervo assarica,Tellervo assarica boeroeensis,Tellervo assarica boeroeensis male,Lepidoptera Butterfly Nymphalidae Tellervo assarica boeroeensis male
3722,Lepidoptera,Butterfly,Nymphalidae,Tellervo,Tellervo assarica,Tellervo assarica boeroeensis,Tellervo assarica boeroeensis female,Lepidoptera Butterfly Nymphalidae Tellervo assarica boeroeensis female
3724,Lepidoptera,Butterfly,Nymphalidae,Tellervo,Tellervo zoilus,Tellervo zoilus hiempsal,,Lepidoptera Butterfly Nymphalidae Tellervo zoilus hiempsal nan
3727,Lepidoptera,Butterfly,Nymphalidae,Euploea,Euploea sylvester,Euploea sylvester harisii,Euploea sylvester harisii male,Lepidoptera Butterfly Nymphalidae Euploea sylvester harisii male
3735,Lepidoptera,Butterfly,Nymphalidae,Euploea,Euploea midamus,Euploea midamus ochsenheimeri,Euploea midamus ochsenheimeri female,Lepidoptera Butterfly Nymphalidae Euploea midamus ochsenheimeri female
3736,Lepidoptera,Butterfly,Nymphalidae,Euploea,Euploea core,Euploea core haworthii,Euploea core haworthii male,Lepidoptera Butterfly Nymphalidae Euploea core haworthii male
3737,Lepidoptera,Butterfly,Nymphalidae,Euploea,Euploea algea,Euploea algea zonata,Euploea algea zonata male,Lepidoptera Butterfly Nymphalidae Euploea algea zonata male
3740,Lepidoptera,Butterfly,Nymphalidae,Euploea,Euploea core,Euploea core,Euploea core male,Lepidoptera Butterfly Nymphalidae Euploea core nan male
3741,Lepidoptera,Butterfly,Nymphalidae,Euploea,Euploea mulciber,Euploea mulciber verhuelli,Euploea mulciber verhuelli female,Lepidoptera Butterfly Nymphalidae Euploea mulciber verhuelli female
3743,Lepidoptera,Butterfly,Nymphalidae,Euploea,Euploea camaralzeman,Euploea camaralzeman claudina,Euploea camaralzeman claudina female,Lepidoptera Butterfly Nymphalidae Euploea camaralzeman claudina female
3746,Lepidoptera,Butterfly,Nymphalidae,Euploea,Euploea phaenareta,Euploea phaenareta unibrunnea,Euploea phaenareta unibrunnea female,Lepidoptera Butterfly Nymphalidae Euploea phaenareta unibrunnea female
3748,Lepidoptera,Butterfly,Nymphalidae,Idea,Idea leuconoe,Idea leuconoe,,Lepidoptera Butterfly Nymphalidae Idea leuconoe nan nan
3776,Lepidoptera,Butterfly,Nymphalidae,Euploea,Euploea dehaanii,Euploea dehaanii,Euploea dehaanii male,Lepidoptera Butterfly Nymphalidae Euploea dehaanii nan male
3778,Lepidoptera,Butterfly,Papilionidae,Papilio,Papilio sataspes,Papilio sataspes,,Lepidoptera Butterfly Papilionidae Papilio sataspes nan nan
3780,Lepidoptera,Butterfly,Papilionidae,Papilio,Papilio sataspes,Papilio sataspes,Papilio sataspes male,Lepidoptera Butterfly Papilionidae Papilio sataspes nan male
3782,Lepidoptera,Butterfly,Nymphalidae,Euploea,Euploea swainson,Euploea swainson butra,Euploea swainson butra male,Lepidoptera Butterfly Nymphalidae Euploea swainson butra male
3791,Lepidoptera,Butterfly,Nymphalidae,Euploea,Euploea swainson,Euploea swainson butra,Euploea swainson butra female,Lepidoptera Butterfly Nymphalidae Euploea swainson butra female
3805,Lepidoptera,Butterfly,Nymphalidae,Tellervo,Tellervo zoilus,Tellervo zoilus mysolensis,Tellervo zoilus mysolensis male,Lepidoptera Butterfly Nymphalidae Tellervo zoilus mysolensis male
3806,Lepidoptera,Butterfly,Nymphalidae,Tellervo,Tellervo zoilus,Tellervo zoilus mysolensis,,Lepidoptera Butterfly Nymphalidae Tellervo zoilus mysolensis nan
3811,Lepidoptera,Butterfly,Nymphalidae,Idea,Idea blanchardii,Idea blanchardii marosiana,,Lepidoptera Butterfly Nymphalidae Idea blanchardii marosiana nan
3813,Lepidoptera,Butterfly,Nymphalidae,Tirumala,Tirumala septentrionis,Tirumala septentrionis myrsilos,,Lepidoptera Butterfly Nymphalidae Tirumala septentrionis myrsilos nan
3814,Lepidoptera,Butterfly,Nymphalidae,Euploea,Euploea eyndhovii,Euploea eyndhovii,,Lepidoptera Butterfly Nymphalidae Euploea eyndhovii nan nan
3818,Lepidoptera,Butterfly,Lycaenidae,Paralaxita,Paralaxita orphna,Paralaxita orphna panyasis,Paralaxita orphna panyasis female,Lepidoptera Butterfly Lycaenidae Paralaxita orphna panyasis female
3822,Lepidoptera,Butterfly,Lycaenidae,Paralaxita,Paralaxita orphna,Paralaxita orphna orphna,Paralaxita orphna orphna female,Lepidoptera Butterfly Lycaenidae Paralaxita orphna orphna female
3828,Lepidoptera,Butterfly,Lycaenidae,Paralaxita,Paralaxita orphna,Paralaxita orphna orphna,,Lepidoptera Butterfly Lycaenidae Paralaxita orphna orphna nan
3837,Lepidoptera,Butterfly,Nymphalidae,Idea,Idea leuconoe,Idea leuconoe clara,,Lepidoptera Butterfly Nymphalidae Idea leuconoe clara nan
3844,Lepidoptera,Butterfly,Nymphalidae,Euploea,Euploea darchia,Euploea darchia arisbe,,Lepidoptera Butterfly Nymphalidae Euploea darchia arisbe nan
3847,Lepidoptera,Butterfly,Nymphalidae,Euploea,Euploea modesta,Euploea modesta,Euploea modesta male,Lepidoptera Butterfly Nymphalidae Euploea modesta nan male
3850,Lepidoptera,Butterfly,Nymphalidae,Euploea,Euploea algea,Euploea algea zonata,,Lepidoptera Butterfly Nymphalidae Euploea algea zonata nan
3853,Lepidoptera,Butterfly,Nymphalidae,Euploea,Euploea algea,Euploea algea diana,,Lepidoptera Butterfly Nymphalidae Euploea algea diana nan
3867,Lepidoptera,Butterfly,Nymphalidae,Euploea,Euploea algea,Euploea algea sacerdos,,Lepidoptera Butterfly Nymphalidae Euploea algea sacerdos nan
3874,Lepidoptera,Butterfly,Nymphalidae,Euploea,Euploea core,Euploea core illudens,Euploea core illudens male,Lepidoptera Butterfly Nymphalidae Euploea core illudens male
3875,Lepidoptera,Butterfly,Nymphalidae,Euploea,Euploea climena,Euploea climena dohertyi,Euploea climena dohertyi male,Lepidoptera Butterfly Nymphalidae Euploea climena dohertyi male
3879,Lepidoptera,Butterfly,Nymphalidae,Euploea,Euploea climena,Euploea climena dohertyi,Euploea climena dohertyi female,Lepidoptera Butterfly Nymphalidae Euploea climena dohertyi female
3884,Lepidoptera,Butterfly,Nymphalidae,Euploea,Euploea camaralzeman,Euploea camaralzeman,Euploea camaralzeman female,Lepidoptera Butterfly Nymphalidae Euploea camaralzeman nan female
3885,Lepidoptera,Butterfly,Hesperiidae,Hasora,Hasora thridas,Hasora thridas chalybeata,,Lepidoptera Butterfly Hesperiidae Hasora thridas chalybeata nan
3886,Lepidoptera,Butterfly,Nymphalidae,Parantica,Parantica agleoides,Parantica agleoides,Parantica agleoides male,Lepidoptera Butterfly Nymphalidae Parantica agleoides nan male
3902,Lepidoptera,Butterfly,Nymphalidae,Parantica,Parantica agleoides,Parantica agleoides,Parantica agleoides female,Lepidoptera Butterfly Nymphalidae Parantica agleoides nan female
3909,Lepidoptera,Butterfly,Nymphalidae,Parantica,Parantica agleoides,Parantica agleoides borneensis,Parantica agleoides borneensis male,Lepidoptera Butterfly Nymphalidae Parantica agleoides borneensis male
3913,Lepidoptera,Butterfly,Nymphalidae,Parantica,Parantica agleoides,Parantica agleoides erycina,Parantica agleoides erycina male,Lepidoptera Butterfly Nymphalidae Parantica agleoides erycina male
3915,Lepidoptera,Butterfly,Papilionidae,Lamproptera,Lamproptera meges,Lamproptera meges,,Lepidoptera Butterfly Papilionidae Lamproptera meges nan nan
3916,Lepidoptera,Butterfly,Papilionidae,Lamproptera,Lamproptera meges,Lamproptera meges decius,,Lepidoptera Butterfly Papilionidae Lamproptera meges decius nan
3938,Lepidoptera,Butterfly,Nymphalidae,Euploea,Euploea crameri,Euploea crameri lanista,Euploea crameri lanista male,Lepidoptera Butterfly Nymphalidae Euploea crameri lanista male
3939,Lepidoptera,Butterfly,Nymphalidae,Euploea,Euploea crameri,Euploea crameri lanista,Euploea crameri lanista female,Lepidoptera Butterfly Nymphalidae Euploea crameri lanista female
3946,Lepidoptera,Butterfly,Nymphalidae,Euploea,Euploea sylvester,Euploea sylvester tyrianthina,,Lepidoptera Butterfly Nymphalidae Euploea sylvester tyrianthina nan
3947,Lepidoptera,Butterfly,Nymphalidae,Hypolimnas,Hypolimnas anomala,Hypolimnas anomala,,Lepidoptera Butterfly Nymphalidae Hypolimnas anomala nan nan
3948,Lepidoptera,Butterfly,Nymphalidae,Idea,Idea idea,Idea idea idea,,Lepidoptera Butterfly Nymphalidae Idea idea idea nan
3949,Lepidoptera,Butterfly,Nymphalidae,Idea,Idea blanchardii,Idea blanchardii phlegeton,,Lepidoptera Butterfly Nymphalidae Idea blanchardii phlegeton nan
3951,Lepidoptera,Butterfly,Nymphalidae,Idea,Idea tambusisiana,Idea tambusisiana,Idea tambusisiana male,Lepidoptera Butterfly Nymphalidae Idea tambusisiana nan male
3955,Lepidoptera,Butterfly,Lycaenidae,Paralaxita,Paralaxita orphna,Paralaxita orphna,,Lepidoptera Butterfly Lycaenidae Paralaxita orphna nan nan
3972,Lepidoptera,Butterfly,Lycaenidae,Taxila,Taxila haquinus,Taxila haquinus,,Lepidoptera Butterfly Lycaenidae Taxila haquinus nan nan
3978,Lepidoptera,Butterfly,Nymphalidae,Tellervo,Tellervo medusia,Tellervo medusia,,Lepidoptera Butterfly Nymphalidae Tellervo medusia nan nan
3981,Lepidoptera,Butterfly,Nymphalidae,Tellervo,Tellervo medusia,Tellervo medusia,Tellervo medusia male,Lepidoptera Butterfly Nymphalidae Tellervo medusia nan male
3982,Lepidoptera,Butterfly,Nymphalidae,Euploea,Euploea stephensii,Euploea stephensii pumila,Euploea stephensii pumila female,Lepidoptera Butterfly Nymphalidae Euploea stephensii pumila female
3986,Lepidoptera,Butterfly,Nymphalidae,Euploea,Euploea mulciber,Euploea mulciber visaya,,Lepidoptera Butterfly Nymphalidae Euploea mulciber visaya nan
3987,Lepidoptera,Butterfly,Nymphalidae,Euploea,Euploea mulciber,Euploea mulciber visaya,Euploea mulciber visaya male,Lepidoptera Butterfly Nymphalidae Euploea mulciber visaya male
3989,Lepidoptera,Butterfly,Nymphalidae,Idea,Idea electra,Idea electra,,Lepidoptera Butterfly Nymphalidae Idea electra nan nan
3993,Lepidoptera,Butterfly,Nymphalidae,Euploea,Euploea eleusina,Euploea eleusina hygina,Euploea eleusina hygina male,Lepidoptera Butterfly Nymphalidae Euploea eleusina hygina male
3997,Lepidoptera,Butterfly,Nymphalidae,Euploea,Euploea eleusina,Euploea eleusina hygina,Euploea eleusina hygina female,Lepidoptera Butterfly Nymphalidae Euploea eleusina hygina female
4003,Lepidoptera,Butterfly,Nymphalidae,Euploea,Euploea eunice,Euploea eunice vestigiata,,Lepidoptera Butterfly Nymphalidae Euploea eunice vestigiata nan
4004,Lepidoptera,Butterfly,Pieridae,Hebomoia,Hebomoia glaucippe,Hebomoia glaucippe javanensis,,Lepidoptera Butterfly Pieridae Hebomoia glaucippe javanensis nan
4008,Lepidoptera,Butterfly,Nymphalidae,Euploea,Euploea algea,Euploea algea deione,,Lepidoptera Butterfly Nymphalidae Euploea algea deione nan
4009,Lepidoptera,Butterfly,Papilionidae,Papilio,Papilio sataspes,Papilio sataspes sataspes,Papilio sataspes sataspes female,Lepidoptera Butterfly Papilionidae Papilio sataspes sataspes female
4011,Lepidoptera,Butterfly,Nymphalidae,Euploea,Euploea algea,Euploea algea deione,Euploea algea deione male,Lepidoptera Butterfly Nymphalidae Euploea algea deione male
4016,Lepidoptera,Butterfly,Nymphalidae,Euploea,Euploea netscheri,Euploea netscheri,,Lepidoptera Butterfly Nymphalidae Euploea netscheri nan nan
4017,Lepidoptera,Butterfly,Nymphalidae,Euploea,Euploea netscheri,Euploea netscheri,Euploea netscheri male,Lepidoptera Butterfly Nymphalidae Euploea netscheri nan male
4019,Lepidoptera,Butterfly,Nymphalidae,Euploea,Euploea netscheri,Euploea netscheri,Euploea netscheri female,Lepidoptera Butterfly Nymphalidae Euploea netscheri nan female
4020,Lepidoptera,Butterfly,Nymphalidae,Euploea,Euploea algea,Euploea algea duponchelii,Euploea algea duponchelii male,Lepidoptera Butterfly Nymphalidae Euploea algea duponchelii male
4022,Lepidoptera,Butterfly,Nymphalidae,Euploea,Euploea algea,Euploea algea duponchelii,Euploea algea duponchelii female,Lepidoptera Butterfly Nymphalidae Euploea algea duponchelii female
4025,Lepidoptera,Butterfly,Nymphalidae,Euploea,Euploea algea,Euploea algea duponchelii,,Lepidoptera Butterfly Nymphalidae Euploea algea duponchelii nan
4026,Lepidoptera,Butterfly,Nymphalidae,Euploea,Euploea climena,Euploea climena melina,Euploea climena melina female,Lepidoptera Butterfly Nymphalidae Euploea climena melina female
4031,Lepidoptera,Butterfly,Nymphalidae,Euploea,Euploea climena,Euploea climena eurypon,Euploea climena eurypon female,Lepidoptera Butterfly Nymphalidae Euploea climena eurypon female
4038,Lepidoptera,Butterfly,Nymphalidae,Euploea,Euploea modesta,Euploea modesta salinator,,Lepidoptera Butterfly Nymphalidae Euploea modesta salinator nan
4047,Lepidoptera,Butterfly,Papilionidae,Graphium,Graphium agamemnon,Graphium agamemnon,,Lepidoptera Butterfly Papilionidae Graphium agamemnon nan nan
4050,Lepidoptera,Butterfly,Papilionidae,Graphium,Graphium agamemnon,Graphium agamemnon,Graphium agamemnon female,Lepidoptera Butterfly Papilionidae Graphium agamemnon nan female
4054,Lepidoptera,Butterfly,Papilionidae,Graphium,Graphium agamemnon,Graphium agamemnon,Graphium agamemnon male,Lepidoptera Butterfly Papilionidae Graphium agamemnon nan male
4071,Lepidoptera,Butterfly,Papilionidae,Lamproptera,Lamproptera curius,Lamproptera curius curius,Lamproptera curius curius male,Lepidoptera Butterfly Papilionidae Lamproptera curius curius male
4079,Lepidoptera,Butterfly,Papilionidae,Lamproptera,Lamproptera curius,Lamproptera curius curius,,Lepidoptera Butterfly Papilionidae Lamproptera curius curius nan
4084,Lepidoptera,Butterfly,Papilionidae,Lamproptera,Lamproptera meges,Lamproptera meges niasicus,,Lepidoptera Butterfly Papilionidae Lamproptera meges niasicus nan
4094,Lepidoptera,Butterfly,Papilionidae,Papilio,Papilio helenus,Papilio helenus helenus,,Lepidoptera Butterfly Papilionidae Papilio helenus helenus nan
4096,Lepidoptera,Butterfly,Papilionidae,Papilio,Papilio helenus,Papilio helenus helenus,Papilio helenus helenus female,Lepidoptera Butterfly Papilionidae Papilio helenus helenus female
4100,Lepidoptera,Butterfly,Lycaenidae,Praetaxila,Praetaxila satraps,Praetaxila satraps cyrus,Praetaxila satraps cyrus male,Lepidoptera Butterfly Lycaenidae Praetaxila satraps cyrus male
4102,Lepidoptera,Butterfly,Lycaenidae,Praetaxila,Praetaxila satraps,Praetaxila satraps cyrus,Praetaxila satraps cyrus female,Lepidoptera Butterfly Lycaenidae Praetaxila satraps cyrus female
4104,Lepidoptera,Butterfly,Lycaenidae,Dicallaneura,Dicallaneura hyacinthus,Dicallaneura hyacinthus,Dicallaneura hyacinthus male,Lepidoptera Butterfly Lycaenidae Dicallaneura hyacinthus nan male
4111,Lepidoptera,Butterfly,Nymphalidae,Euploea,Euploea midamus,Euploea midamus clorinde,Euploea midamus clorinde female,Lepidoptera Butterfly Nymphalidae Euploea midamus clorinde female
4112,Lepidoptera,Butterfly,Nymphalidae,Euploea,Euploea midamus,Euploea midamus clorinde,Euploea midamus clorinde male,Lepidoptera Butterfly Nymphalidae Euploea midamus clorinde male
4118,Lepidoptera,Butterfly,Nymphalidae,Euploea,Euploea klugii,Euploea klugii,,Lepidoptera Butterfly Nymphalidae Euploea klugii nan nan
4121,Lepidoptera,Butterfly,Nymphalidae,Euploea,Euploea klugii,Euploea klugii,Euploea klugii female,Lepidoptera Butterfly Nymphalidae Euploea klugii nan female
4122,Lepidoptera,Butterfly,Nymphalidae,Tellervo,Tellervo assarica,Tellervo assarica,,Lepidoptera Butterfly Nymphalidae Tellervo assarica nan nan
4123,Lepidoptera,Butterfly,Nymphalidae,Tellervo,Tellervo assarica,Tellervo assarica limetanus,Tellervo assarica limetanus male,Lepidoptera Butterfly Nymphalidae Tellervo assarica limetanus male
4132,Lepidoptera,Butterfly,Nymphalidae,Tellervo,Tellervo assarica,Tellervo assarica limetanus,Tellervo assarica limetanus female,Lepidoptera Butterfly Nymphalidae Tellervo assarica limetanus female
4133,Lepidoptera,Butterfly,Nymphalidae,Ideopsis,Ideopsis juventa,Ideopsis juventa phana,,Lepidoptera Butterfly Nymphalidae Ideopsis juventa phana nan
4135,Lepidoptera,Butterfly,Nymphalidae,Euploea,Euploea climena,Euploea climena sepulchralis,,Lepidoptera Butterfly Nymphalidae Euploea climena sepulchralis nan
4137,Lepidoptera,Butterfly,Nymphalidae,Euploea,Euploea modesta,Euploea modesta lamos,,Lepidoptera Butterfly Nymphalidae Euploea modesta lamos nan
4143,Lepidoptera,Butterfly,Lycaenidae,Paralaxita,Paralaxita telesia,Paralaxita telesia pistyrus,Paralaxita telesia pistyrus female,Lepidoptera Butterfly Lycaenidae Paralaxita telesia pistyrus female
4154,Lepidoptera,Butterfly,Lycaenidae,Laxita,Laxita thuisto,Laxita thuisto thuisto,,Lepidoptera Butterfly Lycaenidae Laxita thuisto thuisto nan
4156,Lepidoptera,Butterfly,Lycaenidae,Paralaxita,Paralaxita damajanti,Paralaxita damajanti lasica,Paralaxita damajanti lasica female,Lepidoptera Butterfly Lycaenidae Paralaxita damajanti lasica female
4159,Lepidoptera,Butterfly,Nymphalidae,Danaus,Danaus genutia,Danaus genutia leucoglene,,Lepidoptera Butterfly Nymphalidae Danaus genutia leucoglene nan
4166,Lepidoptera,Butterfly,Nymphalidae,Tellervo,Tellervo zoilus,Tellervo zoilus niveipicta,,Lepidoptera Butterfly Nymphalidae Tellervo zoilus niveipicta nan
4186,Lepidoptera,Butterfly,Nymphalidae,Tellervo,Tellervo assarica,Tellervo assarica,Tellervo assarica female,Lepidoptera Butterfly Nymphalidae Tellervo assarica nan female
4196,Lepidoptera,Butterfly,Nymphalidae,Tellervo,Tellervo assarica,Tellervo assarica,Tellervo assarica male,Lepidoptera Butterfly Nymphalidae Tellervo assarica nan male
4201,Lepidoptera,Butterfly,Nymphalidae,Euploea,Euploea batesii,Euploea batesii resarta,,Lepidoptera Butterfly Nymphalidae Euploea batesii resarta nan
4202,Lepidoptera,Butterfly,Nymphalidae,Euploea,Euploea climena,Euploea climena,,Lepidoptera Butterfly Nymphalidae Euploea climena nan nan
4205,Lepidoptera,Butterfly,Nymphalidae,Euploea,Euploea redtenbacheri,Euploea redtenbacheri coracina,Euploea redtenbacheri coracina female,Lepidoptera Butterfly Nymphalidae Euploea redtenbacheri coracina female
4209,Lepidoptera,Butterfly,Nymphalidae,Euploea,Euploea crameri,Euploea crameri bremeri,Euploea crameri bremeri male,Lepidoptera Butterfly Nymphalidae Euploea crameri bremeri male
4219,Lepidoptera,Butterfly,Nymphalidae,Euploea,Euploea phaenareta,Euploea phaenareta castelnaui,Euploea phaenareta castelnaui male,Lepidoptera Butterfly Nymphalidae Euploea phaenareta castelnaui male
4223,Lepidoptera,Butterfly,Nymphalidae,Euploea,Euploea dalmanii,Euploea dalmanii,Euploea dalmanii male,Lepidoptera Butterfly Nymphalidae Euploea dalmanii nan male
4224,Lepidoptera,Butterfly,Nymphalidae,Euploea,Euploea phaenareta,Euploea phaenareta castelnaui,Euploea phaenareta castelnaui female,Lepidoptera Butterfly Nymphalidae Euploea phaenareta castelnaui female
4225,Lepidoptera,Butterfly,Nymphalidae,Euploea,Euploea tulliolus,Euploea tulliolus,Euploea tulliolus female,Lepidoptera Butterfly Nymphalidae Euploea tulliolus nan female
4227,Lepidoptera,Butterfly,Nymphalidae,Euploea,Euploea tulliolus,Euploea tulliolus aristotelis,Euploea tulliolus aristotelis male,Lepidoptera Butterfly Nymphalidae Euploea tulliolus aristotelis male
4232,Lepidoptera,Butterfly,Nymphalidae,Euploea,Euploea eleusina,Euploea eleusina,,Lepidoptera Butterfly Nymphalidae Euploea eleusina nan nan
4234,Lepidoptera,Butterfly,Nymphalidae,Euploea,Euploea eleusina,Euploea eleusina,Euploea eleusina female,Lepidoptera Butterfly Nymphalidae Euploea eleusina nan female
4239,Lepidoptera,Butterfly,Nymphalidae,Euploea,Euploea eleusina,Euploea eleusina mniszechii,,Lepidoptera Butterfly Nymphalidae Euploea eleusina mniszechii nan
4245,Lepidoptera,Butterfly,Nymphalidae,Euploea,Euploea eleusina,Euploea eleusina vollenhovii,Euploea eleusina vollenhovii male,Lepidoptera Butterfly Nymphalidae Euploea eleusina vollenhovii male
4252,Lepidoptera,Butterfly,Nymphalidae,Euploea,Euploea eleusina,Euploea eleusina vollenhovii,Euploea eleusina vollenhovii female,Lepidoptera Butterfly Nymphalidae Euploea eleusina vollenhovii female
4254,Lepidoptera,Butterfly,Nymphalidae,Parantica,Parantica schenkii,Parantica schenkii,Parantica schenkii male,Lepidoptera Butterfly Nymphalidae Parantica schenkii nan male
4255,Lepidoptera,Butterfly,Nymphalidae,Parantica,Parantica aspasia,Parantica aspasia,Parantica aspasia female,Lepidoptera Butterfly Nymphalidae Parantica aspasia nan female
4256,Lepidoptera,Butterfly,Papilionidae,Papilio,Papilio iswara,Papilio iswara,Papilio iswara female,Lepidoptera Butterfly Papilionidae Papilio iswara nan female
4257,Lepidoptera,Butterfly,Papilionidae,Papilio,Papilio iswara,Papilio iswara,,Lepidoptera Butterfly Papilionidae Papilio iswara nan nan
4267,Lepidoptera,Butterfly,Papilionidae,Papilio,Papilio iswara,Papilio iswara araspes,Papilio iswara araspes female,Lepidoptera Butterfly Papilionidae Papilio iswara araspes female
4269,Lepidoptera,Butterfly,Papilionidae,Papilio,Papilio polytes,Papilio polytes theseus,Papilio polytes theseus male,Lepidoptera Butterfly Papilionidae Papilio polytes theseus male
4270,Lepidoptera,Butterfly,Papilionidae,Papilio,Papilio polytes,Papilio polytes theseus,,Lepidoptera Butterfly Papilionidae Papilio polytes theseus nan
4271,Lepidoptera,Butterfly,Papilionidae,Papilio,Papilio polytes,Papilio polytes theseus,Papilio polytes theseus female,Lepidoptera Butterfly Papilionidae Papilio polytes theseus female
4307,Lepidoptera,Butterfly,Lycaenidae,Praetaxila,Praetaxila statira,Praetaxila statira naram,,Lepidoptera Butterfly Lycaenidae Praetaxila statira naram nan
4310,Lepidoptera,Butterfly,Nymphalidae,Tellervo,Tellervo zoilus,Tellervo zoilus niveipicta,Tellervo zoilus niveipicta male,Lepidoptera Butterfly Nymphalidae Tellervo zoilus niveipicta male
4311,Lepidoptera,Butterfly,Nymphalidae,Tellervo,Tellervo nedusia,Tellervo nedusia meforicus,,Lepidoptera Butterfly Nymphalidae Tellervo nedusia meforicus nan
4312,Lepidoptera,Butterfly,Nymphalidae,Tellervo,Tellervo assarica,Tellervo assarica limetanus,,Lepidoptera Butterfly Nymphalidae Tellervo assarica limetanus nan
4331,Lepidoptera,Butterfly,Nymphalidae,Tellervo,Tellervo zoilus,Tellervo zoilus nais,,Lepidoptera Butterfly Nymphalidae Tellervo zoilus nais nan
4344,Lepidoptera,Butterfly,Nymphalidae,Tellervo,Tellervo zoilus,Tellervo zoilus nais,Tellervo zoilus nais male,Lepidoptera Butterfly Nymphalidae Tellervo zoilus nais male
4411,Lepidoptera,Butterfly,Nymphalidae,Tellervo,Tellervo zoilus,Tellervo zoilus niveipicta,Tellervo zoilus niveipicta female,Lepidoptera Butterfly Nymphalidae Tellervo zoilus niveipicta female
4418,Lepidoptera,Butterfly,Nymphalidae,Parantica,Parantica schenkii,Parantica schenkii,,Lepidoptera Butterfly Nymphalidae Parantica schenkii nan nan
4419,Lepidoptera,Butterfly,Papilionidae,Papilio,Papilio helenus,Papilio helenus palawanicus,Papilio helenus palawanicus female,Lepidoptera Butterfly Papilionidae Papilio helenus palawanicus female
4442,Lepidoptera,Butterfly,Lycaenidae,Dicallaneura,Dicallaneura amabilis,Dicallaneura amabilis praedilecta,Dicallaneura amabilis praedilecta male,Lepidoptera Butterfly Lycaenidae Dicallaneura amabilis praedilecta male
4443,Lepidoptera,Butterfly,Lycaenidae,Dicallaneura,Dicallaneura amabilis,Dicallaneura amabilis praedilecta,Dicallaneura amabilis praedilecta female,Lepidoptera Butterfly Lycaenidae Dicallaneura amabilis praedilecta female
4444,Lepidoptera,Butterfly,Lycaenidae,Dicallaneura,Dicallaneura leucomelas,Dicallaneura leucomelas discifera,Dicallaneura leucomelas discifera female,Lepidoptera Butterfly Lycaenidae Dicallaneura leucomelas discifera female
4445,Lepidoptera,Butterfly,Papilionidae,Pachliopta,Pachliopta aristolochiae,Pachliopta aristolochiae ceylonica,Pachliopta aristolochiae ceylonica female,Lepidoptera Butterfly Papilionidae Pachliopta aristolochiae ceylonica female
4446,Lepidoptera,Butterfly,Papilionidae,Atrophaneura,Atrophaneura nox,Atrophaneura nox nox,,Lepidoptera Butterfly Papilionidae Atrophaneura nox nox nan
4448,Lepidoptera,Butterfly,Papilionidae,Atrophaneura,Atrophaneura nox,Atrophaneura nox nox,Atrophaneura nox nox female,Lepidoptera Butterfly Papilionidae Atrophaneura nox nox female
4454,Lepidoptera,Butterfly,Papilionidae,Atrophaneura,Atrophaneura nox,Atrophaneura nox nox,Atrophaneura nox nox male,Lepidoptera Butterfly Papilionidae Atrophaneura nox nox male
4455,Lepidoptera,Butterfly,Nymphalidae,Parantica,Parantica vitrina,Parantica vitrina oenone,Parantica vitrina oenone female,Lepidoptera Butterfly Nymphalidae Parantica vitrina oenone female
4456,Lepidoptera,Butterfly,Nymphalidae,Tirumala,Tirumala hamata,Tirumala hamata orientalis,Tirumala hamata orientalis male,Lepidoptera Butterfly Nymphalidae Tirumala hamata orientalis male
4457,Lepidoptera,Butterfly,Nymphalidae,Tirumala,Tirumala choaspes,Tirumala choaspes,,Lepidoptera Butterfly Nymphalidae Tirumala choaspes nan nan
4459,Lepidoptera,Butterfly,Nymphalidae,Parantica,Parantica aspasia,Parantica aspasia,,Lepidoptera Butterfly Nymphalidae Parantica aspasia nan nan
4463,Lepidoptera,Butterfly,Nymphalidae,Euploea,Euploea tulliolus,Euploea tulliolus,,Lepidoptera Butterfly Nymphalidae Euploea tulliolus nan nan
4466,Lepidoptera,Butterfly,Nymphalidae,Euploea,Euploea tulliolus,Euploea tulliolus doryca,,Lepidoptera Butterfly Nymphalidae Euploea tulliolus doryca nan
4471,Lepidoptera,Butterfly,Nymphalidae,Euploea,Euploea tulliolus,Euploea tulliolus doryca,Euploea tulliolus doryca male,Lepidoptera Butterfly Nymphalidae Euploea tulliolus doryca male
4472,Lepidoptera,Butterfly,Nymphalidae,Euploea,Euploea phaenareta,Euploea phaenareta locupletior,,Lepidoptera Butterfly Nymphalidae Euploea phaenareta locupletior nan
4478,Lepidoptera,Butterfly,Nymphalidae,Euploea,Euploea sylvester,Euploea sylvester doleschalii,Euploea sylvester doleschalii female,Lepidoptera Butterfly Nymphalidae Euploea sylvester doleschalii female
4479,Lepidoptera,Butterfly,Nymphalidae,Euploea,Euploea sylvester,Euploea sylvester doleschalii,,Lepidoptera Butterfly Nymphalidae Euploea sylvester doleschalii nan
4485,Lepidoptera,Butterfly,Nymphalidae,Euploea,Euploea leucostictos,Euploea leucostictos nemertes,Euploea leucostictos nemertes male,Lepidoptera Butterfly Nymphalidae Euploea leucostictos nemertes male
4487,Lepidoptera,Butterfly,Nymphalidae,Euploea,Euploea westwoodii,Euploea westwoodii labreyi,Euploea westwoodii labreyi male,Lepidoptera Butterfly Nymphalidae Euploea westwoodii labreyi male
4488,Lepidoptera,Butterfly,Nymphalidae,Euploea,Euploea leucostictos,Euploea leucostictos lykeia,Euploea leucostictos lykeia male,Lepidoptera Butterfly Nymphalidae Euploea leucostictos lykeia male
4489,Lepidoptera,Butterfly,Nymphalidae,Euploea,Euploea leucostictos,Euploea leucostictos lykeia,Euploea leucostictos lykeia female,Lepidoptera Butterfly Nymphalidae Euploea leucostictos lykeia female
4490,Lepidoptera,Butterfly,Nymphalidae,Euploea,Euploea leucostictos,Euploea leucostictos depuiseti,Euploea leucostictos depuiseti male,Lepidoptera Butterfly Nymphalidae Euploea leucostictos depuiseti male
4492,Lepidoptera,Butterfly,Nymphalidae,Euploea,Euploea leucostictos,Euploea leucostictos depuiseti,,Lepidoptera Butterfly Nymphalidae Euploea leucostictos depuiseti nan
4493,Lepidoptera,Butterfly,Nymphalidae,Euploea,Euploea leucostictos,Euploea leucostictos depuiseti,Euploea leucostictos depuiseti female,Lepidoptera Butterfly Nymphalidae Euploea leucostictos depuiseti female
4496,Lepidoptera,Butterfly,Nymphalidae,Euploea,Euploea tulliolus,Euploea tulliolus sumbana,Euploea tulliolus sumbana male,Lepidoptera Butterfly Nymphalidae Euploea tulliolus sumbana male
4497,Lepidoptera,Butterfly,Nymphalidae,Euploea,Euploea tulliolus,Euploea tulliolus sumbana,Euploea tulliolus sumbana female,Lepidoptera Butterfly Nymphalidae Euploea tulliolus sumbana female
4498,Lepidoptera,Butterfly,Nymphalidae,Euploea,Euploea crameri,Euploea crameri singaradha,,Lepidoptera Butterfly Nymphalidae Euploea crameri singaradha nan
4500,Lepidoptera,Butterfly,Nymphalidae,Euploea,Euploea leucostictos,Euploea leucostictos leucostictos,Euploea leucostictos leucostictos female,Lepidoptera Butterfly Nymphalidae Euploea leucostictos leucostictos female
4501,Lepidoptera,Butterfly,Nymphalidae,Euploea,Euploea leucostictos,Euploea leucostictos leucostictos,Euploea leucostictos leucostictos male,Lepidoptera Butterfly Nymphalidae Euploea leucostictos leucostictos male
4502,Lepidoptera,Butterfly,Nymphalidae,Euploea,Euploea climena,Euploea climena neptis,Euploea climena neptis male,Lepidoptera Butterfly Nymphalidae Euploea climena neptis male
4506,Lepidoptera,Butterfly,Nymphalidae,Euploea,Euploea usipetes,Euploea usipetes,Euploea usipetes male,Lepidoptera Butterfly Nymphalidae Euploea usipetes nan male
4508,Lepidoptera,Butterfly,Nymphalidae,Euploea,Euploea swainson,Euploea swainson lucasi,Euploea swainson lucasi female,Lepidoptera Butterfly Nymphalidae Euploea swainson lucasi female
4516,Lepidoptera,Butterfly,Nymphalidae,Tirumala,Tirumala hamata,Tirumala hamata,Tirumala hamata female,Lepidoptera Butterfly Nymphalidae Tirumala hamata nan female
4524,Lepidoptera,Butterfly,Nymphalidae,Parantica,Parantica luzonensis,Parantica luzonensis luzonensis,,Lepidoptera Butterfly Nymphalidae Parantica luzonensis luzonensis nan
4541,Lepidoptera,Butterfly,Nymphalidae,Euploea,Euploea eurianassa,Euploea eurianassa,Euploea eurianassa female,Lepidoptera Butterfly Nymphalidae Euploea eurianassa nan female
4543,Lepidoptera,Butterfly,Nymphalidae,Euploea,Euploea stephensii,Euploea stephensii salpinxoides,Euploea stephensii salpinxoides male,Lepidoptera Butterfly Nymphalidae Euploea stephensii salpinxoides male
4544,Lepidoptera,Butterfly,Nymphalidae,Euploea,Euploea usipetes,Euploea usipetes,Euploea usipetes female,Lepidoptera Butterfly Nymphalidae Euploea usipetes nan female
4546,Lepidoptera,Butterfly,Papilionidae,Graphium,Graphium doson,Graphium doson evemonides,,Lepidoptera Butterfly Papilionidae Graphium doson evemonides nan
4595,Lepidoptera,Butterfly,Nymphalidae,Euploea,Euploea eyndhovii,Euploea eyndhovii pahakela,Euploea eyndhovii pahakela male,Lepidoptera Butterfly Nymphalidae Euploea eyndhovii pahakela male
4605,Lepidoptera,Butterfly,Nymphalidae,Euploea,Euploea algea,Euploea algea horsfieldi,,Lepidoptera Butterfly Nymphalidae Euploea algea horsfieldi nan
4607,Lepidoptera,Butterfly,Nymphalidae,Euploea,Euploea algea,Euploea algea horsfieldi,Euploea algea horsfieldi male,Lepidoptera Butterfly Nymphalidae Euploea algea horsfieldi male
4609,Lepidoptera,Butterfly,Nymphalidae,Euploea,Euploea algea,Euploea algea tombugensis,,Lepidoptera Butterfly Nymphalidae Euploea algea tombugensis nan
4615,Lepidoptera,Butterfly,Nymphalidae,Euploea,Euploea algea,Euploea algea tombugensis,Euploea algea tombugensis female,Lepidoptera Butterfly Nymphalidae Euploea algea tombugensis female
4618,Lepidoptera,Butterfly,Nymphalidae,Euploea,Euploea climena,Euploea climena neptis,,Lepidoptera Butterfly Nymphalidae Euploea climena neptis nan
4622,Lepidoptera,Butterfly,Nymphalidae,Euploea,Euploea redtenbacheri,Euploea redtenbacheri spiculifera,Euploea redtenbacheri spiculifera male,Lepidoptera Butterfly Nymphalidae Euploea redtenbacheri spiculifera male
4623,Lepidoptera,Butterfly,Nymphalidae,Euploea,Euploea redtenbacheri,Euploea redtenbacheri spiculifera,Euploea redtenbacheri spiculifera female,Lepidoptera Butterfly Nymphalidae Euploea redtenbacheri spiculifera female
4625,Lepidoptera,Butterfly,Nymphalidae,Euploea,Euploea climena,Euploea climena,Euploea climena male,Lepidoptera Butterfly Nymphalidae Euploea climena nan male
4626,Lepidoptera,Butterfly,Nymphalidae,Euploea,Euploea redtenbacheri,Euploea redtenbacheri spiculifera,,Lepidoptera Butterfly Nymphalidae Euploea redtenbacheri spiculifera nan
4633,Lepidoptera,Butterfly,Nymphalidae,Euploea,Euploea modesta,Euploea modesta deheerii,Euploea modesta deheerii female,Lepidoptera Butterfly Nymphalidae Euploea modesta deheerii female
4635,Lepidoptera,Butterfly,Nymphalidae,Euploea,Euploea modesta,Euploea modesta deheerii,Euploea modesta deheerii male,Lepidoptera Butterfly Nymphalidae Euploea modesta deheerii male
4637,Lepidoptera,Butterfly,Nymphalidae,Euploea,Euploea modesta,Euploea modesta deheerii,,Lepidoptera Butterfly Nymphalidae Euploea modesta deheerii nan
4639,Lepidoptera,Butterfly,Hesperiidae,Hasora,Hasora vitta,Hasora vitta vitta,,Lepidoptera Butterfly Hesperiidae Hasora vitta vitta nan
4641,Lepidoptera,Butterfly,Papilionidae,Papilio,Papilio ascalaphus,Papilio ascalaphus,,Lepidoptera Butterfly Papilionidae Papilio ascalaphus nan nan
4646,Lepidoptera,Butterfly,Papilionidae,Papilio,Papilio ascalaphus,Papilio ascalaphus,Papilio ascalaphus male,Lepidoptera Butterfly Papilionidae Papilio ascalaphus nan male
4647,Lepidoptera,Butterfly,Papilionidae,Lamproptera,Lamproptera meges,Lamproptera meges virescens,,Lepidoptera Butterfly Papilionidae Lamproptera meges virescens nan
4650,Lepidoptera,Butterfly,Papilionidae,Lamproptera,Lamproptera meges,Lamproptera meges pessimus,,Lepidoptera Butterfly Papilionidae Lamproptera meges pessimus nan
4662,Lepidoptera,Butterfly,Papilionidae,Troides,Troides amphrysus,Troides amphrysus amphrysus,,Lepidoptera Butterfly Papilionidae Troides amphrysus amphrysus nan
4665,Lepidoptera,Butterfly,Papilionidae,Graphium,Graphium weiskei,Graphium weiskei,,Lepidoptera Butterfly Papilionidae Graphium weiskei nan nan
4691,Lepidoptera,Butterfly,Papilionidae,Graphium,Graphium weiskei,Graphium weiskei,Graphium weiskei male,Lepidoptera Butterfly Papilionidae Graphium weiskei nan male
4717,Lepidoptera,Butterfly,Papilionidae,Graphium,Graphium monticolus,Graphium monticolus textrix,Graphium monticolus textrix female,Lepidoptera Butterfly Papilionidae Graphium monticolus textrix female
4718,Lepidoptera,Butterfly,Papilionidae,Graphium,Graphium monticolus,Graphium monticolus textrix,,Lepidoptera Butterfly Papilionidae Graphium monticolus textrix nan
4721,Lepidoptera,Butterfly,Papilionidae,Graphium,Graphium monticolus,Graphium monticolus textrix,Graphium monticolus textrix male,Lepidoptera Butterfly Papilionidae Graphium monticolus textrix male
4726,Lepidoptera,Butterfly,Papilionidae,Graphium,Graphium sarpedon,Graphium sarpedon luctatius,,Lepidoptera Butterfly Papilionidae Graphium sarpedon luctatius nan
4771,Lepidoptera,Butterfly,Papilionidae,Graphium,Graphium eurypylus,Graphium eurypylus pamphylus,,Lepidoptera Butterfly Papilionidae Graphium eurypylus pamphylus nan
4775,Lepidoptera,Butterfly,Papilionidae,Graphium,Graphium eurypylus,Graphium eurypylus pamphylus,Graphium eurypylus pamphylus female,Lepidoptera Butterfly Papilionidae Graphium eurypylus pamphylus female
4778,Lepidoptera,Butterfly,Papilionidae,Graphium,Graphium eurypylus,Graphium eurypylus pamphylus,Graphium eurypylus pamphylus male,Lepidoptera Butterfly Papilionidae Graphium eurypylus pamphylus male
4781,Lepidoptera,Butterfly,Papilionidae,Graphium,Graphium eurypylus,Graphium eurypylus arctofasciatus,,Lepidoptera Butterfly Papilionidae Graphium eurypylus arctofasciatus nan
4784,Lepidoptera,Butterfly,Papilionidae,Troides,Troides haliphron,Troides haliphron iris,,Lepidoptera Butterfly Papilionidae Troides haliphron iris nan
4785,Lepidoptera,Butterfly,Papilionidae,Troides,Troides helena,Troides helena helena,,Lepidoptera Butterfly Papilionidae Troides helena helena nan
4796,Lepidoptera,Butterfly,Papilionidae,Graphium,Graphium evemon,Graphium evemon,,Lepidoptera Butterfly Papilionidae Graphium evemon nan nan
4797,Lepidoptera,Butterfly,Papilionidae,Graphium,Graphium doson,Graphium doson evemonides,Graphium doson evemonides male,Lepidoptera Butterfly Papilionidae Graphium doson evemonides male
4801,Lepidoptera,Butterfly,Papilionidae,Graphium,Graphium doson,Graphium doson gyndes,,Lepidoptera Butterfly Papilionidae Graphium doson gyndes nan
4806,Lepidoptera,Butterfly,Papilionidae,Graphium,Graphium doson,Graphium doson gyndes,Graphium doson gyndes male,Lepidoptera Butterfly Papilionidae Graphium doson gyndes male
4810,Lepidoptera,Butterfly,Papilionidae,Graphium,Graphium doson,Graphium doson gyndes,Graphium doson gyndes female,Lepidoptera Butterfly Papilionidae Graphium doson gyndes female
4812,Lepidoptera,Butterfly,Papilionidae,Graphium,Graphium doson,Graphium doson,,Lepidoptera Butterfly Papilionidae Graphium doson nan nan
4849,Lepidoptera,Butterfly,Papilionidae,Graphium,Graphium androcles,Graphium androcles,,Lepidoptera Butterfly Papilionidae Graphium androcles nan nan
4853,Lepidoptera,Butterfly,Papilionidae,Graphium,Graphium androcles,Graphium androcles,Graphium androcles male,Lepidoptera Butterfly Papilionidae Graphium androcles nan male
4857,Lepidoptera,Butterfly,Papilionidae,Graphium,Graphium androcles,Graphium androcles,Graphium androcles female,Lepidoptera Butterfly Papilionidae Graphium androcles nan female
4888,Lepidoptera,Butterfly,Papilionidae,Troides,Troides helena,Troides helena hephaestus,Troides helena hephaestus male,Lepidoptera Butterfly Papilionidae Troides helena hephaestus male
4889,Lepidoptera,Butterfly,Papilionidae,Troides,Troides plato,Troides plato plato,,Lepidoptera Butterfly Papilionidae Troides plato plato nan
4890,Lepidoptera,Butterfly,Papilionidae,Graphium,Graphium eurypylus,Graphium eurypylus acheron,,Lepidoptera Butterfly Papilionidae Graphium eurypylus acheron nan
4903,Lepidoptera,Butterfly,Papilionidae,Graphium,Graphium agamemnon,Graphium agamemnon argynnus,Graphium agamemnon argynnus female,Lepidoptera Butterfly Papilionidae Graphium agamemnon argynnus female
4905,Lepidoptera,Butterfly,Papilionidae,Graphium,Graphium agamemnon,Graphium agamemnon argynnus,,Lepidoptera Butterfly Papilionidae Graphium agamemnon argynnus nan
4908,Lepidoptera,Butterfly,Papilionidae,Graphium,Graphium agamemnon,Graphium agamemnon argynnus,Graphium agamemnon argynnus male,Lepidoptera Butterfly Papilionidae Graphium agamemnon argynnus male
4916,Lepidoptera,Butterfly,Papilionidae,Graphium,Graphium agamemnon,Graphium agamemnon salomonis,Graphium agamemnon salomonis male,Lepidoptera Butterfly Papilionidae Graphium agamemnon salomonis male
4917,Lepidoptera,Butterfly,Papilionidae,Graphium,Graphium macfarlanei,Graphium macfarlanei macfarlanei,Graphium macfarlanei macfarlanei male,Lepidoptera Butterfly Papilionidae Graphium macfarlanei macfarlanei male
4918,Lepidoptera,Butterfly,Papilionidae,Graphium,Graphium macfarlanei,Graphium macfarlanei macfarlanei,Graphium macfarlanei macfarlanei female,Lepidoptera Butterfly Papilionidae Graphium macfarlanei macfarlanei female
4919,Lepidoptera,Butterfly,Papilionidae,Graphium,Graphium macfarlanei,Graphium macfarlanei macfarlanei,,Lepidoptera Butterfly Papilionidae Graphium macfarlanei macfarlanei nan
4945,Lepidoptera,Butterfly,Papilionidae,Graphium,Graphium macfarlanei,Graphium macfarlanei macfarlanei,Graphium macfarlanei macfarlanei not applicable,Lepidoptera Butterfly Papilionidae Graphium macfarlanei macfarlanei not applicable
4981,Lepidoptera,Butterfly,Papilionidae,Atrophaneura,Atrophaneura nox,Atrophaneura nox nyx,,Lepidoptera Butterfly Papilionidae Atrophaneura nox nyx nan
4994,Lepidoptera,Butterfly,Papilionidae,Atrophaneura,Atrophaneura nox,Atrophaneura nox nyx,Atrophaneura nox nyx female,Lepidoptera Butterfly Papilionidae Atrophaneura nox nyx female
4996,Lepidoptera,Butterfly,Papilionidae,Atrophaneura,Atrophaneura kuehni,Atrophaneura kuehni,,Lepidoptera Butterfly Papilionidae Atrophaneura kuehni nan nan
5003,Lepidoptera,Butterfly,Papilionidae,Graphium,Graphium antiphates,Graphium antiphates,,Lepidoptera Butterfly Papilionidae Graphium antiphates nan nan
5075,Lepidoptera,Butterfly,Papilionidae,Graphium,Graphium sarpedon,Graphium sarpedon jugans,,Lepidoptera Butterfly Papilionidae Graphium sarpedon jugans nan
5076,Lepidoptera,Butterfly,Papilionidae,Graphium,Graphium monticolus,Graphium monticolus monticolus,Graphium monticolus monticolus male,Lepidoptera Butterfly Papilionidae Graphium monticolus monticolus male
5079,Lepidoptera,Butterfly,Papilionidae,Graphium,Graphium sarpedon,Graphium sarpedon jugans,Graphium sarpedon jugans female,Lepidoptera Butterfly Papilionidae Graphium sarpedon jugans female
5080,Lepidoptera,Butterfly,Papilionidae,Graphium,Graphium macareus,Graphium macareus albinovanus,,Lepidoptera Butterfly Papilionidae Graphium macareus albinovanus nan
5081,Lepidoptera,Butterfly,Papilionidae,Graphium,Graphium macareus,Graphium macareus albinovanus,Graphium macareus albinovanus male,Lepidoptera Butterfly Papilionidae Graphium macareus albinovanus male
5082,Lepidoptera,Butterfly,Papilionidae,Graphium,Graphium deucalion,Graphium deucalion leucadion,Graphium deucalion leucadion female,Lepidoptera Butterfly Papilionidae Graphium deucalion leucadion female
5086,Lepidoptera,Butterfly,Papilionidae,Graphium,Graphium megarus,Graphium megarus megapenthes,Graphium megarus megapenthes male,Lepidoptera Butterfly Papilionidae Graphium megarus megapenthes male
5089,Lepidoptera,Butterfly,Papilionidae,Graphium,Graphium megarus,Graphium megarus megapenthes,,Lepidoptera Butterfly Papilionidae Graphium megarus megapenthes nan
5097,Lepidoptera,Butterfly,Papilionidae,Graphium,Graphium delessertii,Graphium delessertii,Graphium delessertii male,Lepidoptera Butterfly Papilionidae Graphium delessertii nan male
5100,Lepidoptera,Butterfly,Papilionidae,Graphium,Graphium delessertii,Graphium delessertii,,Lepidoptera Butterfly Papilionidae Graphium delessertii nan nan
5111,Lepidoptera,Butterfly,Papilionidae,Graphium,Graphium delessertii,Graphium delessertii,Graphium delessertii female,Lepidoptera Butterfly Papilionidae Graphium delessertii nan female
5116,Lepidoptera,Butterfly,Papilionidae,Graphium,Graphium agamemnon,Graphium agamemnon agamemnon,Graphium agamemnon agamemnon female,Lepidoptera Butterfly Papilionidae Graphium agamemnon agamemnon female
5122,Lepidoptera,Butterfly,Papilionidae,Graphium,Graphium eurypylus,Graphium eurypylus,,Lepidoptera Butterfly Papilionidae Graphium eurypylus nan nan
5131,Lepidoptera,Butterfly,Papilionidae,Graphium,Graphium evemon,Graphium evemon eventus,,Lepidoptera Butterfly Papilionidae Graphium evemon eventus nan
5146,Lepidoptera,Butterfly,Papilionidae,Graphium,Graphium eurypylus,Graphium eurypylus,Graphium eurypylus male,Lepidoptera Butterfly Papilionidae Graphium eurypylus nan male
5147,Lepidoptera,Butterfly,Papilionidae,Graphium,Graphium eurypylus,Graphium eurypylus fumikoe,Graphium eurypylus fumikoe male,Lepidoptera Butterfly Papilionidae Graphium eurypylus fumikoe male
5148,Lepidoptera,Butterfly,Papilionidae,Graphium,Graphium doson,Graphium doson eurypylides,Graphium doson eurypylides male,Lepidoptera Butterfly Papilionidae Graphium doson eurypylides male
5150,Lepidoptera,Butterfly,Papilionidae,Graphium,Graphium doson,Graphium doson eurypylides,,Lepidoptera Butterfly Papilionidae Graphium doson eurypylides nan
5163,Lepidoptera,Butterfly,Papilionidae,Graphium,Graphium anthedon,Graphium anthedon milon,Graphium anthedon milon male,Lepidoptera Butterfly Papilionidae Graphium anthedon milon male
5164,Lepidoptera,Butterfly,Papilionidae,Graphium,Graphium anthedon,Graphium anthedon sulaensis,,Lepidoptera Butterfly Papilionidae Graphium anthedon sulaensis nan
5166,Lepidoptera,Butterfly,Papilionidae,Graphium,Graphium anthedon,Graphium anthedon halesus,Graphium anthedon halesus male,Lepidoptera Butterfly Papilionidae Graphium anthedon halesus male
5168,Lepidoptera,Butterfly,Papilionidae,Graphium,Graphium agetes,Graphium agetes insularis,,Lepidoptera Butterfly Papilionidae Graphium agetes insularis nan
5196,Lepidoptera,Butterfly,Papilionidae,Graphium,Graphium antiphates,Graphium antiphates alcibiades,,Lepidoptera Butterfly Papilionidae Graphium antiphates alcibiades nan
5197,Lepidoptera,Butterfly,Papilionidae,Graphium,Graphium encelades,Graphium encelades,,Lepidoptera Butterfly Papilionidae Graphium encelades nan nan
5198,Lepidoptera,Butterfly,Papilionidae,Graphium,Graphium encelades,Graphium encelades,Graphium encelades male,Lepidoptera Butterfly Papilionidae Graphium encelades nan male
5203,Lepidoptera,Butterfly,Papilionidae,Graphium,Graphium encelades,Graphium encelades,Graphium encelades female,Lepidoptera Butterfly Papilionidae Graphium encelades nan female
5245,Lepidoptera,Butterfly,Papilionidae,Graphium,Graphium agamemnon,Graphium agamemnon agamemnon,,Lepidoptera Butterfly Papilionidae Graphium agamemnon agamemnon nan
5252,Lepidoptera,Butterfly,Papilionidae,Graphium,Graphium agamemnon,Graphium agamemnon plisthenes,Graphium agamemnon plisthenes female,Lepidoptera Butterfly Papilionidae Graphium agamemnon plisthenes female
5254,Lepidoptera,Butterfly,Papilionidae,Graphium,Graphium agamemnon,Graphium agamemnon plisthenes,,Lepidoptera Butterfly Papilionidae Graphium agamemnon plisthenes nan
5261,Lepidoptera,Butterfly,Papilionidae,Graphium,Graphium agamemnon,Graphium agamemnon plisthenes,Graphium agamemnon plisthenes male,Lepidoptera Butterfly Papilionidae Graphium agamemnon plisthenes male
5267,Lepidoptera,Butterfly,Papilionidae,Graphium,Graphium agamemnon,Graphium agamemnon salomonis,,Lepidoptera Butterfly Papilionidae Graphium agamemnon salomonis nan
5268,Lepidoptera,Butterfly,Papilionidae,Graphium,Graphium macfarlanei,Graphium macfarlanei admiralia,,Lepidoptera Butterfly Papilionidae Graphium macfarlanei admiralia nan
5271,Lepidoptera,Butterfly,Papilionidae,Graphium,Graphium macfarlanei,Graphium macfarlanei admiralia,Graphium macfarlanei admiralia female,Lepidoptera Butterfly Papilionidae Graphium macfarlanei admiralia female
5301,Lepidoptera,Butterfly,Papilionidae,Graphium,Graphium anthedon,Graphium anthedon milon,Graphium anthedon milon female,Lepidoptera Butterfly Papilionidae Graphium anthedon milon female
5302,Lepidoptera,Butterfly,Papilionidae,Graphium,Graphium agetes,Graphium agetes insularis,Graphium agetes insularis male,Lepidoptera Butterfly Papilionidae Graphium agetes insularis male
5316,Lepidoptera,Butterfly,Papilionidae,Graphium,Graphium anthedon,Graphium anthedon milon,,Lepidoptera Butterfly Papilionidae Graphium anthedon milon nan
5324,Lepidoptera,Butterfly,Papilionidae,Graphium,Graphium sarpedon,Graphium sarpedon colus,,Lepidoptera Butterfly Papilionidae Graphium sarpedon colus nan
5329,Lepidoptera,Butterfly,Papilionidae,Pachliopta,Pachliopta liris,Pachliopta liris aberrans,Pachliopta liris aberrans female,Lepidoptera Butterfly Papilionidae Pachliopta liris aberrans female
5332,Lepidoptera,Butterfly,Papilionidae,Graphium,Graphium eurypylus,Graphium eurypylus crispus,Graphium eurypylus crispus male,Lepidoptera Butterfly Papilionidae Graphium eurypylus crispus male
5334,Lepidoptera,Butterfly,Papilionidae,Graphium,Graphium eurypylus,Graphium eurypylus isaribi,,Lepidoptera Butterfly Papilionidae Graphium eurypylus isaribi nan
5335,Lepidoptera,Butterfly,Papilionidae,Graphium,Graphium eurypylus,Graphium eurypylus isaribi,Graphium eurypylus isaribi male,Lepidoptera Butterfly Papilionidae Graphium eurypylus isaribi male
5337,Lepidoptera,Butterfly,Papilionidae,Graphium,Graphium eurypylus,Graphium eurypylus,Graphium eurypylus female,Lepidoptera Butterfly Papilionidae Graphium eurypylus nan female
5354,Lepidoptera,Butterfly,Papilionidae,Graphium,Graphium meyeri,Graphium meyeri,Graphium meyeri male,Lepidoptera Butterfly Papilionidae Graphium meyeri nan male
5355,Lepidoptera,Butterfly,Papilionidae,Graphium,Graphium meyeri,Graphium meyeri,,Lepidoptera Butterfly Papilionidae Graphium meyeri nan nan
5356,Lepidoptera,Butterfly,Papilionidae,Graphium,Graphium meyeri,Graphium meyeri,Graphium meyeri female,Lepidoptera Butterfly Papilionidae Graphium meyeri nan female
5393,Lepidoptera,Butterfly,Papilionidae,Graphium,Graphium eurypylus,Graphium eurypylus insularius,,Lepidoptera Butterfly Papilionidae Graphium eurypylus insularius nan
5397,Lepidoptera,Butterfly,Papilionidae,Atrophaneura,Atrophaneura semperi,Atrophaneura semperi melanotus,Atrophaneura semperi melanotus male,Lepidoptera Butterfly Papilionidae Atrophaneura semperi melanotus male
5398,Lepidoptera,Butterfly,Papilionidae,Atrophaneura,Atrophaneura semperi,Atrophaneura semperi melanotus,Atrophaneura semperi melanotus female,Lepidoptera Butterfly Papilionidae Atrophaneura semperi melanotus female
5399,Lepidoptera,Butterfly,Papilionidae,Cressida,Cressida cressida,Cressida cressida cassandra,Cressida cressida cassandra female,Lepidoptera Butterfly Papilionidae Cressida cressida cassandra female
5400,Lepidoptera,Butterfly,Papilionidae,Graphium,Graphium felixi,Graphium felixi,Graphium felixi female,Lepidoptera Butterfly Papilionidae Graphium felixi nan female
5402,Lepidoptera,Butterfly,Papilionidae,Graphium,Graphium felixi,Graphium felixi,Graphium felixi male,Lepidoptera Butterfly Papilionidae Graphium felixi nan male
5405,Lepidoptera,Butterfly,Papilionidae,Pachliopta,Pachliopta liris,Pachliopta liris aberrans,,Lepidoptera Butterfly Papilionidae Pachliopta liris aberrans nan
5416,Lepidoptera,Butterfly,Papilionidae,Atrophaneura,Atrophaneura sycorax,Atrophaneura sycorax,Atrophaneura sycorax female,Lepidoptera Butterfly Papilionidae Atrophaneura sycorax nan female
5438,Lepidoptera,Butterfly,Papilionidae,Graphium,Graphium bathycles,Graphium bathycles bathycloides,Graphium bathycles bathycloides male,Lepidoptera Butterfly Papilionidae Graphium bathycles bathycloides male
5439,Lepidoptera,Butterfly,Papilionidae,Graphium,Graphium bathycles,Graphium bathycles bathycloides,,Lepidoptera Butterfly Papilionidae Graphium bathycles bathycloides nan
5474,Lepidoptera,Butterfly,Papilionidae,Graphium,Graphium procles,Graphium procles,,Lepidoptera Butterfly Papilionidae Graphium procles nan nan
5494,Lepidoptera,Butterfly,Nymphalidae,Tellervo,Tellervo zoilus,Tellervo zoilus hiempsal,Tellervo zoilus hiempsal female,Lepidoptera Butterfly Nymphalidae Tellervo zoilus hiempsal female
5507,Lepidoptera,Butterfly,Nymphalidae,Tellervo,Tellervo fallax,Tellervo fallax coalescens,Tellervo fallax coalescens female,Lepidoptera Butterfly Nymphalidae Tellervo fallax coalescens female
5510,Lepidoptera,Butterfly,Nymphalidae,Euploea,Euploea eyndhovii,Euploea eyndhovii gardineri,Euploea eyndhovii gardineri female,Lepidoptera Butterfly Nymphalidae Euploea eyndhovii gardineri female
5512,Lepidoptera,Butterfly,Nymphalidae,Euploea,Euploea algea,Euploea algea zonata,Euploea algea zonata female,Lepidoptera Butterfly Nymphalidae Euploea algea zonata female
5515,Lepidoptera,Butterfly,Nymphalidae,Euploea,Euploea alcathoe,Euploea alcathoe pierretii,,Lepidoptera Butterfly Nymphalidae Euploea alcathoe pierretii nan
5518,Lepidoptera,Butterfly,Nymphalidae,Euploea,Euploea alcathoe,Euploea alcathoe pierretii,Euploea alcathoe pierretii female,Lepidoptera Butterfly Nymphalidae Euploea alcathoe pierretii female
5523,Lepidoptera,Butterfly,Nymphalidae,Euploea,Euploea wallacei,Euploea wallacei gilda,Euploea wallacei gilda female,Lepidoptera Butterfly Nymphalidae Euploea wallacei gilda female
5524,Lepidoptera,Butterfly,Nymphalidae,Euploea,Euploea wallacei,Euploea wallacei gilda,,Lepidoptera Butterfly Nymphalidae Euploea wallacei gilda nan
5527,Lepidoptera,Butterfly,Hesperiidae,Hasora,Hasora celaenus,Hasora celaenus,,Lepidoptera Butterfly Hesperiidae Hasora celaenus nan nan
5544,Lepidoptera,Butterfly,Nymphalidae,Cyrestis,Cyrestis heracles,Cyrestis heracles,Cyrestis heracles male,Lepidoptera Butterfly Nymphalidae Cyrestis heracles nan male
5548,Lepidoptera,Butterfly,Nymphalidae,Cyrestis,Cyrestis andamanica,Cyrestis andamanica,,Lepidoptera Butterfly Nymphalidae Cyrestis andamanica nan nan
5551,Lepidoptera,Butterfly,Nymphalidae,Euploea,Euploea mulciber,Euploea mulciber basilissa,Euploea mulciber basilissa male,Lepidoptera Butterfly Nymphalidae Euploea mulciber basilissa male
5560,Lepidoptera,Butterfly,Nymphalidae,Euploea,Euploea mulciber,Euploea mulciber gelderi,,Lepidoptera Butterfly Nymphalidae Euploea mulciber gelderi nan
5561,Lepidoptera,Butterfly,Nymphalidae,Euploea,Euploea mulciber,Euploea mulciber gelderi,Euploea mulciber gelderi male,Lepidoptera Butterfly Nymphalidae Euploea mulciber gelderi male
5568,Lepidoptera,Butterfly,Nymphalidae,Euploea,Euploea mulciber,Euploea mulciber gelderi,Euploea mulciber gelderi female,Lepidoptera Butterfly Nymphalidae Euploea mulciber gelderi female
5569,Lepidoptera,Butterfly,Nymphalidae,Euploea,Euploea tulliolus,Euploea tulliolus ledereri,,Lepidoptera Butterfly Nymphalidae Euploea tulliolus ledereri nan
5575,Lepidoptera,Butterfly,Nymphalidae,Euploea,Euploea algea,Euploea algea epiphaneia,Euploea algea epiphaneia male,Lepidoptera Butterfly Nymphalidae Euploea algea epiphaneia male
5584,Lepidoptera,Butterfly,Nymphalidae,Euploea,Euploea eleusina,Euploea eleusina mniszechii,Euploea eleusina mniszechii male,Lepidoptera Butterfly Nymphalidae Euploea eleusina mniszechii male
5585,Lepidoptera,Butterfly,Nymphalidae,Euploea,Euploea eleusina,Euploea eleusina mniszechii,Euploea eleusina mniszechii female,Lepidoptera Butterfly Nymphalidae Euploea eleusina mniszechii female
5589,Lepidoptera,Butterfly,Nymphalidae,Euploea,Euploea midamus,Euploea midamus,Euploea midamus female,Lepidoptera Butterfly Nymphalidae Euploea midamus nan female
5590,Lepidoptera,Butterfly,Nymphalidae,Euploea,Euploea klugii,Euploea klugii kollari,Euploea klugii kollari female,Lepidoptera Butterfly Nymphalidae Euploea klugii kollari female
5592,Lepidoptera,Butterfly,Nymphalidae,Euploea,Euploea klugii,Euploea klugii kollari,Euploea klugii kollari male,Lepidoptera Butterfly Nymphalidae Euploea klugii kollari male
5595,Lepidoptera,Butterfly,Nymphalidae,Euploea,Euploea mulciber,Euploea mulciber dufresne,Euploea mulciber dufresne male,Lepidoptera Butterfly Nymphalidae Euploea mulciber dufresne male
5598,Lepidoptera,Butterfly,Nymphalidae,Euploea,Euploea batesii,Euploea batesii resarta,Euploea batesii resarta female,Lepidoptera Butterfly Nymphalidae Euploea batesii resarta female
5603,Lepidoptera,Butterfly,Nymphalidae,Ideopsis,Ideopsis vitrea,Ideopsis vitrea,,Lepidoptera Butterfly Nymphalidae Ideopsis vitrea nan nan
5604,Lepidoptera,Butterfly,Nymphalidae,Euploea,Euploea euphon,Euploea euphon,,Lepidoptera Butterfly Nymphalidae Euploea euphon nan nan
5605,Lepidoptera,Butterfly,Nymphalidae,Euploea,Euploea modesta,Euploea modesta lorzae,,Lepidoptera Butterfly Nymphalidae Euploea modesta lorzae nan
5606,Lepidoptera,Butterfly,Nymphalidae,Euploea,Euploea batesii,Euploea batesii,Euploea batesii male,Lepidoptera Butterfly Nymphalidae Euploea batesii nan male
5608,Lepidoptera,Butterfly,Nymphalidae,Euploea,Euploea alcathoe,Euploea alcathoe nox,,Lepidoptera Butterfly Nymphalidae Euploea alcathoe nox nan
5610,Lepidoptera,Butterfly,Nymphalidae,Euploea,Euploea crameri,Euploea crameri niasica,Euploea crameri niasica male,Lepidoptera Butterfly Nymphalidae Euploea crameri niasica male
5613,Lepidoptera,Butterfly,Nymphalidae,Euploea,Euploea crameri,Euploea crameri heylaertsii,,Lepidoptera Butterfly Nymphalidae Euploea crameri heylaertsii nan
5616,Lepidoptera,Butterfly,Nymphalidae,Euploea,Euploea alcathoe,Euploea alcathoe diadema,,Lepidoptera Butterfly Nymphalidae Euploea alcathoe diadema nan
5617,Lepidoptera,Butterfly,Nymphalidae,Euploea,Euploea eyndhovii,Euploea eyndhovii martina,Euploea eyndhovii martina male,Lepidoptera Butterfly Nymphalidae Euploea eyndhovii martina male
5619,Lepidoptera,Butterfly,Nymphalidae,Euploea,Euploea tulliolus,Euploea tulliolus mardonia,Euploea tulliolus mardonia male,Lepidoptera Butterfly Nymphalidae Euploea tulliolus mardonia male
5643,Lepidoptera,Butterfly,Papilionidae,Graphium,Graphium deucalion,Graphium deucalion deucalion,Graphium deucalion deucalion male,Lepidoptera Butterfly Papilionidae Graphium deucalion deucalion male
5684,Lepidoptera,Butterfly,Papilionidae,Graphium,Graphium euphrates,Graphium euphrates ornatus,Graphium euphrates ornatus male,Lepidoptera Butterfly Papilionidae Graphium euphrates ornatus male
5686,Lepidoptera,Butterfly,Papilionidae,Graphium,Graphium euphrates,Graphium euphrates domaranus,,Lepidoptera Butterfly Papilionidae Graphium euphrates domaranus nan
5692,Lepidoptera,Butterfly,Papilionidae,Graphium,Graphium euphrates,Graphium euphrates domaranus,Graphium euphrates domaranus male,Lepidoptera Butterfly Papilionidae Graphium euphrates domaranus male
5693,Lepidoptera,Butterfly,Papilionidae,Graphium,Graphium euphrates,Graphium euphrates euphrates,,Lepidoptera Butterfly Papilionidae Graphium euphrates euphrates nan
5712,Lepidoptera,Butterfly,Papilionidae,Graphium,Graphium eurypylus,Graphium eurypylus eurypylus,Graphium eurypylus eurypylus male,Lepidoptera Butterfly Papilionidae Graphium eurypylus eurypylus male
5760,Lepidoptera,Butterfly,Nymphalidae,Euploea,Euploea dehaanii,Euploea dehaanii,,Lepidoptera Butterfly Nymphalidae Euploea dehaanii nan nan
5765,Lepidoptera,Butterfly,Nymphalidae,Danaus,Danaus ismare,Danaus ismare,Danaus ismare male,Lepidoptera Butterfly Nymphalidae Danaus ismare nan male
5767,Lepidoptera,Butterfly,Nymphalidae,Idea,Idea stolli,Idea stolli stolli,,Lepidoptera Butterfly Nymphalidae Idea stolli stolli nan
5773,Lepidoptera,Butterfly,Papilionidae,Papilio,Papilio memnon,Papilio memnon,,Lepidoptera Butterfly Papilionidae Papilio memnon nan nan
5783,Lepidoptera,Butterfly,Papilionidae,Papilio,Papilio memnon,Papilio memnon anceus,Papilio memnon anceus male,Lepidoptera Butterfly Papilionidae Papilio memnon anceus male
5828,Lepidoptera,Butterfly,Nymphalidae,Lexias,Lexias aeropa,Lexias aeropa aeropa,Lexias aeropa aeropa female,Lepidoptera Butterfly Nymphalidae Lexias aeropa aeropa female
5834,Lepidoptera,Butterfly,Nymphalidae,Prothoe,Prothoe ribbei,Prothoe ribbei ribbei,,Lepidoptera Butterfly Nymphalidae Prothoe ribbei ribbei nan
5838,Lepidoptera,Butterfly,Nymphalidae,Euploea,Euploea crameri,Euploea crameri niasica,,Lepidoptera Butterfly Nymphalidae Euploea crameri niasica nan
5842,Lepidoptera,Butterfly,Nymphalidae,Euploea,Euploea wallacei,Euploea wallacei,,Lepidoptera Butterfly Nymphalidae Euploea wallacei nan nan
5853,Lepidoptera,Butterfly,Nymphalidae,Ideopsis,Ideopsis gaura,Ideopsis gaura costalis,Ideopsis gaura costalis female,Lepidoptera Butterfly Nymphalidae Ideopsis gaura costalis female
5873,Lepidoptera,Butterfly,Lycaenidae,Taxila,Taxila haquinus,Taxila haquinus haquinus,,Lepidoptera Butterfly Lycaenidae Taxila haquinus haquinus nan
5913,Lepidoptera,Butterfly,Papilionidae,Graphium,Graphium wallacei,Graphium wallacei rubrosignatus,Graphium wallacei rubrosignatus male,Lepidoptera Butterfly Papilionidae Graphium wallacei rubrosignatus male
5917,Lepidoptera,Butterfly,Papilionidae,Graphium,Graphium wallacei,Graphium wallacei rubrosignatus,Graphium wallacei rubrosignatus female,Lepidoptera Butterfly Papilionidae Graphium wallacei rubrosignatus female
5921,Lepidoptera,Butterfly,Papilionidae,Graphium,Graphium wallacei,Graphium wallacei wallacei,Graphium wallacei wallacei female,Lepidoptera Butterfly Papilionidae Graphium wallacei wallacei female
5925,Lepidoptera,Butterfly,Papilionidae,Graphium,Graphium wallacei,Graphium wallacei wallacei,Graphium wallacei wallacei male,Lepidoptera Butterfly Papilionidae Graphium wallacei wallacei male
5941,Lepidoptera,Butterfly,Papilionidae,Graphium,Graphium deucalion,Graphium deucalion deucalion,,Lepidoptera Butterfly Papilionidae Graphium deucalion deucalion nan
5942,Lepidoptera,Butterfly,Papilionidae,Cressida,Cressida cressida,Cressida cressida insularis,,Lepidoptera Butterfly Papilionidae Cressida cressida insularis nan
5947,Lepidoptera,Butterfly,Papilionidae,Cressida,Cressida cressida,Cressida cressida insularis,Cressida cressida insularis female,Lepidoptera Butterfly Papilionidae Cressida cressida insularis female
5948,Lepidoptera,Butterfly,Papilionidae,Cressida,Cressida cressida,Cressida cressida insularis,Cressida cressida insularis male,Lepidoptera Butterfly Papilionidae Cressida cressida insularis male
5960,Lepidoptera,Butterfly,Papilionidae,Cressida,Cressida cressida,Cressida cressida kuehni,,Lepidoptera Butterfly Papilionidae Cressida cressida kuehni nan
5964,Lepidoptera,Butterfly,Papilionidae,Graphium,Graphium deucalion,Graphium deucalion leucadion,Graphium deucalion leucadion male,Lepidoptera Butterfly Papilionidae Graphium deucalion leucadion male
5981,Lepidoptera,Butterfly,Papilionidae,Cressida,Cressida cressida,Cressida cressida troilus,,Lepidoptera Butterfly Papilionidae Cressida cressida troilus nan
5984,Lepidoptera,Butterfly,Papilionidae,Atrophaneura,Atrophaneura semperi,Atrophaneura semperi supernotatus,Atrophaneura semperi supernotatus male,Lepidoptera Butterfly Papilionidae Atrophaneura semperi supernotatus male
5985,Lepidoptera,Butterfly,Papilionidae,Atrophaneura,Atrophaneura semperi,Atrophaneura semperi supernotatus,,Lepidoptera Butterfly Papilionidae Atrophaneura semperi supernotatus nan
5989,Lepidoptera,Butterfly,Papilionidae,Atrophaneura,Atrophaneura semperi,Atrophaneura semperi supernotatus,Atrophaneura semperi supernotatus female,Lepidoptera Butterfly Papilionidae Atrophaneura semperi supernotatus female
5996,Lepidoptera,Butterfly,Papilionidae,Lamproptera,Lamproptera meges,Lamproptera meges virescens,Lamproptera meges virescens male,Lepidoptera Butterfly Papilionidae Lamproptera meges virescens male
6007,Lepidoptera,Butterfly,Lycaenidae,Taxila,Taxila haquinus,Taxila haquinus haquinus,Taxila haquinus haquinus male,Lepidoptera Butterfly Lycaenidae Taxila haquinus haquinus male
6011,Lepidoptera,Butterfly,Lycaenidae,Taxila,Taxila haquinus,Taxila haquinus haquinus,Taxila haquinus haquinus female,Lepidoptera Butterfly Lycaenidae Taxila haquinus haquinus female
6018,Lepidoptera,Butterfly,Nymphalidae,Tellervo,Tellervo zoilus,Tellervo zoilus hiempsal,Tellervo zoilus hiempsal male,Lepidoptera Butterfly Nymphalidae Tellervo zoilus hiempsal male
6027,Lepidoptera,Butterfly,Lycaenidae,Dicallaneura,Dicallaneura dilectisssima,Dicallaneura dilectisssima,Dicallaneura dilectisssima male,Lepidoptera Butterfly Lycaenidae Dicallaneura dilectisssima nan male
6028,Lepidoptera,Butterfly,Lycaenidae,Dicallaneura,Dicallaneura dilectisssima,Dicallaneura dilectisssima,Dicallaneura dilectisssima female,Lepidoptera Butterfly Lycaenidae Dicallaneura dilectisssima nan female
6029,Lepidoptera,Butterfly,Lycaenidae,Dicallaneura,Dicallaneura cyanea,Dicallaneura cyanea cyanea,Dicallaneura cyanea cyanea male,Lepidoptera Butterfly Lycaenidae Dicallaneura cyanea cyanea male
6030,Lepidoptera,Butterfly,Lycaenidae,Dicallaneura,Dicallaneura hyacinthus,Dicallaneura hyacinthus hyacinthus,Dicallaneura hyacinthus hyacinthus female,Lepidoptera Butterfly Lycaenidae Dicallaneura hyacinthus hyacinthus female
6031,Lepidoptera,Butterfly,Papilionidae,Graphium,Graphium doson,Graphium doson axionides,,Lepidoptera Butterfly Papilionidae Graphium doson axionides nan
6036,Lepidoptera,Butterfly,Papilionidae,Losaria,Losaria coon,Losaria coon coon,,Lepidoptera Butterfly Papilionidae Losaria coon coon nan
6038,Lepidoptera,Butterfly,Papilionidae,Graphium,Graphium eurypylus,Graphium eurypylus melampus,,Lepidoptera Butterfly Papilionidae Graphium eurypylus melampus nan
6039,Lepidoptera,Butterfly,Papilionidae,Graphium,Graphium doson,Graphium doson nauta,,Lepidoptera Butterfly Papilionidae Graphium doson nauta nan
6044,Lepidoptera,Butterfly,Papilionidae,Graphium,Graphium agamemnon,Graphium agamemnon lasius,Graphium agamemnon lasius male,Lepidoptera Butterfly Papilionidae Graphium agamemnon lasius male
6046,Lepidoptera,Butterfly,Papilionidae,Graphium,Graphium agamemnon,Graphium agamemnon lasius,,Lepidoptera Butterfly Papilionidae Graphium agamemnon lasius nan
6049,Lepidoptera,Butterfly,Papilionidae,Graphium,Graphium macfarlanei,Graphium macfarlanei,Graphium macfarlanei male,Lepidoptera Butterfly Papilionidae Graphium macfarlanei nan male
6050,Lepidoptera,Butterfly,Papilionidae,Graphium,Graphium macfarlanei,Graphium macfarlanei cestius,,Lepidoptera Butterfly Papilionidae Graphium macfarlanei cestius nan
6062,Lepidoptera,Butterfly,Papilionidae,Graphium,Graphium macfarlanei,Graphium macfarlanei,Graphium macfarlanei female,Lepidoptera Butterfly Papilionidae Graphium macfarlanei nan female
6066,Lepidoptera,Butterfly,Papilionidae,Graphium,Graphium macfarlanei,Graphium macfarlanei,,Lepidoptera Butterfly Papilionidae Graphium macfarlanei nan nan
6075,Lepidoptera,Butterfly,Papilionidae,Graphium,Graphium anthedon,Graphium anthedon,,Lepidoptera Butterfly Papilionidae Graphium anthedon nan nan
6081,Lepidoptera,Butterfly,Papilionidae,Graphium,Graphium stratiotes,Graphium stratiotes,,Lepidoptera Butterfly Papilionidae Graphium stratiotes nan nan
6083,Lepidoptera,Butterfly,Papilionidae,Graphium,Graphium stratiotes,Graphium stratiotes,Graphium stratiotes male,Lepidoptera Butterfly Papilionidae Graphium stratiotes nan male
6084,Lepidoptera,Butterfly,Nymphalidae,Euploea,Euploea mulciber,Euploea mulciber verhuelli,Euploea mulciber verhuelli male,Lepidoptera Butterfly Nymphalidae Euploea mulciber verhuelli male
6089,Lepidoptera,Butterfly,Nymphalidae,Euploea,Euploea climena,Euploea climena palmedo,Euploea climena palmedo female,Lepidoptera Butterfly Nymphalidae Euploea climena palmedo female
6094,Lepidoptera,Butterfly,Nymphalidae,Euploea,Euploea stephensii,Euploea stephensii,Euploea stephensii male,Lepidoptera Butterfly Nymphalidae Euploea stephensii nan male
6097,Lepidoptera,Butterfly,Nymphalidae,Euploea,Euploea radamanthus,Euploea radamanthus,Euploea radamanthus female,Lepidoptera Butterfly Nymphalidae Euploea radamanthus nan female
6102,Lepidoptera,Butterfly,Nymphalidae,Euploea,Euploea wallacei,Euploea wallacei wallacei,,Lepidoptera Butterfly Nymphalidae Euploea wallacei wallacei nan
6112,Lepidoptera,Butterfly,Nymphalidae,Danaus,Danaus affinis,Danaus affinis artenice,,Lepidoptera Butterfly Nymphalidae Danaus affinis artenice nan
6115,Lepidoptera,Butterfly,Nymphalidae,Danaus,Danaus melanippus,Danaus melanippus melanippus,,Lepidoptera Butterfly Nymphalidae Danaus melanippus melanippus nan
6116,Lepidoptera,Butterfly,Nymphalidae,Tirumala,Tirumala hamata,Tirumala hamata,Tirumala hamata male,Lepidoptera Butterfly Nymphalidae Tirumala hamata nan male
6134,Lepidoptera,Butterfly,Papilionidae,Graphium,Graphium agamemnon,Graphium agamemnon comodus,,Lepidoptera Butterfly Papilionidae Graphium agamemnon comodus nan
6166,Lepidoptera,Butterfly,Papilionidae,Graphium,Graphium agamemnon,Graphium agamemnon comodus,Graphium agamemnon comodus female,Lepidoptera Butterfly Papilionidae Graphium agamemnon comodus female
6181,Lepidoptera,Butterfly,Papilionidae,Graphium,Graphium agamemnon,Graphium agamemnon comodus,Graphium agamemnon comodus male,Lepidoptera Butterfly Papilionidae Graphium agamemnon comodus male
6201,Lepidoptera,Butterfly,Papilionidae,Graphium,Graphium sarpedon,Graphium sarpedon lycianus,Graphium sarpedon lycianus male,Lepidoptera Butterfly Papilionidae Graphium sarpedon lycianus male
6248,Lepidoptera,Butterfly,Papilionidae,Ornithoptera,Ornithoptera priamus,Ornithoptera priamus hecuba,Ornithoptera priamus hecuba female,Lepidoptera Butterfly Papilionidae Ornithoptera priamus hecuba female
6255,Lepidoptera,Butterfly,Papilionidae,Papilio,Papilio albinus,Papilio albinus albinus,,Lepidoptera Butterfly Papilionidae Papilio albinus albinus nan
6288,Lepidoptera,Butterfly,Nymphalidae,Euploea,Euploea eleusina,Euploea eleusina eleusina,,Lepidoptera Butterfly Nymphalidae Euploea eleusina eleusina nan
6305,Lepidoptera,Butterfly,Nymphalidae,Euploea,Euploea boisduvali,Euploea boisduvali,,Lepidoptera Butterfly Nymphalidae Euploea boisduvali nan nan
6317,Lepidoptera,Butterfly,Nymphalidae,Euploea,Euploea tulliolus,Euploea tulliolus koxinga,Euploea tulliolus koxinga male,Lepidoptera Butterfly Nymphalidae Euploea tulliolus koxinga male
6318,Lepidoptera,Butterfly,Nymphalidae,Euploea,Euploea tulliolus,Euploea tulliolus koxinga,Euploea tulliolus koxinga female,Lepidoptera Butterfly Nymphalidae Euploea tulliolus koxinga female
6320,Lepidoptera,Butterfly,Nymphalidae,Euploea,Euploea sylvester,Euploea sylvester payeni,Euploea sylvester payeni male,Lepidoptera Butterfly Nymphalidae Euploea sylvester payeni male
6323,Lepidoptera,Butterfly,Nymphalidae,Euploea,Euploea alcathoe,Euploea alcathoe pierretii,Euploea alcathoe pierretii male,Lepidoptera Butterfly Nymphalidae Euploea alcathoe pierretii male
6325,Lepidoptera,Butterfly,Papilionidae,Papilio,Papilio memnon,Papilio memnon anceus,,Lepidoptera Butterfly Papilionidae Papilio memnon anceus nan
6340,Lepidoptera,Butterfly,Papilionidae,Papilio,Papilio memnon,Papilio memnon anceus,Papilio memnon anceus female,Lepidoptera Butterfly Papilionidae Papilio memnon anceus female
6341,Lepidoptera,Butterfly,Papilionidae,Graphium,Graphium evemon,Graphium evemon evemon,,Lepidoptera Butterfly Papilionidae Graphium evemon evemon nan
6343,Lepidoptera,Butterfly,Papilionidae,Graphium,Graphium agamemnon,Graphium agamemnon lasius,Graphium agamemnon lasius female,Lepidoptera Butterfly Papilionidae Graphium agamemnon lasius female
6344,Lepidoptera,Butterfly,Papilionidae,Graphium,Graphium evemon,Graphium evemon igneolus,,Lepidoptera Butterfly Papilionidae Graphium evemon igneolus nan
6345,Lepidoptera,Butterfly,Papilionidae,Atrophaneura,Atrophaneura semperi,Atrophaneura semperi semperi,Atrophaneura semperi semperi male,Lepidoptera Butterfly Papilionidae Atrophaneura semperi semperi male
6346,Lepidoptera,Butterfly,Papilionidae,Atrophaneura,Atrophaneura semperi,Atrophaneura semperi semperi,,Lepidoptera Butterfly Papilionidae Atrophaneura semperi semperi nan
6364,Lepidoptera,Butterfly,Papilionidae,Papilio,Papilio polytes,Papilio polytes,,Lepidoptera Butterfly Papilionidae Papilio polytes nan nan
6365,Lepidoptera,Butterfly,Papilionidae,Papilio,Papilio polytes,Papilio polytes,Papilio polytes female,Lepidoptera Butterfly Papilionidae Papilio polytes nan female
6372,Lepidoptera,Butterfly,Papilionidae,Graphium,Graphium doson,Graphium doson axionides,Graphium doson axionides male,Lepidoptera Butterfly Papilionidae Graphium doson axionides male
6373,Lepidoptera,Butterfly,Papilionidae,Troides,Troides haliphron,Troides haliphron naias,,Lepidoptera Butterfly Papilionidae Troides haliphron naias nan
6388,Lepidoptera,Butterfly,Papilionidae,Graphium,Graphium eurypylus,Graphium eurypylus gordion,,Lepidoptera Butterfly Papilionidae Graphium eurypylus gordion nan
6394,Lepidoptera,Butterfly,Papilionidae,Graphium,Graphium eurypylus,Graphium eurypylus mecisteus,,Lepidoptera Butterfly Papilionidae Graphium eurypylus mecisteus nan
6398,Lepidoptera,Butterfly,Papilionidae,Graphium,Graphium evemon,Graphium evemon evemon,Graphium evemon evemon male,Lepidoptera Butterfly Papilionidae Graphium evemon evemon male
6414,Lepidoptera,Butterfly,Papilionidae,Graphium,Graphium eurypylus,Graphium eurypylus gordion,Graphium eurypylus gordion male,Lepidoptera Butterfly Papilionidae Graphium eurypylus gordion male
6419,Lepidoptera,Butterfly,Papilionidae,Graphium,Graphium sarpedon,Graphium sarpedon messogis,,Lepidoptera Butterfly Papilionidae Graphium sarpedon messogis nan
6420,Lepidoptera,Butterfly,Papilionidae,Graphium,Graphium sarpedon,Graphium sarpedon messogis,Graphium sarpedon messogis female,Lepidoptera Butterfly Papilionidae Graphium sarpedon messogis female
6424,Lepidoptera,Butterfly,Papilionidae,Graphium,Graphium sarpedon,Graphium sarpedon messogis,Graphium sarpedon messogis male,Lepidoptera Butterfly Papilionidae Graphium sarpedon messogis male
6427,Lepidoptera,Butterfly,Papilionidae,Graphium,Graphium rhesus,Graphium rhesus rhesus,,Lepidoptera Butterfly Papilionidae Graphium rhesus rhesus nan
6455,Lepidoptera,Butterfly,Papilionidae,Graphium,Graphium anthedon,Graphium anthedon dodingensis,,Lepidoptera Butterfly Papilionidae Graphium anthedon dodingensis nan
6458,Lepidoptera,Butterfly,Papilionidae,Graphium,Graphium anthedon,Graphium anthedon dodingensis,Graphium anthedon dodingensis male,Lepidoptera Butterfly Papilionidae Graphium anthedon dodingensis male
6467,Lepidoptera,Butterfly,Papilionidae,Graphium,Graphium anthedon,Graphium anthedon dodingensis,Graphium anthedon dodingensis female,Lepidoptera Butterfly Papilionidae Graphium anthedon dodingensis female
6513,Lepidoptera,Butterfly,Papilionidae,Lamproptera,Lamproptera meges,Lamproptera meges ennius,Lamproptera meges ennius male,Lepidoptera Butterfly Papilionidae Lamproptera meges ennius male
6539,Lepidoptera,Butterfly,Papilionidae,Graphium,Graphium batjanensis,Graphium batjanensis,Graphium batjanensis male,Lepidoptera Butterfly Papilionidae Graphium batjanensis nan male
6541,Lepidoptera,Butterfly,Papilionidae,Graphium,Graphium ramaceus,Graphium ramaceus interjectus,,Lepidoptera Butterfly Papilionidae Graphium ramaceus interjectus nan
6543,Lepidoptera,Butterfly,Papilionidae,Graphium,Graphium ramaceus,Graphium ramaceus interjectus,Graphium ramaceus interjectus male,Lepidoptera Butterfly Papilionidae Graphium ramaceus interjectus male
6561,Lepidoptera,Butterfly,Papilionidae,Graphium,Graphium thule,Graphium thule,,Lepidoptera Butterfly Papilionidae Graphium thule nan nan
6562,Lepidoptera,Butterfly,Papilionidae,Graphium,Graphium thule,Graphium thule,Graphium thule female,Lepidoptera Butterfly Papilionidae Graphium thule nan female
6572,Lepidoptera,Butterfly,Papilionidae,Graphium,Graphium thule,Graphium thule,Graphium thule male,Lepidoptera Butterfly Papilionidae Graphium thule nan male
6576,Lepidoptera,Butterfly,Papilionidae,Graphium,Graphium megaera,Graphium megaera,,Lepidoptera Butterfly Papilionidae Graphium megaera nan nan
6577,Lepidoptera,Butterfly,Papilionidae,Graphium,Graphium megaera,Graphium megaera,Graphium megaera male,Lepidoptera Butterfly Papilionidae Graphium megaera nan male
6613,Lepidoptera,Butterfly,Papilionidae,Atrophaneura,Atrophaneura semperi,Atrophaneura semperi lizae,Atrophaneura semperi lizae male,Lepidoptera Butterfly Papilionidae Atrophaneura semperi lizae male
6615,Lepidoptera,Butterfly,Papilionidae,Atrophaneura,Atrophaneura semperi,Atrophaneura semperi lizae,Atrophaneura semperi lizae female,Lepidoptera Butterfly Papilionidae Atrophaneura semperi lizae female
6616,Lepidoptera,Butterfly,Papilionidae,Graphium,Graphium decolor,Graphium decolor atratus,,Lepidoptera Butterfly Papilionidae Graphium decolor atratus nan
6626,Lepidoptera,Butterfly,Papilionidae,Atrophaneura,Atrophaneura priapus,Atrophaneura priapus priapus,,Lepidoptera Butterfly Papilionidae Atrophaneura priapus priapus nan
6631,Lepidoptera,Butterfly,Papilionidae,Graphium,Graphium eurypylus,Graphium eurypylus gordion,Graphium eurypylus gordion female,Lepidoptera Butterfly Papilionidae Graphium eurypylus gordion female
6659,Lepidoptera,Butterfly,Papilionidae,Graphium,Graphium rhesus,Graphium rhesus rhesus,Graphium rhesus rhesus female,Lepidoptera Butterfly Papilionidae Graphium rhesus rhesus female
6665,Lepidoptera,Butterfly,Papilionidae,Graphium,Graphium sarpedon,Graphium sarpedon pagus,,Lepidoptera Butterfly Papilionidae Graphium sarpedon pagus nan
6682,Lepidoptera,Butterfly,Papilionidae,Graphium,Graphium sarpedon,Graphium sarpedon pagus,Graphium sarpedon pagus male,Lepidoptera Butterfly Papilionidae Graphium sarpedon pagus male
6702,Lepidoptera,Butterfly,Papilionidae,Losaria,Losaria neptunus,Losaria neptunus neptunus,Losaria neptunus neptunus female,Lepidoptera Butterfly Papilionidae Losaria neptunus neptunus female
6703,Lepidoptera,Butterfly,Papilionidae,Graphium,Graphium antiphates,Graphium antiphates antiphonus,,Lepidoptera Butterfly Papilionidae Graphium antiphates antiphonus nan
6706,Lepidoptera,Butterfly,Papilionidae,Graphium,Graphium antiphates,Graphium antiphates antiphonus,Graphium antiphates antiphonus male,Lepidoptera Butterfly Papilionidae Graphium antiphates antiphonus male
6743,Lepidoptera,Butterfly,Papilionidae,Graphium,Graphium eurypylus,Graphium eurypylus sangira,,Lepidoptera Butterfly Papilionidae Graphium eurypylus sangira nan
6778,Lepidoptera,Butterfly,Papilionidae,Graphium,Graphium agamemnon,Graphium agamemnon exilis,,Lepidoptera Butterfly Papilionidae Graphium agamemnon exilis nan
6779,Lepidoptera,Butterfly,Papilionidae,Graphium,Graphium agamemnon,Graphium agamemnon exilis,Graphium agamemnon exilis male,Lepidoptera Butterfly Papilionidae Graphium agamemnon exilis male
6794,Lepidoptera,Butterfly,Papilionidae,Atrophaneura,Atrophaneura semperi,Atrophaneura semperi semperi,Atrophaneura semperi semperi female,Lepidoptera Butterfly Papilionidae Atrophaneura semperi semperi female
6798,Lepidoptera,Butterfly,Papilionidae,Cressida,Cressida cressida,Cressida cressida,,Lepidoptera Butterfly Papilionidae Cressida cressida nan nan
6807,Lepidoptera,Butterfly,Papilionidae,Cressida,Cressida cressida,Cressida cressida,Cressida cressida male,Lepidoptera Butterfly Papilionidae Cressida cressida nan male
6817,Lepidoptera,Butterfly,Papilionidae,Atrophaneura,Atrophaneura varuna,Atrophaneura varuna varuna,,Lepidoptera Butterfly Papilionidae Atrophaneura varuna varuna nan
6821,Lepidoptera,Butterfly,Papilionidae,Atrophaneura,Atrophaneura varuna,Atrophaneura varuna varuna,Atrophaneura varuna varuna female,Lepidoptera Butterfly Papilionidae Atrophaneura varuna varuna female
6823,Lepidoptera,Butterfly,Papilionidae,Atrophaneura,Atrophaneura varuna,Atrophaneura varuna varuna,Atrophaneura varuna varuna male,Lepidoptera Butterfly Papilionidae Atrophaneura varuna varuna male
6833,Lepidoptera,Butterfly,Papilionidae,Lamproptera,Lamproptera curius,Lamproptera curius libelluloides,,Lepidoptera Butterfly Papilionidae Lamproptera curius libelluloides nan
6836,Lepidoptera,Butterfly,Papilionidae,Lamproptera,Lamproptera curius,Lamproptera curius libelluloides,Lamproptera curius libelluloides male,Lepidoptera Butterfly Papilionidae Lamproptera curius libelluloides male
6838,Lepidoptera,Butterfly,Papilionidae,Lamproptera,Lamproptera curius,Lamproptera curius libelluloides,Lamproptera curius libelluloides female,Lepidoptera Butterfly Papilionidae Lamproptera curius libelluloides female
6842,Lepidoptera,Butterfly,Papilionidae,Lamproptera,Lamproptera curius,Lamproptera curius,Lamproptera curius male,Lepidoptera Butterfly Papilionidae Lamproptera curius nan male
6843,Lepidoptera,Butterfly,Papilionidae,Lamproptera,Lamproptera curius,Lamproptera curius,,Lepidoptera Butterfly Papilionidae Lamproptera curius nan nan
6844,Lepidoptera,Butterfly,Papilionidae,Lamproptera,Lamproptera meges,Lamproptera meges meges,Lamproptera meges meges male,Lepidoptera Butterfly Papilionidae Lamproptera meges meges male
6854,Lepidoptera,Butterfly,Papilionidae,Graphium,Graphium arycles,Graphium arycles arycles,,Lepidoptera Butterfly Papilionidae Graphium arycles arycles nan
6856,Lepidoptera,Butterfly,Papilionidae,Lamproptera,Lamproptera meges,Lamproptera meges meges,,Lepidoptera Butterfly Papilionidae Lamproptera meges meges nan
6882,Lepidoptera,Butterfly,Papilionidae,Graphium,Graphium agamemnon,Graphium agamemnon exilis,Graphium agamemnon exilis female,Lepidoptera Butterfly Papilionidae Graphium agamemnon exilis female
6904,Lepidoptera,Butterfly,Papilionidae,Graphium,Graphium sarpedon,Graphium sarpedon isander,,Lepidoptera Butterfly Papilionidae Graphium sarpedon isander nan
6951,Lepidoptera,Butterfly,Papilionidae,Ornithoptera,Ornithoptera tithonus,Ornithoptera tithonus waigeuensis,Ornithoptera tithonus waigeuensis female,Lepidoptera Butterfly Papilionidae Ornithoptera tithonus waigeuensis female
6962,Lepidoptera,Butterfly,Papilionidae,Graphium,Graphium empedovana,Graphium empedovana,Graphium empedovana female,Lepidoptera Butterfly Papilionidae Graphium empedovana nan female
6963,Lepidoptera,Butterfly,Papilionidae,Graphium,Graphium codrus,Graphium codrus taloranus,Graphium codrus taloranus female,Lepidoptera Butterfly Papilionidae Graphium codrus taloranus female
6964,Lepidoptera,Butterfly,Papilionidae,Graphium,Graphium codrus,Graphium codrus taloranus,Graphium codrus taloranus male,Lepidoptera Butterfly Papilionidae Graphium codrus taloranus male
6966,Lepidoptera,Butterfly,Papilionidae,Graphium,Graphium empedovana,Graphium empedovana,,Lepidoptera Butterfly Papilionidae Graphium empedovana nan nan
6968,Lepidoptera,Butterfly,Papilionidae,Graphium,Graphium empedovana,Graphium empedovana,Graphium empedovana male,Lepidoptera Butterfly Papilionidae Graphium empedovana nan male
6976,Lepidoptera,Butterfly,Papilionidae,Graphium,Graphium sumatranum,Graphium sumatranum,,Lepidoptera Butterfly Papilionidae Graphium sumatranum nan nan
6992,Lepidoptera,Butterfly,Papilionidae,Graphium,Graphium sumatranum,Graphium sumatranum,Graphium sumatranum male,Lepidoptera Butterfly Papilionidae Graphium sumatranum nan male
6998,Lepidoptera,Butterfly,Papilionidae,Graphium,Graphium aristeus,Graphium aristeus hermocrates,,Lepidoptera Butterfly Papilionidae Graphium aristeus hermocrates nan
7000,Lepidoptera,Butterfly,Papilionidae,Graphium,Graphium aristeus,Graphium aristeus hermocrates,Graphium aristeus hermocrates male,Lepidoptera Butterfly Papilionidae Graphium aristeus hermocrates male
7022,Lepidoptera,Butterfly,Papilionidae,Graphium,Graphium androcles,Graphium androcles pelengensis,Graphium androcles pelengensis male,Lepidoptera Butterfly Papilionidae Graphium androcles pelengensis male
7023,Lepidoptera,Butterfly,Papilionidae,Graphium,Graphium dorcus,Graphium dorcus dorcus,Graphium dorcus dorcus male,Lepidoptera Butterfly Papilionidae Graphium dorcus dorcus male
7038,Lepidoptera,Butterfly,Nymphalidae,Parantica,Parantica agleoides,Parantica agleoides erycina,Parantica agleoides erycina female,Lepidoptera Butterfly Nymphalidae Parantica agleoides erycina female
7041,Lepidoptera,Butterfly,Nymphalidae,Parantica,Parantica agleoides,Parantica agleoides erycina,,Lepidoptera Butterfly Nymphalidae Parantica agleoides erycina nan
7042,Lepidoptera,Butterfly,Papilionidae,Papilio,Papilio helenus,Papilio helenus,,Lepidoptera Butterfly Papilionidae Papilio helenus nan nan
7046,Lepidoptera,Butterfly,Papilionidae,Papilio,Papilio helenus,Papilio helenus enganius,Papilio helenus enganius male,Lepidoptera Butterfly Papilionidae Papilio helenus enganius male
7051,Lepidoptera,Butterfly,Papilionidae,Papilio,Papilio helenus,Papilio helenus enganius,Papilio helenus enganius female,Lepidoptera Butterfly Papilionidae Papilio helenus enganius female
7052,Lepidoptera,Butterfly,Papilionidae,Papilio,Papilio helenus,Papilio helenus,Papilio helenus female,Lepidoptera Butterfly Papilionidae Papilio helenus nan female
7058,Lepidoptera,Butterfly,Lycaenidae,Praetaxila,Praetaxila tyrannus,Praetaxila tyrannus,Praetaxila tyrannus male,Lepidoptera Butterfly Lycaenidae Praetaxila tyrannus nan male
7059,Lepidoptera,Butterfly,Lycaenidae,Dicallaneura,Dicallaneura decorata,Dicallaneura decorata kausambides,Dicallaneura decorata kausambides male,Lepidoptera Butterfly Lycaenidae Dicallaneura decorata kausambides male
7061,Lepidoptera,Butterfly,Papilionidae,Graphium,Graphium eurypylus,Graphium eurypylus lepidus,,Lepidoptera Butterfly Papilionidae Graphium eurypylus lepidus nan
7064,Lepidoptera,Butterfly,Papilionidae,Graphium,Graphium agamemnon,Graphium agamemnon ligatus,,Lepidoptera Butterfly Papilionidae Graphium agamemnon ligatus nan
7068,Lepidoptera,Butterfly,Papilionidae,Graphium,Graphium agamemnon,Graphium agamemnon ligatus,Graphium agamemnon ligatus male,Lepidoptera Butterfly Papilionidae Graphium agamemnon ligatus male
7072,Lepidoptera,Butterfly,Papilionidae,Graphium,Graphium agamemnon,Graphium agamemnon ligatus,Graphium agamemnon ligatus female,Lepidoptera Butterfly Papilionidae Graphium agamemnon ligatus female
7123,Lepidoptera,Butterfly,Nymphalidae,Euploea,Euploea algea,Euploea algea kirbyi,Euploea algea kirbyi male,Lepidoptera Butterfly Nymphalidae Euploea algea kirbyi male
7129,Lepidoptera,Butterfly,Nymphalidae,Parantica,Parantica aspasia,Parantica aspasia philomela,,Lepidoptera Butterfly Nymphalidae Parantica aspasia philomela nan
7134,Lepidoptera,Butterfly,Nymphalidae,Danaus,Danaus melanippus,Danaus melanippus pietersii,Danaus melanippus pietersii male,Lepidoptera Butterfly Nymphalidae Danaus melanippus pietersii male
7136,Lepidoptera,Butterfly,Nymphalidae,Euploea,Euploea climena,Euploea climena enganensis,Euploea climena enganensis male,Lepidoptera Butterfly Nymphalidae Euploea climena enganensis male
7141,Lepidoptera,Butterfly,Nymphalidae,Euploea,Euploea sylvester,Euploea sylvester tyrianthina,Euploea sylvester tyrianthina female,Lepidoptera Butterfly Nymphalidae Euploea sylvester tyrianthina female
7143,Lepidoptera,Butterfly,Nymphalidae,Euploea,Euploea cordelia,Euploea cordelia,Euploea cordelia female,Lepidoptera Butterfly Nymphalidae Euploea cordelia nan female
7144,Lepidoptera,Butterfly,Nymphalidae,Euploea,Euploea cordelia,Euploea cordelia,Euploea cordelia male,Lepidoptera Butterfly Nymphalidae Euploea cordelia nan male
7154,Lepidoptera,Butterfly,Papilionidae,Graphium,Graphium dorcus,Graphium dorcus dorcus,,Lepidoptera Butterfly Papilionidae Graphium dorcus dorcus nan
7160,Lepidoptera,Butterfly,Papilionidae,Graphium,Graphium dorcus,Graphium dorcus dorcus,Graphium dorcus dorcus female,Lepidoptera Butterfly Papilionidae Graphium dorcus dorcus female
7168,Lepidoptera,Butterfly,Papilionidae,Graphium,Graphium antiphates,Graphium antiphates itamputi,,Lepidoptera Butterfly Papilionidae Graphium antiphates itamputi nan
7170,Lepidoptera,Butterfly,Papilionidae,Pachliopta,Pachliopta polydorus,Pachliopta polydorus lascarus,,Lepidoptera Butterfly Papilionidae Pachliopta polydorus lascarus nan
7172,Lepidoptera,Butterfly,Papilionidae,Pachliopta,Pachliopta polydorus,Pachliopta polydorus orinomus,,Lepidoptera Butterfly Papilionidae Pachliopta polydorus orinomus nan
7175,Lepidoptera,Butterfly,Papilionidae,Losaria,Losaria palu,Losaria palu,Losaria palu female,Lepidoptera Butterfly Papilionidae Losaria palu nan female
7176,Lepidoptera,Butterfly,Papilionidae,Pachliopta,Pachliopta liris,Pachliopta liris pallidus,Pachliopta liris pallidus female,Lepidoptera Butterfly Papilionidae Pachliopta liris pallidus female
7183,Lepidoptera,Butterfly,Papilionidae,Pachliopta,Pachliopta liris,Pachliopta liris pallidus,Pachliopta liris pallidus male,Lepidoptera Butterfly Papilionidae Pachliopta liris pallidus male
7184,Lepidoptera,Butterfly,Papilionidae,Pachliopta,Pachliopta adamas,Pachliopta adamas austrosundanus,Pachliopta adamas austrosundanus male,Lepidoptera Butterfly Papilionidae Pachliopta adamas austrosundanus male
7186,Lepidoptera,Butterfly,Papilionidae,Pachliopta,Pachliopta aristolochiae,Pachliopta aristolochiae,,Lepidoptera Butterfly Papilionidae Pachliopta aristolochiae nan nan
7187,Lepidoptera,Butterfly,Papilionidae,Troides,Troides ritsemae,Troides ritsemae,Troides ritsemae female,Lepidoptera Butterfly Papilionidae Troides ritsemae nan female
7188,Lepidoptera,Butterfly,Papilionidae,Troides,Troides amphrysus,Troides amphrysus ruficollis,Troides amphrysus ruficollis male,Lepidoptera Butterfly Papilionidae Troides amphrysus ruficollis male
7193,Lepidoptera,Butterfly,Papilionidae,Troides,Troides amphrysus,Troides amphrysus ruficollis,,Lepidoptera Butterfly Papilionidae Troides amphrysus ruficollis nan
7201,Lepidoptera,Butterfly,Papilionidae,Troides,Troides amphrysus,Troides amphrysus ruficollis,Troides amphrysus ruficollis female,Lepidoptera Butterfly Papilionidae Troides amphrysus ruficollis female
7209,Lepidoptera,Butterfly,Papilionidae,Troides,Troides amphrysus,Troides amphrysus flavicollis,Troides amphrysus flavicollis male,Lepidoptera Butterfly Papilionidae Troides amphrysus flavicollis male
7210,Lepidoptera,Butterfly,Papilionidae,Troides,Troides amphrysus,Troides amphrysus flavicollis,,Lepidoptera Butterfly Papilionidae Troides amphrysus flavicollis nan
7262,Lepidoptera,Butterfly,Papilionidae,Troides,Troides rhadamantus,Troides rhadamantus rhadamantus,,Lepidoptera Butterfly Papilionidae Troides rhadamantus rhadamantus nan
7315,Lepidoptera,Butterfly,Papilionidae,Graphium,Graphium ramaceus,Graphium ramaceus,,Lepidoptera Butterfly Papilionidae Graphium ramaceus nan nan
7319,Lepidoptera,Butterfly,Papilionidae,Ornithoptera,Ornithoptera croesus,Ornithoptera croesus lydius,Ornithoptera croesus lydius female,Lepidoptera Butterfly Papilionidae Ornithoptera croesus lydius female
7320,Lepidoptera,Butterfly,Papilionidae,Ornithoptera,Ornithoptera priamus,Ornithoptera priamus poseidon,,Lepidoptera Butterfly Papilionidae Ornithoptera priamus poseidon nan
7321,Lepidoptera,Butterfly,Papilionidae,Ornithoptera,Ornithoptera victoriae,Ornithoptera victoriae,Ornithoptera victoriae female,Lepidoptera Butterfly Papilionidae Ornithoptera victoriae nan female
7322,Lepidoptera,Butterfly,Papilionidae,Ornithoptera,Ornithoptera priamus,Ornithoptera priamus poseidon,Ornithoptera priamus poseidon male,Lepidoptera Butterfly Papilionidae Ornithoptera priamus poseidon male
7327,Lepidoptera,Butterfly,Papilionidae,Ornithoptera,Ornithoptera priamus,Ornithoptera priamus hecuba,,Lepidoptera Butterfly Papilionidae Ornithoptera priamus hecuba nan
7332,Lepidoptera,Butterfly,Papilionidae,Ornithoptera,Ornithoptera priamus,Ornithoptera priamus poseidon,Ornithoptera priamus poseidon female,Lepidoptera Butterfly Papilionidae Ornithoptera priamus poseidon female
7337,Lepidoptera,Butterfly,Papilionidae,Ornithoptera,Ornithoptera rothschildi,Ornithoptera rothschildi,,Lepidoptera Butterfly Papilionidae Ornithoptera rothschildi nan nan
7341,Lepidoptera,Butterfly,Papilionidae,Ornithoptera,Ornithoptera rothschildi,Ornithoptera rothschildi,Ornithoptera rothschildi female,Lepidoptera Butterfly Papilionidae Ornithoptera rothschildi nan female
7342,Lepidoptera,Butterfly,Papilionidae,Ornithoptera,Ornithoptera tithonus,Ornithoptera tithonus tithonus,,Lepidoptera Butterfly Papilionidae Ornithoptera tithonus tithonus nan
7344,Lepidoptera,Butterfly,Papilionidae,Ornithoptera,Ornithoptera paradisea,Ornithoptera paradisea paradisea,Ornithoptera paradisea paradisea female,Lepidoptera Butterfly Papilionidae Ornithoptera paradisea paradisea female
7345,Lepidoptera,Butterfly,Papilionidae,Ornithoptera,Ornithoptera paradisea,Ornithoptera paradisea paradisea,,Lepidoptera Butterfly Papilionidae Ornithoptera paradisea paradisea nan
7346,Lepidoptera,Butterfly,Papilionidae,Ornithoptera,Ornithoptera paradisea,Ornithoptera paradisea paradisea,Ornithoptera paradisea paradisea male,Lepidoptera Butterfly Papilionidae Ornithoptera paradisea paradisea male
7351,Lepidoptera,Butterfly,Papilionidae,Papilio,Papilio ambrax,Papilio ambrax ambrax,,Lepidoptera Butterfly Papilionidae Papilio ambrax ambrax nan
7357,Lepidoptera,Butterfly,Papilionidae,Papilio,Papilio ambrax,Papilio ambrax ambrax,Papilio ambrax ambrax male,Lepidoptera Butterfly Papilionidae Papilio ambrax ambrax male
7363,Lepidoptera,Butterfly,Papilionidae,Papilio,Papilio ambrax,Papilio ambrax ambrax,Papilio ambrax ambrax female,Lepidoptera Butterfly Papilionidae Papilio ambrax ambrax female
7386,Lepidoptera,Butterfly,Papilionidae,Graphium,Graphium agamemnon,Graphium agamemnon guttatus,,Lepidoptera Butterfly Papilionidae Graphium agamemnon guttatus nan
7390,Lepidoptera,Butterfly,Papilionidae,Graphium,Graphium rhesus,Graphium rhesus rhesulus,,Lepidoptera Butterfly Papilionidae Graphium rhesus rhesulus nan
7394,Lepidoptera,Butterfly,Papilionidae,Graphium,Graphium dorcus,Graphium dorcus butungensis,Graphium dorcus butungensis male,Lepidoptera Butterfly Papilionidae Graphium dorcus butungensis male
7396,Lepidoptera,Butterfly,Papilionidae,Atrophaneura,Atrophaneura dixoni,Atrophaneura dixoni,Atrophaneura dixoni male,Lepidoptera Butterfly Papilionidae Atrophaneura dixoni nan male
7411,Lepidoptera,Butterfly,Nymphalidae,Euploea,Euploea radamanthus,Euploea radamanthus radamanthus,Euploea radamanthus radamanthus male,Lepidoptera Butterfly Nymphalidae Euploea radamanthus radamanthus male
7413,Lepidoptera,Butterfly,Nymphalidae,Euploea,Euploea leucostictos,Euploea leucostictos bernsteini,,Lepidoptera Butterfly Nymphalidae Euploea leucostictos bernsteini nan
7435,Lepidoptera,Butterfly,Papilionidae,Graphium,Graphium evemon,Graphium evemon orthia,,Lepidoptera Butterfly Papilionidae Graphium evemon orthia nan
7440,Lepidoptera,Butterfly,Papilionidae,Graphium,Graphium evemon,Graphium evemon orthia,Graphium evemon orthia male,Lepidoptera Butterfly Papilionidae Graphium evemon orthia male
7494,Lepidoptera,Butterfly,Papilionidae,Atrophaneura,Atrophaneura semperi,Atrophaneura semperi baglantis,,Lepidoptera Butterfly Papilionidae Atrophaneura semperi baglantis nan
7498,Lepidoptera,Butterfly,Papilionidae,Atrophaneura,Atrophaneura nox,Atrophaneura nox,,Lepidoptera Butterfly Papilionidae Atrophaneura nox nan nan
7502,Lepidoptera,Butterfly,Papilionidae,Atrophaneura,Atrophaneura nox,Atrophaneura nox,Atrophaneura nox female,Lepidoptera Butterfly Papilionidae Atrophaneura nox nan female
7505,Lepidoptera,Butterfly,Papilionidae,Lamproptera,Lamproptera curius,Lamproptera curius walkeri,Lamproptera curius walkeri male,Lepidoptera Butterfly Papilionidae Lamproptera curius walkeri male
7506,Lepidoptera,Butterfly,Papilionidae,Graphium,Graphium arycles,Graphium arycles,Graphium arycles male,Lepidoptera Butterfly Papilionidae Graphium arycles nan male
7508,Lepidoptera,Butterfly,Papilionidae,Graphium,Graphium bathycles,Graphium bathycles,,Lepidoptera Butterfly Papilionidae Graphium bathycles nan nan
7546,Lepidoptera,Butterfly,Papilionidae,Papilio,Papilio sataspes,Papilio sataspes,Papilio sataspes female,Lepidoptera Butterfly Papilionidae Papilio sataspes nan female
7553,Lepidoptera,Butterfly,Papilionidae,Papilio,Papilio sataspes,Papilio sataspes ahasverus,,Lepidoptera Butterfly Papilionidae Papilio sataspes ahasverus nan
7554,Lepidoptera,Butterfly,Papilionidae,Papilio,Papilio polytes,Papilio polytes pasikrates,,Lepidoptera Butterfly Papilionidae Papilio polytes pasikrates nan
7566,Lepidoptera,Butterfly,Papilionidae,Graphium,Graphium eurypylus,Graphium eurypylus lutorius,,Lepidoptera Butterfly Papilionidae Graphium eurypylus lutorius nan
7567,Lepidoptera,Butterfly,Papilionidae,Graphium,Graphium eurypylus,Graphium eurypylus lutorius,Graphium eurypylus lutorius male,Lepidoptera Butterfly Papilionidae Graphium eurypylus lutorius male
7593,Lepidoptera,Butterfly,Papilionidae,Troides,Troides criton,Troides criton criton,,Lepidoptera Butterfly Papilionidae Troides criton criton nan
7598,Lepidoptera,Butterfly,Papilionidae,Troides,Troides dohertyi,Troides dohertyi,,Lepidoptera Butterfly Papilionidae Troides dohertyi nan nan
7599,Lepidoptera,Butterfly,Papilionidae,Graphium,Graphium doson,Graphium doson sangeanus,Graphium doson sangeanus male,Lepidoptera Butterfly Papilionidae Graphium doson sangeanus male
7601,Lepidoptera,Butterfly,Papilionidae,Graphium,Graphium doson,Graphium doson sangeanus,,Lepidoptera Butterfly Papilionidae Graphium doson sangeanus nan
7602,Lepidoptera,Butterfly,Papilionidae,Graphium,Graphium doson,Graphium doson rubroplaga,,Lepidoptera Butterfly Papilionidae Graphium doson rubroplaga nan
7609,Lepidoptera,Butterfly,Papilionidae,Graphium,Graphium eurypylus,Graphium eurypylus lutorius,Graphium eurypylus lutorius female,Lepidoptera Butterfly Papilionidae Graphium eurypylus lutorius female
7611,Lepidoptera,Butterfly,Papilionidae,Graphium,Graphium eurypylus,Graphium eurypylus lycaonides,Graphium eurypylus lycaonides male,Lepidoptera Butterfly Papilionidae Graphium eurypylus lycaonides male
7614,Lepidoptera,Butterfly,Papilionidae,Graphium,Graphium eurypylus,Graphium eurypylus lycaonides,,Lepidoptera Butterfly Papilionidae Graphium eurypylus lycaonides nan
7616,Lepidoptera,Butterfly,Papilionidae,Graphium,Graphium sarpedon,Graphium sarpedon adonarensis,,Lepidoptera Butterfly Papilionidae Graphium sarpedon adonarensis nan
7624,Lepidoptera,Butterfly,Papilionidae,Graphium,Graphium aristeus,Graphium aristeus parmatus,Graphium aristeus parmatus male,Lepidoptera Butterfly Papilionidae Graphium aristeus parmatus male
7627,Lepidoptera,Butterfly,Papilionidae,Graphium,Graphium anthedon,Graphium anthedon anthedon,,Lepidoptera Butterfly Papilionidae Graphium anthedon anthedon nan
7629,Lepidoptera,Butterfly,Papilionidae,Graphium,Graphium anthedon,Graphium anthedon,Graphium anthedon female,Lepidoptera Butterfly Papilionidae Graphium anthedon nan female
7632,Lepidoptera,Butterfly,Papilionidae,Graphium,Graphium antiphates,Graphium antiphates balius,,Lepidoptera Butterfly Papilionidae Graphium antiphates balius nan
7633,Lepidoptera,Butterfly,Papilionidae,Graphium,Graphium antiphates,Graphium antiphates kalaoensis,,Lepidoptera Butterfly Papilionidae Graphium antiphates kalaoensis nan
7634,Lepidoptera,Butterfly,Papilionidae,Graphium,Graphium rhesus,Graphium rhesus,,Lepidoptera Butterfly Papilionidae Graphium rhesus nan nan
7643,Lepidoptera,Butterfly,Papilionidae,Graphium,Graphium ramaceus,Graphium ramaceus pendleburyi,Graphium ramaceus pendleburyi male,Lepidoptera Butterfly Papilionidae Graphium ramaceus pendleburyi male
7660,Lepidoptera,Butterfly,Papilionidae,Ornithoptera,Ornithoptera priamus,Ornithoptera priamus priamus,Ornithoptera priamus priamus female,Lepidoptera Butterfly Papilionidae Ornithoptera priamus priamus female
7661,Lepidoptera,Butterfly,Papilionidae,Ornithoptera,Ornithoptera priamus,Ornithoptera priamus priamus,Ornithoptera priamus priamus male,Lepidoptera Butterfly Papilionidae Ornithoptera priamus priamus male
7662,Lepidoptera,Butterfly,Papilionidae,Ornithoptera,Ornithoptera priamus,Ornithoptera priamus teucrus,,Lepidoptera Butterfly Papilionidae Ornithoptera priamus teucrus nan
7663,Lepidoptera,Butterfly,Papilionidae,Lamproptera,Lamproptera meges,Lamproptera meges akirai,Lamproptera meges akirai male,Lepidoptera Butterfly Papilionidae Lamproptera meges akirai male
7672,Lepidoptera,Butterfly,Papilionidae,Lamproptera,Lamproptera meges,Lamproptera meges akirai,,Lepidoptera Butterfly Papilionidae Lamproptera meges akirai nan
7676,Lepidoptera,Butterfly,Papilionidae,Graphium,Graphium sandawanum,Graphium sandawanum sandawanum,,Lepidoptera Butterfly Papilionidae Graphium sandawanum sandawanum nan
7680,Lepidoptera,Butterfly,Papilionidae,Graphium,Graphium sarpedon,Graphium sarpedon,,Lepidoptera Butterfly Papilionidae Graphium sarpedon nan nan
7685,Lepidoptera,Butterfly,Papilionidae,Graphium,Graphium ramaceus,Graphium ramaceus ramaceus,Graphium ramaceus ramaceus male,Lepidoptera Butterfly Papilionidae Graphium ramaceus ramaceus male
7686,Lepidoptera,Butterfly,Papilionidae,Graphium,Graphium macareus,Graphium macareus maccabaeus,,Lepidoptera Butterfly Papilionidae Graphium macareus maccabaeus nan
7691,Lepidoptera,Butterfly,Papilionidae,Graphium,Graphium stratocles,Graphium stratocles senectus,Graphium stratocles senectus male,Lepidoptera Butterfly Papilionidae Graphium stratocles senectus male
7694,Lepidoptera,Butterfly,Papilionidae,Graphium,Graphium stratocles,Graphium stratocles senectus,,Lepidoptera Butterfly Papilionidae Graphium stratocles senectus nan
7695,Lepidoptera,Butterfly,Papilionidae,Graphium,Graphium stratocles,Graphium stratocles stratocles,Graphium stratocles stratocles male,Lepidoptera Butterfly Papilionidae Graphium stratocles stratocles male
7697,Lepidoptera,Butterfly,Papilionidae,Graphium,Graphium stratocles,Graphium stratocles stratocles,,Lepidoptera Butterfly Papilionidae Graphium stratocles stratocles nan
7708,Lepidoptera,Butterfly,Papilionidae,Graphium,Graphium antiphates,Graphium antiphates itamputi,Graphium antiphates itamputi male,Lepidoptera Butterfly Papilionidae Graphium antiphates itamputi male
7717,Lepidoptera,Butterfly,Papilionidae,Atrophaneura,Atrophaneura hageni,Atrophaneura hageni,,Lepidoptera Butterfly Papilionidae Atrophaneura hageni nan nan
7721,Lepidoptera,Butterfly,Papilionidae,Atrophaneura,Atrophaneura semperi,Atrophaneura semperi albofasciata,Atrophaneura semperi albofasciata male,Lepidoptera Butterfly Papilionidae Atrophaneura semperi albofasciata male
7722,Lepidoptera,Butterfly,Papilionidae,Atrophaneura,Atrophaneura semperi,Atrophaneura semperi albofasciata,,Lepidoptera Butterfly Papilionidae Atrophaneura semperi albofasciata nan
7724,Lepidoptera,Butterfly,Papilionidae,Atrophaneura,Atrophaneura semperi,Atrophaneura semperi albofasciata,Atrophaneura semperi albofasciata female,Lepidoptera Butterfly Papilionidae Atrophaneura semperi albofasciata female
7726,Lepidoptera,Butterfly,Papilionidae,Atrophaneura,Atrophaneura semperi,Atrophaneura semperi imogene,,Lepidoptera Butterfly Papilionidae Atrophaneura semperi imogene nan
7728,Lepidoptera,Butterfly,Papilionidae,Atrophaneura,Atrophaneura semperi,Atrophaneura semperi aphtonia,Atrophaneura semperi aphtonia male,Lepidoptera Butterfly Papilionidae Atrophaneura semperi aphtonia male
7729,Lepidoptera,Butterfly,Papilionidae,Atrophaneura,Atrophaneura semperi,Atrophaneura semperi aphtonia,,Lepidoptera Butterfly Papilionidae Atrophaneura semperi aphtonia nan
7730,Lepidoptera,Butterfly,Papilionidae,Atrophaneura,Atrophaneura semperi,Atrophaneura semperi aphtonia,Atrophaneura semperi aphtonia female,Lepidoptera Butterfly Papilionidae Atrophaneura semperi aphtonia female
7732,Lepidoptera,Butterfly,Papilionidae,Graphium,Graphium decolor,Graphium decolor sibuyana,,Lepidoptera Butterfly Papilionidae Graphium decolor sibuyana nan
7736,Lepidoptera,Butterfly,Papilionidae,Graphium,Graphium decolor,Graphium decolor tigris,,Lepidoptera Butterfly Papilionidae Graphium decolor tigris nan
7737,Lepidoptera,Butterfly,Papilionidae,Graphium,Graphium decolor,Graphium decolor tigris,Graphium decolor tigris male,Lepidoptera Butterfly Papilionidae Graphium decolor tigris male
7738,Lepidoptera,Butterfly,Papilionidae,Graphium,Graphium macareus,Graphium macareus perakensis,,Lepidoptera Butterfly Papilionidae Graphium macareus perakensis nan
7743,Lepidoptera,Butterfly,Papilionidae,Graphium,Graphium macareus,Graphium macareus macaristus,Graphium macareus macaristus male,Lepidoptera Butterfly Papilionidae Graphium macareus macaristus male
7744,Lepidoptera,Butterfly,Papilionidae,Graphium,Graphium eurypylus,Graphium eurypylus lycaonides,Graphium eurypylus lycaonides female,Lepidoptera Butterfly Papilionidae Graphium eurypylus lycaonides female
7803,Lepidoptera,Butterfly,Papilionidae,Graphium,Graphium eurypylus,Graphium eurypylus lepidus,Graphium eurypylus lepidus female,Lepidoptera Butterfly Papilionidae Graphium eurypylus lepidus female
7804,Lepidoptera,Butterfly,Papilionidae,Graphium,Graphium eurypylus,Graphium eurypylus lepidus,Graphium eurypylus lepidus male,Lepidoptera Butterfly Papilionidae Graphium eurypylus lepidus male
7807,Lepidoptera,Butterfly,Papilionidae,Graphium,Graphium eurypylus,Graphium eurypylus sallastinus,Graphium eurypylus sallastinus male,Lepidoptera Butterfly Papilionidae Graphium eurypylus sallastinus male
7812,Lepidoptera,Butterfly,Papilionidae,Ornithoptera,Ornithoptera priamus,Ornithoptera priamus,Ornithoptera priamus male,Lepidoptera Butterfly Papilionidae Ornithoptera priamus nan male
7813,Lepidoptera,Butterfly,Papilionidae,Ornithoptera,Ornithoptera victoriae,Ornithoptera victoriae regis,Ornithoptera victoriae regis female,Lepidoptera Butterfly Papilionidae Ornithoptera victoriae regis female
7814,Lepidoptera,Butterfly,Papilionidae,Ornithoptera,Ornithoptera priamus,Ornithoptera priamus,,Lepidoptera Butterfly Papilionidae Ornithoptera priamus nan nan
7817,Lepidoptera,Butterfly,Papilionidae,Ornithoptera,Ornithoptera priamus,Ornithoptera priamus,Ornithoptera priamus female,Lepidoptera Butterfly Papilionidae Ornithoptera priamus nan female
7818,Lepidoptera,Butterfly,Papilionidae,Ornithoptera,Ornithoptera goliath,Ornithoptera goliath samson,Ornithoptera goliath samson male,Lepidoptera Butterfly Papilionidae Ornithoptera goliath samson male
7819,Lepidoptera,Butterfly,Papilionidae,Ornithoptera,Ornithoptera goliath,Ornithoptera goliath samson,,Lepidoptera Butterfly Papilionidae Ornithoptera goliath samson nan
7820,Lepidoptera,Butterfly,Papilionidae,Ornithoptera,Ornithoptera goliath,Ornithoptera goliath samson,Ornithoptera goliath samson female,Lepidoptera Butterfly Papilionidae Ornithoptera goliath samson female
7822,Lepidoptera,Butterfly,Papilionidae,Graphium,Graphium agamemnon,Graphium agamemnon meton,,Lepidoptera Butterfly Papilionidae Graphium agamemnon meton nan
7830,Lepidoptera,Butterfly,Papilionidae,Graphium,Graphium sarpedon,Graphium sarpedon rufofervidus,,Lepidoptera Butterfly Papilionidae Graphium sarpedon rufofervidus nan
7831,Lepidoptera,Butterfly,Papilionidae,Graphium,Graphium codrus,Graphium codrus celebensis,Graphium codrus celebensis female,Lepidoptera Butterfly Papilionidae Graphium codrus celebensis female
7832,Lepidoptera,Butterfly,Papilionidae,Graphium,Graphium codrus,Graphium codrus celebensis,,Lepidoptera Butterfly Papilionidae Graphium codrus celebensis nan
7838,Lepidoptera,Butterfly,Papilionidae,Graphium,Graphium codrus,Graphium codrus celebensis,Graphium codrus celebensis male,Lepidoptera Butterfly Papilionidae Graphium codrus celebensis male
7853,Lepidoptera,Butterfly,Papilionidae,Graphium,Graphium codrus,Graphium codrus toealensis,Graphium codrus toealensis male,Lepidoptera Butterfly Papilionidae Graphium codrus toealensis male
7854,Lepidoptera,Butterfly,Papilionidae,Graphium,Graphium codrus,Graphium codrus toealensis,,Lepidoptera Butterfly Papilionidae Graphium codrus toealensis nan
7855,Lepidoptera,Butterfly,Papilionidae,Graphium,Graphium codrus,Graphium codrus toealensis,Graphium codrus toealensis female,Lepidoptera Butterfly Papilionidae Graphium codrus toealensis female
7867,Lepidoptera,Butterfly,Papilionidae,Graphium,Graphium sarpedon,Graphium sarpedon rufofervidus,Graphium sarpedon rufofervidus male,Lepidoptera Butterfly Papilionidae Graphium sarpedon rufofervidus male
7868,Lepidoptera,Butterfly,Papilionidae,Graphium,Graphium aristeus,Graphium aristeus timocrates,Graphium aristeus timocrates male,Lepidoptera Butterfly Papilionidae Graphium aristeus timocrates male
7871,Lepidoptera,Butterfly,Papilionidae,Graphium,Graphium aristeus,Graphium aristeus parmatus,Graphium aristeus parmatus female,Lepidoptera Butterfly Papilionidae Graphium aristeus parmatus female
7872,Lepidoptera,Butterfly,Papilionidae,Graphium,Graphium aristeus,Graphium aristeus parmatus,,Lepidoptera Butterfly Papilionidae Graphium aristeus parmatus nan
7963,Lepidoptera,Butterfly,Papilionidae,Graphium,Graphium arycles,Graphium arycles,,Lepidoptera Butterfly Papilionidae Graphium arycles nan nan
7980,Lepidoptera,Butterfly,Papilionidae,Lamproptera,Lamproptera meges,Lamproptera meges decius,Lamproptera meges decius male,Lepidoptera Butterfly Papilionidae Lamproptera meges decius male
8004,Lepidoptera,Butterfly,Papilionidae,Graphium,Graphium sarpedon,Graphium sarpedon adonarensis,Graphium sarpedon adonarensis male,Lepidoptera Butterfly Papilionidae Graphium sarpedon adonarensis male
8005,Lepidoptera,Butterfly,Papilionidae,Graphium,Graphium sarpedon,Graphium sarpedon choredon,,Lepidoptera Butterfly Papilionidae Graphium sarpedon choredon nan
8010,Lepidoptera,Butterfly,Papilionidae,Graphium,Graphium anthedon,Graphium anthedon choredon,,Lepidoptera Butterfly Papilionidae Graphium anthedon choredon nan
8027,Lepidoptera,Butterfly,Papilionidae,Graphium,Graphium sarpedon,Graphium sarpedon,Graphium sarpedon male,Lepidoptera Butterfly Papilionidae Graphium sarpedon nan male
8038,Lepidoptera,Butterfly,Papilionidae,Pachliopta,Pachliopta kotzebuea,Pachliopta kotzebuea tindongani,,Lepidoptera Butterfly Papilionidae Pachliopta kotzebuea tindongani nan
8040,Lepidoptera,Butterfly,Papilionidae,Pachliopta,Pachliopta kotzebuea,Pachliopta kotzebuea tindongani,Pachliopta kotzebuea tindongani male,Lepidoptera Butterfly Papilionidae Pachliopta kotzebuea tindongani male
8047,Lepidoptera,Butterfly,Papilionidae,Troides,Troides criton,Troides criton criton,Troides criton criton female,Lepidoptera Butterfly Papilionidae Troides criton criton female
8060,Lepidoptera,Butterfly,Papilionidae,Troides,Troides criton,Troides criton criton,Troides criton criton male,Lepidoptera Butterfly Papilionidae Troides criton criton male
8061,Lepidoptera,Butterfly,Papilionidae,Troides,Troides criton,Troides criton,Troides criton female,Lepidoptera Butterfly Papilionidae Troides criton nan female
8064,Lepidoptera,Butterfly,Papilionidae,Troides,Troides criton,Troides criton,,Lepidoptera Butterfly Papilionidae Troides criton nan nan
8069,Lepidoptera,Butterfly,Papilionidae,Troides,Troides oblongomaculatus,Troides oblongomaculatus,,Lepidoptera Butterfly Papilionidae Troides oblongomaculatus nan nan
8079,Lepidoptera,Butterfly,Papilionidae,Troides,Troides oblongomaculatus,Troides oblongomaculatus papuensis,Troides oblongomaculatus papuensis male,Lepidoptera Butterfly Papilionidae Troides oblongomaculatus papuensis male
8081,Lepidoptera,Butterfly,Papilionidae,Troides,Troides oblongomaculatus,Troides oblongomaculatus papuensis,,Lepidoptera Butterfly Papilionidae Troides oblongomaculatus papuensis nan
8087,Lepidoptera,Butterfly,Papilionidae,Troides,Troides dohertyi,Troides dohertyi,Troides dohertyi male,Lepidoptera Butterfly Papilionidae Troides dohertyi nan male
8088,Lepidoptera,Butterfly,Papilionidae,Pachliopta,Pachliopta polydorus,Pachliopta polydorus septentrionalis,,Lepidoptera Butterfly Papilionidae Pachliopta polydorus septentrionalis nan
8089,Lepidoptera,Butterfly,Papilionidae,Pachliopta,Pachliopta polydorus,Pachliopta polydorus septentrionalis,Pachliopta polydorus septentrionalis female,Lepidoptera Butterfly Papilionidae Pachliopta polydorus septentrionalis female
8090,Lepidoptera,Butterfly,Papilionidae,Pachliopta,Pachliopta polydorus,Pachliopta polydorus septentrionalis,Pachliopta polydorus septentrionalis male,Lepidoptera Butterfly Papilionidae Pachliopta polydorus septentrionalis male
8097,Lepidoptera,Butterfly,Papilionidae,Troides,Troides dohertyi,Troides dohertyi,Troides dohertyi female,Lepidoptera Butterfly Papilionidae Troides dohertyi nan female
8150,Lepidoptera,Butterfly,Papilionidae,Pachliopta,Pachliopta antiphus,Pachliopta antiphus,,Lepidoptera Butterfly Papilionidae Pachliopta antiphus nan nan
8169,Lepidoptera,Butterfly,Papilionidae,Pachliopta,Pachliopta antiphus,Pachliopta antiphus acuta,,Lepidoptera Butterfly Papilionidae Pachliopta antiphus acuta nan
8198,Lepidoptera,Butterfly,Papilionidae,Troides,Troides oblongomaculatus,Troides oblongomaculatus papuensis,Troides oblongomaculatus papuensis female,Lepidoptera Butterfly Papilionidae Troides oblongomaculatus papuensis female
8204,Lepidoptera,Butterfly,Papilionidae,Troides,Troides helena,Troides helena propinquus,Troides helena propinquus female,Lepidoptera Butterfly Papilionidae Troides helena propinquus female
8205,Lepidoptera,Butterfly,Papilionidae,Troides,Troides aeacus,Troides aeacus,,Lepidoptera Butterfly Papilionidae Troides aeacus nan nan
8206,Lepidoptera,Butterfly,Papilionidae,Troides,Troides aeacus,Troides aeacus thomsoni,Troides aeacus thomsoni female,Lepidoptera Butterfly Papilionidae Troides aeacus thomsoni female
8207,Lepidoptera,Butterfly,Papilionidae,Troides,Troides aeacus,Troides aeacus thomsoni,Troides aeacus thomsoni male,Lepidoptera Butterfly Papilionidae Troides aeacus thomsoni male
8214,Lepidoptera,Butterfly,Papilionidae,Troides,Troides criton,Troides criton,Troides criton male,Lepidoptera Butterfly Papilionidae Troides criton nan male
8235,Lepidoptera,Butterfly,Papilionidae,Pachliopta,Pachliopta oreon,Pachliopta oreon godmani,Pachliopta oreon godmani female,Lepidoptera Butterfly Papilionidae Pachliopta oreon godmani female
8236,Lepidoptera,Butterfly,Papilionidae,Pachliopta,Pachliopta oreon,Pachliopta oreon godmani,,Lepidoptera Butterfly Papilionidae Pachliopta oreon godmani nan
8243,Lepidoptera,Butterfly,Papilionidae,Pachliopta,Pachliopta oreon,Pachliopta oreon godmani,Pachliopta oreon godmani male,Lepidoptera Butterfly Papilionidae Pachliopta oreon godmani male
8251,Lepidoptera,Butterfly,Papilionidae,Troides,Troides aeacus,Troides aeacus,Troides aeacus female,Lepidoptera Butterfly Papilionidae Troides aeacus nan female
8254,Lepidoptera,Butterfly,Papilionidae,Graphium,Graphium agetes,Graphium agetes kinabaluensis,Graphium agetes kinabaluensis male,Lepidoptera Butterfly Papilionidae Graphium agetes kinabaluensis male
8295,Lepidoptera,Butterfly,Papilionidae,Losaria,Losaria neptunus,Losaria neptunus creber,Losaria neptunus creber female,Lepidoptera Butterfly Papilionidae Losaria neptunus creber female
8298,Lepidoptera,Butterfly,Papilionidae,Atrophaneura,Atrophaneura hageni,Atrophaneura hageni,Atrophaneura hageni female,Lepidoptera Butterfly Papilionidae Atrophaneura hageni nan female
8307,Lepidoptera,Butterfly,Papilionidae,Graphium,Graphium antiphates,Graphium antiphates balius,Graphium antiphates balius male,Lepidoptera Butterfly Papilionidae Graphium antiphates balius male
8320,Lepidoptera,Butterfly,Papilionidae,Graphium,Graphium rhesus,Graphium rhesus,Graphium rhesus male,Lepidoptera Butterfly Papilionidae Graphium rhesus nan male
8359,Lepidoptera,Butterfly,Papilionidae,Graphium,Graphium aristeus,Graphium aristeus timocrates,,Lepidoptera Butterfly Papilionidae Graphium aristeus timocrates nan
8369,Lepidoptera,Butterfly,Papilionidae,Graphium,Graphium aristeus,Graphium aristeus timocrates,Graphium aristeus timocrates female,Lepidoptera Butterfly Papilionidae Graphium aristeus timocrates female
8412,Lepidoptera,Butterfly,Papilionidae,Pachliopta,Pachliopta polydorus,Pachliopta polydorus polypemon,,Lepidoptera Butterfly Papilionidae Pachliopta polydorus polypemon nan
8421,Lepidoptera,Butterfly,Papilionidae,Pachliopta,Pachliopta polydorus,Pachliopta polydorus polypemon,Pachliopta polydorus polypemon male,Lepidoptera Butterfly Papilionidae Pachliopta polydorus polypemon male
8423,Lepidoptera,Butterfly,Papilionidae,Pachliopta,Pachliopta polydorus,Pachliopta polydorus polypemon,Pachliopta polydorus polypemon female,Lepidoptera Butterfly Papilionidae Pachliopta polydorus polypemon female
8425,Lepidoptera,Butterfly,Papilionidae,Pachliopta,Pachliopta polydorus,Pachliopta polydorus tenimberensis,Pachliopta polydorus tenimberensis female,Lepidoptera Butterfly Papilionidae Pachliopta polydorus tenimberensis female
8439,Lepidoptera,Butterfly,Papilionidae,Papilio,Papilio albinus,Papilio albinus albinus,Papilio albinus albinus male,Lepidoptera Butterfly Papilionidae Papilio albinus albinus male
8443,Lepidoptera,Butterfly,Papilionidae,Papilio,Papilio ambrax,Papilio ambrax,,Lepidoptera Butterfly Papilionidae Papilio ambrax nan nan
8451,Lepidoptera,Butterfly,Papilionidae,Papilio,Papilio ambrax,Papilio ambrax,Papilio ambrax female,Lepidoptera Butterfly Papilionidae Papilio ambrax nan female
8484,Lepidoptera,Butterfly,Papilionidae,Graphium,Graphium weiskei,Graphium weiskei,Graphium weiskei female,Lepidoptera Butterfly Papilionidae Graphium weiskei nan female
8509,Lepidoptera,Butterfly,Papilionidae,Graphium,Graphium codrus,Graphium codrus pisidice,,Lepidoptera Butterfly Papilionidae Graphium codrus pisidice nan
8510,Lepidoptera,Butterfly,Papilionidae,Graphium,Graphium codrus,Graphium codrus melanthus,,Lepidoptera Butterfly Papilionidae Graphium codrus melanthus nan
8514,Lepidoptera,Butterfly,Papilionidae,Graphium,Graphium codrus,Graphium codrus medon,Graphium codrus medon female,Lepidoptera Butterfly Papilionidae Graphium codrus medon female
8518,Lepidoptera,Butterfly,Papilionidae,Graphium,Graphium codrus,Graphium codrus medon,Graphium codrus medon male,Lepidoptera Butterfly Papilionidae Graphium codrus medon male
8555,Lepidoptera,Butterfly,Papilionidae,Troides,Troides helena,Troides helena hephaestus,,Lepidoptera Butterfly Papilionidae Troides helena hephaestus nan
8558,Lepidoptera,Butterfly,Papilionidae,Troides,Troides oblongomaculatus,Troides oblongomaculatus oblongomaculatus,,Lepidoptera Butterfly Papilionidae Troides oblongomaculatus oblongomaculatus nan
8559,Lepidoptera,Butterfly,Papilionidae,Pachliopta,Pachliopta polydorus,Pachliopta polydorus kajelanus,Pachliopta polydorus kajelanus female,Lepidoptera Butterfly Papilionidae Pachliopta polydorus kajelanus female
8561,Lepidoptera,Butterfly,Papilionidae,Pachliopta,Pachliopta polydorus,Pachliopta polydorus kajelanus,,Lepidoptera Butterfly Papilionidae Pachliopta polydorus kajelanus nan
8562,Lepidoptera,Butterfly,Papilionidae,Pachliopta,Pachliopta polydorus,Pachliopta polydorus aignanus,,Lepidoptera Butterfly Papilionidae Pachliopta polydorus aignanus nan
8566,Lepidoptera,Butterfly,Papilionidae,Pachliopta,Pachliopta liris,Pachliopta liris aberrans,Pachliopta liris aberrans male,Lepidoptera Butterfly Papilionidae Pachliopta liris aberrans male
8582,Lepidoptera,Butterfly,Papilionidae,Pachliopta,Pachliopta liris,Pachliopta liris liris,,Lepidoptera Butterfly Papilionidae Pachliopta liris liris nan
8583,Lepidoptera,Butterfly,Papilionidae,Pachliopta,Pachliopta liris,Pachliopta liris,,Lepidoptera Butterfly Papilionidae Pachliopta liris nan nan
8584,Lepidoptera,Butterfly,Papilionidae,Pachliopta,Pachliopta polydorus,Pachliopta polydorus polydorus,,Lepidoptera Butterfly Papilionidae Pachliopta polydorus polydorus nan
8595,Lepidoptera,Butterfly,Papilionidae,Pachliopta,Pachliopta polydorus,Pachliopta polydorus polydorus,Pachliopta polydorus polydorus female,Lepidoptera Butterfly Papilionidae Pachliopta polydorus polydorus female
8596,Lepidoptera,Butterfly,Papilionidae,Pachliopta,Pachliopta adamas,Pachliopta adamas balinus,,Lepidoptera Butterfly Papilionidae Pachliopta adamas balinus nan
8599,Lepidoptera,Butterfly,Papilionidae,Pachliopta,Pachliopta adamas,Pachliopta adamas lombockensis,,Lepidoptera Butterfly Papilionidae Pachliopta adamas lombockensis nan
8617,Lepidoptera,Butterfly,Papilionidae,Graphium,Graphium codrus,Graphium codrus gilolensis,Graphium codrus gilolensis male,Lepidoptera Butterfly Papilionidae Graphium codrus gilolensis male
8618,Lepidoptera,Butterfly,Papilionidae,Graphium,Graphium codrus,Graphium codrus gilolensis,,Lepidoptera Butterfly Papilionidae Graphium codrus gilolensis nan
8620,Lepidoptera,Butterfly,Papilionidae,Graphium,Graphium codrus,Graphium codrus gilolensis,Graphium codrus gilolensis female,Lepidoptera Butterfly Papilionidae Graphium codrus gilolensis female
8626,Lepidoptera,Butterfly,Papilionidae,Graphium,Graphium stresemanni,Graphium stresemanni,,Lepidoptera Butterfly Papilionidae Graphium stresemanni nan nan
8630,Lepidoptera,Butterfly,Papilionidae,Graphium,Graphium stresemanni,Graphium stresemanni,Graphium stresemanni male,Lepidoptera Butterfly Papilionidae Graphium stresemanni nan male
8638,Lepidoptera,Butterfly,Papilionidae,Graphium,Graphium codrus,Graphium codrus codrus,,Lepidoptera Butterfly Papilionidae Graphium codrus codrus nan
8641,Lepidoptera,Butterfly,Papilionidae,Graphium,Graphium codrus,Graphium codrus codrus,Graphium codrus codrus female,Lepidoptera Butterfly Papilionidae Graphium codrus codrus female
8650,Lepidoptera,Butterfly,Papilionidae,Graphium,Graphium macareus,Graphium macareus xanthosoma,,Lepidoptera Butterfly Papilionidae Graphium macareus xanthosoma nan
8651,Lepidoptera,Butterfly,Papilionidae,Graphium,Graphium macareus,Graphium macareus xanthosoma,Graphium macareus xanthosoma male,Lepidoptera Butterfly Papilionidae Graphium macareus xanthosoma male
8656,Lepidoptera,Butterfly,Papilionidae,Graphium,Graphium thule,Graphium thule thule,,Lepidoptera Butterfly Papilionidae Graphium thule thule nan
8660,Lepidoptera,Butterfly,Papilionidae,Atrophaneura,Atrophaneura dixoni,Atrophaneura dixoni,Atrophaneura dixoni female,Lepidoptera Butterfly Papilionidae Atrophaneura dixoni nan female
8669,Lepidoptera,Butterfly,Papilionidae,Graphium,Graphium delesserti,Graphium delesserti palawanus,Graphium delesserti palawanus female,Lepidoptera Butterfly Papilionidae Graphium delesserti palawanus female
8671,Lepidoptera,Butterfly,Papilionidae,Graphium,Graphium delesserti,Graphium delesserti palawanus,Graphium delesserti palawanus male,Lepidoptera Butterfly Papilionidae Graphium delesserti palawanus male
8674,Lepidoptera,Butterfly,Papilionidae,Graphium,Graphium delesserti,Graphium delesserti palawanus,,Lepidoptera Butterfly Papilionidae Graphium delesserti palawanus nan
8678,Lepidoptera,Butterfly,Papilionidae,Graphium,Graphium decolor,Graphium decolor neozebraica,,Lepidoptera Butterfly Papilionidae Graphium decolor neozebraica nan
8687,Lepidoptera,Butterfly,Papilionidae,Graphium,Graphium decolor,Graphium decolor decolor,,Lepidoptera Butterfly Papilionidae Graphium decolor decolor nan
8712,Lepidoptera,Butterfly,Papilionidae,Troides,Troides helena,Troides helena typhaon,,Lepidoptera Butterfly Papilionidae Troides helena typhaon nan
8713,Lepidoptera,Butterfly,Papilionidae,Graphium,Graphium doson,Graphium doson doson,,Lepidoptera Butterfly Papilionidae Graphium doson doson nan
8721,Lepidoptera,Butterfly,Papilionidae,Pachliopta,Pachliopta polydorus,Pachliopta polydorus polydorus,Pachliopta polydorus polydorus male,Lepidoptera Butterfly Papilionidae Pachliopta polydorus polydorus male
8724,Lepidoptera,Butterfly,Papilionidae,Pachliopta,Pachliopta polydorus,Pachliopta polydorus thessalia,,Lepidoptera Butterfly Papilionidae Pachliopta polydorus thessalia nan
8725,Lepidoptera,Butterfly,Papilionidae,Pachliopta,Pachliopta polydorus,Pachliopta polydorus thessalia,Pachliopta polydorus thessalia female,Lepidoptera Butterfly Papilionidae Pachliopta polydorus thessalia female
8734,Lepidoptera,Butterfly,Papilionidae,Pachliopta,Pachliopta polyphontes,Pachliopta polyphontes rosea,Pachliopta polyphontes rosea male,Lepidoptera Butterfly Papilionidae Pachliopta polyphontes rosea male
8735,Lepidoptera,Butterfly,Papilionidae,Pachliopta,Pachliopta polyphontes,Pachliopta polyphontes rosea,Pachliopta polyphontes rosea female,Lepidoptera Butterfly Papilionidae Pachliopta polyphontes rosea female
8739,Lepidoptera,Butterfly,Papilionidae,Pachliopta,Pachliopta polyphontes,Pachliopta polyphontes rosea,,Lepidoptera Butterfly Papilionidae Pachliopta polyphontes rosea nan
8746,Lepidoptera,Butterfly,Papilionidae,Troides,Troides helena,Troides helena,Troides helena female,Lepidoptera Butterfly Papilionidae Troides helena nan female
8784,Lepidoptera,Butterfly,Papilionidae,Graphium,Graphium agamemnon,Graphium agamemnon guttatus,Graphium agamemnon guttatus male,Lepidoptera Butterfly Papilionidae Graphium agamemnon guttatus male
8786,Lepidoptera,Butterfly,Papilionidae,Graphium,Graphium agamemnon,Graphium agamemnon guttatus,Graphium agamemnon guttatus female,Lepidoptera Butterfly Papilionidae Graphium agamemnon guttatus female
8844,Lepidoptera,Butterfly,Papilionidae,Troides,Troides hypolitus,Troides hypolitus hypolitus,Troides hypolitus hypolitus female,Lepidoptera Butterfly Papilionidae Troides hypolitus hypolitus female
8847,Lepidoptera,Butterfly,Papilionidae,Pachliopta,Pachliopta kotzebuea,Pachliopta kotzebuea philippus,,Lepidoptera Butterfly Papilionidae Pachliopta kotzebuea philippus nan
8855,Lepidoptera,Butterfly,Papilionidae,Troides,Troides magellanus,Troides magellanus,,Lepidoptera Butterfly Papilionidae Troides magellanus nan nan
8868,Lepidoptera,Butterfly,Papilionidae,Troides,Troides hypolitus,Troides hypolitus hypolitus,Troides hypolitus hypolitus male,Lepidoptera Butterfly Papilionidae Troides hypolitus hypolitus male
8869,Lepidoptera,Butterfly,Papilionidae,Troides,Troides riedeli,Troides riedeli,,Lepidoptera Butterfly Papilionidae Troides riedeli nan nan
8870,Lepidoptera,Butterfly,Papilionidae,Troides,Troides riedeli,Troides riedeli,Troides riedeli female,Lepidoptera Butterfly Papilionidae Troides riedeli nan female
8872,Lepidoptera,Butterfly,Papilionidae,Troides,Troides riedeli,Troides riedeli,Troides riedeli male,Lepidoptera Butterfly Papilionidae Troides riedeli nan male
8875,Lepidoptera,Butterfly,Papilionidae,Troides,Troides criton,Troides criton critonides,,Lepidoptera Butterfly Papilionidae Troides criton critonides nan
8877,Lepidoptera,Butterfly,Papilionidae,Troides,Troides rhadamantus,Troides rhadamantus,Troides rhadamantus female,Lepidoptera Butterfly Papilionidae Troides rhadamantus nan female
8878,Lepidoptera,Butterfly,Papilionidae,Troides,Troides miranda,Troides miranda neomiranda,,Lepidoptera Butterfly Papilionidae Troides miranda neomiranda nan
8879,Lepidoptera,Butterfly,Papilionidae,Troides,Troides haliphron,Troides haliphron pallens,Troides haliphron pallens male,Lepidoptera Butterfly Papilionidae Troides haliphron pallens male
8880,Lepidoptera,Butterfly,Papilionidae,Troides,Troides haliphron,Troides haliphron pallens,,Lepidoptera Butterfly Papilionidae Troides haliphron pallens nan
8885,Lepidoptera,Butterfly,Papilionidae,Troides,Troides haliphron,Troides haliphron,,Lepidoptera Butterfly Papilionidae Troides haliphron nan nan
8890,Lepidoptera,Butterfly,Papilionidae,Troides,Troides haliphron,Troides haliphron pallens,Troides haliphron pallens female,Lepidoptera Butterfly Papilionidae Troides haliphron pallens female
8905,Lepidoptera,Butterfly,Papilionidae,Troides,Troides ritsemae,Troides ritsemae ritsemae,Troides ritsemae ritsemae female,Lepidoptera Butterfly Papilionidae Troides ritsemae ritsemae female
8906,Lepidoptera,Butterfly,Papilionidae,Troides,Troides magellanus,Troides magellanus,Troides magellanus male,Lepidoptera Butterfly Papilionidae Troides magellanus nan male
8909,Lepidoptera,Butterfly,Papilionidae,Ornithoptera,Ornithoptera croesus,Ornithoptera croesus lydius,Ornithoptera croesus lydius male,Lepidoptera Butterfly Papilionidae Ornithoptera croesus lydius male
8923,Lepidoptera,Butterfly,Papilionidae,Ornithoptera,Ornithoptera chimaera,Ornithoptera chimaera,,Lepidoptera Butterfly Papilionidae Ornithoptera chimaera nan nan
8924,Lepidoptera,Butterfly,Papilionidae,Ornithoptera,Ornithoptera croesus,Ornithoptera croesus,,Lepidoptera Butterfly Papilionidae Ornithoptera croesus nan nan
8925,Lepidoptera,Butterfly,Papilionidae,Ornithoptera,Ornithoptera croesus,Ornithoptera croesus,Ornithoptera croesus female,Lepidoptera Butterfly Papilionidae Ornithoptera croesus nan female
8945,Lepidoptera,Butterfly,Papilionidae,Papilio,Papilio benguetana,Papilio benguetana,,Lepidoptera Butterfly Papilionidae Papilio benguetana nan nan
8952,Lepidoptera,Butterfly,Papilionidae,Papilio,Papilio benguetana,Papilio benguetana,Papilio benguetana male,Lepidoptera Butterfly Papilionidae Papilio benguetana nan male
8960,Lepidoptera,Butterfly,Papilionidae,Papilio,Papilio euchenor,Papilio euchenor euchenor,,Lepidoptera Butterfly Papilionidae Papilio euchenor euchenor nan
8991,Lepidoptera,Butterfly,Papilionidae,Papilio,Papilio deiphobus,Papilio deiphobus deiphontes,,Lepidoptera Butterfly Papilionidae Papilio deiphobus deiphontes nan
8992,Lepidoptera,Butterfly,Papilionidae,Papilio,Papilio deiphobus,Papilio deiphobus deiphontes,Papilio deiphobus deiphontes male,Lepidoptera Butterfly Papilionidae Papilio deiphobus deiphontes male
8994,Lepidoptera,Butterfly,Papilionidae,Papilio,Papilio antonio,Papilio antonio,Papilio antonio female,Lepidoptera Butterfly Papilionidae Papilio antonio nan female
8995,Lepidoptera,Butterfly,Papilionidae,Papilio,Papilio antonio,Papilio antonio,Papilio antonio male,Lepidoptera Butterfly Papilionidae Papilio antonio nan male
8997,Lepidoptera,Butterfly,Papilionidae,Papilio,Papilio antonio,Papilio antonio,,Lepidoptera Butterfly Papilionidae Papilio antonio nan nan
8999,Lepidoptera,Butterfly,Papilionidae,Pachliopta,Pachliopta polydorus,Pachliopta polydorus thessalia,Pachliopta polydorus thessalia male,Lepidoptera Butterfly Papilionidae Pachliopta polydorus thessalia male
9009,Lepidoptera,Butterfly,Papilionidae,Pachliopta,Pachliopta polydorus,Pachliopta polydorus thessalia,Pachliopta polydorus thessalia mixed,Lepidoptera Butterfly Papilionidae Pachliopta polydorus thessalia mixed
9052,Lepidoptera,Butterfly,Papilionidae,Pachliopta,Pachliopta antiphus,Pachliopta antiphus brevicauda,,Lepidoptera Butterfly Papilionidae Pachliopta antiphus brevicauda nan
9054,Lepidoptera,Butterfly,Papilionidae,Pachliopta,Pachliopta antiphus,Pachliopta antiphus brevicauda,Pachliopta antiphus brevicauda female,Lepidoptera Butterfly Papilionidae Pachliopta antiphus brevicauda female
9068,Lepidoptera,Butterfly,Papilionidae,Troides,Troides oblongomaculatus,Troides oblongomaculatus thestius,,Lepidoptera Butterfly Papilionidae Troides oblongomaculatus thestius nan
9114,Lepidoptera,Butterfly,Papilionidae,Pachliopta,Pachliopta polyphontes,Pachliopta polyphontes polyphontes,Pachliopta polyphontes polyphontes female,Lepidoptera Butterfly Papilionidae Pachliopta polyphontes polyphontes female
9115,Lepidoptera,Butterfly,Papilionidae,Pachliopta,Pachliopta polyphontes,Pachliopta polyphontes polyphontes,Pachliopta polyphontes polyphontes male,Lepidoptera Butterfly Papilionidae Pachliopta polyphontes polyphontes male
9117,Lepidoptera,Butterfly,Papilionidae,Pachliopta,Pachliopta polyphontes,Pachliopta polyphontes phanocles,Pachliopta polyphontes phanocles male,Lepidoptera Butterfly Papilionidae Pachliopta polyphontes phanocles male
9119,Lepidoptera,Butterfly,Papilionidae,Pachliopta,Pachliopta polyphontes,Pachliopta polyphontes phanocles,Pachliopta polyphontes phanocles female,Lepidoptera Butterfly Papilionidae Pachliopta polyphontes phanocles female
9121,Lepidoptera,Butterfly,Papilionidae,Pachliopta,Pachliopta polyphontes,Pachliopta polyphontes aipytos,Pachliopta polyphontes aipytos male,Lepidoptera Butterfly Papilionidae Pachliopta polyphontes aipytos male
9122,Lepidoptera,Butterfly,Papilionidae,Pachliopta,Pachliopta polyphontes,Pachliopta polyphontes aipytos,Pachliopta polyphontes aipytos female,Lepidoptera Butterfly Papilionidae Pachliopta polyphontes aipytos female
9125,Lepidoptera,Butterfly,Papilionidae,Pachliopta,Pachliopta polyphontes,Pachliopta polyphontes,,Lepidoptera Butterfly Papilionidae Pachliopta polyphontes nan nan
9149,Lepidoptera,Butterfly,Papilionidae,Pachliopta,Pachliopta polyphontes,Pachliopta polyphontes,Pachliopta polyphontes female,Lepidoptera Butterfly Papilionidae Pachliopta polyphontes nan female
9178,Lepidoptera,Butterfly,Papilionidae,Pachliopta,Pachliopta aristolochiae,Pachliopta aristolochiae ceylonica,,Lepidoptera Butterfly Papilionidae Pachliopta aristolochiae ceylonica nan
9206,Lepidoptera,Butterfly,Papilionidae,Troides,Troides rhadamantus,Troides rhadamantus plateni,,Lepidoptera Butterfly Papilionidae Troides rhadamantus plateni nan
9212,Lepidoptera,Butterfly,Papilionidae,Ornithoptera,Ornithoptera croesus,Ornithoptera croesus,Ornithoptera croesus male,Lepidoptera Butterfly Papilionidae Ornithoptera croesus nan male
9218,Lepidoptera,Butterfly,Papilionidae,Troides,Troides oblongomaculatus,Troides oblongomaculatus,Troides oblongomaculatus male,Lepidoptera Butterfly Papilionidae Troides oblongomaculatus nan male
9241,Lepidoptera,Butterfly,Papilionidae,Ornithoptera,Ornithoptera croesus,Ornithoptera croesus lydius,,Lepidoptera Butterfly Papilionidae Ornithoptera croesus lydius nan
9243,Lepidoptera,Butterfly,Papilionidae,Troides,Troides helena,Troides helena,Troides helena male,Lepidoptera Butterfly Papilionidae Troides helena nan male
9256,Lepidoptera,Butterfly,Papilionidae,Troides,Troides rhadamantus,Troides rhadamantus,,Lepidoptera Butterfly Papilionidae Troides rhadamantus nan nan
9257,Lepidoptera,Butterfly,Papilionidae,Troides,Troides rhadamantus,Troides rhadamantus,Troides rhadamantus male,Lepidoptera Butterfly Papilionidae Troides rhadamantus nan male
9258,Lepidoptera,Butterfly,Papilionidae,Troides,Troides amphrysus,Troides amphrysus euthydeme,,Lepidoptera Butterfly Papilionidae Troides amphrysus euthydeme nan
9284,Lepidoptera,Butterfly,Papilionidae,Papilio,Papilio sataspes,Papilio sataspes sataspes,,Lepidoptera Butterfly Papilionidae Papilio sataspes sataspes nan
9286,Lepidoptera,Butterfly,Papilionidae,Papilio,Papilio sataspes,Papilio sataspes sataspes,Papilio sataspes sataspes male,Lepidoptera Butterfly Papilionidae Papilio sataspes sataspes male
9287,Lepidoptera,Butterfly,Papilionidae,Papilio,Papilio helenus,Papilio helenus mangarinus,,Lepidoptera Butterfly Papilionidae Papilio helenus mangarinus nan
9291,Lepidoptera,Butterfly,Papilionidae,Papilio,Papilio iswaroides,Papilio iswaroides iswaroides,,Lepidoptera Butterfly Papilionidae Papilio iswaroides iswaroides nan
9301,Lepidoptera,Butterfly,Papilionidae,Atrophaneura,Atrophaneura nox,Atrophaneura nox solokanus,,Lepidoptera Butterfly Papilionidae Atrophaneura nox solokanus nan
9327,Lepidoptera,Butterfly,Papilionidae,Graphium,Graphium sarpedon,Graphium sarpedon lycianus,,Lepidoptera Butterfly Papilionidae Graphium sarpedon lycianus nan
9343,Lepidoptera,Butterfly,Papilionidae,Pachliopta,Pachliopta adamas,Pachliopta adamas agricola,,Lepidoptera Butterfly Papilionidae Pachliopta adamas agricola nan
9348,Lepidoptera,Butterfly,Papilionidae,Pachliopta,Pachliopta adamas,Pachliopta adamas agricola,Pachliopta adamas agricola male,Lepidoptera Butterfly Papilionidae Pachliopta adamas agricola male
9350,Lepidoptera,Butterfly,Papilionidae,Troides,Troides haliphron,Troides haliphron iris,Troides haliphron iris male,Lepidoptera Butterfly Papilionidae Troides haliphron iris male
9352,Lepidoptera,Butterfly,Papilionidae,Troides,Troides haliphron,Troides haliphron iris,Troides haliphron iris female,Lepidoptera Butterfly Papilionidae Troides haliphron iris female
9353,Lepidoptera,Butterfly,Papilionidae,Troides,Troides plato,Troides plato plato,Troides plato plato male,Lepidoptera Butterfly Papilionidae Troides plato plato male
9359,Lepidoptera,Butterfly,Papilionidae,Troides,Troides andromache,Troides andromache andromache,,Lepidoptera Butterfly Papilionidae Troides andromache andromache nan
9360,Lepidoptera,Butterfly,Papilionidae,Troides,Troides andromache,Troides andromache andromache,Troides andromache andromache female,Lepidoptera Butterfly Papilionidae Troides andromache andromache female
9361,Lepidoptera,Butterfly,Papilionidae,Troides,Troides amphrysus,Troides amphrysus,,Lepidoptera Butterfly Papilionidae Troides amphrysus nan nan
9371,Lepidoptera,Butterfly,Papilionidae,Troides,Troides oblongomaculatus,Troides oblongomaculatus thestius,Troides oblongomaculatus thestius male,Lepidoptera Butterfly Papilionidae Troides oblongomaculatus thestius male
9376,Lepidoptera,Butterfly,Papilionidae,Troides,Troides amphrysus,Troides amphrysus,Troides amphrysus male,Lepidoptera Butterfly Papilionidae Troides amphrysus nan male
9384,Lepidoptera,Butterfly,Papilionidae,Troides,Troides amphrysus,Troides amphrysus,Troides amphrysus female,Lepidoptera Butterfly Papilionidae Troides amphrysus nan female
9414,Lepidoptera,Butterfly,Papilionidae,Ornithoptera,Ornithoptera priamus,Ornithoptera priamus arruana,Ornithoptera priamus arruana female,Lepidoptera Butterfly Papilionidae Ornithoptera priamus arruana female
9421,Lepidoptera,Butterfly,Papilionidae,Ornithoptera,Ornithoptera priamus,Ornithoptera priamus hecuba,Ornithoptera priamus hecuba male,Lepidoptera Butterfly Papilionidae Ornithoptera priamus hecuba male
9434,Lepidoptera,Butterfly,Papilionidae,Troides,Troides helena,Troides helena hephaestus,Troides helena hephaestus female,Lepidoptera Butterfly Papilionidae Troides helena hephaestus female
9435,Lepidoptera,Butterfly,Papilionidae,Papilio,Papilio demolion,Papilio demolion,,Lepidoptera Butterfly Papilionidae Papilio demolion nan nan
9436,Lepidoptera,Butterfly,Papilionidae,Papilio,Papilio demolion,Papilio demolion energetes,,Lepidoptera Butterfly Papilionidae Papilio demolion energetes nan
9437,Lepidoptera,Butterfly,Papilionidae,Papilio,Papilio demolion,Papilio demolion demolion,,Lepidoptera Butterfly Papilionidae Papilio demolion demolion nan
9445,Lepidoptera,Butterfly,Papilionidae,Troides,Troides rhadamantus,Troides rhadamantus rhadamantus,Troides rhadamantus rhadamantus female,Lepidoptera Butterfly Papilionidae Troides rhadamantus rhadamantus female
9447,Lepidoptera,Butterfly,Papilionidae,Troides,Troides rhadamantus,Troides rhadamantus rhadamantus,Troides rhadamantus rhadamantus male,Lepidoptera Butterfly Papilionidae Troides rhadamantus rhadamantus male
9453,Lepidoptera,Butterfly,Papilionidae,Troides,Troides helena,Troides helena cerberus,Troides helena cerberus female,Lepidoptera Butterfly Papilionidae Troides helena cerberus female
9467,Lepidoptera,Butterfly,Papilionidae,Troides,Troides haliphron,Troides haliphron,Troides haliphron male,Lepidoptera Butterfly Papilionidae Troides haliphron nan male
9476,Lepidoptera,Butterfly,Papilionidae,Troides,Troides haliphron,Troides haliphron,Troides haliphron female,Lepidoptera Butterfly Papilionidae Troides haliphron nan female
9505,Lepidoptera,Butterfly,Papilionidae,Troides,Troides haliphron,Troides haliphron pistor,Troides haliphron pistor male,Lepidoptera Butterfly Papilionidae Troides haliphron pistor male
9506,Lepidoptera,Butterfly,Papilionidae,Troides,Troides haliphron,Troides haliphron pistor,,Lepidoptera Butterfly Papilionidae Troides haliphron pistor nan
9508,Lepidoptera,Butterfly,Papilionidae,Troides,Troides helena,Troides helena cerberus,Troides helena cerberus male,Lepidoptera Butterfly Papilionidae Troides helena cerberus male
9510,Lepidoptera,Butterfly,Papilionidae,Troides,Troides helena,Troides helena cerberus,,Lepidoptera Butterfly Papilionidae Troides helena cerberus nan
9536,Lepidoptera,Butterfly,Papilionidae,Losaria,Losaria palu,Losaria palu,,Lepidoptera Butterfly Papilionidae Losaria palu nan nan
9538,Lepidoptera,Butterfly,Papilionidae,Losaria,Losaria palu,Losaria palu,Losaria palu male,Lepidoptera Butterfly Papilionidae Losaria palu nan male
9541,Lepidoptera,Butterfly,Papilionidae,Pachliopta,Pachliopta polyphontes,Pachliopta polyphontes sejanus,Pachliopta polyphontes sejanus male,Lepidoptera Butterfly Papilionidae Pachliopta polyphontes sejanus male
9544,Lepidoptera,Butterfly,Papilionidae,Pachliopta,Pachliopta polyphontes,Pachliopta polyphontes sejanus,Pachliopta polyphontes sejanus female,Lepidoptera Butterfly Papilionidae Pachliopta polyphontes sejanus female
9547,Lepidoptera,Butterfly,Papilionidae,Lamproptera,Lamproptera meges,Lamproptera meges ennius,,Lepidoptera Butterfly Papilionidae Lamproptera meges ennius nan
9569,Lepidoptera,Butterfly,Papilionidae,Ornithoptera,Ornithoptera priamus,Ornithoptera priamus urvillianus,Ornithoptera priamus urvillianus male,Lepidoptera Butterfly Papilionidae Ornithoptera priamus urvillianus male
9570,Lepidoptera,Butterfly,Papilionidae,Ornithoptera,Ornithoptera priamus,Ornithoptera priamus urvillianus,Ornithoptera priamus urvillianus female,Lepidoptera Butterfly Papilionidae Ornithoptera priamus urvillianus female
9586,Lepidoptera,Butterfly,Papilionidae,Papilio,Papilio clytia,Papilio clytia palephates,,Lepidoptera Butterfly Papilionidae Papilio clytia palephates nan
9606,Lepidoptera,Butterfly,Papilionidae,Papilio,Papilio agestor,Papilio agestor shirozui,,Lepidoptera Butterfly Papilionidae Papilio agestor shirozui nan
9607,Lepidoptera,Butterfly,Papilionidae,Papilio,Papilio veiovis,Papilio veiovis,Papilio veiovis female,Lepidoptera Butterfly Papilionidae Papilio veiovis nan female
9610,Lepidoptera,Butterfly,Papilionidae,Papilio,Papilio veiovis,Papilio veiovis,Papilio veiovis male,Lepidoptera Butterfly Papilionidae Papilio veiovis nan male
9612,Lepidoptera,Butterfly,Papilionidae,Papilio,Papilio veiovis,Papilio veiovis,,Lepidoptera Butterfly Papilionidae Papilio veiovis nan nan
9619,Lepidoptera,Butterfly,Papilionidae,Papilio,Papilio memnon,Papilio memnon,Papilio memnon female,Lepidoptera Butterfly Papilionidae Papilio memnon nan female
9647,Lepidoptera,Butterfly,Papilionidae,Papilio,Papilio memnon,Papilio memnon caeruleus,Papilio memnon caeruleus male,Lepidoptera Butterfly Papilionidae Papilio memnon caeruleus male
9651,Lepidoptera,Butterfly,Papilionidae,Papilio,Papilio memnon,Papilio memnon caeruleus,,Lepidoptera Butterfly Papilionidae Papilio memnon caeruleus nan
9656,Lepidoptera,Butterfly,Papilionidae,Papilio,Papilio memnon,Papilio memnon caeruleus,Papilio memnon caeruleus female,Lepidoptera Butterfly Papilionidae Papilio memnon caeruleus female
9698,Lepidoptera,Butterfly,Papilionidae,Papilio,Papilio euchenor,Papilio euchenor obsolescens,,Lepidoptera Butterfly Papilionidae Papilio euchenor obsolescens nan
9699,Lepidoptera,Butterfly,Papilionidae,Papilio,Papilio euchenor,Papilio euchenor,,Lepidoptera Butterfly Papilionidae Papilio euchenor nan nan
9712,Lepidoptera,Butterfly,Papilionidae,Papilio,Papilio forbesi,Papilio forbesi,,Lepidoptera Butterfly Papilionidae Papilio forbesi nan nan
9722,Lepidoptera,Butterfly,Papilionidae,Papilio,Papilio forbesi,Papilio forbesi,Papilio forbesi male,Lepidoptera Butterfly Papilionidae Papilio forbesi nan male
9734,Lepidoptera,Butterfly,Papilionidae,Papilio,Papilio demolion,Papilio demolion delostenus,,Lepidoptera Butterfly Papilionidae Papilio demolion delostenus nan
9742,Lepidoptera,Butterfly,Papilionidae,Pachliopta,Pachliopta polyphontes,Pachliopta polyphontes sejanus,,Lepidoptera Butterfly Papilionidae Pachliopta polyphontes sejanus nan
9760,Lepidoptera,Butterfly,Papilionidae,Pachliopta,Pachliopta antiphus,Pachliopta antiphus,Pachliopta antiphus male,Lepidoptera Butterfly Papilionidae Pachliopta antiphus nan male
9764,Lepidoptera,Butterfly,Papilionidae,Pachliopta,Pachliopta antiphus,Pachliopta antiphus,Pachliopta antiphus female,Lepidoptera Butterfly Papilionidae Pachliopta antiphus nan female
9782,Lepidoptera,Butterfly,Papilionidae,Troides,Troides oblongomaculatus,Troides oblongomaculatus bourouensis,,Lepidoptera Butterfly Papilionidae Troides oblongomaculatus bourouensis nan
9784,Lepidoptera,Butterfly,Papilionidae,Troides,Troides haliphron,Troides haliphron naias,Troides haliphron naias male,Lepidoptera Butterfly Papilionidae Troides haliphron naias male
9790,Lepidoptera,Butterfly,Papilionidae,Troides,Troides magellanus,Troides magellanus magellanus,,Lepidoptera Butterfly Papilionidae Troides magellanus magellanus nan
9793,Lepidoptera,Butterfly,Papilionidae,Troides,Troides aeacus,Troides aeacus formosanus,Troides aeacus formosanus male,Lepidoptera Butterfly Papilionidae Troides aeacus formosanus male
9794,Lepidoptera,Butterfly,Papilionidae,Papilio,Papilio gigon,Papilio gigon,,Lepidoptera Butterfly Papilionidae Papilio gigon nan nan
9796,Lepidoptera,Butterfly,Papilionidae,Papilio,Papilio gigon,Papilio gigon,Papilio gigon male,Lepidoptera Butterfly Papilionidae Papilio gigon nan male
9815,Lepidoptera,Butterfly,Papilionidae,Papilio,Papilio euchenor,Papilio euchenor,Papilio euchenor male,Lepidoptera Butterfly Papilionidae Papilio euchenor nan male
9844,Lepidoptera,Butterfly,Papilionidae,Troides,Troides haliphron,Troides haliphron pistor,Troides haliphron pistor female,Lepidoptera Butterfly Papilionidae Troides haliphron pistor female
9871,Lepidoptera,Butterfly,Papilionidae,Papilio,Papilio paradoxa,Papilio paradoxa niasicus,,Lepidoptera Butterfly Papilionidae Papilio paradoxa niasicus nan
9881,Lepidoptera,Butterfly,Papilionidae,Papilio,Papilio slateri,Papilio slateri perses,,Lepidoptera Butterfly Papilionidae Papilio slateri perses nan
9884,Lepidoptera,Butterfly,Papilionidae,Papilio,Papilio gigon,Papilio gigon,Papilio gigon female,Lepidoptera Butterfly Papilionidae Papilio gigon nan female
9909,Lepidoptera,Butterfly,Papilionidae,Papilio,Papilio polytes,Papilio polytes,Papilio polytes male,Lepidoptera Butterfly Papilionidae Papilio polytes nan male
9944,Lepidoptera,Butterfly,Papilionidae,Papilio,Papilio polytes,Papilio polytes polytes,Papilio polytes polytes female,Lepidoptera Butterfly Papilionidae Papilio polytes polytes female
9953,Lepidoptera,Butterfly,Papilionidae,Papilio,Papilio fuscus,Papilio fuscus beccarii,Papilio fuscus beccarii male,Lepidoptera Butterfly Papilionidae Papilio fuscus beccarii male
9957,Lepidoptera,Butterfly,Papilionidae,Pachliopta,Pachliopta kotzebuea,Pachliopta kotzebuea kotzebuea,,Lepidoptera Butterfly Papilionidae Pachliopta kotzebuea kotzebuea nan
9967,Lepidoptera,Butterfly,Papilionidae,Troides,Troides hypolitus,Troides hypolitus hypolitus,,Lepidoptera Butterfly Papilionidae Troides hypolitus hypolitus nan
9976,Lepidoptera,Butterfly,Papilionidae,Troides,Troides hypolitus,Troides hypolitus hypolitus,Troides hypolitus hypolitus hermaphrodite,Lepidoptera Butterfly Papilionidae Troides hypolitus hypolitus hermaphrodite
9977,Lepidoptera,Butterfly,Papilionidae,Troides,Troides oblongomaculatus,Troides oblongomaculatus bouruensis,Troides oblongomaculatus bouruensis male,Lepidoptera Butterfly Papilionidae Troides oblongomaculatus bouruensis male
9981,Lepidoptera,Butterfly,Papilionidae,Troides,Troides oblongomaculatus,Troides oblongomaculatus bouruensis,Troides oblongomaculatus bouruensis female,Lepidoptera Butterfly Papilionidae Troides oblongomaculatus bouruensis female
10008,Lepidoptera,Butterfly,Papilionidae,Ornithoptera,Ornithoptera aesacus,Ornithoptera aesacus,Ornithoptera aesacus male,Lepidoptera Butterfly Papilionidae Ornithoptera aesacus nan male
10054,Lepidoptera,Butterfly,Papilionidae,Papilio,Papilio clytia,Papilio clytia clytia,,Lepidoptera Butterfly Papilionidae Papilio clytia clytia nan
10055,Lepidoptera,Butterfly,Papilionidae,Papilio,Papilio clytia,Papilio clytia,,Lepidoptera Butterfly Papilionidae Papilio clytia nan nan
10061,Lepidoptera,Butterfly,Papilionidae,Papilio,Papilio euchenor,Papilio euchenor naucles,,Lepidoptera Butterfly Papilionidae Papilio euchenor naucles nan
10072,Lepidoptera,Butterfly,Papilionidae,Papilio,Papilio gigon,Papilio gigon gigon,,Lepidoptera Butterfly Papilionidae Papilio gigon gigon nan
10103,Lepidoptera,Butterfly,Papilionidae,Troides,Troides helena,Troides helena,,Lepidoptera Butterfly Papilionidae Troides helena nan nan
10108,Lepidoptera,Butterfly,Papilionidae,Troides,Troides aeacus,Troides aeacus thomsoni,,Lepidoptera Butterfly Papilionidae Troides aeacus thomsoni nan
10116,Lepidoptera,Butterfly,Papilionidae,Pachliopta,Pachliopta oreon,Pachliopta oreon oreon,,Lepidoptera Butterfly Papilionidae Pachliopta oreon oreon nan
10117,Lepidoptera,Butterfly,Papilionidae,Pachliopta,Pachliopta oreon,Pachliopta oreon oreon,Pachliopta oreon oreon male,Lepidoptera Butterfly Papilionidae Pachliopta oreon oreon male
10118,Lepidoptera,Butterfly,Papilionidae,Pachliopta,Pachliopta oreon,Pachliopta oreon oreon,Pachliopta oreon oreon female,Lepidoptera Butterfly Papilionidae Pachliopta oreon oreon female
10130,Lepidoptera,Butterfly,Papilionidae,Ornithoptera,Ornithoptera priamus,Ornithoptera priamus arruana,,Lepidoptera Butterfly Papilionidae Ornithoptera priamus arruana nan
10155,Lepidoptera,Butterfly,Papilionidae,Ornithoptera,Ornithoptera victoriae,Ornithoptera victoriae isabellae,Ornithoptera victoriae isabellae female,Lepidoptera Butterfly Papilionidae Ornithoptera victoriae isabellae female
10169,Lepidoptera,Butterfly,Papilionidae,Papilio,Papilio clytia,Papilio clytia lacedemon,,Lepidoptera Butterfly Papilionidae Papilio clytia lacedemon nan
10170,Lepidoptera,Butterfly,Papilionidae,Papilio,Papilio clytia,Papilio clytia lankeswara,,Lepidoptera Butterfly Papilionidae Papilio clytia lankeswara nan
10171,Lepidoptera,Butterfly,Papilionidae,Papilio,Papilio osmana,Papilio osmana osmana,Papilio osmana osmana male,Lepidoptera Butterfly Papilionidae Papilio osmana osmana male
10174,Lepidoptera,Butterfly,Papilionidae,Papilio,Papilio laglaizei,Papilio laglaizei,,Lepidoptera Butterfly Papilionidae Papilio laglaizei nan nan
10176,Lepidoptera,Butterfly,Papilionidae,Papilio,Papilio toboroi,Papilio toboroi,,Lepidoptera Butterfly Papilionidae Papilio toboroi nan nan
10177,Lepidoptera,Butterfly,Papilionidae,Papilio,Papilio toboroi,Papilio toboroi,Papilio toboroi male,Lepidoptera Butterfly Papilionidae Papilio toboroi nan male
10185,Lepidoptera,Butterfly,Papilionidae,Papilio,Papilio memnon,Papilio memnon subclathratus,Papilio memnon subclathratus male,Lepidoptera Butterfly Papilionidae Papilio memnon subclathratus male
10196,Lepidoptera,Butterfly,Papilionidae,Papilio,Papilio helenus,Papilio helenus,Papilio helenus male,Lepidoptera Butterfly Papilionidae Papilio helenus nan male
10202,Lepidoptera,Butterfly,Papilionidae,Troides,Troides miranda,Troides miranda miranda,,Lepidoptera Butterfly Papilionidae Troides miranda miranda nan
10203,Lepidoptera,Butterfly,Papilionidae,Troides,Troides miranda,Troides miranda miranda,Troides miranda miranda male,Lepidoptera Butterfly Papilionidae Troides miranda miranda male
10205,Lepidoptera,Butterfly,Papilionidae,Troides,Troides miranda,Troides miranda miranda,Troides miranda miranda female,Lepidoptera Butterfly Papilionidae Troides miranda miranda female
10219,Lepidoptera,Butterfly,Papilionidae,Papilio,Papilio polytes,Papilio polytes alcindor,,Lepidoptera Butterfly Papilionidae Papilio polytes alcindor nan
10237,Lepidoptera,Butterfly,Papilionidae,Pachliopta,Pachliopta antiphus,Pachliopta antiphus yoshikoae,,Lepidoptera Butterfly Papilionidae Pachliopta antiphus yoshikoae nan
10241,Lepidoptera,Butterfly,Papilionidae,Pachliopta,Pachliopta aristolochiae,Pachliopta aristolochiae goniopeltis,,Lepidoptera Butterfly Papilionidae Pachliopta aristolochiae goniopeltis nan
10242,Lepidoptera,Butterfly,Papilionidae,Troides,Troides helena,Troides helena neoris,,Lepidoptera Butterfly Papilionidae Troides helena neoris nan
10244,Lepidoptera,Butterfly,Papilionidae,Troides,Troides ritsemae,Troides ritsemae sumatrana,,Lepidoptera Butterfly Papilionidae Troides ritsemae sumatrana nan
10246,Lepidoptera,Butterfly,Papilionidae,Troides,Troides plateni,Troides plateni,Troides plateni female,Lepidoptera Butterfly Papilionidae Troides plateni nan female
10247,Lepidoptera,Butterfly,Papilionidae,Troides,Troides plateni,Troides plateni,Troides plateni male,Lepidoptera Butterfly Papilionidae Troides plateni nan male
10302,Lepidoptera,Butterfly,Papilionidae,Papilio,Papilio forbesi,Papilio forbesi forbesi,Papilio forbesi forbesi female,Lepidoptera Butterfly Papilionidae Papilio forbesi forbesi female
10303,Lepidoptera,Butterfly,Papilionidae,Papilio,Papilio forbesi,Papilio forbesi forbesi,Papilio forbesi forbesi male,Lepidoptera Butterfly Papilionidae Papilio forbesi forbesi male
10308,Lepidoptera,Butterfly,Papilionidae,Papilio,Papilio forbesi,Papilio forbesi forbesi,,Lepidoptera Butterfly Papilionidae Papilio forbesi forbesi nan
10406,Lepidoptera,Butterfly,Papilionidae,Ornithoptera,Ornithoptera priamus,Ornithoptera priamus arruana,Ornithoptera priamus arruana male,Lepidoptera Butterfly Papilionidae Ornithoptera priamus arruana male
10453,Lepidoptera,Butterfly,Papilionidae,Pachliopta,Pachliopta polydorus,Pachliopta polydorus tenimberensis,Pachliopta polydorus tenimberensis male,Lepidoptera Butterfly Papilionidae Pachliopta polydorus tenimberensis male
10454,Lepidoptera,Butterfly,Papilionidae,Pachliopta,Pachliopta polydorus,Pachliopta polydorus tenimberensis,,Lepidoptera Butterfly Papilionidae Pachliopta polydorus tenimberensis nan
10465,Lepidoptera,Butterfly,Papilionidae,Troides,Troides helena,Troides helena nereis,,Lepidoptera Butterfly Papilionidae Troides helena nereis nan
10466,Lepidoptera,Butterfly,Papilionidae,Troides,Troides helena,Troides helena nereis,Troides helena nereis female,Lepidoptera Butterfly Papilionidae Troides helena nereis female
10471,Lepidoptera,Butterfly,Papilionidae,Troides,Troides oblongomaculatus,Troides oblongomaculatus,Troides oblongomaculatus female,Lepidoptera Butterfly Papilionidae Troides oblongomaculatus nan female
10492,Lepidoptera,Butterfly,Papilionidae,Papilio,Papilio helenus,Papilio helenus daksha,,Lepidoptera Butterfly Papilionidae Papilio helenus daksha nan
10493,Lepidoptera,Butterfly,Papilionidae,Papilio,Papilio hystaspes,Papilio hystaspes,,Lepidoptera Butterfly Papilionidae Papilio hystaspes nan nan
10523,Lepidoptera,Butterfly,Papilionidae,Atrophaneura,Atrophaneura nox,Atrophaneura nox erebus,Atrophaneura nox erebus female,Lepidoptera Butterfly Papilionidae Atrophaneura nox erebus female
10524,Lepidoptera,Butterfly,Papilionidae,Atrophaneura,Atrophaneura nox,Atrophaneura nox erebus,,Lepidoptera Butterfly Papilionidae Atrophaneura nox erebus nan
10529,Lepidoptera,Butterfly,Papilionidae,Atrophaneura,Atrophaneura nox,Atrophaneura nox erebus,Atrophaneura nox erebus male,Lepidoptera Butterfly Papilionidae Atrophaneura nox erebus male
10540,Lepidoptera,Butterfly,Papilionidae,Pachliopta,Pachliopta adamas,Pachliopta adamas,,Lepidoptera Butterfly Papilionidae Pachliopta adamas nan nan
10541,Lepidoptera,Butterfly,Papilionidae,Pachliopta,Pachliopta atropos,Pachliopta atropos,,Lepidoptera Butterfly Papilionidae Pachliopta atropos nan nan
10547,Lepidoptera,Butterfly,Papilionidae,Papilio,Papilio memnon,Papilio memnon subclathratus,Papilio memnon subclathratus female,Lepidoptera Butterfly Papilionidae Papilio memnon subclathratus female
10548,Lepidoptera,Butterfly,Papilionidae,Papilio,Papilio rumanzovia,Papilio rumanzovia,,Lepidoptera Butterfly Papilionidae Papilio rumanzovia nan nan
10550,Lepidoptera,Butterfly,Papilionidae,Papilio,Papilio rumanzovia,Papilio rumanzovia,Papilio rumanzovia male,Lepidoptera Butterfly Papilionidae Papilio rumanzovia nan male
10557,Lepidoptera,Butterfly,Papilionidae,Papilio,Papilio rumanzovia,Papilio rumanzovia,Papilio rumanzovia female,Lepidoptera Butterfly Papilionidae Papilio rumanzovia nan female
10558,Lepidoptera,Butterfly,Papilionidae,Papilio,Papilio rumanzovia,Papilio rumanzovia rumanzovia,Papilio rumanzovia rumanzovia female,Lepidoptera Butterfly Papilionidae Papilio rumanzovia rumanzovia female
10601,Lepidoptera,Butterfly,Papilionidae,Papilio,Papilio memnon,Papilio memnon merapu,Papilio memnon merapu female,Lepidoptera Butterfly Papilionidae Papilio memnon merapu female
10606,Lepidoptera,Butterfly,Papilionidae,Papilio,Papilio phestus,Papilio phestus minusculus,Papilio phestus minusculus male,Lepidoptera Butterfly Papilionidae Papilio phestus minusculus male
10609,Lepidoptera,Butterfly,Papilionidae,Papilio,Papilio nephelus,Papilio nephelus uranus,Papilio nephelus uranus male,Lepidoptera Butterfly Papilionidae Papilio nephelus uranus male
10611,Lepidoptera,Butterfly,Papilionidae,Papilio,Papilio fuscus,Papilio fuscus pertinax,Papilio fuscus pertinax male,Lepidoptera Butterfly Papilionidae Papilio fuscus pertinax male
10612,Lepidoptera,Butterfly,Papilionidae,Papilio,Papilio fuscus,Papilio fuscus pertinax,,Lepidoptera Butterfly Papilionidae Papilio fuscus pertinax nan
10613,Lepidoptera,Butterfly,Papilionidae,Papilio,Papilio hipponous,Papilio hipponous lunifer,,Lepidoptera Butterfly Papilionidae Papilio hipponous lunifer nan
10616,Lepidoptera,Butterfly,Papilionidae,Papilio,Papilio hipponous,Papilio hipponous lunifer,Papilio hipponous lunifer male,Lepidoptera Butterfly Papilionidae Papilio hipponous lunifer male
10620,Lepidoptera,Butterfly,Papilionidae,Papilio,Papilio hipponous,Papilio hipponous lunifer,Papilio hipponous lunifer female,Lepidoptera Butterfly Papilionidae Papilio hipponous lunifer female
10648,Lepidoptera,Butterfly,Papilionidae,Papilio,Papilio fuscus,Papilio fuscus pertinax,Papilio fuscus pertinax female,Lepidoptera Butterfly Papilionidae Papilio fuscus pertinax female
10662,Lepidoptera,Butterfly,Papilionidae,Papilio,Papilio fuscus,Papilio fuscus andamanicus,,Lepidoptera Butterfly Papilionidae Papilio fuscus andamanicus nan
10664,Lepidoptera,Butterfly,Papilionidae,Papilio,Papilio fuscus,Papilio fuscus,Papilio fuscus male,Lepidoptera Butterfly Papilionidae Papilio fuscus nan male
10665,Lepidoptera,Butterfly,Papilionidae,Papilio,Papilio fuscus,Papilio fuscus canopus,,Lepidoptera Butterfly Papilionidae Papilio fuscus canopus nan
10667,Lepidoptera,Butterfly,Papilionidae,Papilio,Papilio fuscus,Papilio fuscus hypsiclides,,Lepidoptera Butterfly Papilionidae Papilio fuscus hypsiclides nan
10668,Lepidoptera,Butterfly,Papilionidae,Papilio,Papilio fuscus,Papilio fuscus hypsiclides,Papilio fuscus hypsiclides male,Lepidoptera Butterfly Papilionidae Papilio fuscus hypsiclides male
10713,Lepidoptera,Butterfly,Papilionidae,Papilio,Papilio ambrax,Papilio ambrax epirus,,Lepidoptera Butterfly Papilionidae Papilio ambrax epirus nan
10766,Lepidoptera,Butterfly,Papilionidae,Ornithoptera,Ornithoptera priamus,Ornithoptera priamus priamus,,Lepidoptera Butterfly Papilionidae Ornithoptera priamus priamus nan
10780,Lepidoptera,Butterfly,Papilionidae,Ornithoptera,Ornithoptera victoriae,Ornithoptera victoriae epiphanes,Ornithoptera victoriae epiphanes male,Lepidoptera Butterfly Papilionidae Ornithoptera victoriae epiphanes male
10795,Lepidoptera,Butterfly,Papilionidae,Papilio,Papilio clytia,Papilio clytia echidna,,Lepidoptera Butterfly Papilionidae Papilio clytia echidna nan
10796,Lepidoptera,Butterfly,Papilionidae,Papilio,Papilio paradoxa,Papilio paradoxa telesicles,Papilio paradoxa telesicles male,Lepidoptera Butterfly Papilionidae Papilio paradoxa telesicles male
10800,Lepidoptera,Butterfly,Papilionidae,Papilio,Papilio paradoxa,Papilio paradoxa telesicles,,Lepidoptera Butterfly Papilionidae Papilio paradoxa telesicles nan
10803,Lepidoptera,Butterfly,Papilionidae,Papilio,Papilio paradoxa,Papilio paradoxa telesicles,Papilio paradoxa telesicles female,Lepidoptera Butterfly Papilionidae Papilio paradoxa telesicles female
10811,Lepidoptera,Butterfly,Papilionidae,Papilio,Papilio jordani,Papilio jordani,Papilio jordani male,Lepidoptera Butterfly Papilionidae Papilio jordani nan male
10816,Lepidoptera,Butterfly,Papilionidae,Papilio,Papilio jordani,Papilio jordani,Papilio jordani female,Lepidoptera Butterfly Papilionidae Papilio jordani nan female
10824,Lepidoptera,Butterfly,Papilionidae,Papilio,Papilio alphenor,Papilio alphenor polycritos,,Lepidoptera Butterfly Papilionidae Papilio alphenor polycritos nan
10825,Lepidoptera,Butterfly,Papilionidae,Papilio,Papilio alphenor,Papilio alphenor perversus,Papilio alphenor perversus female,Lepidoptera Butterfly Papilionidae Papilio alphenor perversus female
10826,Lepidoptera,Butterfly,Papilionidae,Papilio,Papilio alphenor,Papilio alphenor perversus,Papilio alphenor perversus male,Lepidoptera Butterfly Papilionidae Papilio alphenor perversus male
10830,Lepidoptera,Butterfly,Papilionidae,Papilio,Papilio fuscus,Papilio fuscus fuscus,Papilio fuscus fuscus male,Lepidoptera Butterfly Papilionidae Papilio fuscus fuscus male
10831,Lepidoptera,Butterfly,Papilionidae,Papilio,Papilio fuscus,Papilio fuscus fuscus,Papilio fuscus fuscus female,Lepidoptera Butterfly Papilionidae Papilio fuscus fuscus female
10832,Lepidoptera,Butterfly,Papilionidae,Papilio,Papilio fuscus,Papilio fuscus fuscus,,Lepidoptera Butterfly Papilionidae Papilio fuscus fuscus nan
10848,Lepidoptera,Butterfly,Papilionidae,Papilio,Papilio fuscus,Papilio fuscus prexaspes,,Lepidoptera Butterfly Papilionidae Papilio fuscus prexaspes nan
10876,Lepidoptera,Butterfly,Papilionidae,Papilio,Papilio sataspes,Papilio sataspes artaphernes,,Lepidoptera Butterfly Papilionidae Papilio sataspes artaphernes nan
10908,Lepidoptera,Butterfly,Papilionidae,Pachliopta,Pachliopta aristolochiae,Pachliopta aristolochiae,Pachliopta aristolochiae female,Lepidoptera Butterfly Papilionidae Pachliopta aristolochiae nan female
10909,Lepidoptera,Butterfly,Papilionidae,Pachliopta,Pachliopta kotzebuea,Pachliopta kotzebuea deseileus,,Lepidoptera Butterfly Papilionidae Pachliopta kotzebuea deseileus nan
10921,Lepidoptera,Butterfly,Papilionidae,Pachliopta,Pachliopta kotzebuea,Pachliopta kotzebuea mataconga,,Lepidoptera Butterfly Papilionidae Pachliopta kotzebuea mataconga nan
10923,Lepidoptera,Butterfly,Papilionidae,Troides,Troides haliphron,Troides haliphron naias,Troides haliphron naias female,Lepidoptera Butterfly Papilionidae Troides haliphron naias female
10980,Lepidoptera,Butterfly,Papilionidae,Papilio,Papilio ascalaphus,Papilio ascalaphus ascalaphus,,Lepidoptera Butterfly Papilionidae Papilio ascalaphus ascalaphus nan
10985,Lepidoptera,Butterfly,Papilionidae,Papilio,Papilio ascalaphus,Papilio ascalaphus ascalaphus,Papilio ascalaphus ascalaphus male,Lepidoptera Butterfly Papilionidae Papilio ascalaphus ascalaphus male
10988,Lepidoptera,Butterfly,Papilionidae,Papilio,Papilio ascalaphus,Papilio ascalaphus ascalaphus,Papilio ascalaphus ascalaphus female,Lepidoptera Butterfly Papilionidae Papilio ascalaphus ascalaphus female
10994,Lepidoptera,Butterfly,Papilionidae,Pachliopta,Pachliopta aristolochiae,Pachliopta aristolochiae asteris,,Lepidoptera Butterfly Papilionidae Pachliopta aristolochiae asteris nan
11008,Lepidoptera,Butterfly,Papilionidae,Troides,Troides ritsemae,Troides ritsemae,Troides ritsemae male,Lepidoptera Butterfly Papilionidae Troides ritsemae nan male
11010,Lepidoptera,Butterfly,Papilionidae,Troides,Troides ritsemae,Troides ritsemae ritsemae,Troides ritsemae ritsemae male,Lepidoptera Butterfly Papilionidae Troides ritsemae ritsemae male
11048,Lepidoptera,Butterfly,Papilionidae,Ornithoptera,Ornithoptera paradisea,Ornithoptera paradisea,Ornithoptera paradisea female,Lepidoptera Butterfly Papilionidae Ornithoptera paradisea nan female
11073,Lepidoptera,Butterfly,Papilionidae,Papilio,Papilio demolion,Papilio demolion,Papilio demolion male,Lepidoptera Butterfly Papilionidae Papilio demolion nan male
11078,Lepidoptera,Butterfly,Papilionidae,Papilio,Papilio demolion,Papilio demolion,Papilio demolion female,Lepidoptera Butterfly Papilionidae Papilio demolion nan female
11079,Lepidoptera,Butterfly,Papilionidae,Papilio,Papilio demolion,Papilio demolion demolion,Papilio demolion demolion male,Lepidoptera Butterfly Papilionidae Papilio demolion demolion male
11090,Lepidoptera,Butterfly,Papilionidae,Papilio,Papilio ascalaphus,Papilio ascalaphus,Papilio ascalaphus female,Lepidoptera Butterfly Papilionidae Papilio ascalaphus nan female
11096,Lepidoptera,Butterfly,Papilionidae,Papilio,Papilio iswara,Papilio iswara iswara,,Lepidoptera Butterfly Papilionidae Papilio iswara iswara nan
11102,Lepidoptera,Butterfly,Papilionidae,Papilio,Papilio iswara,Papilio iswara iswara,Papilio iswara iswara male,Lepidoptera Butterfly Papilionidae Papilio iswara iswara male
11111,Lepidoptera,Butterfly,Papilionidae,Papilio,Papilio iswara,Papilio iswara iswara,Papilio iswara iswara female,Lepidoptera Butterfly Papilionidae Papilio iswara iswara female
11113,Lepidoptera,Butterfly,Papilionidae,Papilio,Papilio helenus,Papilio helenus palawanicus,Papilio helenus palawanicus male,Lepidoptera Butterfly Papilionidae Papilio helenus palawanicus male
11118,Lepidoptera,Butterfly,Papilionidae,Papilio,Papilio biseriatus,Papilio biseriatus,,Lepidoptera Butterfly Papilionidae Papilio biseriatus nan nan
11128,Lepidoptera,Butterfly,Papilionidae,Pachliopta,Pachliopta polyphontes,Pachliopta polyphontes polyphontes,,Lepidoptera Butterfly Papilionidae Pachliopta polyphontes polyphontes nan
11134,Lepidoptera,Butterfly,Papilionidae,Pachliopta,Pachliopta kotzebuea,Pachliopta kotzebuea bilara,,Lepidoptera Butterfly Papilionidae Pachliopta kotzebuea bilara nan
11136,Lepidoptera,Butterfly,Papilionidae,Troides,Troides haliphron,Troides haliphron haliphron,Troides haliphron haliphron female,Lepidoptera Butterfly Papilionidae Troides haliphron haliphron female
11137,Lepidoptera,Butterfly,Papilionidae,Troides,Troides haliphron,Troides haliphron haliphron,,Lepidoptera Butterfly Papilionidae Troides haliphron haliphron nan
11178,Lepidoptera,Butterfly,Papilionidae,Graphium,Graphium sarpedon,Graphium sarpedon luctatius,Graphium sarpedon luctatius female,Lepidoptera Butterfly Papilionidae Graphium sarpedon luctatius female
11187,Lepidoptera,Butterfly,Papilionidae,Graphium,Graphium androcles,Graphium androcles androcles,Graphium androcles androcles male,Lepidoptera Butterfly Papilionidae Graphium androcles androcles male
11188,Lepidoptera,Butterfly,Papilionidae,Graphium,Graphium androcles,Graphium androcles androcles,,Lepidoptera Butterfly Papilionidae Graphium androcles androcles nan
11195,Lepidoptera,Butterfly,Papilionidae,Graphium,Graphium androcles,Graphium androcles cleomenes,,Lepidoptera Butterfly Papilionidae Graphium androcles cleomenes nan
11197,Lepidoptera,Butterfly,Papilionidae,Graphium,Graphium antiphates,Graphium antiphates,Graphium antiphates male,Lepidoptera Butterfly Papilionidae Graphium antiphates nan male
11211,Lepidoptera,Butterfly,Papilionidae,Pachliopta,Pachliopta polydorus,Pachliopta polydorus novobritannicus,,Lepidoptera Butterfly Papilionidae Pachliopta polydorus novobritannicus nan
11212,Lepidoptera,Butterfly,Papilionidae,Pachliopta,Pachliopta polydorus,Pachliopta polydorus manus,,Lepidoptera Butterfly Papilionidae Pachliopta polydorus manus nan
11217,Lepidoptera,Butterfly,Papilionidae,Pachliopta,Pachliopta liris,Pachliopta liris seruaensis,,Lepidoptera Butterfly Papilionidae Pachliopta liris seruaensis nan
11219,Lepidoptera,Butterfly,Papilionidae,Pachliopta,Pachliopta liris,Pachliopta liris wetterensis,,Lepidoptera Butterfly Papilionidae Pachliopta liris wetterensis nan
11222,Lepidoptera,Butterfly,Papilionidae,Pachliopta,Pachliopta adamas,Pachliopta adamas antissa,,Lepidoptera Butterfly Papilionidae Pachliopta adamas antissa nan
11262,Lepidoptera,Butterfly,Papilionidae,Troides,Troides vandepolli,Troides vandepolli honrathiana,,Lepidoptera Butterfly Papilionidae Troides vandepolli honrathiana nan
11265,Lepidoptera,Butterfly,Papilionidae,Troides,Troides oblongomaculatus,Troides oblongomaculatus thestius,Troides oblongomaculatus thestius female,Lepidoptera Butterfly Papilionidae Troides oblongomaculatus thestius female
11269,Lepidoptera,Butterfly,Papilionidae,Ornithoptera,Ornithoptera croesus,Ornithoptera croesus croesus,Ornithoptera croesus croesus male,Lepidoptera Butterfly Papilionidae Ornithoptera croesus croesus male
11304,Lepidoptera,Butterfly,Papilionidae,Papilio,Papilio deiphobus,Papilio deiphobus obideiphobus,Papilio deiphobus obideiphobus male,Lepidoptera Butterfly Papilionidae Papilio deiphobus obideiphobus male
11312,Lepidoptera,Butterfly,Papilionidae,Papilio,Papilio oenomaus,Papilio oenomaus oenomaus,,Lepidoptera Butterfly Papilionidae Papilio oenomaus oenomaus nan
11315,Lepidoptera,Butterfly,Papilionidae,Papilio,Papilio oenomaus,Papilio oenomaus subfasciatus,Papilio oenomaus subfasciatus male,Lepidoptera Butterfly Papilionidae Papilio oenomaus subfasciatus male
11319,Lepidoptera,Butterfly,Papilionidae,Atrophaneura,Atrophaneura sycorax,Atrophaneura sycorax egertoni,Atrophaneura sycorax egertoni female,Lepidoptera Butterfly Papilionidae Atrophaneura sycorax egertoni female
11320,Lepidoptera,Butterfly,Papilionidae,Atrophaneura,Atrophaneura sycorax,Atrophaneura sycorax egertoni,Atrophaneura sycorax egertoni male,Lepidoptera Butterfly Papilionidae Atrophaneura sycorax egertoni male
11323,Lepidoptera,Butterfly,Papilionidae,Atrophaneura,Atrophaneura sycorax,Atrophaneura sycorax carolinae,,Lepidoptera Butterfly Papilionidae Atrophaneura sycorax carolinae nan
11325,Lepidoptera,Butterfly,Papilionidae,Pachliopta,Pachliopta polyphontes,Pachliopta polyphontes,Pachliopta polyphontes male,Lepidoptera Butterfly Papilionidae Pachliopta polyphontes nan male
11362,Lepidoptera,Butterfly,Papilionidae,Pachliopta,Pachliopta adamas,Pachliopta adamas floresianus,,Lepidoptera Butterfly Papilionidae Pachliopta adamas floresianus nan
11387,Lepidoptera,Butterfly,Papilionidae,Troides,Troides ritsemae,Troides ritsemae paeninsulae,Troides ritsemae paeninsulae male,Lepidoptera Butterfly Papilionidae Troides ritsemae paeninsulae male
11397,Lepidoptera,Butterfly,Papilionidae,Troides,Troides hypolitus,Troides hypolitus,Troides hypolitus male,Lepidoptera Butterfly Papilionidae Troides hypolitus nan male
11399,Lepidoptera,Butterfly,Papilionidae,Troides,Troides hypolitus,Troides hypolitus,,Lepidoptera Butterfly Papilionidae Troides hypolitus nan nan
11401,Lepidoptera,Butterfly,Papilionidae,Troides,Troides hypolitus,Troides hypolitus,Troides hypolitus female,Lepidoptera Butterfly Papilionidae Troides hypolitus nan female
11415,Lepidoptera,Butterfly,Papilionidae,Troides,Troides amphrysus,Troides amphrysus amphrysus,Troides amphrysus amphrysus male,Lepidoptera Butterfly Papilionidae Troides amphrysus amphrysus male
11419,Lepidoptera,Butterfly,Papilionidae,Troides,Troides amphrysus,Troides amphrysus amphrysus,Troides amphrysus amphrysus female,Lepidoptera Butterfly Papilionidae Troides amphrysus amphrysus female
11489,Lepidoptera,Butterfly,Papilionidae,Papilio,Papilio ambrax,Papilio ambrax,Papilio ambrax male,Lepidoptera Butterfly Papilionidae Papilio ambrax nan male
11522,Lepidoptera,Butterfly,Papilionidae,Papilio,Papilio albinus,Papilio albinus albinus,Papilio albinus albinus female,Lepidoptera Butterfly Papilionidae Papilio albinus albinus female
11526,Lepidoptera,Butterfly,Papilionidae,Graphium,Graphium aristeus,Graphium aristeus aristeus,,Lepidoptera Butterfly Papilionidae Graphium aristeus aristeus nan
11543,Lepidoptera,Butterfly,Papilionidae,Troides,Troides vandepolli,Troides vandepolli vandepolli,,Lepidoptera Butterfly Papilionidae Troides vandepolli vandepolli nan
11546,Lepidoptera,Butterfly,Papilionidae,Troides,Troides ritsemae,Troides ritsemae ritsemae,,Lepidoptera Butterfly Papilionidae Troides ritsemae ritsemae nan
11549,Lepidoptera,Butterfly,Papilionidae,Ornithoptera,Ornithoptera croesus,Ornithoptera croesus croesus,,Lepidoptera Butterfly Papilionidae Ornithoptera croesus croesus nan
11609,Lepidoptera,Butterfly,Papilionidae,Papilio,Papilio paradoxa,Papilio paradoxa aenigma,Papilio paradoxa aenigma male,Lepidoptera Butterfly Papilionidae Papilio paradoxa aenigma male
11610,Lepidoptera,Butterfly,Papilionidae,Papilio,Papilio paradoxa,Papilio paradoxa aenigma,,Lepidoptera Butterfly Papilionidae Papilio paradoxa aenigma nan
11624,Lepidoptera,Butterfly,Papilionidae,Papilio,Papilio slateri,Papilio slateri,,Lepidoptera Butterfly Papilionidae Papilio slateri nan nan
11627,Lepidoptera,Butterfly,Papilionidae,Papilio,Papilio slateri,Papilio slateri perses,Papilio slateri perses female,Lepidoptera Butterfly Papilionidae Papilio slateri perses female
11642,Lepidoptera,Butterfly,Papilionidae,Papilio,Papilio polytes,Papilio polytes timorensis,,Lepidoptera Butterfly Papilionidae Papilio polytes timorensis nan
11674,Lepidoptera,Butterfly,Papilionidae,Papilio,Papilio fuscus,Papilio fuscus umbrosus,Papilio fuscus umbrosus male,Lepidoptera Butterfly Papilionidae Papilio fuscus umbrosus male
11678,Lepidoptera,Butterfly,Papilionidae,Papilio,Papilio polytes,Papilio polytes timorensis,Papilio polytes timorensis male,Lepidoptera Butterfly Papilionidae Papilio polytes timorensis male
11680,Lepidoptera,Butterfly,Papilionidae,Papilio,Papilio polytes,Papilio polytes timorensis,Papilio polytes timorensis female,Lepidoptera Butterfly Papilionidae Papilio polytes timorensis female
11742,Lepidoptera,Butterfly,Papilionidae,Papilio,Papilio acheron,Papilio acheron,Papilio acheron male,Lepidoptera Butterfly Papilionidae Papilio acheron nan male
11743,Lepidoptera,Butterfly,Papilionidae,Papilio,Papilio memnon,Papilio memnon clathratus,,Lepidoptera Butterfly Papilionidae Papilio memnon clathratus nan
11745,Lepidoptera,Butterfly,Papilionidae,Papilio,Papilio hipponous,Papilio hipponous bazilanus,,Lepidoptera Butterfly Papilionidae Papilio hipponous bazilanus nan
11778,Lepidoptera,Butterfly,Papilionidae,Papilio,Papilio aegeus,Papilio aegeus ormenus,Papilio aegeus ormenus male,Lepidoptera Butterfly Papilionidae Papilio aegeus ormenus male
11790,Lepidoptera,Butterfly,Papilionidae,Papilio,Papilio aegeus,Papilio aegeus ormenus,,Lepidoptera Butterfly Papilionidae Papilio aegeus ormenus nan
11851,Lepidoptera,Butterfly,Papilionidae,Papilio,Papilio fuscus,Papilio fuscus lapathus,Papilio fuscus lapathus female,Lepidoptera Butterfly Papilionidae Papilio fuscus lapathus female
11852,Lepidoptera,Butterfly,Papilionidae,Papilio,Papilio fuscus,Papilio fuscus lapathus,Papilio fuscus lapathus male,Lepidoptera Butterfly Papilionidae Papilio fuscus lapathus male
11871,Lepidoptera,Butterfly,Papilionidae,Papilio,Papilio gambrisius,Papilio gambrisius buruanus,Papilio gambrisius buruanus female,Lepidoptera Butterfly Papilionidae Papilio gambrisius buruanus female
11872,Lepidoptera,Butterfly,Papilionidae,Papilio,Papilio gambrisius,Papilio gambrisius buruanus,Papilio gambrisius buruanus male,Lepidoptera Butterfly Papilionidae Papilio gambrisius buruanus male
11876,Lepidoptera,Butterfly,Papilionidae,Papilio,Papilio gambrisius,Papilio gambrisius buruanus,,Lepidoptera Butterfly Papilionidae Papilio gambrisius buruanus nan
11879,Lepidoptera,Butterfly,Papilionidae,Papilio,Papilio gambrisius,Papilio gambrisius,Papilio gambrisius female,Lepidoptera Butterfly Papilionidae Papilio gambrisius nan female
12028,Lepidoptera,Butterfly,Papilionidae,Troides,Troides haliphron,Troides haliphron haliphron,Troides haliphron haliphron male,Lepidoptera Butterfly Papilionidae Troides haliphron haliphron male
12072,Lepidoptera,Butterfly,Papilionidae,Papilio,Papilio gambrisius,Papilio gambrisius gambrisius,Papilio gambrisius gambrisius male,Lepidoptera Butterfly Papilionidae Papilio gambrisius gambrisius male
12073,Lepidoptera,Butterfly,Papilionidae,Papilio,Papilio gambrisius,Papilio gambrisius gambrisius,,Lepidoptera Butterfly Papilionidae Papilio gambrisius gambrisius nan
12079,Lepidoptera,Butterfly,Papilionidae,Papilio,Papilio gambrisius,Papilio gambrisius gambrisius,Papilio gambrisius gambrisius female,Lepidoptera Butterfly Papilionidae Papilio gambrisius gambrisius female
12158,Lepidoptera,Butterfly,Papilionidae,Papilio,Papilio inopinatus,Papilio inopinatus,Papilio inopinatus female,Lepidoptera Butterfly Papilionidae Papilio inopinatus nan female
12179,Lepidoptera,Butterfly,Papilionidae,Papilio,Papilio tydeus,Papilio tydeus tydeus,,Lepidoptera Butterfly Papilionidae Papilio tydeus tydeus nan
12189,Lepidoptera,Butterfly,Papilionidae,Graphium,Graphium doson,Graphium doson,Graphium doson male,Lepidoptera Butterfly Papilionidae Graphium doson nan male
12194,Lepidoptera,Butterfly,Papilionidae,Graphium,Graphium doson,Graphium doson,Graphium doson female,Lepidoptera Butterfly Papilionidae Graphium doson nan female
12199,Lepidoptera,Butterfly,Papilionidae,Papilio,Papilio lorquinianus,Papilio lorquinianus albertisi,Papilio lorquinianus albertisi male,Lepidoptera Butterfly Papilionidae Papilio lorquinianus albertisi male
12202,Lepidoptera,Butterfly,Papilionidae,Papilio,Papilio lorquinianus,Papilio lorquinianus albertisi,,Lepidoptera Butterfly Papilionidae Papilio lorquinianus albertisi nan
12248,Lepidoptera,Butterfly,Papilionidae,Troides,Troides magellanus,Troides magellanus,Troides magellanus female,Lepidoptera Butterfly Papilionidae Troides magellanus nan female
12252,Lepidoptera,Butterfly,Pieridae,Delias,Delias konokono,Delias konokono,,Lepidoptera Butterfly Pieridae Delias konokono nan nan
12303,Lepidoptera,Butterfly,Papilionidae,Papilio,Papilio tydeus,Papilio tydeus tydeus,Papilio tydeus tydeus male,Lepidoptera Butterfly Papilionidae Papilio tydeus tydeus male
12323,Lepidoptera,Butterfly,Papilionidae,Papilio,Papilio polytes,Papilio polytes romulus,Papilio polytes romulus female,Lepidoptera Butterfly Papilionidae Papilio polytes romulus female
12325,Lepidoptera,Butterfly,Papilionidae,Papilio,Papilio polytes,Papilio polytes romulus,Papilio polytes romulus male,Lepidoptera Butterfly Papilionidae Papilio polytes romulus male
12326,Lepidoptera,Butterfly,Papilionidae,Papilio,Papilio polytes,Papilio polytes romulus,,Lepidoptera Butterfly Papilionidae Papilio polytes romulus nan
12334,Lepidoptera,Butterfly,Papilionidae,Papilio,Papilio fuscus,Papilio fuscus lamponius,,Lepidoptera Butterfly Papilionidae Papilio fuscus lamponius nan
12335,Lepidoptera,Butterfly,Papilionidae,Papilio,Papilio fuscus,Papilio fuscus hasterti,,Lepidoptera Butterfly Papilionidae Papilio fuscus hasterti nan
12336,Lepidoptera,Butterfly,Papilionidae,Papilio,Papilio fuscus,Papilio fuscus hasterti,Papilio fuscus hasterti male,Lepidoptera Butterfly Papilionidae Papilio fuscus hasterti male
12339,Lepidoptera,Butterfly,Papilionidae,Papilio,Papilio schmeltzi,Papilio schmeltzi,Papilio schmeltzi male,Lepidoptera Butterfly Papilionidae Papilio schmeltzi nan male
12345,Lepidoptera,Butterfly,Papilionidae,Papilio,Papilio demoleus,Papilio demoleus malayanus,,Lepidoptera Butterfly Papilionidae Papilio demoleus malayanus nan
12356,Lepidoptera,Butterfly,Papilionidae,Papilio,Papilio blumei,Papilio blumei,,Lepidoptera Butterfly Papilionidae Papilio blumei nan nan
12357,Lepidoptera,Butterfly,Papilionidae,Papilio,Papilio blumei,Papilio blumei,Papilio blumei female,Lepidoptera Butterfly Papilionidae Papilio blumei nan female
12362,Lepidoptera,Butterfly,Papilionidae,Papilio,Papilio paris,Papilio paris,,Lepidoptera Butterfly Papilionidae Papilio paris nan nan
12374,Lepidoptera,Butterfly,Pieridae,Delias,Delias langda,Delias langda watlangku,,Lepidoptera Butterfly Pieridae Delias langda watlangku nan
12425,Lepidoptera,Butterfly,Papilionidae,Papilio,Papilio helenus,Papilio helenus mangarinus,Papilio helenus mangarinus female,Lepidoptera Butterfly Papilionidae Papilio helenus mangarinus female
12426,Lepidoptera,Butterfly,Nymphalidae,Mynes,Mynes woodfordi,Mynes woodfordi woodfordi,Mynes woodfordi woodfordi female,Lepidoptera Butterfly Nymphalidae Mynes woodfordi woodfordi female
12440,Lepidoptera,Butterfly,Papilionidae,Papilio,Papilio inopinatus,Papilio inopinatus,Papilio inopinatus male,Lepidoptera Butterfly Papilionidae Papilio inopinatus nan male
12464,Lepidoptera,Butterfly,Papilionidae,Papilio,Papilio inopinatus,Papilio inopinatus,,Lepidoptera Butterfly Papilionidae Papilio inopinatus nan nan
12483,Lepidoptera,Butterfly,Papilionidae,Papilio,Papilio tydeus,Papilio tydeus tydeus,Papilio tydeus tydeus female,Lepidoptera Butterfly Papilionidae Papilio tydeus tydeus female
12517,Lepidoptera,Butterfly,Papilionidae,Papilio,Papilio fuscus,Papilio fuscus cilix,,Lepidoptera Butterfly Papilionidae Papilio fuscus cilix nan
12518,Lepidoptera,Butterfly,Papilionidae,Papilio,Papilio fuscus,Papilio fuscus tenimberensis,,Lepidoptera Butterfly Papilionidae Papilio fuscus tenimberensis nan
12520,Lepidoptera,Butterfly,Papilionidae,Papilio,Papilio fuscus,Papilio fuscus tenimberensis,Papilio fuscus tenimberensis male,Lepidoptera Butterfly Papilionidae Papilio fuscus tenimberensis male
12527,Lepidoptera,Butterfly,Papilionidae,Papilio,Papilio fuscus,Papilio fuscus tenimberensis,Papilio fuscus tenimberensis female,Lepidoptera Butterfly Papilionidae Papilio fuscus tenimberensis female
12591,Lepidoptera,Butterfly,Papilionidae,Papilio,Papilio nephelus,Papilio nephelus sunatus,Papilio nephelus sunatus male,Lepidoptera Butterfly Papilionidae Papilio nephelus sunatus male
12592,Lepidoptera,Butterfly,Papilionidae,Papilio,Papilio nephelus,Papilio nephelus sunatus,,Lepidoptera Butterfly Papilionidae Papilio nephelus sunatus nan
12600,Lepidoptera,Butterfly,Papilionidae,Papilio,Papilio fuscus,Papilio fuscus porrothenus,,Lepidoptera Butterfly Papilionidae Papilio fuscus porrothenus nan
12624,Lepidoptera,Butterfly,Papilionidae,Papilio,Papilio aegeus,Papilio aegeus,,Lepidoptera Butterfly Papilionidae Papilio aegeus nan nan
12629,Lepidoptera,Butterfly,Papilionidae,Papilio,Papilio heringi,Papilio heringi,Papilio heringi female,Lepidoptera Butterfly Papilionidae Papilio heringi nan female
12631,Lepidoptera,Butterfly,Papilionidae,Papilio,Papilio woodfordi,Papilio woodfordi woodfordi,Papilio woodfordi woodfordi female,Lepidoptera Butterfly Papilionidae Papilio woodfordi woodfordi female
12632,Lepidoptera,Butterfly,Papilionidae,Papilio,Papilio woodfordi,Papilio woodfordi woodfordi,Papilio woodfordi woodfordi male,Lepidoptera Butterfly Papilionidae Papilio woodfordi woodfordi male
12636,Lepidoptera,Butterfly,Papilionidae,Papilio,Papilio woodfordi,Papilio woodfordi woodfordi,,Lepidoptera Butterfly Papilionidae Papilio woodfordi woodfordi nan
12653,Lepidoptera,Butterfly,Papilionidae,Papilio,Papilio fuscus,Papilio fuscus langeni,,Lepidoptera Butterfly Papilionidae Papilio fuscus langeni nan
12706,Lepidoptera,Butterfly,Papilionidae,Papilio,Papilio alphenor,Papilio alphenor ledebouria,Papilio alphenor ledebouria male,Lepidoptera Butterfly Papilionidae Papilio alphenor ledebouria male
12715,Lepidoptera,Butterfly,Papilionidae,Papilio,Papilio alphenor,Papilio alphenor ledebouria,Papilio alphenor ledebouria female,Lepidoptera Butterfly Papilionidae Papilio alphenor ledebouria female
12753,Lepidoptera,Butterfly,Papilionidae,Papilio,Papilio diophantus,Papilio diophantus,Papilio diophantus male,Lepidoptera Butterfly Papilionidae Papilio diophantus nan male
12754,Lepidoptera,Butterfly,Papilionidae,Papilio,Papilio diophantus,Papilio diophantus,,Lepidoptera Butterfly Papilionidae Papilio diophantus nan nan
12766,Lepidoptera,Butterfly,Papilionidae,Papilio,Papilio aegeus,Papilio aegeus keianus,Papilio aegeus keianus female,Lepidoptera Butterfly Papilionidae Papilio aegeus keianus female
12771,Lepidoptera,Butterfly,Papilionidae,Papilio,Papilio polytes,Papilio polytes polytes,,Lepidoptera Butterfly Papilionidae Papilio polytes polytes nan
12775,Lepidoptera,Butterfly,Papilionidae,Papilio,Papilio polytes,Papilio polytes javanus,,Lepidoptera Butterfly Papilionidae Papilio polytes javanus nan
12791,Lepidoptera,Butterfly,Papilionidae,Papilio,Papilio fuscus,Papilio fuscus indicatus,,Lepidoptera Butterfly Papilionidae Papilio fuscus indicatus nan
12793,Lepidoptera,Butterfly,Papilionidae,Papilio,Papilio alphenor,Papilio alphenor,,Lepidoptera Butterfly Papilionidae Papilio alphenor nan nan
12794,Lepidoptera,Butterfly,Papilionidae,Papilio,Papilio alphenor,Papilio alphenor,Papilio alphenor female,Lepidoptera Butterfly Papilionidae Papilio alphenor nan female
12795,Lepidoptera,Butterfly,Papilionidae,Papilio,Papilio alphenor,Papilio alphenor,Papilio alphenor male,Lepidoptera Butterfly Papilionidae Papilio alphenor nan male
12816,Lepidoptera,Butterfly,Papilionidae,Graphium,Graphium agetes,Graphium agetes iponus,Graphium agetes iponus male,Lepidoptera Butterfly Papilionidae Graphium agetes iponus male
12822,Lepidoptera,Butterfly,Papilionidae,Graphium,Graphium agetes,Graphium agetes iponus,,Lepidoptera Butterfly Papilionidae Graphium agetes iponus nan
12839,Lepidoptera,Butterfly,Papilionidae,Graphium,Graphium aristeus,Graphium aristeus erebos,,Lepidoptera Butterfly Papilionidae Graphium aristeus erebos nan
12859,Lepidoptera,Butterfly,Papilionidae,Graphium,Graphium aristeus,Graphium aristeus erebos,Graphium aristeus erebos male,Lepidoptera Butterfly Papilionidae Graphium aristeus erebos male
12866,Lepidoptera,Butterfly,Papilionidae,Troides,Troides aeacus,Troides aeacus formosanus,Troides aeacus formosanus female,Lepidoptera Butterfly Papilionidae Troides aeacus formosanus female
12877,Lepidoptera,Butterfly,Papilionidae,Troides,Troides ritsemae,Troides ritsemae,,Lepidoptera Butterfly Papilionidae Troides ritsemae nan nan
12910,Lepidoptera,Butterfly,Papilionidae,Papilio,Papilio ulysses,Papilio ulysses,,Lepidoptera Butterfly Papilionidae Papilio ulysses nan nan
12911,Lepidoptera,Butterfly,Papilionidae,Papilio,Papilio ulysses,Papilio ulysses telegonus,Papilio ulysses telegonus male,Lepidoptera Butterfly Papilionidae Papilio ulysses telegonus male
12917,Lepidoptera,Butterfly,Papilionidae,Papilio,Papilio ulysses,Papilio ulysses,Papilio ulysses male,Lepidoptera Butterfly Papilionidae Papilio ulysses nan male
12923,Lepidoptera,Butterfly,Papilionidae,Papilio,Papilio ulysses,Papilio ulysses telegonus,,Lepidoptera Butterfly Papilionidae Papilio ulysses telegonus nan
12942,Lepidoptera,Butterfly,Papilionidae,Papilio,Papilio ulysses,Papilio ulysses ulysses,,Lepidoptera Butterfly Papilionidae Papilio ulysses ulysses nan
12945,Lepidoptera,Butterfly,Papilionidae,Papilio,Papilio ulysses,Papilio ulysses,Papilio ulysses female,Lepidoptera Butterfly Papilionidae Papilio ulysses nan female
12951,Lepidoptera,Butterfly,Papilionidae,Meandrusa,Meandrusa payeni,Meandrusa payeni ciminius,Meandrusa payeni ciminius male,Lepidoptera Butterfly Papilionidae Meandrusa payeni ciminius male
12970,Lepidoptera,Butterfly,Papilionidae,Papilio,Papilio fuscus,Papilio fuscus ombiranus,,Lepidoptera Butterfly Papilionidae Papilio fuscus ombiranus nan
12972,Lepidoptera,Butterfly,Papilionidae,Papilio,Papilio fuscus,Papilio fuscus beccarii,Papilio fuscus beccarii female,Lepidoptera Butterfly Papilionidae Papilio fuscus beccarii female
12986,Lepidoptera,Butterfly,Papilionidae,Papilio,Papilio fuscus,Papilio fuscus canopus,Papilio fuscus canopus male,Lepidoptera Butterfly Papilionidae Papilio fuscus canopus male
12992,Lepidoptera,Butterfly,Papilionidae,Papilio,Papilio tydeus,Papilio tydeus obiensis,Papilio tydeus obiensis male,Lepidoptera Butterfly Papilionidae Papilio tydeus obiensis male
12994,Lepidoptera,Butterfly,Papilionidae,Papilio,Papilio tydeus,Papilio tydeus obiensis,,Lepidoptera Butterfly Papilionidae Papilio tydeus obiensis nan
12995,Lepidoptera,Butterfly,Papilionidae,Papilio,Papilio lorquinianus,Papilio lorquinianus,,Lepidoptera Butterfly Papilionidae Papilio lorquinianus nan nan
12996,Lepidoptera,Butterfly,Papilionidae,Papilio,Papilio peranthus,Papilio peranthus intermedius,Papilio peranthus intermedius female,Lepidoptera Butterfly Papilionidae Papilio peranthus intermedius female
12997,Lepidoptera,Butterfly,Papilionidae,Papilio,Papilio peranthus,Papilio peranthus intermedius,,Lepidoptera Butterfly Papilionidae Papilio peranthus intermedius nan
13000,Lepidoptera,Butterfly,Papilionidae,Papilio,Papilio peranthus,Papilio peranthus intermedius,Papilio peranthus intermedius male,Lepidoptera Butterfly Papilionidae Papilio peranthus intermedius male
13006,Lepidoptera,Butterfly,Papilionidae,Papilio,Papilio peranthus,Papilio peranthus peranthus,,Lepidoptera Butterfly Papilionidae Papilio peranthus peranthus nan
13008,Lepidoptera,Butterfly,Papilionidae,Papilio,Papilio lorquinianus,Papilio lorquinianus,Papilio lorquinianus female,Lepidoptera Butterfly Papilionidae Papilio lorquinianus nan female
13009,Lepidoptera,Butterfly,Papilionidae,Papilio,Papilio lorquinianus,Papilio lorquinianus,Papilio lorquinianus male,Lepidoptera Butterfly Papilionidae Papilio lorquinianus nan male
13053,Lepidoptera,Butterfly,Papilionidae,Papilio,Papilio ulysses,Papilio ulysses telegonus,Papilio ulysses telegonus female,Lepidoptera Butterfly Papilionidae Papilio ulysses telegonus female
13078,Lepidoptera,Butterfly,Pieridae,Delias,Delias jordani,Delias jordani,,Lepidoptera Butterfly Pieridae Delias jordani nan nan
13101,Lepidoptera,Butterfly,Papilionidae,Papilio,Papilio weymeri,Papilio weymeri,Papilio weymeri female,Lepidoptera Butterfly Papilionidae Papilio weymeri nan female
13116,Lepidoptera,Butterfly,Papilionidae,Papilio,Papilio fuscus,Papilio fuscus langeni,Papilio fuscus langeni male,Lepidoptera Butterfly Papilionidae Papilio fuscus langeni male
13159,Lepidoptera,Butterfly,Papilionidae,Papilio,Papilio bridgei,Papilio bridgei bridgei,Papilio bridgei bridgei female,Lepidoptera Butterfly Papilionidae Papilio bridgei bridgei female
13160,Lepidoptera,Butterfly,Papilionidae,Papilio,Papilio bridgei,Papilio bridgei bridgei,Papilio bridgei bridgei male,Lepidoptera Butterfly Papilionidae Papilio bridgei bridgei male
13163,Lepidoptera,Butterfly,Papilionidae,Papilio,Papilio bridgei,Papilio bridgei bridgei,,Lepidoptera Butterfly Papilionidae Papilio bridgei bridgei nan
13171,Lepidoptera,Butterfly,Papilionidae,Papilio,Papilio polytes,Papilio polytes javanus,Papilio polytes javanus female,Lepidoptera Butterfly Papilionidae Papilio polytes javanus female
13185,Lepidoptera,Butterfly,Papilionidae,Papilio,Papilio polytes,Papilio polytes perversus,Papilio polytes perversus female,Lepidoptera Butterfly Papilionidae Papilio polytes perversus female
13199,Lepidoptera,Butterfly,Papilionidae,Papilio,Papilio alphenor,Papilio alphenor alphenor,Papilio alphenor alphenor male,Lepidoptera Butterfly Papilionidae Papilio alphenor alphenor male
13202,Lepidoptera,Butterfly,Papilionidae,Papilio,Papilio blumei,Papilio blumei blumei,Papilio blumei blumei male,Lepidoptera Butterfly Papilionidae Papilio blumei blumei male
13218,Lepidoptera,Butterfly,Papilionidae,Papilio,Papilio demoleus,Papilio demoleus libanius,,Lepidoptera Butterfly Papilionidae Papilio demoleus libanius nan
13222,Lepidoptera,Butterfly,Papilionidae,Papilio,Papilio blumei,Papilio blumei blumei,,Lepidoptera Butterfly Papilionidae Papilio blumei blumei nan
13228,Lepidoptera,Butterfly,Pieridae,Delias,Delias langda,Delias langda langda,,Lepidoptera Butterfly Pieridae Delias langda langda nan
13232,Lepidoptera,Butterfly,Pieridae,Delias,Delias geraldina,Delias geraldina vaneechoudi,,Lepidoptera Butterfly Pieridae Delias geraldina vaneechoudi nan
13247,Lepidoptera,Butterfly,Papilionidae,Papilio,Papilio blumei,Papilio blumei blumei,Papilio blumei blumei female,Lepidoptera Butterfly Papilionidae Papilio blumei blumei female
13277,Lepidoptera,Butterfly,Papilionidae,Papilio,Papilio pericles,Papilio pericles pericles,Papilio pericles pericles male,Lepidoptera Butterfly Papilionidae Papilio pericles pericles male
13289,Lepidoptera,Butterfly,Papilionidae,Papilio,Papilio ulysses,Papilio ulysses joesa,Papilio ulysses joesa male,Lepidoptera Butterfly Papilionidae Papilio ulysses joesa male
13294,Lepidoptera,Butterfly,Papilionidae,Papilio,Papilio ulysses,Papilio ulysses joesa,Papilio ulysses joesa female,Lepidoptera Butterfly Papilionidae Papilio ulysses joesa female
13331,Lepidoptera,Butterfly,Papilionidae,Papilio,Papilio fuscus,Papilio fuscus,,Lepidoptera Butterfly Papilionidae Papilio fuscus nan nan
13334,Lepidoptera,Butterfly,Papilionidae,Papilio,Papilio iswaroides,Papilio iswaroides curtisi,,Lepidoptera Butterfly Papilionidae Papilio iswaroides curtisi nan
13354,Lepidoptera,Butterfly,Papilionidae,Papilio,Papilio neumoegeni,Papilio neumoegeni neumoegeni,Papilio neumoegeni neumoegeni female,Lepidoptera Butterfly Papilionidae Papilio neumoegeni neumoegeni female
13387,Lepidoptera,Butterfly,Papilionidae,Papilio,Papilio fuscus,Papilio fuscus thomsoni,,Lepidoptera Butterfly Papilionidae Papilio fuscus thomsoni nan
13418,Lepidoptera,Butterfly,Papilionidae,Papilio,Papilio fuscus,Papilio fuscus lapathus,,Lepidoptera Butterfly Papilionidae Papilio fuscus lapathus nan
13459,Lepidoptera,Butterfly,Papilionidae,Papilio,Papilio peranthus,Papilio peranthus transiens,,Lepidoptera Butterfly Papilionidae Papilio peranthus transiens nan
13462,Lepidoptera,Butterfly,Papilionidae,Papilio,Papilio peranthus,Papilio peranthus transiens,Papilio peranthus transiens female,Lepidoptera Butterfly Papilionidae Papilio peranthus transiens female
13479,Lepidoptera,Butterfly,Papilionidae,Papilio,Papilio lorquinianus,Papilio lorquinianus gelia,,Lepidoptera Butterfly Papilionidae Papilio lorquinianus gelia nan
13480,Lepidoptera,Butterfly,Papilionidae,Papilio,Papilio lorquinianus,Papilio lorquinianus gelia,Papilio lorquinianus gelia female,Lepidoptera Butterfly Papilionidae Papilio lorquinianus gelia female
13481,Lepidoptera,Butterfly,Papilionidae,Papilio,Papilio lorquinianus,Papilio lorquinianus gelia,Papilio lorquinianus gelia male,Lepidoptera Butterfly Papilionidae Papilio lorquinianus gelia male
13488,Lepidoptera,Butterfly,Papilionidae,Papilio,Papilio lorquinianus,Papilio lorquinianus esmeae,,Lepidoptera Butterfly Papilionidae Papilio lorquinianus esmeae nan
13490,Lepidoptera,Butterfly,Pieridae,Delias,Delias chimbu,Delias chimbu,,Lepidoptera Butterfly Pieridae Delias chimbu nan nan
13493,Lepidoptera,Butterfly,Pieridae,Delias,Delias rileyi,Delias rileyi,,Lepidoptera Butterfly Pieridae Delias rileyi nan nan
13549,Lepidoptera,Butterfly,Papilionidae,Papilio,Papilio fuscus,Papilio fuscus langeni,Papilio fuscus langeni female,Lepidoptera Butterfly Papilionidae Papilio fuscus langeni female
13593,Lepidoptera,Butterfly,Papilionidae,Papilio,Papilio aegeus,Papilio aegeus keianus,Papilio aegeus keianus male,Lepidoptera Butterfly Papilionidae Papilio aegeus keianus male
13619,Lepidoptera,Butterfly,Papilionidae,Papilio,Papilio bianor,Papilio bianor polyctor,Papilio bianor polyctor male,Lepidoptera Butterfly Papilionidae Papilio bianor polyctor male
13620,Lepidoptera,Butterfly,Papilionidae,Papilio,Papilio bianor,Papilio bianor polyctor,,Lepidoptera Butterfly Papilionidae Papilio bianor polyctor nan
13639,Lepidoptera,Butterfly,Papilionidae,Papilio,Papilio chikae,Papilio chikae hermeli,Papilio chikae hermeli female,Lepidoptera Butterfly Papilionidae Papilio chikae hermeli female
13644,Lepidoptera,Butterfly,Pieridae,Delias,Delias aroe,Delias aroe aroe,,Lepidoptera Butterfly Pieridae Delias aroe aroe nan
13646,Lepidoptera,Butterfly,Papilionidae,Papilio,Papilio aegeus,Papilio aegeus othello,,Lepidoptera Butterfly Papilionidae Papilio aegeus othello nan
13691,Lepidoptera,Butterfly,Papilionidae,Papilio,Papilio palinurus,Papilio palinurus palinurus,,Lepidoptera Butterfly Papilionidae Papilio palinurus palinurus nan
13696,Lepidoptera,Butterfly,Papilionidae,Papilio,Papilio palinurus,Papilio palinurus palinurus,Papilio palinurus palinurus female,Lepidoptera Butterfly Papilionidae Papilio palinurus palinurus female
13702,Lepidoptera,Butterfly,Papilionidae,Papilio,Papilio neumoegeni,Papilio neumoegeni neumoegeni,,Lepidoptera Butterfly Papilionidae Papilio neumoegeni neumoegeni nan
13704,Lepidoptera,Butterfly,Papilionidae,Papilio,Papilio neumoegeni,Papilio neumoegeni neumoegeni,Papilio neumoegeni neumoegeni male,Lepidoptera Butterfly Papilionidae Papilio neumoegeni neumoegeni male
13724,Lepidoptera,Butterfly,Papilionidae,Papilio,Papilio karna,Papilio karna discordia,,Lepidoptera Butterfly Papilionidae Papilio karna discordia nan
13727,Lepidoptera,Butterfly,Papilionidae,Papilio,Papilio ulysses,Papilio ulysses ulysses,Papilio ulysses ulysses male,Lepidoptera Butterfly Papilionidae Papilio ulysses ulysses male
13729,Lepidoptera,Butterfly,Papilionidae,Papilio,Papilio ulysses,Papilio ulysses ulysses,Papilio ulysses ulysses female,Lepidoptera Butterfly Papilionidae Papilio ulysses ulysses female
13744,Lepidoptera,Butterfly,Pieridae,Delias,Delias inopinata,Delias inopinata orri,,Lepidoptera Butterfly Pieridae Delias inopinata orri nan
13745,Lepidoptera,Butterfly,Pieridae,Delias,Delias inopinata,Delias inopinata orri,Delias inopinata orri female,Lepidoptera Butterfly Pieridae Delias inopinata orri female
13748,Lepidoptera,Butterfly,Pieridae,Delias,Delias fascelis,Delias fascelis ibelana,,Lepidoptera Butterfly Pieridae Delias fascelis ibelana nan
13770,Lepidoptera,Butterfly,Pieridae,Delias,Delias subapicalis,Delias subapicalis sibatanii,,Lepidoptera Butterfly Pieridae Delias subapicalis sibatanii nan
13831,Lepidoptera,Butterfly,Pieridae,Delias,Delias rileyi,Delias rileyi rileyi,,Lepidoptera Butterfly Pieridae Delias rileyi rileyi nan
13842,Lepidoptera,Butterfly,Pieridae,Delias,Delias rileyi,Delias rileyi rileyi,Delias rileyi rileyi male,Lepidoptera Butterfly Pieridae Delias rileyi rileyi male
13843,Lepidoptera,Butterfly,Pieridae,Delias,Delias rileyi,Delias rileyi nishizawai,,Lepidoptera Butterfly Pieridae Delias rileyi nishizawai nan
13850,Lepidoptera,Butterfly,Pieridae,Delias,Delias rileyi,Delias rileyi nishizawai,Delias rileyi nishizawai male,Lepidoptera Butterfly Pieridae Delias rileyi nishizawai male
13911,Lepidoptera,Butterfly,Papilionidae,Papilio,Papilio heringi,Papilio heringi,,Lepidoptera Butterfly Papilionidae Papilio heringi nan nan
13918,Lepidoptera,Butterfly,Papilionidae,Papilio,Papilio heringi,Papilio heringi,Papilio heringi male,Lepidoptera Butterfly Papilionidae Papilio heringi nan male
13963,Lepidoptera,Butterfly,Papilionidae,Papilio,Papilio alphenor,Papilio alphenor nicanor,Papilio alphenor nicanor male,Lepidoptera Butterfly Papilionidae Papilio alphenor nicanor male
13965,Lepidoptera,Butterfly,Papilionidae,Papilio,Papilio alphenor,Papilio alphenor nicanor,Papilio alphenor nicanor female,Lepidoptera Butterfly Papilionidae Papilio alphenor nicanor female
13966,Lepidoptera,Butterfly,Papilionidae,Papilio,Papilio alphenor,Papilio alphenor nicanor,,Lepidoptera Butterfly Papilionidae Papilio alphenor nicanor nan
13970,Lepidoptera,Butterfly,Papilionidae,Papilio,Papilio polytes,Papilio polytes messius,Papilio polytes messius male,Lepidoptera Butterfly Papilionidae Papilio polytes messius male
13971,Lepidoptera,Butterfly,Papilionidae,Papilio,Papilio demoleus,Papilio demoleus demoleus,,Lepidoptera Butterfly Papilionidae Papilio demoleus demoleus nan
13972,Lepidoptera,Butterfly,Papilionidae,Papilio,Papilio demoleus,Papilio demoleus demoleus,Papilio demoleus demoleus female,Lepidoptera Butterfly Papilionidae Papilio demoleus demoleus female
13973,Lepidoptera,Butterfly,Papilionidae,Papilio,Papilio paris,Papilio paris battacorum,Papilio paris battacorum male,Lepidoptera Butterfly Papilionidae Papilio paris battacorum male
13975,Lepidoptera,Butterfly,Papilionidae,Papilio,Papilio paris,Papilio paris battacorum,,Lepidoptera Butterfly Papilionidae Papilio paris battacorum nan
14077,Lepidoptera,Butterfly,Pieridae,Delias,Delias fascelis,Delias fascelis amungme,,Lepidoptera Butterfly Pieridae Delias fascelis amungme nan
14085,Lepidoptera,Butterfly,Pieridae,Delias,Delias fascelis,Delias fascelis,,Lepidoptera Butterfly Pieridae Delias fascelis nan nan
14095,Lepidoptera,Butterfly,Papilionidae,Papilio,Papilio aegeus,Papilio aegeus adrastus,,Lepidoptera Butterfly Papilionidae Papilio aegeus adrastus nan
14107,Lepidoptera,Butterfly,Papilionidae,Papilio,Papilio ulysses,Papilio ulysses autolycus,Papilio ulysses autolycus female,Lepidoptera Butterfly Papilionidae Papilio ulysses autolycus female
14111,Lepidoptera,Butterfly,Papilionidae,Papilio,Papilio ulysses,Papilio ulysses autolycus,,Lepidoptera Butterfly Papilionidae Papilio ulysses autolycus nan
14127,Lepidoptera,Butterfly,Papilionidae,Papilio,Papilio peranthus,Papilio peranthus,,Lepidoptera Butterfly Papilionidae Papilio peranthus nan nan
14131,Lepidoptera,Butterfly,Papilionidae,Papilio,Papilio palinurus,Papilio palinurus,,Lepidoptera Butterfly Papilionidae Papilio palinurus nan nan
14148,Lepidoptera,Butterfly,Papilionidae,Papilio,Papilio paris,Papilio paris arjuna,,Lepidoptera Butterfly Papilionidae Papilio paris arjuna nan
14167,Lepidoptera,Butterfly,Papilionidae,Papilio,Papilio peranthus,Papilio peranthus adamantius,Papilio peranthus adamantius female,Lepidoptera Butterfly Papilionidae Papilio peranthus adamantius female
14177,Lepidoptera,Butterfly,Papilionidae,Papilio,Papilio peranthus,Papilio peranthus adamantius,,Lepidoptera Butterfly Papilionidae Papilio peranthus adamantius nan
14179,Lepidoptera,Butterfly,Papilionidae,Papilio,Papilio peranthus,Papilio peranthus adamantius,Papilio peranthus adamantius male,Lepidoptera Butterfly Papilionidae Papilio peranthus adamantius male
14184,Lepidoptera,Butterfly,Pieridae,Delias,Delias angiensis,Delias angiensis,,Lepidoptera Butterfly Pieridae Delias angiensis nan nan
14188,Lepidoptera,Butterfly,Pieridae,Delias,Delias aroae,Delias aroae yabensis,,Lepidoptera Butterfly Pieridae Delias aroae yabensis nan
14203,Lepidoptera,Butterfly,Pieridae,Delias,Delias aroae,Delias aroae,Delias aroae male,Lepidoptera Butterfly Pieridae Delias aroae nan male
14205,Lepidoptera,Butterfly,Pieridae,Delias,Delias endela,Delias endela,,Lepidoptera Butterfly Pieridae Delias endela nan nan
14238,Lepidoptera,Butterfly,Pieridae,Delias,Delias pheres,Delias pheres approximata,,Lepidoptera Butterfly Pieridae Delias pheres approximata nan
14263,Lepidoptera,Butterfly,Pieridae,Delias,Delias toxopei,Delias toxopei morosa,,Lepidoptera Butterfly Pieridae Delias toxopei morosa nan
14303,Lepidoptera,Butterfly,Pieridae,Delias,Delias geraldina,Delias geraldina siderea,,Lepidoptera Butterfly Pieridae Delias geraldina siderea nan
14318,Lepidoptera,Butterfly,Pieridae,Delias,Delias geraldina,Delias geraldina geraldina,,Lepidoptera Butterfly Pieridae Delias geraldina geraldina nan
14329,Lepidoptera,Butterfly,Pieridae,Delias,Delias geraldina,Delias geraldina geraldina,Delias geraldina geraldina male,Lepidoptera Butterfly Pieridae Delias geraldina geraldina male
14331,Lepidoptera,Butterfly,Pieridae,Delias,Delias dortheysi,Delias dortheysi,,Lepidoptera Butterfly Pieridae Delias dortheysi nan nan
14368,Lepidoptera,Butterfly,Papilionidae,Papilio,Papilio daedalus,Papilio daedalus,,Lepidoptera Butterfly Papilionidae Papilio daedalus nan nan
14373,Lepidoptera,Butterfly,Papilionidae,Papilio,Papilio daedalus,Papilio daedalus,Papilio daedalus female,Lepidoptera Butterfly Papilionidae Papilio daedalus nan female
14399,Lepidoptera,Butterfly,Papilionidae,Papilio,Papilio daedalus,Papilio daedalus angustatus,Papilio daedalus angustatus female,Lepidoptera Butterfly Papilionidae Papilio daedalus angustatus female
14400,Lepidoptera,Butterfly,Papilionidae,Papilio,Papilio daedalus,Papilio daedalus angustatus,Papilio daedalus angustatus male,Lepidoptera Butterfly Papilionidae Papilio daedalus angustatus male
14401,Lepidoptera,Butterfly,Papilionidae,Papilio,Papilio daedalus,Papilio daedalus angustatus,,Lepidoptera Butterfly Papilionidae Papilio daedalus angustatus nan
14403,Lepidoptera,Butterfly,Papilionidae,Papilio,Papilio demoleus,Papilio demoleus sthenelinus,Papilio demoleus sthenelinus male,Lepidoptera Butterfly Papilionidae Papilio demoleus sthenelinus male
14428,Lepidoptera,Butterfly,Papilionidae,Papilio,Papilio peranthus,Papilio peranthus wangiwangiensis,,Lepidoptera Butterfly Papilionidae Papilio peranthus wangiwangiensis nan
14430,Lepidoptera,Butterfly,Papilionidae,Papilio,Papilio nephelus,Papilio nephelus albolineatus,,Lepidoptera Butterfly Papilionidae Papilio nephelus albolineatus nan
14431,Lepidoptera,Butterfly,Pieridae,Delias,Delias eichhorni,Delias eichhorni eichhorni,,Lepidoptera Butterfly Pieridae Delias eichhorni eichhorni nan
14433,Lepidoptera,Butterfly,Pieridae,Delias,Delias eichorni,Delias eichorni,,Lepidoptera Butterfly Pieridae Delias eichorni nan nan
14435,Lepidoptera,Butterfly,Pieridae,Delias,Delias abrophora,Delias abrophora okbibab,,Lepidoptera Butterfly Pieridae Delias abrophora okbibab nan
14437,Lepidoptera,Butterfly,Pieridae,Delias,Delias abrophora,Delias abrophora bugebu,,Lepidoptera Butterfly Pieridae Delias abrophora bugebu nan
14445,Lepidoptera,Butterfly,Pieridae,Delias,Delias sinak,Delias sinak,,Lepidoptera Butterfly Pieridae Delias sinak nan nan
14448,Lepidoptera,Butterfly,Pieridae,Delias,Delias hemianops,Delias hemianops,,Lepidoptera Butterfly Pieridae Delias hemianops nan nan
14454,Lepidoptera,Butterfly,Pieridae,Delias,Delias discus,Delias discus discus,,Lepidoptera Butterfly Pieridae Delias discus discus nan
14455,Lepidoptera,Butterfly,Pieridae,Delias,Delias discus,Delias discus apodiscus,,Lepidoptera Butterfly Pieridae Delias discus apodiscus nan
14462,Lepidoptera,Butterfly,Pieridae,Delias,Delias discus,Delias discus apodiscus,Delias discus apodiscus male,Lepidoptera Butterfly Pieridae Delias discus apodiscus male
14463,Lepidoptera,Butterfly,Pieridae,Delias,Delias albertisi,Delias albertisi,Delias albertisi female,Lepidoptera Butterfly Pieridae Delias albertisi nan female
14464,Lepidoptera,Butterfly,Pieridae,Delias,Delias albertisi,Delias albertisi putih,,Lepidoptera Butterfly Pieridae Delias albertisi putih nan
14465,Lepidoptera,Butterfly,Pieridae,Delias,Delias albertisi,Delias albertisi tamamitsui,,Lepidoptera Butterfly Pieridae Delias albertisi tamamitsui nan
14534,Lepidoptera,Butterfly,Pieridae,Delias,Delias kenricki,Delias kenricki,,Lepidoptera Butterfly Pieridae Delias kenricki nan nan
14572,Lepidoptera,Butterfly,Papilionidae,Papilio,Papilio peranthus,Papilio peranthus,Papilio peranthus male,Lepidoptera Butterfly Papilionidae Papilio peranthus nan male
14583,Lepidoptera,Butterfly,Papilionidae,Papilio,Papilio peranthus,Papilio peranthus,Papilio peranthus female,Lepidoptera Butterfly Papilionidae Papilio peranthus nan female
14609,Lepidoptera,Butterfly,Pieridae,Delias,Delias aroae,Delias aroae,,Lepidoptera Butterfly Pieridae Delias aroae nan nan
14612,Lepidoptera,Butterfly,Pieridae,Delias,Delias imitator,Delias imitator,,Lepidoptera Butterfly Pieridae Delias imitator nan nan
14619,Lepidoptera,Butterfly,Pieridae,Delias,Delias fascelis,Delias fascelis fascelis,,Lepidoptera Butterfly Pieridae Delias fascelis fascelis nan
14652,Lepidoptera,Butterfly,Pieridae,Delias,Delias frater,Delias frater soror,,Lepidoptera Butterfly Pieridae Delias frater soror nan
14753,Lepidoptera,Butterfly,Pieridae,Delias,Delias autumnalis,Delias autumnalis autumnalis,,Lepidoptera Butterfly Pieridae Delias autumnalis autumnalis nan
14815,Lepidoptera,Butterfly,Papilionidae,Papilio,Papilio schmeltzi,Papilio schmeltzi,,Lepidoptera Butterfly Papilionidae Papilio schmeltzi nan nan
14816,Lepidoptera,Butterfly,Papilionidae,Papilio,Papilio chikae,Papilio chikae chikae,,Lepidoptera Butterfly Papilionidae Papilio chikae chikae nan
14820,Lepidoptera,Butterfly,Pieridae,Delias,Delias fascelis,Delias fascelis korupun,,Lepidoptera Butterfly Pieridae Delias fascelis korupun nan
14958,Lepidoptera,Butterfly,Papilionidae,Papilio,Papilio ulysses,Papilio ulysses dohertius,,Lepidoptera Butterfly Papilionidae Papilio ulysses dohertius nan
14967,Lepidoptera,Butterfly,Papilionidae,Papilio,Papilio ulysses,Papilio ulysses dohertius,Papilio ulysses dohertius male,Lepidoptera Butterfly Papilionidae Papilio ulysses dohertius male
14983,Lepidoptera,Butterfly,Papilionidae,Papilio,Papilio aegeus,Papilio aegeus,Papilio aegeus female,Lepidoptera Butterfly Papilionidae Papilio aegeus nan female
14984,Lepidoptera,Butterfly,Papilionidae,Papilio,Papilio demoleus,Papilio demoleus,,Lepidoptera Butterfly Papilionidae Papilio demoleus nan nan
15007,Lepidoptera,Butterfly,Papilionidae,Papilio,Papilio demoleus,Papilio demoleus,Papilio demoleus female,Lepidoptera Butterfly Papilionidae Papilio demoleus nan female
15022,Lepidoptera,Butterfly,Pieridae,Delias,Delias pheres,Delias pheres,,Lepidoptera Butterfly Pieridae Delias pheres nan nan
15029,Lepidoptera,Butterfly,Pieridae,Delias,Delias germana,Delias germana muliensis,,Lepidoptera Butterfly Pieridae Delias germana muliensis nan
15056,Lepidoptera,Butterfly,Pieridae,Delias,Delias toxopei,Delias toxopei,,Lepidoptera Butterfly Pieridae Delias toxopei nan nan
15071,Lepidoptera,Butterfly,Papilionidae,Papilio,Papilio karna,Papilio karna irauana,,Lepidoptera Butterfly Papilionidae Papilio karna irauana nan
15073,Lepidoptera,Butterfly,Papilionidae,Papilio,Papilio karna,Papilio karna carnatus,,Lepidoptera Butterfly Papilionidae Papilio karna carnatus nan
15074,Lepidoptera,Butterfly,Papilionidae,Papilio,Papilio karna,Papilio karna carnatus,Papilio karna carnatus male,Lepidoptera Butterfly Papilionidae Papilio karna carnatus male
15081,Lepidoptera,Butterfly,Papilionidae,Papilio,Papilio karna,Papilio karna irauana,Papilio karna irauana male,Lepidoptera Butterfly Papilionidae Papilio karna irauana male
15095,Lepidoptera,Butterfly,Papilionidae,Papilio,Papilio blumei,Papilio blumei fruhstorferi,,Lepidoptera Butterfly Papilionidae Papilio blumei fruhstorferi nan
15098,Lepidoptera,Butterfly,Pieridae,Delias,Delias sagessa,Delias sagessa anjae,,Lepidoptera Butterfly Pieridae Delias sagessa anjae nan
15102,Lepidoptera,Butterfly,Pieridae,Delias,Delias hiemalis,Delias hiemalis,,Lepidoptera Butterfly Pieridae Delias hiemalis nan nan
15153,Lepidoptera,Butterfly,Pieridae,Delias,Delias geraldina,Delias geraldina vogelcopensis,,Lepidoptera Butterfly Pieridae Delias geraldina vogelcopensis nan
15154,Lepidoptera,Butterfly,Papilionidae,Papilio,Papilio paris,Papilio paris gedeensis,,Lepidoptera Butterfly Papilionidae Papilio paris gedeensis nan
15155,Lepidoptera,Butterfly,Pieridae,Delias,Delias subapicalis,Delias subapicalis,,Lepidoptera Butterfly Pieridae Delias subapicalis nan nan
15161,Lepidoptera,Butterfly,Pieridae,Delias,Delias frater,Delias frater frater,,Lepidoptera Butterfly Pieridae Delias frater frater nan
15267,Lepidoptera,Butterfly,Papilionidae,Papilio,Papilio ulysses,Papilio ulysses gabrielis,Papilio ulysses gabrielis female,Lepidoptera Butterfly Papilionidae Papilio ulysses gabrielis female
15297,Lepidoptera,Butterfly,Pieridae,Delias,Delias sagessa,Delias sagessa sagessa,,Lepidoptera Butterfly Pieridae Delias sagessa sagessa nan
15310,Lepidoptera,Butterfly,Pieridae,Delias,Delias autumnalis,Delias autumnalis,,Lepidoptera Butterfly Pieridae Delias autumnalis nan nan
15364,Lepidoptera,Butterfly,Pieridae,Delias,Delias abrophora,Delias abrophora abrophora,,Lepidoptera Butterfly Pieridae Delias abrophora abrophora nan
15458,Lepidoptera,Butterfly,Pieridae,Delias,Delias toxopei,Delias toxopei toxopei,,Lepidoptera Butterfly Pieridae Delias toxopei toxopei nan
15585,Lepidoptera,Butterfly,Pieridae,Delias,Delias hypomelas,Delias hypomelas rubrostriata,,Lepidoptera Butterfly Pieridae Delias hypomelas rubrostriata nan
15592,Lepidoptera,Butterfly,Pieridae,Delias,Delias argentata,Delias argentata clutus,,Lepidoptera Butterfly Pieridae Delias argentata clutus nan
15593,Lepidoptera,Butterfly,Pieridae,Delias,Delias callista,Delias callista,,Lepidoptera Butterfly Pieridae Delias callista nan nan
15667,Lepidoptera,Butterfly,Pieridae,Delias,Delias meeki,Delias meeki,,Lepidoptera Butterfly Pieridae Delias meeki nan nan
15685,Lepidoptera,Butterfly,Pieridae,Delias,Delias alepa,Delias alepa kunupiensis,,Lepidoptera Butterfly Pieridae Delias alepa kunupiensis nan
15834,Lepidoptera,Butterfly,Pieridae,Delias,Delias alepa,Delias alepa orthobasis,,Lepidoptera Butterfly Pieridae Delias alepa orthobasis nan
15850,Lepidoptera,Butterfly,Pieridae,Delias,Delias catisa,Delias catisa aurostriga,,Lepidoptera Butterfly Pieridae Delias catisa aurostriga nan
15862,Lepidoptera,Butterfly,Pieridae,Delias,Delias menooensis,Delias menooensis,,Lepidoptera Butterfly Pieridae Delias menooensis nan nan
15900,Lepidoptera,Butterfly,Pieridae,Delias,Delias nais,Delias nais nais,,Lepidoptera Butterfly Pieridae Delias nais nais nan
15942,Lepidoptera,Butterfly,Pieridae,Delias,Delias ormoensis,Delias ormoensis,,Lepidoptera Butterfly Pieridae Delias ormoensis nan nan
15973,Lepidoptera,Butterfly,Pieridae,Delias,Delias frater,Delias frater frater,Delias frater frater male,Lepidoptera Butterfly Pieridae Delias frater frater male
15985,Lepidoptera,Butterfly,Pieridae,Delias,Delias walshae,Delias walshae,,Lepidoptera Butterfly Pieridae Delias walshae nan nan
15986,Lepidoptera,Butterfly,Pieridae,Delias,Delias walshae,Delias walshae sanaeae,,Lepidoptera Butterfly Pieridae Delias walshae sanaeae nan
15991,Lepidoptera,Butterfly,Pieridae,Delias,Delias fioretti,Delias fioretti,,Lepidoptera Butterfly Pieridae Delias fioretti nan nan
15992,Lepidoptera,Butterfly,Pieridae,Delias,Delias discus,Delias discus neyi,,Lepidoptera Butterfly Pieridae Delias discus neyi nan
16033,Lepidoptera,Butterfly,Pieridae,Delias,Delias hiemalis,Delias hiemalis flabella,,Lepidoptera Butterfly Pieridae Delias hiemalis flabella nan
16034,Lepidoptera,Butterfly,Pieridae,Delias,Delias antara,Delias antara,,Lepidoptera Butterfly Pieridae Delias antara nan nan
16057,Lepidoptera,Butterfly,Papilionidae,Papilio,Papilio fuscus,Papilio fuscus hasterti,Papilio fuscus hasterti female,Lepidoptera Butterfly Papilionidae Papilio fuscus hasterti female
16070,Lepidoptera,Butterfly,Papilionidae,Papilio,Papilio lorquinianus,Papilio lorquinianus lorquinianus,Papilio lorquinianus lorquinianus male,Lepidoptera Butterfly Papilionidae Papilio lorquinianus lorquinianus male
16074,Lepidoptera,Butterfly,Papilionidae,Papilio,Papilio lorquinianus,Papilio lorquinianus lorquinianus,,Lepidoptera Butterfly Papilionidae Papilio lorquinianus lorquinianus nan
16077,Lepidoptera,Butterfly,Papilionidae,Papilio,Papilio lorquinianus,Papilio lorquinianus lorquinianus,Papilio lorquinianus lorquinianus female,Lepidoptera Butterfly Papilionidae Papilio lorquinianus lorquinianus female
16093,Lepidoptera,Butterfly,Pieridae,Delias,Delias rileyi,Delias rileyi yofona,,Lepidoptera Butterfly Pieridae Delias rileyi yofona nan
16097,Lepidoptera,Butterfly,Pieridae,Delias,Delias rileyi,Delias rileyi yofona,Delias rileyi yofona male,Lepidoptera Butterfly Pieridae Delias rileyi yofona male
16110,Lepidoptera,Butterfly,Papilionidae,Papilio,Papilio blumei,Papilio blumei fruhstorferi,Papilio blumei fruhstorferi female,Lepidoptera Butterfly Papilionidae Papilio blumei fruhstorferi female
16166,Lepidoptera,Butterfly,Pieridae,Delias,Delias hapalina,Delias hapalina amoena,,Lepidoptera Butterfly Pieridae Delias hapalina amoena nan
16214,Lepidoptera,Butterfly,Pieridae,Delias,Delias catocausta,Delias catocausta catocausta,,Lepidoptera Butterfly Pieridae Delias catocausta catocausta nan
16233,Lepidoptera,Butterfly,Pieridae,Delias,Delias heroni,Delias heroni,,Lepidoptera Butterfly Pieridae Delias heroni nan nan
16236,Lepidoptera,Butterfly,Pieridae,Delias,Delias heroni,Delias heroni,Delias heroni male,Lepidoptera Butterfly Pieridae Delias heroni nan male
16242,Lepidoptera,Butterfly,Pieridae,Delias,Delias nais,Delias nais nais,Delias nais nais male,Lepidoptera Butterfly Pieridae Delias nais nais male
16276,Lepidoptera,Butterfly,Pieridae,Delias,Delias bornemanni,Delias bornemanni,,Lepidoptera Butterfly Pieridae Delias bornemanni nan nan
16291,Lepidoptera,Butterfly,Pieridae,Delias,Delias hypomelas,Delias hypomelas lieftincki,,Lepidoptera Butterfly Pieridae Delias hypomelas lieftincki nan
16337,Lepidoptera,Butterfly,Pieridae,Delias,Delias luctuosa,Delias luctuosa gottsi,,Lepidoptera Butterfly Pieridae Delias luctuosa gottsi nan
16340,Lepidoptera,Butterfly,Pieridae,Delias,Delias luctuosa,Delias luctuosa archboldi,,Lepidoptera Butterfly Pieridae Delias luctuosa archboldi nan
16394,Lepidoptera,Butterfly,Pieridae,Delias,Delias catocausta,Delias catocausta nigerrima,,Lepidoptera Butterfly Pieridae Delias catocausta nigerrima nan
16477,Lepidoptera,Butterfly,Pieridae,Delias,Delias carstenziana,Delias carstenziana alcicornis,,Lepidoptera Butterfly Pieridae Delias carstenziana alcicornis nan
16485,Lepidoptera,Butterfly,Pieridae,Delias,Delias gilliardi,Delias gilliardi,,Lepidoptera Butterfly Pieridae Delias gilliardi nan nan
16537,Lepidoptera,Butterfly,Pieridae,Delias,Delias roepkei,Delias roepkei cieko,,Lepidoptera Butterfly Pieridae Delias roepkei cieko nan
16581,Lepidoptera,Butterfly,Pieridae,Delias,Delias oktanglap,Delias oktanglap nishiyamai,,Lepidoptera Butterfly Pieridae Delias oktanglap nishiyamai nan
16656,Lepidoptera,Butterfly,Pieridae,Delias,Delias luctuosa,Delias luctuosa,,Lepidoptera Butterfly Pieridae Delias luctuosa nan nan
16793,Lepidoptera,Butterfly,Pieridae,Delias,Delias klossi,Delias klossi,,Lepidoptera Butterfly Pieridae Delias klossi nan nan
16923,Lepidoptera,Butterfly,Pieridae,Delias,Delias durai,Delias durai,,Lepidoptera Butterfly Pieridae Delias durai nan nan
16924,Lepidoptera,Butterfly,Pieridae,Delias,Delias campbelli,Delias campbelli,,Lepidoptera Butterfly Pieridae Delias campbelli nan nan
16956,Lepidoptera,Butterfly,Pieridae,Delias,Delias bothwelli,Delias bothwelli,,Lepidoptera Butterfly Pieridae Delias bothwelli nan nan
17096,Lepidoptera,Butterfly,Pieridae,Delias,Delias oktanglap,Delias oktanglap oktanglap,,Lepidoptera Butterfly Pieridae Delias oktanglap oktanglap nan
17105,Lepidoptera,Butterfly,Pieridae,Delias,Delias rosamontana,Delias rosamontana osadai,,Lepidoptera Butterfly Pieridae Delias rosamontana osadai nan
17117,Lepidoptera,Butterfly,Pieridae,Delias,Delias neeltje,Delias neeltje,,Lepidoptera Butterfly Pieridae Delias neeltje nan nan
17139,Lepidoptera,Butterfly,Pieridae,Delias,Delias mesoblema,Delias mesoblema,,Lepidoptera Butterfly Pieridae Delias mesoblema nan nan
17148,Lepidoptera,Butterfly,Pieridae,Delias,Delias hypomelas,Delias hypomelas hypomelas,,Lepidoptera Butterfly Pieridae Delias hypomelas hypomelas nan
17161,Lepidoptera,Butterfly,Pieridae,Delias,Delias flavistriga,Delias flavistriga flavistriga,,Lepidoptera Butterfly Pieridae Delias flavistriga flavistriga nan
17175,Lepidoptera,Butterfly,Papilionidae,Papilio,Papilio pericles,Papilio pericles,,Lepidoptera Butterfly Papilionidae Papilio pericles nan nan
17176,Lepidoptera,Butterfly,Papilionidae,Papilio,Papilio pericles,Papilio pericles,Papilio pericles female,Lepidoptera Butterfly Papilionidae Papilio pericles nan female
17182,Lepidoptera,Butterfly,Papilionidae,Papilio,Papilio pericles,Papilio pericles,Papilio pericles male,Lepidoptera Butterfly Papilionidae Papilio pericles nan male
17198,Lepidoptera,Butterfly,Papilionidae,Papilio,Papilio demoleus,Papilio demoleus malayanus,Papilio demoleus malayanus female,Lepidoptera Butterfly Papilionidae Papilio demoleus malayanus female
17208,Lepidoptera,Butterfly,Pieridae,Delias,Delias germana,Delias germana heliophora,,Lepidoptera Butterfly Pieridae Delias germana heliophora nan
17306,Lepidoptera,Butterfly,Pieridae,Delias,Delias roepkei,Delias roepkei roepkei,,Lepidoptera Butterfly Pieridae Delias roepkei roepkei nan
17317,Lepidoptera,Butterfly,Pieridae,Delias,Delias rosamontana,Delias rosamontana rosamontana,,Lepidoptera Butterfly Pieridae Delias rosamontana rosamontana nan
17330,Lepidoptera,Butterfly,Pieridae,Delias,Delias dixeyi,Delias dixeyi,,Lepidoptera Butterfly Pieridae Delias dixeyi nan nan
17360,Lepidoptera,Butterfly,Pieridae,Delias,Delias kummeri,Delias kummeri similis,,Lepidoptera Butterfly Pieridae Delias kummeri similis nan
17367,Lepidoptera,Butterfly,Pieridae,Delias,Delias cuningputi,Delias cuningputi,,Lepidoptera Butterfly Pieridae Delias cuningputi nan nan
17388,Lepidoptera,Butterfly,Pieridae,Delias,Delias callista,Delias callista callipulchra,,Lepidoptera Butterfly Pieridae Delias callista callipulchra nan
17391,Lepidoptera,Butterfly,Pieridae,Delias,Delias hapalina,Delias hapalina conspectirubra,,Lepidoptera Butterfly Pieridae Delias hapalina conspectirubra nan
17392,Lepidoptera,Butterfly,Pieridae,Delias,Delias hapalina,Delias hapalina conspectirubra,Delias hapalina conspectirubra female,Lepidoptera Butterfly Pieridae Delias hapalina conspectirubra female
17400,Lepidoptera,Butterfly,Pieridae,Delias,Delias hapalina,Delias hapalina adnexa,,Lepidoptera Butterfly Pieridae Delias hapalina adnexa nan
17422,Lepidoptera,Butterfly,Pieridae,Delias,Delias awongkor,Delias awongkor,,Lepidoptera Butterfly Pieridae Delias awongkor nan nan
17476,Lepidoptera,Butterfly,Pieridae,Delias,Delias marguerita,Delias marguerita,,Lepidoptera Butterfly Pieridae Delias marguerita nan nan
17598,Lepidoptera,Butterfly,Pieridae,Delias,Delias nakanokeikoae,Delias nakanokeikoae jali,,Lepidoptera Butterfly Pieridae Delias nakanokeikoae jali nan
17639,Lepidoptera,Butterfly,Pieridae,Delias,Delias nais,Delias nais,,Lepidoptera Butterfly Pieridae Delias nais nan nan
17649,Lepidoptera,Butterfly,Pieridae,Delias,Delias nais,Delias nais,Delias nais male,Lepidoptera Butterfly Pieridae Delias nais nan male
17678,Lepidoptera,Butterfly,Pieridae,Delias,Delias phippsi,Delias phippsi wisseli,,Lepidoptera Butterfly Pieridae Delias phippsi wisseli nan
17690,Lepidoptera,Butterfly,Pieridae,Delias,Delias isocharis,Delias isocharis latiapicalis,,Lepidoptera Butterfly Pieridae Delias isocharis latiapicalis nan
17711,Lepidoptera,Butterfly,Pieridae,Delias,Delias kummeri,Delias kummeri fumosa,,Lepidoptera Butterfly Pieridae Delias kummeri fumosa nan
17716,Lepidoptera,Butterfly,Pieridae,Delias,Delias bakeri,Delias bakeri,,Lepidoptera Butterfly Pieridae Delias bakeri nan nan
17759,Lepidoptera,Butterfly,Pieridae,Delias,Delias luctuosa,Delias luctuosa mizukamii,,Lepidoptera Butterfly Pieridae Delias luctuosa mizukamii nan
17772,Lepidoptera,Butterfly,Pieridae,Delias,Delias iltis,Delias iltis leucotera,,Lepidoptera Butterfly Pieridae Delias iltis leucotera nan
17945,Lepidoptera,Butterfly,Pieridae,Delias,Delias telefominensis,Delias telefominensis,,Lepidoptera Butterfly Pieridae Delias telefominensis nan nan
17981,Lepidoptera,Butterfly,Pieridae,Delias,Delias leucias,Delias leucias huonensis,,Lepidoptera Butterfly Pieridae Delias leucias huonensis nan
17982,Lepidoptera,Butterfly,Pieridae,Delias,Delias belisama,Delias belisama nakula,Delias belisama nakula male,Lepidoptera Butterfly Pieridae Delias belisama nakula male
17983,Lepidoptera,Butterfly,Pieridae,Delias,Delias belisama,Delias belisama nakula,Delias belisama nakula mixed,Lepidoptera Butterfly Pieridae Delias belisama nakula mixed
17985,Lepidoptera,Butterfly,Pieridae,Delias,Delias belisama,Delias belisama nakula,,Lepidoptera Butterfly Pieridae Delias belisama nakula nan
18002,Lepidoptera,Butterfly,Pieridae,Delias,Delias belisama,Delias belisama belisama,,Lepidoptera Butterfly Pieridae Delias belisama belisama nan
18037,Lepidoptera,Butterfly,Pieridae,Delias,Delias germana,Delias germana,,Lepidoptera Butterfly Pieridae Delias germana nan nan
18041,Lepidoptera,Butterfly,Pieridae,Delias,Delias toxopei,Delias toxopei uranoi,,Lepidoptera Butterfly Pieridae Delias toxopei uranoi nan
18185,Lepidoptera,Butterfly,Pieridae,Delias,Delias hallstromi,Delias hallstromi,,Lepidoptera Butterfly Pieridae Delias hallstromi nan nan
18208,Lepidoptera,Butterfly,Pieridae,Delias,Delias boschmai,Delias boschmai sigit,,Lepidoptera Butterfly Pieridae Delias boschmai sigit nan
18219,Lepidoptera,Butterfly,Pieridae,Delias,Delias walshae,Delias walshae ilu,,Lepidoptera Butterfly Pieridae Delias walshae ilu nan
18221,Lepidoptera,Butterfly,Pieridae,Delias,Delias roepkei,Delias roepkei,,Lepidoptera Butterfly Pieridae Delias roepkei nan nan
18292,Lepidoptera,Butterfly,Pieridae,Delias,Delias caroli,Delias caroli caroli,,Lepidoptera Butterfly Pieridae Delias caroli caroli nan
18317,Lepidoptera,Butterfly,Pieridae,Delias,Delias catisa,Delias catisa wisseliana,,Lepidoptera Butterfly Pieridae Delias catisa wisseliana nan
18328,Lepidoptera,Butterfly,Pieridae,Delias,Delias catisa,Delias catisa morinakai,,Lepidoptera Butterfly Pieridae Delias catisa morinakai nan
18377,Lepidoptera,Butterfly,Pieridae,Delias,Delias callista,Delias callista callipareia,,Lepidoptera Butterfly Pieridae Delias callista callipareia nan
18384,Lepidoptera,Butterfly,Pieridae,Delias,Delias virgo,Delias virgo,,Lepidoptera Butterfly Pieridae Delias virgo nan nan
18406,Lepidoptera,Butterfly,Pieridae,Delias,Delias leucobalia,Delias leucobalia ericetorum,,Lepidoptera Butterfly Pieridae Delias leucobalia ericetorum nan
18457,Lepidoptera,Butterfly,Pieridae,Delias,Delias cumanau,Delias cumanau,,Lepidoptera Butterfly Pieridae Delias cumanau nan nan
18525,Lepidoptera,Butterfly,Pieridae,Delias,Delias belisama,Delias belisama belisama,Delias belisama belisama male,Lepidoptera Butterfly Pieridae Delias belisama belisama male
18560,Lepidoptera,Butterfly,Pieridae,Delias,Delias euphemia,Delias euphemia,,Lepidoptera Butterfly Pieridae Delias euphemia nan nan
18561,Lepidoptera,Butterfly,Pieridae,Delias,Delias belisama,Delias belisama nakula,Delias belisama nakula female,Lepidoptera Butterfly Pieridae Delias belisama nakula female
18576,Lepidoptera,Butterfly,Pieridae,Delias,Delias belisama,Delias belisama belisama,Delias belisama belisama female,Lepidoptera Butterfly Pieridae Delias belisama belisama female
18581,Lepidoptera,Butterfly,Pieridae,Delias,Delias momea,Delias momea momea,Delias momea momea female,Lepidoptera Butterfly Pieridae Delias momea momea female
18583,Lepidoptera,Butterfly,Pieridae,Delias,Delias momea,Delias momea momea,,Lepidoptera Butterfly Pieridae Delias momea momea nan
18589,Lepidoptera,Butterfly,Pieridae,Delias,Delias momea,Delias momea momea,Delias momea momea male,Lepidoptera Butterfly Pieridae Delias momea momea male
18610,Lepidoptera,Butterfly,Pieridae,Delias,Delias periboea,Delias periboea periboea,Delias periboea periboea male,Lepidoptera Butterfly Pieridae Delias periboea periboea male
18613,Lepidoptera,Butterfly,Pieridae,Delias,Delias periboea,Delias periboea periboea,,Lepidoptera Butterfly Pieridae Delias periboea periboea nan
18669,Lepidoptera,Butterfly,Pieridae,Delias,Delias itamputi,Delias itamputi,,Lepidoptera Butterfly Pieridae Delias itamputi nan nan
18670,Lepidoptera,Butterfly,Pieridae,Delias,Delias nieuwenhuisi,Delias nieuwenhuisi poponga,,Lepidoptera Butterfly Pieridae Delias nieuwenhuisi poponga nan
18764,Lepidoptera,Butterfly,Pieridae,Delias,Delias weiskei,Delias weiskei weiskei,,Lepidoptera Butterfly Pieridae Delias weiskei weiskei nan
18774,Lepidoptera,Butterfly,Pieridae,Delias,Delias mysis,Delias mysis nemea,Delias mysis nemea male,Lepidoptera Butterfly Pieridae Delias mysis nemea male
18776,Lepidoptera,Butterfly,Pieridae,Delias,Delias mysis,Delias mysis nemea,,Lepidoptera Butterfly Pieridae Delias mysis nemea nan
18782,Lepidoptera,Butterfly,Pieridae,Delias,Delias mysis,Delias mysis nemea,Delias mysis nemea female,Lepidoptera Butterfly Pieridae Delias mysis nemea female
18785,Lepidoptera,Butterfly,Pieridae,Delias,Delias mysis,Delias mysis,Delias mysis female,Lepidoptera Butterfly Pieridae Delias mysis nan female
18786,Lepidoptera,Butterfly,Pieridae,Delias,Delias mysis,Delias mysis mysis,,Lepidoptera Butterfly Pieridae Delias mysis mysis nan
18800,Lepidoptera,Butterfly,Pieridae,Delias,Delias belisama,Delias belisama,,Lepidoptera Butterfly Pieridae Delias belisama nan nan
18801,Lepidoptera,Butterfly,Pieridae,Delias,Delias belisama,Delias belisama,Delias belisama female,Lepidoptera Butterfly Pieridae Delias belisama nan female
18810,Lepidoptera,Butterfly,Pieridae,Delias,Delias biaka,Delias biaka,Delias biaka male,Lepidoptera Butterfly Pieridae Delias biaka nan male
18811,Lepidoptera,Butterfly,Pieridae,Delias,Delias biaka,Delias biaka,Delias biaka female,Lepidoptera Butterfly Pieridae Delias biaka nan female
18812,Lepidoptera,Butterfly,Pieridae,Delias,Delias singhapura,Delias singhapura singaphura,Delias singhapura singaphura male,Lepidoptera Butterfly Pieridae Delias singhapura singaphura male
18813,Lepidoptera,Butterfly,Pieridae,Delias,Delias ganymedes,Delias ganymedes filalorum,,Lepidoptera Butterfly Pieridae Delias ganymedes filalorum nan
18830,Lepidoptera,Butterfly,Pieridae,Delias,Delias schoenigi,Delias schoenigi samusawai,Delias schoenigi samusawai male,Lepidoptera Butterfly Pieridae Delias schoenigi samusawai male
18831,Lepidoptera,Butterfly,Pieridae,Delias,Delias schoenigi,Delias schoenigi samusawai,,Lepidoptera Butterfly Pieridae Delias schoenigi samusawai nan
18832,Lepidoptera,Butterfly,Pieridae,Delias,Delias schoenigi,Delias schoenigi hermeli,,Lepidoptera Butterfly Pieridae Delias schoenigi hermeli nan
18837,Lepidoptera,Butterfly,Pieridae,Delias,Delias henningia,Delias henningia henningia,,Lepidoptera Butterfly Pieridae Delias henningia henningia nan
18907,Lepidoptera,Butterfly,Pieridae,Delias,Delias crithoe,Delias crithoe bromo,Delias crithoe bromo female,Lepidoptera Butterfly Pieridae Delias crithoe bromo female
18910,Lepidoptera,Butterfly,Pieridae,Delias,Delias crithoe,Delias crithoe bromo,Delias crithoe bromo male,Lepidoptera Butterfly Pieridae Delias crithoe bromo male
18926,Lepidoptera,Butterfly,Pieridae,Delias,Delias battana,Delias battana battana,Delias battana battana male,Lepidoptera Butterfly Pieridae Delias battana battana male
18959,Lepidoptera,Butterfly,Pieridae,Delias,Delias battana,Delias battana battana,Delias battana battana female,Lepidoptera Butterfly Pieridae Delias battana battana female
18960,Lepidoptera,Butterfly,Pieridae,Delias,Delias battana,Delias battana battana,,Lepidoptera Butterfly Pieridae Delias battana battana nan
19031,Lepidoptera,Butterfly,Papilionidae,Papilio,Papilio demoleus,Papilio demoleus sthenelinus,,Lepidoptera Butterfly Papilionidae Papilio demoleus sthenelinus nan
19089,Lepidoptera,Butterfly,Pieridae,Delias,Delias oktanglap,Delias oktanglap,,Lepidoptera Butterfly Pieridae Delias oktanglap nan nan
19178,Lepidoptera,Butterfly,Pieridae,Delias,Delias hyparete,Delias hyparete luzonensis,,Lepidoptera Butterfly Pieridae Delias hyparete luzonensis nan
19204,Lepidoptera,Butterfly,Pieridae,Delias,Delias ornytion,Delias ornytion persephone,,Lepidoptera Butterfly Pieridae Delias ornytion persephone nan
19208,Lepidoptera,Butterfly,Pieridae,Delias,Delias buruana,Delias buruana,Delias buruana male,Lepidoptera Butterfly Pieridae Delias buruana nan male
19209,Lepidoptera,Butterfly,Pieridae,Delias,Delias oraia,Delias oraia lydia,Delias oraia lydia female,Lepidoptera Butterfly Pieridae Delias oraia lydia female
19237,Lepidoptera,Butterfly,Pieridae,Delias,Delias oraia,Delias oraia lydia,Delias oraia lydia male,Lepidoptera Butterfly Pieridae Delias oraia lydia male
19250,Lepidoptera,Butterfly,Pieridae,Pareronia,Pareronia valeria,Pareronia valeria leona,,Lepidoptera Butterfly Pieridae Pareronia valeria leona nan
19251,Lepidoptera,Butterfly,Pieridae,Eurema,Eurema hecabe,Eurema hecabe,,Lepidoptera Butterfly Pieridae Eurema hecabe nan nan
19255,Lepidoptera,Butterfly,Pieridae,Delias,Delias alepa,Delias alepa alepa,,Lepidoptera Butterfly Pieridae Delias alepa alepa nan
19267,Lepidoptera,Butterfly,Pieridae,Delias,Delias ninus,Delias ninus parthenia,Delias ninus parthenia female,Lepidoptera Butterfly Pieridae Delias ninus parthenia female
19268,Lepidoptera,Butterfly,Pieridae,Delias,Delias ninus,Delias ninus parthenia,Delias ninus parthenia male,Lepidoptera Butterfly Pieridae Delias ninus parthenia male
19269,Lepidoptera,Butterfly,Pieridae,Delias,Delias ninus,Delias ninus parthenia,,Lepidoptera Butterfly Pieridae Delias ninus parthenia nan
19273,Lepidoptera,Butterfly,Pieridae,Delias,Delias benasu,Delias benasu,Delias benasu male,Lepidoptera Butterfly Pieridae Delias benasu nan male
19275,Lepidoptera,Butterfly,Pieridae,Delias,Delias benasu,Delias benasu,Delias benasu female,Lepidoptera Butterfly Pieridae Delias benasu nan female
19277,Lepidoptera,Butterfly,Pieridae,Delias,Delias rosenbergi,Delias rosenbergi chrysoleuca,,Lepidoptera Butterfly Pieridae Delias rosenbergi chrysoleuca nan
19281,Lepidoptera,Butterfly,Pieridae,Delias,Delias rosenbergi,Delias rosenbergi chrysoleuca,Delias rosenbergi chrysoleuca male,Lepidoptera Butterfly Pieridae Delias rosenbergi chrysoleuca male
19320,Lepidoptera,Butterfly,Pieridae,Delias,Delias aruna,Delias aruna irma,Delias aruna irma male,Lepidoptera Butterfly Pieridae Delias aruna irma male
19321,Lepidoptera,Butterfly,Pieridae,Delias,Delias aruna,Delias aruna irma,,Lepidoptera Butterfly Pieridae Delias aruna irma nan
19334,Lepidoptera,Butterfly,Pieridae,Delias,Delias aruna,Delias aruna irma,Delias aruna irma female,Lepidoptera Butterfly Pieridae Delias aruna irma female
19347,Lepidoptera,Butterfly,Pieridae,Delias,Delias ennia,Delias ennia ennia,,Lepidoptera Butterfly Pieridae Delias ennia ennia nan
19361,Lepidoptera,Butterfly,Pieridae,Delias,Delias dorylaea,Delias dorylaea,Delias dorylaea male,Lepidoptera Butterfly Pieridae Delias dorylaea nan male
19362,Lepidoptera,Butterfly,Pieridae,Delias,Delias dorylaea,Delias dorylaea,,Lepidoptera Butterfly Pieridae Delias dorylaea nan nan
19365,Lepidoptera,Butterfly,Pieridae,Delias,Delias dorylaea,Delias dorylaea,Delias dorylaea female,Lepidoptera Butterfly Pieridae Delias dorylaea nan female
19369,Lepidoptera,Butterfly,Pieridae,Delias,Delias dorimene,Delias dorimene,,Lepidoptera Butterfly Pieridae Delias dorimene nan nan
19370,Lepidoptera,Butterfly,Pieridae,Delias,Delias dorimene,Delias dorimene,Delias dorimene male,Lepidoptera Butterfly Pieridae Delias dorimene nan male
19376,Lepidoptera,Butterfly,Pieridae,Delias,Delias dorimene,Delias dorimene,Delias dorimene female,Lepidoptera Butterfly Pieridae Delias dorimene nan female
19380,Lepidoptera,Butterfly,Pieridae,Delias,Delias baracasa,Delias baracasa benguetana,,Lepidoptera Butterfly Pieridae Delias baracasa benguetana nan
19381,Lepidoptera,Butterfly,Pieridae,Delias,Delias oraia,Delias oraia bratana,Delias oraia bratana female,Lepidoptera Butterfly Pieridae Delias oraia bratana female
19383,Lepidoptera,Butterfly,Pieridae,Delias,Delias kuehni,Delias kuehni kuehni,Delias kuehni kuehni male,Lepidoptera Butterfly Pieridae Delias kuehni kuehni male
19384,Lepidoptera,Butterfly,Pieridae,Delias,Delias kuehni,Delias kuehni kuehni,Delias kuehni kuehni female,Lepidoptera Butterfly Pieridae Delias kuehni kuehni female
19385,Lepidoptera,Butterfly,Pieridae,Delias,Delias crithoe,Delias crithoe tobohana,Delias crithoe tobohana male,Lepidoptera Butterfly Pieridae Delias crithoe tobohana male
19410,Lepidoptera,Butterfly,Pieridae,Delias,Delias aurantia,Delias aurantia,Delias aurantia male,Lepidoptera Butterfly Pieridae Delias aurantia nan male
19411,Lepidoptera,Butterfly,Pieridae,Delias,Delias aurantia,Delias aurantia,,Lepidoptera Butterfly Pieridae Delias aurantia nan nan
19438,Lepidoptera,Butterfly,Pieridae,Delias,Delias periboea,Delias periboea periboea,Delias periboea periboea female,Lepidoptera Butterfly Pieridae Delias periboea periboea female
19475,Lepidoptera,Butterfly,Pieridae,Pareronia,Pareronia boebera,Pareronia boebera,,Lepidoptera Butterfly Pieridae Pareronia boebera nan nan
19504,Lepidoptera,Butterfly,Pieridae,Delias,Delias echidna,Delias echidna,Delias echidna male,Lepidoptera Butterfly Pieridae Delias echidna nan male
19505,Lepidoptera,Butterfly,Pieridae,Delias,Delias echidna,Delias echidna,,Lepidoptera Butterfly Pieridae Delias echidna nan nan
19506,Lepidoptera,Butterfly,Pieridae,Delias,Delias dumasi,Delias dumasi,Delias dumasi male,Lepidoptera Butterfly Pieridae Delias dumasi nan male
19507,Lepidoptera,Butterfly,Pieridae,Delias,Delias dumasi,Delias dumasi,Delias dumasi female,Lepidoptera Butterfly Pieridae Delias dumasi nan female
19509,Lepidoptera,Butterfly,Pieridae,Delias,Delias themis,Delias themis mihoae,,Lepidoptera Butterfly Pieridae Delias themis mihoae nan
19513,Lepidoptera,Butterfly,Pieridae,Delias,Delias georgina,Delias georgina georgina,,Lepidoptera Butterfly Pieridae Delias georgina georgina nan
19617,Lepidoptera,Butterfly,Pieridae,Eurema,Eurema hecabe,Eurema hecabe,Eurema hecabe female,Lepidoptera Butterfly Pieridae Eurema hecabe nan female
19618,Lepidoptera,Butterfly,Pieridae,Eurema,Eurema brigitta,Eurema brigitta,,Lepidoptera Butterfly Pieridae Eurema brigitta nan nan
19679,Lepidoptera,Butterfly,Pieridae,Delias,Delias hyparete,Delias hyparete luzonensis,Delias hyparete luzonensis female,Lepidoptera Butterfly Pieridae Delias hyparete luzonensis female
19712,Lepidoptera,Butterfly,Pieridae,Delias,Delias schoenigi,Delias schoenigi schoenigi,,Lepidoptera Butterfly Pieridae Delias schoenigi schoenigi nan
19721,Lepidoptera,Butterfly,Pieridae,Delias,Delias schoenigi,Delias schoenigi,,Lepidoptera Butterfly Pieridae Delias schoenigi nan nan
19724,Lepidoptera,Butterfly,Pieridae,Delias,Delias buruana,Delias buruana,Delias buruana female,Lepidoptera Butterfly Pieridae Delias buruana nan female
19728,Lepidoptera,Butterfly,Pieridae,Delias,Delias crithoe,Delias crithoe crithoe,Delias crithoe crithoe female,Lepidoptera Butterfly Pieridae Delias crithoe crithoe female
19731,Lepidoptera,Butterfly,Pieridae,Delias,Delias crithoe,Delias crithoe crithoe,Delias crithoe crithoe male,Lepidoptera Butterfly Pieridae Delias crithoe crithoe male
19752,Lepidoptera,Butterfly,Pieridae,Delias,Delias crithoe,Delias crithoe crithoe,,Lepidoptera Butterfly Pieridae Delias crithoe crithoe nan
19762,Lepidoptera,Butterfly,Pieridae,Delias,Delias pasithoe,Delias pasithoe egialea,,Lepidoptera Butterfly Pieridae Delias pasithoe egialea nan
19763,Lepidoptera,Butterfly,Pieridae,Delias,Delias pasithoe,Delias pasithoe egialea,Delias pasithoe egialea male,Lepidoptera Butterfly Pieridae Delias pasithoe egialea male
19862,Lepidoptera,Butterfly,Pieridae,Delias,Delias pasithoe,Delias pasithoe angustifascia,,Lepidoptera Butterfly Pieridae Delias pasithoe angustifascia nan
19897,Lepidoptera,Butterfly,Pieridae,Hebomoia,Hebomoia glaucippe,Hebomoia glaucippe sulphurea,,Lepidoptera Butterfly Pieridae Hebomoia glaucippe sulphurea nan
19898,Lepidoptera,Butterfly,Pieridae,Hebomoia,Hebomoia glaucippe,Hebomoia glaucippe sulphurea,Hebomoia glaucippe sulphurea male,Lepidoptera Butterfly Pieridae Hebomoia glaucippe sulphurea male
19901,Lepidoptera,Butterfly,Pieridae,Hebomoia,Hebomoia glaucippe,Hebomoia glaucippe sulphurea,Hebomoia glaucippe sulphurea female,Lepidoptera Butterfly Pieridae Hebomoia glaucippe sulphurea female
19902,Lepidoptera,Butterfly,Pieridae,Hebomoia,Hebomoia glaucippe,Hebomoia glaucippe,,Lepidoptera Butterfly Pieridae Hebomoia glaucippe nan nan
19903,Lepidoptera,Butterfly,Pieridae,Hebomoia,Hebomoia glaucippe,Hebomoia glaucippe,Hebomoia glaucippe male,Lepidoptera Butterfly Pieridae Hebomoia glaucippe nan male
19904,Lepidoptera,Butterfly,Pieridae,Hebomoia,Hebomoia glaucippe,Hebomoia glaucippe,Hebomoia glaucippe female,Lepidoptera Butterfly Pieridae Hebomoia glaucippe nan female
19931,Lepidoptera,Butterfly,Pieridae,Hebomoia,Hebomoia glaucippe,Hebomoia glaucippe javanensis,Hebomoia glaucippe javanensis female,Lepidoptera Butterfly Pieridae Hebomoia glaucippe javanensis female
19934,Lepidoptera,Butterfly,Pieridae,Delias,Delias hyparete,Delias hyparete hyparete,,Lepidoptera Butterfly Pieridae Delias hyparete hyparete nan
19937,Lepidoptera,Butterfly,Pieridae,Delias,Delias hyparete,Delias hyparete hyparete,Delias hyparete hyparete male,Lepidoptera Butterfly Pieridae Delias hyparete hyparete male
19961,Lepidoptera,Butterfly,Pieridae,Delias,Delias mira,Delias mira,,Lepidoptera Butterfly Pieridae Delias mira nan nan
19962,Lepidoptera,Butterfly,Pieridae,Pareronia,Pareronia iobaea,Pareronia iobaea aeboja,Pareronia iobaea aeboja male,Lepidoptera Butterfly Pieridae Pareronia iobaea aeboja male
19963,Lepidoptera,Butterfly,Pieridae,Pareronia,Pareronia valeria,Pareronia valeria leona,Pareronia valeria leona male,Lepidoptera Butterfly Pieridae Pareronia valeria leona male
19968,Lepidoptera,Butterfly,Pieridae,Appias,Appias zarinda,Appias zarinda,Appias zarinda female,Lepidoptera Butterfly Pieridae Appias zarinda nan female
19970,Lepidoptera,Butterfly,Pieridae,Catopsilia,Catopsilia scylla,Catopsilia scylla scylloides,Catopsilia scylla scylloides male,Lepidoptera Butterfly Pieridae Catopsilia scylla scylloides male
19971,Lepidoptera,Butterfly,Pieridae,Delias,Delias candida,Delias candida candida,,Lepidoptera Butterfly Pieridae Delias candida candida nan
19972,Lepidoptera,Butterfly,Pieridae,Delias,Delias candida,Delias candida candida,Delias candida candida female,Lepidoptera Butterfly Pieridae Delias candida candida female
19974,Lepidoptera,Butterfly,Pieridae,Delias,Delias candida,Delias candida candida,Delias candida candida male,Lepidoptera Butterfly Pieridae Delias candida candida male
19984,Lepidoptera,Butterfly,Pieridae,Delias,Delias rosenbergi,Delias rosenbergi chrysoleuca,Delias rosenbergi chrysoleuca female,Lepidoptera Butterfly Pieridae Delias rosenbergi chrysoleuca female
20046,Lepidoptera,Butterfly,Pieridae,Delias,Delias ceneus,Delias ceneus philotis,Delias ceneus philotis male,Lepidoptera Butterfly Pieridae Delias ceneus philotis male
20049,Lepidoptera,Butterfly,Pieridae,Delias,Delias ceneus,Delias ceneus philotis,Delias ceneus philotis female,Lepidoptera Butterfly Pieridae Delias ceneus philotis female
20050,Lepidoptera,Butterfly,Pieridae,Delias,Delias ceneus,Delias ceneus philotis,,Lepidoptera Butterfly Pieridae Delias ceneus philotis nan
20074,Lepidoptera,Butterfly,Pieridae,Delias,Delias weiskei,Delias weiskei sayuriae,,Lepidoptera Butterfly Pieridae Delias weiskei sayuriae nan
20076,Lepidoptera,Butterfly,Pieridae,Eurema,Eurema simulatrix,Eurema simulatrix,,Lepidoptera Butterfly Pieridae Eurema simulatrix nan nan
20077,Lepidoptera,Butterfly,Pieridae,Eurema,Eurema simulatrix,Eurema simulatrix,Eurema simulatrix female,Lepidoptera Butterfly Pieridae Eurema simulatrix nan female
20078,Lepidoptera,Butterfly,Pieridae,Eurema,Eurema simulatrix,Eurema simulatrix,Eurema simulatrix male,Lepidoptera Butterfly Pieridae Eurema simulatrix nan male
20091,Lepidoptera,Butterfly,Pieridae,Eurema,Eurema alitha,Eurema alitha,,Lepidoptera Butterfly Pieridae Eurema alitha nan nan
20099,Lepidoptera,Butterfly,Pieridae,Delias,Delias pasithoe,Delias pasithoe grisea,Delias pasithoe grisea male,Lepidoptera Butterfly Pieridae Delias pasithoe grisea male
20101,Lepidoptera,Butterfly,Pieridae,Delias,Delias pasithoe,Delias pasithoe grisea,Delias pasithoe grisea female,Lepidoptera Butterfly Pieridae Delias pasithoe grisea female
20104,Lepidoptera,Butterfly,Pieridae,Delias,Delias pasithoe,Delias pasithoe goda,,Lepidoptera Butterfly Pieridae Delias pasithoe goda nan
20105,Lepidoptera,Butterfly,Pieridae,Appias,Appias nero,Appias nero,Appias nero male,Lepidoptera Butterfly Pieridae Appias nero nan male
20106,Lepidoptera,Butterfly,Pieridae,Hebomoia,Hebomoia glaucippe,Hebomoia glaucippe celebensis,Hebomoia glaucippe celebensis male,Lepidoptera Butterfly Pieridae Hebomoia glaucippe celebensis male
20108,Lepidoptera,Butterfly,Pieridae,Hebomoia,Hebomoia glaucippe,Hebomoia glaucippe celebensis,,Lepidoptera Butterfly Pieridae Hebomoia glaucippe celebensis nan
20111,Lepidoptera,Butterfly,Pieridae,Delias,Delias isse,Delias isse isse,,Lepidoptera Butterfly Pieridae Delias isse isse nan
20112,Lepidoptera,Butterfly,Pieridae,Delias,Delias isse,Delias isse echo,Delias isse echo male,Lepidoptera Butterfly Pieridae Delias isse echo male
20117,Lepidoptera,Butterfly,Pieridae,Delias,Delias isse,Delias isse echo,Delias isse echo female,Lepidoptera Butterfly Pieridae Delias isse echo female
20119,Lepidoptera,Butterfly,Pieridae,Pareronia,Pareronia valeria,Pareronia valeria,,Lepidoptera Butterfly Pieridae Pareronia valeria nan nan
20124,Lepidoptera,Butterfly,Pieridae,Pareronia,Pareronia valeria,Pareronia valeria,Pareronia valeria female,Lepidoptera Butterfly Pieridae Pareronia valeria nan female
20164,Lepidoptera,Butterfly,Pieridae,Pareronia,Pareronia valeria,Pareronia valeria,Pareronia valeria male,Lepidoptera Butterfly Pieridae Pareronia valeria nan male
20170,Lepidoptera,Butterfly,Pieridae,Appias,Appias hombroni,Appias hombroni,,Lepidoptera Butterfly Pieridae Appias hombroni nan nan
20171,Lepidoptera,Butterfly,Pieridae,Appias,Appias hombroni,Appias hombroni,Appias hombroni male,Lepidoptera Butterfly Pieridae Appias hombroni nan male
20214,Lepidoptera,Butterfly,Pieridae,Pareronia,Pareronia phocaea,Pareronia phocaea,,Lepidoptera Butterfly Pieridae Pareronia phocaea nan nan
20218,Lepidoptera,Butterfly,Pieridae,Pareronia,Pareronia argolis,Pareronia argolis,,Lepidoptera Butterfly Pieridae Pareronia argolis nan nan
20219,Lepidoptera,Butterfly,Pieridae,Catopsilia,Catopsilia scylla,Catopsilia scylla,Catopsilia scylla male,Lepidoptera Butterfly Pieridae Catopsilia scylla nan male
20294,Lepidoptera,Butterfly,Pieridae,Catopsilia,Catopsilia scylla,Catopsilia scylla,Catopsilia scylla female,Lepidoptera Butterfly Pieridae Catopsilia scylla nan female
20325,Lepidoptera,Butterfly,Pieridae,Appias,Appias hombroni,Appias hombroni,Appias hombroni female,Lepidoptera Butterfly Pieridae Appias hombroni nan female
20328,Lepidoptera,Butterfly,Pieridae,Catopsilia,Catopsilia scylla,Catopsilia scylla scylla,Catopsilia scylla scylla female,Lepidoptera Butterfly Pieridae Catopsilia scylla scylla female
20329,Lepidoptera,Butterfly,Pieridae,Delias,Delias mitisi,Delias mitisi mitisi,Delias mitisi mitisi male,Lepidoptera Butterfly Pieridae Delias mitisi mitisi male
20330,Lepidoptera,Butterfly,Pieridae,Delias,Delias mitisi,Delias mitisi mitisi,Delias mitisi mitisi female,Lepidoptera Butterfly Pieridae Delias mitisi mitisi female
20331,Lepidoptera,Butterfly,Pieridae,Delias,Delias mitisi,Delias mitisi banggaiensis,Delias mitisi banggaiensis male,Lepidoptera Butterfly Pieridae Delias mitisi banggaiensis male
20332,Lepidoptera,Butterfly,Pieridae,Delias,Delias mitisi,Delias mitisi banggaiensis,Delias mitisi banggaiensis female,Lepidoptera Butterfly Pieridae Delias mitisi banggaiensis female
20333,Lepidoptera,Butterfly,Pieridae,Delias,Delias bagoe,Delias bagoe,,Lepidoptera Butterfly Pieridae Delias bagoe nan nan
20335,Lepidoptera,Butterfly,Pieridae,Delias,Delias ceneus,Delias ceneus ceneus,,Lepidoptera Butterfly Pieridae Delias ceneus ceneus nan
20336,Lepidoptera,Butterfly,Pieridae,Delias,Delias ceneus,Delias ceneus ceneus,Delias ceneus ceneus male,Lepidoptera Butterfly Pieridae Delias ceneus ceneus male
20345,Lepidoptera,Butterfly,Pieridae,Delias,Delias ceneus,Delias ceneus ceneus,Delias ceneus ceneus female,Lepidoptera Butterfly Pieridae Delias ceneus ceneus female
20360,Lepidoptera,Butterfly,Pieridae,Delias,Delias ceneus,Delias ceneus,,Lepidoptera Butterfly Pieridae Delias ceneus nan nan
20398,Lepidoptera,Butterfly,Pieridae,Catopsilia,Catopsilia pomona,Catopsilia pomona,Catopsilia pomona male,Lepidoptera Butterfly Pieridae Catopsilia pomona nan male
20467,Lepidoptera,Butterfly,Pieridae,Catopsilia,Catopsilia pomona,Catopsilia pomona,,Lepidoptera Butterfly Pieridae Catopsilia pomona nan nan
20502,Lepidoptera,Butterfly,Pieridae,Catopsilia,Catopsilia pomona,Catopsilia pomona,Catopsilia pomona female,Lepidoptera Butterfly Pieridae Catopsilia pomona nan female
20507,Lepidoptera,Butterfly,Pieridae,Appias,Appias lyncida,Appias lyncida lycaste,Appias lyncida lycaste female,Lepidoptera Butterfly Pieridae Appias lyncida lycaste female
20508,Lepidoptera,Butterfly,Pieridae,Belenois,Belenois java,Belenois java java,Belenois java java female,Lepidoptera Butterfly Pieridae Belenois java java female
20509,Lepidoptera,Butterfly,Pieridae,Belenois,Belenois java,Belenois java,,Lepidoptera Butterfly Pieridae Belenois java nan nan
20511,Lepidoptera,Butterfly,Pieridae,Belenois,Belenois java,Belenois java java,,Lepidoptera Butterfly Pieridae Belenois java java nan
20514,Lepidoptera,Butterfly,Pieridae,Belenois,Belenois java,Belenois java,Belenois java female,Lepidoptera Butterfly Pieridae Belenois java nan female
20515,Lepidoptera,Butterfly,Pieridae,Belenois,Belenois java,Belenois java,Belenois java male,Lepidoptera Butterfly Pieridae Belenois java nan male
20518,Lepidoptera,Butterfly,Pieridae,Appias,Appias lyncida,Appias lyncida,Appias lyncida male,Lepidoptera Butterfly Pieridae Appias lyncida nan male
20594,Lepidoptera,Butterfly,Pieridae,Delias,Delias hyparete,Delias hyparete hyparete,Delias hyparete hyparete female,Lepidoptera Butterfly Pieridae Delias hyparete hyparete female
20668,Lepidoptera,Butterfly,Pieridae,Catopsilia,Catopsilia pyranthe,Catopsilia pyranthe,Catopsilia pyranthe female,Lepidoptera Butterfly Pieridae Catopsilia pyranthe nan female
20675,Lepidoptera,Butterfly,Pieridae,Catopsilia,Catopsilia pomona,Catopsilia pomona flava,Catopsilia pomona flava male,Lepidoptera Butterfly Pieridae Catopsilia pomona flava male
20681,Lepidoptera,Butterfly,Pieridae,Catopsilia,Catopsilia pomona,Catopsilia pomona pomona,Catopsilia pomona pomona female,Lepidoptera Butterfly Pieridae Catopsilia pomona pomona female
20682,Lepidoptera,Butterfly,Pieridae,Catopsilia,Catopsilia pomona,Catopsilia pomona flava,,Lepidoptera Butterfly Pieridae Catopsilia pomona flava nan
20684,Lepidoptera,Butterfly,Pieridae,Catopsilia,Catopsilia pomona,Catopsilia pomona flava,Catopsilia pomona flava female,Lepidoptera Butterfly Pieridae Catopsilia pomona flava female
20686,Lepidoptera,Butterfly,Pieridae,Catopsilia,Catopsilia pomona,Catopsilia pomona rivalis,Catopsilia pomona rivalis female,Lepidoptera Butterfly Pieridae Catopsilia pomona rivalis female
20691,Lepidoptera,Butterfly,Pieridae,Appias,Appias lyncida,Appias lyncida gellia,Appias lyncida gellia female,Lepidoptera Butterfly Pieridae Appias lyncida gellia female
20692,Lepidoptera,Butterfly,Pieridae,Saletara,Saletara cycinna,Saletara cycinna,Saletara cycinna female,Lepidoptera Butterfly Pieridae Saletara cycinna nan female
20693,Lepidoptera,Butterfly,Pieridae,Belenois,Belenois java,Belenois java teutonia,Belenois java teutonia male,Lepidoptera Butterfly Pieridae Belenois java teutonia male
20694,Lepidoptera,Butterfly,Pieridae,Appias,Appias lyncida,Appias lyncida hippona,Appias lyncida hippona male,Lepidoptera Butterfly Pieridae Appias lyncida hippona male
20704,Lepidoptera,Butterfly,Pieridae,Appias,Appias lyncida,Appias lyncida vasava,Appias lyncida vasava male,Lepidoptera Butterfly Pieridae Appias lyncida vasava male
20708,Lepidoptera,Butterfly,Pieridae,Appias,Appias lyncida,Appias lyncida gellia,Appias lyncida gellia male,Lepidoptera Butterfly Pieridae Appias lyncida gellia male
20709,Lepidoptera,Butterfly,Pieridae,Appias,Appias lyncida,Appias lyncida gellia,,Lepidoptera Butterfly Pieridae Appias lyncida gellia nan
20711,Lepidoptera,Butterfly,Pieridae,Appias,Appias lyncida,Appias lyncida hippona,Appias lyncida hippona female,Lepidoptera Butterfly Pieridae Appias lyncida hippona female
20713,Lepidoptera,Butterfly,Pieridae,Hebomoia,Hebomoia glaucippe,Hebomoia glaucippe aturia,Hebomoia glaucippe aturia female,Lepidoptera Butterfly Pieridae Hebomoia glaucippe aturia female
20714,Lepidoptera,Butterfly,Pieridae,Hebomoia,Hebomoia glaucippe,Hebomoia glaucippe aturia,,Lepidoptera Butterfly Pieridae Hebomoia glaucippe aturia nan
20715,Lepidoptera,Butterfly,Pieridae,Hebomoia,Hebomoia glaucippe,Hebomoia glaucippe aturia,Hebomoia glaucippe aturia male,Lepidoptera Butterfly Pieridae Hebomoia glaucippe aturia male
20723,Lepidoptera,Butterfly,Pieridae,Hebomoia,Hebomoia glaucippe,Hebomoia glaucippe javanensis,Hebomoia glaucippe javanensis male,Lepidoptera Butterfly Pieridae Hebomoia glaucippe javanensis male
20727,Lepidoptera,Butterfly,Pieridae,Hebomoia,Hebomoia glaucippe,Hebomoia glaucippe palawensis,Hebomoia glaucippe palawensis male,Lepidoptera Butterfly Pieridae Hebomoia glaucippe palawensis male
20728,Lepidoptera,Butterfly,Pieridae,Appias,Appias ithome,Appias ithome,Appias ithome male,Lepidoptera Butterfly Pieridae Appias ithome nan male
20729,Lepidoptera,Butterfly,Pieridae,Appias,Appias placidia,Appias placidia maculata,,Lepidoptera Butterfly Pieridae Appias placidia maculata nan
20730,Lepidoptera,Butterfly,Pieridae,Appias,Appias placidia,Appias placidia maculata,Appias placidia maculata female,Lepidoptera Butterfly Pieridae Appias placidia maculata female
20731,Lepidoptera,Butterfly,Pieridae,Appias,Appias indra,Appias indra leptis,Appias indra leptis male,Lepidoptera Butterfly Pieridae Appias indra leptis male
20733,Lepidoptera,Butterfly,Pieridae,Appias,Appias indra,Appias indra leptis,,Lepidoptera Butterfly Pieridae Appias indra leptis nan
20736,Lepidoptera,Butterfly,Pieridae,Appias,Appias indra,Appias indra leptis,Appias indra leptis female,Lepidoptera Butterfly Pieridae Appias indra leptis female
20833,Lepidoptera,Butterfly,Pieridae,Appias,Appias lyncida,Appias lyncida lycaste,Appias lyncida lycaste male,Lepidoptera Butterfly Pieridae Appias lyncida lycaste male
20834,Lepidoptera,Butterfly,Pieridae,Appias,Appias celestina,Appias celestina sekarensis,Appias celestina sekarensis male,Lepidoptera Butterfly Pieridae Appias celestina sekarensis male
20838,Lepidoptera,Butterfly,Pieridae,Appias,Appias celestina,Appias celestina sekarensis,,Lepidoptera Butterfly Pieridae Appias celestina sekarensis nan
20841,Lepidoptera,Butterfly,Pieridae,Appias,Appias placidia,Appias placidia,Appias placidia female,Lepidoptera Butterfly Pieridae Appias placidia nan female
20842,Lepidoptera,Butterfly,Pieridae,Appias,Appias placidia,Appias placidia,Appias placidia male,Lepidoptera Butterfly Pieridae Appias placidia nan male
20846,Lepidoptera,Butterfly,Pieridae,Appias,Appias ada,Appias ada ardens,Appias ada ardens female,Lepidoptera Butterfly Pieridae Appias ada ardens female
20847,Lepidoptera,Butterfly,Pieridae,Appias,Appias pandione,Appias pandione pandione,,Lepidoptera Butterfly Pieridae Appias pandione pandione nan
20850,Lepidoptera,Butterfly,Pieridae,Appias,Appias pandione,Appias pandione pandione,Appias pandione pandione male,Lepidoptera Butterfly Pieridae Appias pandione pandione male
20853,Lepidoptera,Butterfly,Pieridae,Appias,Appias pandione,Appias pandione lagela,Appias pandione lagela male,Lepidoptera Butterfly Pieridae Appias pandione lagela male
20854,Lepidoptera,Butterfly,Pieridae,Appias,Appias pandione,Appias pandione ozolia,,Lepidoptera Butterfly Pieridae Appias pandione ozolia nan
20983,Lepidoptera,Butterfly,Pieridae,Delias,Delias inexpectata,Delias inexpectata,,Lepidoptera Butterfly Pieridae Delias inexpectata nan nan
20988,Lepidoptera,Butterfly,Pieridae,Delias,Delias flavistriga,Delias flavistriga ilagaensis,,Lepidoptera Butterfly Pieridae Delias flavistriga ilagaensis nan
21056,Lepidoptera,Butterfly,Pieridae,Delias,Delias hapalina,Delias hapalina,,Lepidoptera Butterfly Pieridae Delias hapalina nan nan
21064,Lepidoptera,Butterfly,Pieridae,Delias,Delias leucias,Delias leucias,,Lepidoptera Butterfly Pieridae Delias leucias nan nan
21169,Lepidoptera,Butterfly,Pieridae,Delias,Delias alepa,Delias alepa,,Lepidoptera Butterfly Pieridae Delias alepa nan nan
21187,Lepidoptera,Butterfly,Pieridae,Delias,Delias caroli,Delias caroli caroli,Delias caroli caroli female,Lepidoptera Butterfly Pieridae Delias caroli caroli female
21192,Lepidoptera,Butterfly,Pieridae,Delias,Delias castaneus,Delias castaneus,,Lepidoptera Butterfly Pieridae Delias castaneus nan nan
21224,Lepidoptera,Butterfly,Pieridae,Delias,Delias pratti,Delias pratti,,Lepidoptera Butterfly Pieridae Delias pratti nan nan
21241,Lepidoptera,Butterfly,Papilionidae,Papilio,Papilio demoleus,Papilio demoleus libanius,Papilio demoleus libanius female,Lepidoptera Butterfly Papilionidae Papilio demoleus libanius female
21244,Lepidoptera,Butterfly,Pieridae,Delias,Delias carstenziana,Delias carstenziana carstenziana,,Lepidoptera Butterfly Pieridae Delias carstenziana carstenziana nan
21342,Lepidoptera,Butterfly,Pieridae,Delias,Delias rosamontana,Delias rosamontana timur,,Lepidoptera Butterfly Pieridae Delias rosamontana timur nan
21345,Lepidoptera,Butterfly,Pieridae,Delias,Delias ligata,Delias ligata dealbata,,Lepidoptera Butterfly Pieridae Delias ligata dealbata nan
21379,Lepidoptera,Butterfly,Pieridae,Delias,Delias pseodomarguerita,Delias pseodomarguerita,,Lepidoptera Butterfly Pieridae Delias pseodomarguerita nan nan
21380,Lepidoptera,Butterfly,Pieridae,Delias,Delias arabuana,Delias arabuana arabuana,,Lepidoptera Butterfly Pieridae Delias arabuana arabuana nan
21443,Lepidoptera,Butterfly,Pieridae,Delias,Delias henningia,Delias henningia pandemia,Delias henningia pandemia male,Lepidoptera Butterfly Pieridae Delias henningia pandemia male
21444,Lepidoptera,Butterfly,Pieridae,Delias,Delias henningia,Delias henningia pandemia,,Lepidoptera Butterfly Pieridae Delias henningia pandemia nan
21449,Lepidoptera,Butterfly,Pieridae,Delias,Delias henningia,Delias henningia voconia,Delias henningia voconia male,Lepidoptera Butterfly Pieridae Delias henningia voconia male
21451,Lepidoptera,Butterfly,Pieridae,Delias,Delias henningia,Delias henningia voconia,,Lepidoptera Butterfly Pieridae Delias henningia voconia nan
21453,Lepidoptera,Butterfly,Pieridae,Delias,Delias henningia,Delias henningia voconia,Delias henningia voconia female,Lepidoptera Butterfly Pieridae Delias henningia voconia female
21495,Lepidoptera,Butterfly,Pieridae,Delias,Delias ottonia,Delias ottonia,,Lepidoptera Butterfly Pieridae Delias ottonia nan nan
21497,Lepidoptera,Butterfly,Pieridae,Delias,Delias meeki,Delias meeki albimarginata,,Lepidoptera Butterfly Pieridae Delias meeki albimarginata nan
21526,Lepidoptera,Butterfly,Pieridae,Delias,Delias kummeri,Delias kummeri kummeri,,Lepidoptera Butterfly Pieridae Delias kummeri kummeri nan
21569,Lepidoptera,Butterfly,Pieridae,Delias,Delias luctuosa,Delias luctuosa kuning,,Lepidoptera Butterfly Pieridae Delias luctuosa kuning nan
21648,Lepidoptera,Butterfly,Pieridae,Delias,Delias vidua,Delias vidua,,Lepidoptera Butterfly Pieridae Delias vidua nan nan
21649,Lepidoptera,Butterfly,Pieridae,Delias,Delias momea,Delias momea hageni,Delias momea hageni female,Lepidoptera Butterfly Pieridae Delias momea hageni female
21650,Lepidoptera,Butterfly,Pieridae,Delias,Delias momea,Delias momea hageni,Delias momea hageni male,Lepidoptera Butterfly Pieridae Delias momea hageni male
21652,Lepidoptera,Butterfly,Pieridae,Delias,Delias belisama,Delias belisama balina,,Lepidoptera Butterfly Pieridae Delias belisama balina nan
21668,Lepidoptera,Butterfly,Pieridae,Delias,Delias lara,Delias lara,,Lepidoptera Butterfly Pieridae Delias lara nan nan
21674,Lepidoptera,Butterfly,Pieridae,Delias,Delias lara,Delias lara lara,Delias lara lara female,Lepidoptera Butterfly Pieridae Delias lara lara female
21677,Lepidoptera,Butterfly,Pieridae,Delias,Delias aruensis,Delias aruensis,,Lepidoptera Butterfly Pieridae Delias aruensis nan nan
21678,Lepidoptera,Butterfly,Pieridae,Delias,Delias zebuda,Delias zebuda,Delias zebuda female,Lepidoptera Butterfly Pieridae Delias zebuda nan female
21689,Lepidoptera,Butterfly,Pieridae,Delias,Delias zebuda,Delias zebuda,,Lepidoptera Butterfly Pieridae Delias zebuda nan nan
21712,Lepidoptera,Butterfly,Pieridae,Delias,Delias niepelti,Delias niepelti henki,,Lepidoptera Butterfly Pieridae Delias niepelti henki nan
21737,Lepidoptera,Butterfly,Pieridae,Delias,Delias oraia,Delias oraia bratana,Delias oraia bratana male,Lepidoptera Butterfly Pieridae Delias oraia bratana male
21738,Lepidoptera,Butterfly,Pieridae,Delias,Delias oraia,Delias oraia bratana,,Lepidoptera Butterfly Pieridae Delias oraia bratana nan
21740,Lepidoptera,Butterfly,Pieridae,Delias,Delias zebuda,Delias zebuda,Delias zebuda male,Lepidoptera Butterfly Pieridae Delias zebuda nan male
21780,Lepidoptera,Butterfly,Pieridae,Delias,Delias ligata,Delias ligata ligata,,Lepidoptera Butterfly Pieridae Delias ligata ligata nan
21781,Lepidoptera,Butterfly,Pieridae,Delias,Delias ligata,Delias ligata ligata,Delias ligata ligata male,Lepidoptera Butterfly Pieridae Delias ligata ligata male
21813,Lepidoptera,Butterfly,Pieridae,Delias,Delias ligata,Delias ligata,,Lepidoptera Butterfly Pieridae Delias ligata nan nan
21826,Lepidoptera,Butterfly,Pieridae,Delias,Delias kummeri,Delias kummeri kummeri,Delias kummeri kummeri male,Lepidoptera Butterfly Pieridae Delias kummeri kummeri male
21828,Lepidoptera,Butterfly,Pieridae,Delias,Delias wollastoni,Delias wollastoni bryophila,,Lepidoptera Butterfly Pieridae Delias wollastoni bryophila nan
21850,Lepidoptera,Butterfly,Pieridae,Pareronia,Pareronia tritaea,Pareronia tritaea,Pareronia tritaea female,Lepidoptera Butterfly Pieridae Pareronia tritaea nan female
21860,Lepidoptera,Butterfly,Pieridae,Appias,Appias albina,Appias albina,Appias albina female,Lepidoptera Butterfly Pieridae Appias albina nan female
21861,Lepidoptera,Butterfly,Pieridae,Appias,Appias albina,Appias albina,Appias albina male,Lepidoptera Butterfly Pieridae Appias albina nan male
21862,Lepidoptera,Butterfly,Pieridae,Delias,Delias gabia,Delias gabia zarate,,Lepidoptera Butterfly Pieridae Delias gabia zarate nan
21907,Lepidoptera,Butterfly,Pieridae,Delias,Delias levicki,Delias levicki mandaya,,Lepidoptera Butterfly Pieridae Delias levicki mandaya nan
21909,Lepidoptera,Butterfly,Pieridae,Delias,Delias levicki,Delias levicki justini,,Lepidoptera Butterfly Pieridae Delias levicki justini nan
21918,Lepidoptera,Butterfly,Pieridae,Delias,Delias hyparete,Delias hyparete pierene,,Lepidoptera Butterfly Pieridae Delias hyparete pierene nan
21977,Lepidoptera,Butterfly,Pieridae,Delias,Delias hempeli,Delias hempeli,Delias hempeli female,Lepidoptera Butterfly Pieridae Delias hempeli nan female
21978,Lepidoptera,Butterfly,Pieridae,Delias,Delias hempeli,Delias hempeli,,Lepidoptera Butterfly Pieridae Delias hempeli nan nan
21982,Lepidoptera,Butterfly,Pieridae,Delias,Delias rosenbergi,Delias rosenbergi saleyerana,,Lepidoptera Butterfly Pieridae Delias rosenbergi saleyerana nan
21983,Lepidoptera,Butterfly,Pieridae,Delias,Delias rosenbergi,Delias rosenbergi,Delias rosenbergi male,Lepidoptera Butterfly Pieridae Delias rosenbergi nan male
21990,Lepidoptera,Butterfly,Pieridae,Delias,Delias rosenbergi,Delias rosenbergi rosenbergi,Delias rosenbergi rosenbergi male,Lepidoptera Butterfly Pieridae Delias rosenbergi rosenbergi male
21991,Lepidoptera,Butterfly,Pieridae,Delias,Delias rosenbergi,Delias rosenbergi rosenbergi,,Lepidoptera Butterfly Pieridae Delias rosenbergi rosenbergi nan
22001,Lepidoptera,Butterfly,Pieridae,Delias,Delias rosenbergi,Delias rosenbergi rosenbergi,Delias rosenbergi rosenbergi female,Lepidoptera Butterfly Pieridae Delias rosenbergi rosenbergi female
22036,Lepidoptera,Butterfly,Pieridae,Delias,Delias poecilea,Delias poecilea,Delias poecilea female,Lepidoptera Butterfly Pieridae Delias poecilea nan female
22038,Lepidoptera,Butterfly,Pieridae,Delias,Delias baracasa,Delias baracasa baracasa,,Lepidoptera Butterfly Pieridae Delias baracasa baracasa nan
22042,Lepidoptera,Butterfly,Pieridae,Pareronia,Pareronia argolis,Pareronia argolis,Pareronia argolis male,Lepidoptera Butterfly Pieridae Pareronia argolis nan male
22043,Lepidoptera,Butterfly,Pieridae,Catopsilia,Catopsilia pyranthe,Catopsilia pyranthe,,Lepidoptera Butterfly Pieridae Catopsilia pyranthe nan nan
22055,Lepidoptera,Butterfly,Pieridae,Delias,Delias aurantia,Delias aurantia,Delias aurantia female,Lepidoptera Butterfly Pieridae Delias aurantia nan female
22098,Lepidoptera,Butterfly,Pieridae,Delias,Delias aruna,Delias aruna aruna,,Lepidoptera Butterfly Pieridae Delias aruna aruna nan
22100,Lepidoptera,Butterfly,Pieridae,Delias,Delias aruna,Delias aruna aruna,Delias aruna aruna male,Lepidoptera Butterfly Pieridae Delias aruna aruna male
22106,Lepidoptera,Butterfly,Pieridae,Delias,Delias lara,Delias lara lara,Delias lara lara male,Lepidoptera Butterfly Pieridae Delias lara lara male
22117,Lepidoptera,Butterfly,Pieridae,Delias,Delias lara,Delias lara lara,,Lepidoptera Butterfly Pieridae Delias lara lara nan
22124,Lepidoptera,Butterfly,Pieridae,Delias,Delias belisama,Delias belisama glauce,Delias belisama glauce male,Lepidoptera Butterfly Pieridae Delias belisama glauce male
22127,Lepidoptera,Butterfly,Pieridae,Delias,Delias belisama,Delias belisama glauce,,Lepidoptera Butterfly Pieridae Delias belisama glauce nan
22132,Lepidoptera,Butterfly,Pieridae,Delias,Delias belisama,Delias belisama glauce,Delias belisama glauce female,Lepidoptera Butterfly Pieridae Delias belisama glauce female
22137,Lepidoptera,Butterfly,Pieridae,Delias,Delias nuydaorum,Delias nuydaorum nuydaorum,Delias nuydaorum nuydaorum male,Lepidoptera Butterfly Pieridae Delias nuydaorum nuydaorum male
22139,Lepidoptera,Butterfly,Pieridae,Delias,Delias nuydaorum,Delias nuydaorum nuydaorum,Delias nuydaorum nuydaorum female,Lepidoptera Butterfly Pieridae Delias nuydaorum nuydaorum female
22235,Lepidoptera,Butterfly,Pieridae,Appias,Appias indra,Appias indra citrinus,,Lepidoptera Butterfly Pieridae Appias indra citrinus nan
22236,Lepidoptera,Butterfly,Pieridae,Appias,Appias indra,Appias indra citrinus,Appias indra citrinus male,Lepidoptera Butterfly Pieridae Appias indra citrinus male
22246,Lepidoptera,Butterfly,Pieridae,Catopsilia,Catopsilia pomona,Catopsilia pomona pomona,Catopsilia pomona pomona male,Lepidoptera Butterfly Pieridae Catopsilia pomona pomona male
22247,Lepidoptera,Butterfly,Pieridae,Catopsilia,Catopsilia pomona,Catopsilia pomona pomona,,Lepidoptera Butterfly Pieridae Catopsilia pomona pomona nan
22261,Lepidoptera,Butterfly,Pieridae,Pareronia,Pareronia tritaea,Pareronia tritaea,Pareronia tritaea male,Lepidoptera Butterfly Pieridae Pareronia tritaea nan male
22262,Lepidoptera,Butterfly,Pieridae,Delias,Delias oraia,Delias oraia lydia,,Lepidoptera Butterfly Pieridae Delias oraia lydia nan
22269,Lepidoptera,Butterfly,Pieridae,Delias,Delias pasithoe,Delias pasithoe egialea,Delias pasithoe egialea female,Lepidoptera Butterfly Pieridae Delias pasithoe egialea female
22299,Lepidoptera,Butterfly,Pieridae,Delias,Delias levicki,Delias levicki,,Lepidoptera Butterfly Pieridae Delias levicki nan nan
22329,Lepidoptera,Butterfly,Pieridae,Delias,Delias diaphana,Delias diaphana sakagutii,Delias diaphana sakagutii male,Lepidoptera Butterfly Pieridae Delias diaphana sakagutii male
22330,Lepidoptera,Butterfly,Pieridae,Delias,Delias diaphana,Delias diaphana sakagutii,,Lepidoptera Butterfly Pieridae Delias diaphana sakagutii nan
22335,Lepidoptera,Butterfly,Pieridae,Delias,Delias diaphana,Delias diaphana basilisae,,Lepidoptera Butterfly Pieridae Delias diaphana basilisae nan
22363,Lepidoptera,Butterfly,Pieridae,Delias,Delias aruna,Delias aruna aruna,Delias aruna aruna female,Lepidoptera Butterfly Pieridae Delias aruna aruna female
22404,Lepidoptera,Butterfly,Pieridae,Delias,Delias apoensis,Delias apoensis apoensis,,Lepidoptera Butterfly Pieridae Delias apoensis apoensis nan
22407,Lepidoptera,Butterfly,Pieridae,Delias,Delias apoensis,Delias apoensis maizurui,,Lepidoptera Butterfly Pieridae Delias apoensis maizurui nan
22422,Lepidoptera,Butterfly,Pieridae,Delias,Delias hempeli,Delias hempeli,Delias hempeli mixed,Lepidoptera Butterfly Pieridae Delias hempeli nan mixed
22428,Lepidoptera,Butterfly,Pieridae,Delias,Delias hempeli,Delias hempeli,Delias hempeli male,Lepidoptera Butterfly Pieridae Delias hempeli nan male
22447,Lepidoptera,Butterfly,Pieridae,Appias,Appias nero,Appias nero nero,,Lepidoptera Butterfly Pieridae Appias nero nero nan
22448,Lepidoptera,Butterfly,Pieridae,Appias,Appias nero,Appias nero nero,Appias nero nero male,Lepidoptera Butterfly Pieridae Appias nero nero male
22495,Lepidoptera,Butterfly,Pieridae,Delias,Delias iltis,Delias iltis iltis,,Lepidoptera Butterfly Pieridae Delias iltis iltis nan
22569,Lepidoptera,Butterfly,Pieridae,Delias,Delias doylei,Delias doylei,Delias doylei male,Lepidoptera Butterfly Pieridae Delias doylei nan male
22570,Lepidoptera,Butterfly,Pieridae,Delias,Delias aruna,Delias aruna,,Lepidoptera Butterfly Pieridae Delias aruna nan nan
22573,Lepidoptera,Butterfly,Pieridae,Delias,Delias ellipsis,Delias ellipsis,,Lepidoptera Butterfly Pieridae Delias ellipsis nan nan
22576,Lepidoptera,Butterfly,Pieridae,Delias,Delias ennia,Delias ennia nigidius,,Lepidoptera Butterfly Pieridae Delias ennia nigidius nan
22577,Lepidoptera,Butterfly,Pieridae,Delias,Delias rothschildi,Delias rothschildi,Delias rothschildi male,Lepidoptera Butterfly Pieridae Delias rothschildi nan male
22580,Lepidoptera,Butterfly,Pieridae,Delias,Delias rothschildi,Delias rothschildi,Delias rothschildi female,Lepidoptera Butterfly Pieridae Delias rothschildi nan female
22582,Lepidoptera,Butterfly,Pieridae,Delias,Delias splendida,Delias splendida,Delias splendida male,Lepidoptera Butterfly Pieridae Delias splendida nan male
22583,Lepidoptera,Butterfly,Pieridae,Delias,Delias splendida,Delias splendida,Delias splendida female,Lepidoptera Butterfly Pieridae Delias splendida nan female
22584,Lepidoptera,Butterfly,Pieridae,Delias,Delias singhapura,Delias singhapura acuta,,Lepidoptera Butterfly Pieridae Delias singhapura acuta nan
22585,Lepidoptera,Butterfly,Pieridae,Delias,Delias singhapura,Delias singhapura acuta,Delias singhapura acuta male,Lepidoptera Butterfly Pieridae Delias singhapura acuta male
22587,Lepidoptera,Butterfly,Pieridae,Delias,Delias themis,Delias themis soteira,,Lepidoptera Butterfly Pieridae Delias themis soteira nan
22589,Lepidoptera,Butterfly,Pieridae,Delias,Delias surprisa,Delias surprisa,Delias surprisa male,Lepidoptera Butterfly Pieridae Delias surprisa nan male
22591,Lepidoptera,Butterfly,Pieridae,Delias,Delias eumolpe,Delias eumolpe,Delias eumolpe male,Lepidoptera Butterfly Pieridae Delias eumolpe nan male
22594,Lepidoptera,Butterfly,Pieridae,Delias,Delias crithoe,Delias crithoe dymas,,Lepidoptera Butterfly Pieridae Delias crithoe dymas nan
22598,Lepidoptera,Butterfly,Pieridae,Delias,Delias diaphana,Delias diaphana diaphana,Delias diaphana diaphana male,Lepidoptera Butterfly Pieridae Delias diaphana diaphana male
22599,Lepidoptera,Butterfly,Pieridae,Delias,Delias diaphana,Delias diaphana diaphana,,Lepidoptera Butterfly Pieridae Delias diaphana diaphana nan
22614,Lepidoptera,Butterfly,Pieridae,Delias,Delias diaphana,Delias diaphana diaphana,Delias diaphana diaphana female,Lepidoptera Butterfly Pieridae Delias diaphana diaphana female
22622,Lepidoptera,Butterfly,Pieridae,Delias,Delias agostina,Delias agostina agostina,,Lepidoptera Butterfly Pieridae Delias agostina agostina nan
22623,Lepidoptera,Butterfly,Pieridae,Delias,Delias melusina,Delias melusina,,Lepidoptera Butterfly Pieridae Delias melusina nan nan
22625,Lepidoptera,Butterfly,Pieridae,Delias,Delias melusina,Delias melusina,Delias melusina male,Lepidoptera Butterfly Pieridae Delias melusina nan male
22629,Lepidoptera,Butterfly,Pieridae,Delias,Delias baracasa,Delias baracasa danala,,Lepidoptera Butterfly Pieridae Delias baracasa danala nan
22640,Lepidoptera,Butterfly,Pieridae,Eurema,Eurema blanda,Eurema blanda blanda,Eurema blanda blanda male,Lepidoptera Butterfly Pieridae Eurema blanda blanda male
22641,Lepidoptera,Butterfly,Pieridae,Eurema,Eurema blanda,Eurema blanda blanda,,Lepidoptera Butterfly Pieridae Eurema blanda blanda nan
22642,Lepidoptera,Butterfly,Pieridae,Eurema,Eurema brigitta,Eurema brigitta drona,Eurema brigitta drona male,Lepidoptera Butterfly Pieridae Eurema brigitta drona male
22646,Lepidoptera,Butterfly,Pieridae,Leptosia,Leptosia nina,Leptosia nina niobe,,Lepidoptera Butterfly Pieridae Leptosia nina niobe nan
22658,Lepidoptera,Butterfly,Pieridae,Delias,Delias pasithoe,Delias pasithoe triglites,Delias pasithoe triglites male,Lepidoptera Butterfly Pieridae Delias pasithoe triglites male
22661,Lepidoptera,Butterfly,Pieridae,Delias,Delias pasithoe,Delias pasithoe triglites,,Lepidoptera Butterfly Pieridae Delias pasithoe triglites nan
22664,Lepidoptera,Butterfly,Pieridae,Hebomoia,Hebomoia glaucippe,Hebomoia glaucippe felderi,Hebomoia glaucippe felderi male,Lepidoptera Butterfly Pieridae Hebomoia glaucippe felderi male
22665,Lepidoptera,Butterfly,Pieridae,Hebomoia,Hebomoia glaucippe,Hebomoia glaucippe felderi,,Lepidoptera Butterfly Pieridae Hebomoia glaucippe felderi nan
22668,Lepidoptera,Butterfly,Pieridae,Hebomoia,Hebomoia glaucippe,Hebomoia glaucippe felderi,Hebomoia glaucippe felderi female,Lepidoptera Butterfly Pieridae Hebomoia glaucippe felderi female
22672,Lepidoptera,Butterfly,Pieridae,Delias,Delias isse,Delias isse isse,Delias isse isse male,Lepidoptera Butterfly Pieridae Delias isse isse male
22674,Lepidoptera,Butterfly,Pieridae,Delias,Delias isse,Delias isse isse,Delias isse isse female,Lepidoptera Butterfly Pieridae Delias isse isse female
22685,Lepidoptera,Butterfly,Pieridae,Pareronia,Pareronia boebera,Pareronia boebera,Pareronia boebera female,Lepidoptera Butterfly Pieridae Pareronia boebera nan female
22686,Lepidoptera,Butterfly,Pieridae,Delias,Delias mira,Delias mira excelsa,Delias mira excelsa female,Lepidoptera Butterfly Pieridae Delias mira excelsa female
22687,Lepidoptera,Butterfly,Pieridae,Delias,Delias mira,Delias mira excelsa,,Lepidoptera Butterfly Pieridae Delias mira excelsa nan
22690,Lepidoptera,Butterfly,Pieridae,Cepora,Cepora boisduvaliana,Cepora boisduvaliana,,Lepidoptera Butterfly Pieridae Cepora boisduvaliana nan nan
22691,Lepidoptera,Butterfly,Pieridae,Catopsilia,Catopsilia scylla,Catopsilia scylla etesia,Catopsilia scylla etesia male,Lepidoptera Butterfly Pieridae Catopsilia scylla etesia male
22692,Lepidoptera,Butterfly,Pieridae,Delias,Delias candida,Delias candida,Delias candida female,Lepidoptera Butterfly Pieridae Delias candida nan female
22695,Lepidoptera,Butterfly,Pieridae,Delias,Delias candida,Delias candida,,Lepidoptera Butterfly Pieridae Delias candida nan nan
22699,Lepidoptera,Butterfly,Pieridae,Delias,Delias rosenbergi,Delias rosenbergi munaensis,Delias rosenbergi munaensis male,Lepidoptera Butterfly Pieridae Delias rosenbergi munaensis male
22700,Lepidoptera,Butterfly,Pieridae,Delias,Delias rosenbergi,Delias rosenbergi munaensis,Delias rosenbergi munaensis female,Lepidoptera Butterfly Pieridae Delias rosenbergi munaensis female
22714,Lepidoptera,Butterfly,Pieridae,Delias,Delias schoenbergi,Delias schoenbergi schoenbergi,,Lepidoptera Butterfly Pieridae Delias schoenbergi schoenbergi nan
22717,Lepidoptera,Butterfly,Pieridae,Eurema,Eurema alitha,Eurema alitha sankapura,,Lepidoptera Butterfly Pieridae Eurema alitha sankapura nan
22720,Lepidoptera,Butterfly,Pieridae,Catopsilia,Catopsilia pyranthe,Catopsilia pyranthe,Catopsilia pyranthe male,Lepidoptera Butterfly Pieridae Catopsilia pyranthe nan male
22721,Lepidoptera,Butterfly,Pieridae,Catopsilia,Catopsilia pyranthe,Catopsilia pyranthe pyranthe,Catopsilia pyranthe pyranthe female,Lepidoptera Butterfly Pieridae Catopsilia pyranthe pyranthe female
22722,Lepidoptera,Butterfly,Pieridae,Catopsilia,Catopsilia pyranthe,Catopsilia pyranthe evangelina,,Lepidoptera Butterfly Pieridae Catopsilia pyranthe evangelina nan
22729,Lepidoptera,Butterfly,Pieridae,Appias,Appias ada,Appias ada ardens,,Lepidoptera Butterfly Pieridae Appias ada ardens nan
22730,Lepidoptera,Butterfly,Pieridae,Appias,Appias ada,Appias ada thasia,Appias ada thasia male,Lepidoptera Butterfly Pieridae Appias ada thasia male
22732,Lepidoptera,Butterfly,Pieridae,Appias,Appias ada,Appias ada thasia,Appias ada thasia female,Lepidoptera Butterfly Pieridae Appias ada thasia female
22734,Lepidoptera,Butterfly,Pieridae,Appias,Appias ada,Appias ada thasia,,Lepidoptera Butterfly Pieridae Appias ada thasia nan
22736,Lepidoptera,Butterfly,Pieridae,Appias,Appias athama,Appias athama,,Lepidoptera Butterfly Pieridae Appias athama nan nan
22737,Lepidoptera,Butterfly,Pieridae,Appias,Appias celestina,Appias celestina galepsus,Appias celestina galepsus male,Lepidoptera Butterfly Pieridae Appias celestina galepsus male
22738,Lepidoptera,Butterfly,Pieridae,Appias,Appias nero,Appias nero figulina,Appias nero figulina male,Lepidoptera Butterfly Pieridae Appias nero figulina male
22740,Lepidoptera,Butterfly,Pieridae,Appias,Appias athama,Appias athama,Appias athama female,Lepidoptera Butterfly Pieridae Appias athama nan female
22741,Lepidoptera,Butterfly,Pieridae,Appias,Appias pandione,Appias pandione,,Lepidoptera Butterfly Pieridae Appias pandione nan nan
22742,Lepidoptera,Butterfly,Pieridae,Appias,Appias pandione,Appias pandione,Appias pandione male,Lepidoptera Butterfly Pieridae Appias pandione nan male
22745,Lepidoptera,Butterfly,Pieridae,Appias,Appias pandione,Appias pandione,Appias pandione female,Lepidoptera Butterfly Pieridae Appias pandione nan female
22754,Lepidoptera,Butterfly,Pieridae,Appias,Appias melania,Appias melania melania,Appias melania melania female,Lepidoptera Butterfly Pieridae Appias melania melania female
22755,Lepidoptera,Butterfly,Pieridae,Belenois,Belenois java,Belenois java anita,Belenois java anita female,Lepidoptera Butterfly Pieridae Belenois java anita female
22756,Lepidoptera,Butterfly,Pieridae,Belenois,Belenois java,Belenois java savuana,Belenois java savuana male,Lepidoptera Butterfly Pieridae Belenois java savuana male
22757,Lepidoptera,Butterfly,Pieridae,Appias,Appias albina,Appias albina ambigua,Appias albina ambigua female,Lepidoptera Butterfly Pieridae Appias albina ambigua female
22761,Lepidoptera,Butterfly,Pieridae,Appias,Appias albina,Appias albina ambigua,,Lepidoptera Butterfly Pieridae Appias albina ambigua nan
22764,Lepidoptera,Butterfly,Pieridae,Delias,Delias splendida,Delias splendida,,Lepidoptera Butterfly Pieridae Delias splendida nan nan
22765,Lepidoptera,Butterfly,Pieridae,Delias,Delias hyparete,Delias hyparete despoliata,,Lepidoptera Butterfly Pieridae Delias hyparete despoliata nan
22766,Lepidoptera,Butterfly,Pieridae,Delias,Delias hyparete,Delias hyparete despoliata,Delias hyparete despoliata male,Lepidoptera Butterfly Pieridae Delias hyparete despoliata male
22777,Lepidoptera,Butterfly,Pieridae,Delias,Delias hyparete,Delias hyparete despoliata,Delias hyparete despoliata female,Lepidoptera Butterfly Pieridae Delias hyparete despoliata female
22847,Lepidoptera,Butterfly,Pieridae,Delias,Delias hyparete,Delias hyparete,,Lepidoptera Butterfly Pieridae Delias hyparete nan nan
22854,Lepidoptera,Butterfly,Pieridae,Delias,Delias hyparete,Delias hyparete,Delias hyparete female,Lepidoptera Butterfly Pieridae Delias hyparete nan female
22855,Lepidoptera,Butterfly,Pieridae,Delias,Delias periboea,Delias periboea wallacei,,Lepidoptera Butterfly Pieridae Delias periboea wallacei nan
22862,Lepidoptera,Butterfly,Pieridae,Delias,Delias periboea,Delias periboea wallacei,Delias periboea wallacei male,Lepidoptera Butterfly Pieridae Delias periboea wallacei male
22863,Lepidoptera,Butterfly,Pieridae,Delias,Delias sambawana,Delias sambawana everetti,Delias sambawana everetti female,Lepidoptera Butterfly Pieridae Delias sambawana everetti female
22864,Lepidoptera,Butterfly,Pieridae,Delias,Delias sambawana,Delias sambawana everetti,,Lepidoptera Butterfly Pieridae Delias sambawana everetti nan
22865,Lepidoptera,Butterfly,Pieridae,Delias,Delias poecilea,Delias poecilea poecilea,,Lepidoptera Butterfly Pieridae Delias poecilea poecilea nan
22867,Lepidoptera,Butterfly,Pieridae,Delias,Delias poecilea,Delias poecilea poecilea,Delias poecilea poecilea male,Lepidoptera Butterfly Pieridae Delias poecilea poecilea male
22898,Lepidoptera,Butterfly,Pieridae,Pareronia,Pareronia valeria,Pareronia valeria valeriana,,Lepidoptera Butterfly Pieridae Pareronia valeria valeriana nan
22907,Lepidoptera,Butterfly,Pieridae,Appias,Appias nero,Appias nero,,Lepidoptera Butterfly Pieridae Appias nero nan nan
22917,Lepidoptera,Butterfly,Pieridae,Delias,Delias catocausta,Delias catocausta eefi,,Lepidoptera Butterfly Pieridae Delias catocausta eefi nan
22919,Lepidoptera,Butterfly,Pieridae,Delias,Delias clathrata,Delias clathrata,,Lepidoptera Butterfly Pieridae Delias clathrata nan nan
23004,Lepidoptera,Butterfly,Pieridae,Delias,Delias poecilea,Delias poecilea poecilea,Delias poecilea poecilea female,Lepidoptera Butterfly Pieridae Delias poecilea poecilea female
23051,Lepidoptera,Butterfly,Pieridae,Delias,Delias hyparete,Delias hyparete mindanaensis,Delias hyparete mindanaensis male,Lepidoptera Butterfly Pieridae Delias hyparete mindanaensis male
23150,Lepidoptera,Butterfly,Pieridae,Appias,Appias nero,Appias nero domitia,Appias nero domitia male,Lepidoptera Butterfly Pieridae Appias nero domitia male
23159,Lepidoptera,Butterfly,Pieridae,Delias,Delias phippsi,Delias phippsi mulia,,Lepidoptera Butterfly Pieridae Delias phippsi mulia nan
23164,Lepidoptera,Butterfly,Pieridae,Delias,Delias ligata,Delias ligata weylandensis,Delias ligata weylandensis male,Lepidoptera Butterfly Pieridae Delias ligata weylandensis male
23165,Lepidoptera,Butterfly,Pieridae,Delias,Delias ligata,Delias ligata weylandensis,,Lepidoptera Butterfly Pieridae Delias ligata weylandensis nan
23179,Lepidoptera,Butterfly,Pieridae,Eurema,Eurema alitha,Eurema alitha bidens,,Lepidoptera Butterfly Pieridae Eurema alitha bidens nan
23181,Lepidoptera,Butterfly,Pieridae,Eurema,Eurema andersoni,Eurema andersoni udana,Eurema andersoni udana male,Lepidoptera Butterfly Pieridae Eurema andersoni udana male
23182,Lepidoptera,Butterfly,Pieridae,Eurema,Eurema sari,Eurema sari,Eurema sari female,Lepidoptera Butterfly Pieridae Eurema sari nan female
23183,Lepidoptera,Butterfly,Pieridae,Eurema,Eurema tilaha,Eurema tilaha,Eurema tilaha female,Lepidoptera Butterfly Pieridae Eurema tilaha nan female
23184,Lepidoptera,Butterfly,Pieridae,Eurema,Eurema tilaha,Eurema tilaha,Eurema tilaha male,Lepidoptera Butterfly Pieridae Eurema tilaha nan male
23185,Lepidoptera,Butterfly,Pieridae,Eurema,Eurema sari,Eurema sari,Eurema sari male,Lepidoptera Butterfly Pieridae Eurema sari nan male
23196,Lepidoptera,Butterfly,Pieridae,Catopsilia,Catopsilia scylla,Catopsilia scylla asaema,Catopsilia scylla asaema female,Lepidoptera Butterfly Pieridae Catopsilia scylla asaema female
23197,Lepidoptera,Butterfly,Pieridae,Catopsilia,Catopsilia scylla,Catopsilia scylla praerubida,Catopsilia scylla praerubida female,Lepidoptera Butterfly Pieridae Catopsilia scylla praerubida female
23267,Lepidoptera,Butterfly,Pieridae,Prioneris,Prioneris autothisbe,Prioneris autothisbe autothisbe,Prioneris autothisbe autothisbe male,Lepidoptera Butterfly Pieridae Prioneris autothisbe autothisbe male
23272,Lepidoptera,Butterfly,Pieridae,Prioneris,Prioneris autothisbe,Prioneris autothisbe autothisbe,,Lepidoptera Butterfly Pieridae Prioneris autothisbe autothisbe nan
23316,Lepidoptera,Butterfly,Pieridae,Delias,Delias meeki,Delias meeki arfakensis,,Lepidoptera Butterfly Pieridae Delias meeki arfakensis nan
23329,Lepidoptera,Butterfly,Pieridae,Delias,Delias meeki,Delias meeki arfakensis,Delias meeki arfakensis female,Lepidoptera Butterfly Pieridae Delias meeki arfakensis female
23330,Lepidoptera,Butterfly,Pieridae,Delias,Delias fasciata,Delias fasciata,Delias fasciata male,Lepidoptera Butterfly Pieridae Delias fasciata nan male
23332,Lepidoptera,Butterfly,Pieridae,Delias,Delias fasciata,Delias fasciata,Delias fasciata female,Lepidoptera Butterfly Pieridae Delias fasciata nan female
23337,Lepidoptera,Butterfly,Pieridae,Delias,Delias sambawana,Delias sambawana boejanana,Delias sambawana boejanana male,Lepidoptera Butterfly Pieridae Delias sambawana boejanana male
23338,Lepidoptera,Butterfly,Pieridae,Delias,Delias sambawana,Delias sambawana boejanana,Delias sambawana boejanana female,Lepidoptera Butterfly Pieridae Delias sambawana boejanana female
23354,Lepidoptera,Butterfly,Pieridae,Delias,Delias hyparete,Delias hyparete metarete,Delias hyparete metarete male,Lepidoptera Butterfly Pieridae Delias hyparete metarete male
23355,Lepidoptera,Butterfly,Pieridae,Saletara,Saletara panda,Saletara panda panda,Saletara panda panda female,Lepidoptera Butterfly Pieridae Saletara panda panda female
23358,Lepidoptera,Butterfly,Pieridae,Cepora,Cepora temena,Cepora temena,,Lepidoptera Butterfly Pieridae Cepora temena nan nan
23359,Lepidoptera,Butterfly,Pieridae,Cepora,Cepora temena,Cepora temena,Cepora temena male,Lepidoptera Butterfly Pieridae Cepora temena nan male
23362,Lepidoptera,Butterfly,Pieridae,Cepora,Cepora perimale,Cepora perimale rachel,Cepora perimale rachel male,Lepidoptera Butterfly Pieridae Cepora perimale rachel male
23363,Lepidoptera,Butterfly,Pieridae,Cepora,Cepora perimale,Cepora perimale mithra,,Lepidoptera Butterfly Pieridae Cepora perimale mithra nan
23364,Lepidoptera,Butterfly,Pieridae,Cepora,Cepora perimale,Cepora perimale consanguis,,Lepidoptera Butterfly Pieridae Cepora perimale consanguis nan
23366,Lepidoptera,Butterfly,Pieridae,Cepora,Cepora perimale,Cepora perimale consanguis,Cepora perimale consanguis male,Lepidoptera Butterfly Pieridae Cepora perimale consanguis male
23367,Lepidoptera,Butterfly,Pieridae,Eurema,Eurema andersoni,Eurema andersoni udana,Eurema andersoni udana female,Lepidoptera Butterfly Pieridae Eurema andersoni udana female
23368,Lepidoptera,Butterfly,Pieridae,Eurema,Eurema laeta,Eurema laeta,Eurema laeta female,Lepidoptera Butterfly Pieridae Eurema laeta nan female
23369,Lepidoptera,Butterfly,Pieridae,Eurema,Eurema blanda,Eurema blanda,,Lepidoptera Butterfly Pieridae Eurema blanda nan nan
23371,Lepidoptera,Butterfly,Pieridae,Eurema,Eurema alitha,Eurema alitha djampeana,Eurema alitha djampeana male,Lepidoptera Butterfly Pieridae Eurema alitha djampeana male
23372,Lepidoptera,Butterfly,Pieridae,Gandaca,Gandaca harina,Gandaca harina,,Lepidoptera Butterfly Pieridae Gandaca harina nan nan
23373,Lepidoptera,Butterfly,Pieridae,Cepora,Cepora eperia,Cepora eperia,,Lepidoptera Butterfly Pieridae Cepora eperia nan nan
23374,Lepidoptera,Butterfly,Pieridae,Cepora,Cepora timnatha,Cepora timnatha,,Lepidoptera Butterfly Pieridae Cepora timnatha nan nan
23375,Lepidoptera,Butterfly,Pieridae,Cepora,Cepora timnatha,Cepora timnatha,Cepora timnatha male,Lepidoptera Butterfly Pieridae Cepora timnatha nan male
23378,Lepidoptera,Butterfly,Pieridae,Cepora,Cepora celebensis,Cepora celebensis,Cepora celebensis male,Lepidoptera Butterfly Pieridae Cepora celebensis nan male
23379,Lepidoptera,Butterfly,Pieridae,Cepora,Cepora celebensis,Cepora celebensis,,Lepidoptera Butterfly Pieridae Cepora celebensis nan nan
23391,Lepidoptera,Butterfly,Pieridae,Delias,Delias nysa,Delias nysa nysa,,Lepidoptera Butterfly Pieridae Delias nysa nysa nan
23471,Lepidoptera,Butterfly,Pieridae,Delias,Delias nais,Delias nais nais,Delias nais nais female,Lepidoptera Butterfly Pieridae Delias nais nais female
23479,Lepidoptera,Butterfly,Pieridae,Delias,Delias periboea,Delias periboea livia,,Lepidoptera Butterfly Pieridae Delias periboea livia nan
23481,Lepidoptera,Butterfly,Pieridae,Delias,Delias periboea,Delias periboea livia,Delias periboea livia male,Lepidoptera Butterfly Pieridae Delias periboea livia male
23487,Lepidoptera,Butterfly,Pieridae,Delias,Delias periboea,Delias periboea floresiana,,Lepidoptera Butterfly Pieridae Delias periboea floresiana nan
23512,Lepidoptera,Butterfly,Pieridae,Appias,Appias lyncida,Appias lyncida floresiana,Appias lyncida floresiana female,Lepidoptera Butterfly Pieridae Appias lyncida floresiana female
23513,Lepidoptera,Butterfly,Pieridae,Appias,Appias lyncida,Appias lyncida fabiola,Appias lyncida fabiola female,Lepidoptera Butterfly Pieridae Appias lyncida fabiola female
23520,Lepidoptera,Butterfly,Pieridae,Hebomoia,Hebomoia glaucippe,Hebomoia glaucippe sumatrana,,Lepidoptera Butterfly Pieridae Hebomoia glaucippe sumatrana nan
23525,Lepidoptera,Butterfly,Pieridae,Appias,Appias albina,Appias albina,,Lepidoptera Butterfly Pieridae Appias albina nan nan
23526,Lepidoptera,Butterfly,Pieridae,Appias,Appias melania,Appias melania,,Lepidoptera Butterfly Pieridae Appias melania nan nan
23527,Lepidoptera,Butterfly,Pieridae,Appias,Appias melania,Appias melania,Appias melania male,Lepidoptera Butterfly Pieridae Appias melania nan male
23529,Lepidoptera,Butterfly,Pieridae,Appias,Appias celestina,Appias celestina,Appias celestina male,Lepidoptera Butterfly Pieridae Appias celestina nan male
23530,Lepidoptera,Butterfly,Pieridae,Appias,Appias indra,Appias indra plana,,Lepidoptera Butterfly Pieridae Appias indra plana nan
23532,Lepidoptera,Butterfly,Pieridae,Appias,Appias lucasii,Appias lucasii,Appias lucasii female,Lepidoptera Butterfly Pieridae Appias lucasii nan female
23533,Lepidoptera,Butterfly,Pieridae,Appias,Appias melania,Appias melania,Appias melania female,Lepidoptera Butterfly Pieridae Appias melania nan female
23535,Lepidoptera,Butterfly,Pieridae,Appias,Appias albina,Appias albina albina,Appias albina albina female,Lepidoptera Butterfly Pieridae Appias albina albina female
23536,Lepidoptera,Butterfly,Pieridae,Belenois,Belenois java,Belenois java teutonia,Belenois java teutonia female,Lepidoptera Butterfly Pieridae Belenois java teutonia female
23537,Lepidoptera,Butterfly,Pieridae,Belenois,Belenois java,Belenois java savuana,Belenois java savuana female,Lepidoptera Butterfly Pieridae Belenois java savuana female
23599,Lepidoptera,Butterfly,Pieridae,Appias,Appias albina,Appias albina albina,,Lepidoptera Butterfly Pieridae Appias albina albina nan
23603,Lepidoptera,Butterfly,Pieridae,Appias,Appias albina,Appias albina albina,Appias albina albina male,Lepidoptera Butterfly Pieridae Appias albina albina male
23605,Lepidoptera,Butterfly,Pieridae,Ixias,Ixias piepersii,Ixias piepersii,Ixias piepersii male,Lepidoptera Butterfly Pieridae Ixias piepersii nan male
23606,Lepidoptera,Butterfly,Pieridae,Ixias,Ixias piepersii,Ixias piepersii,Ixias piepersii female,Lepidoptera Butterfly Pieridae Ixias piepersii nan female
23608,Lepidoptera,Butterfly,Pieridae,Prioneris,Prioneris hypsipyle,Prioneris hypsipyle,,Lepidoptera Butterfly Pieridae Prioneris hypsipyle nan nan
23618,Lepidoptera,Butterfly,Pieridae,Cepora,Cepora abnormis,Cepora abnormis,Cepora abnormis male,Lepidoptera Butterfly Pieridae Cepora abnormis nan male
23619,Lepidoptera,Butterfly,Pieridae,Cepora,Cepora abnormis,Cepora abnormis,,Lepidoptera Butterfly Pieridae Cepora abnormis nan nan
23624,Lepidoptera,Butterfly,Pieridae,Eurema,Eurema hecabe,Eurema hecabe,Eurema hecabe male,Lepidoptera Butterfly Pieridae Eurema hecabe nan male
23625,Lepidoptera,Butterfly,Pieridae,Eurema,Eurema laeta,Eurema laeta,Eurema laeta male,Lepidoptera Butterfly Pieridae Eurema laeta nan male
23640,Lepidoptera,Butterfly,Pieridae,Delias,Delias timorensis,Delias timorensis timorensis,,Lepidoptera Butterfly Pieridae Delias timorensis timorensis nan
23641,Lepidoptera,Butterfly,Pieridae,Delias,Delias timorensis,Delias timorensis gardineri,Delias timorensis gardineri female,Lepidoptera Butterfly Pieridae Delias timorensis gardineri female
23642,Lepidoptera,Butterfly,Pieridae,Delias,Delias timorensis,Delias timorensis gardineri,,Lepidoptera Butterfly Pieridae Delias timorensis gardineri nan
23652,Lepidoptera,Butterfly,Pieridae,Delias,Delias timorensis,Delias timorensis timorensis,Delias timorensis timorensis female,Lepidoptera Butterfly Pieridae Delias timorensis timorensis female
23672,Lepidoptera,Butterfly,Pieridae,Delias,Delias timorensis,Delias timorensis gardineri,Delias timorensis gardineri male,Lepidoptera Butterfly Pieridae Delias timorensis gardineri male
23676,Lepidoptera,Butterfly,Pieridae,Appias,Appias nero,Appias nero nero,Appias nero nero female,Lepidoptera Butterfly Pieridae Appias nero nero female
23681,Lepidoptera,Butterfly,Pieridae,Aoa,Aoa affinis,Aoa affinis,Aoa affinis male,Lepidoptera Butterfly Pieridae Aoa affinis nan male
23682,Lepidoptera,Butterfly,Pieridae,Aoa,Aoa affinis,Aoa affinis,,Lepidoptera Butterfly Pieridae Aoa affinis nan nan
23694,Lepidoptera,Butterfly,Pieridae,Cepora,Cepora aspasia,Cepora aspasia emma,Cepora aspasia emma male,Lepidoptera Butterfly Pieridae Cepora aspasia emma male
23695,Lepidoptera,Butterfly,Pieridae,Cepora,Cepora asterope,Cepora asterope aspasina,Cepora asterope aspasina male,Lepidoptera Butterfly Pieridae Cepora asterope aspasina male
23703,Lepidoptera,Butterfly,Pieridae,Ixias,Ixias reinwardti,Ixias reinwardti baliensis,Ixias reinwardti baliensis male,Lepidoptera Butterfly Pieridae Ixias reinwardti baliensis male
23706,Lepidoptera,Butterfly,Pieridae,Ixias,Ixias reinwardti,Ixias reinwardti baliensis,,Lepidoptera Butterfly Pieridae Ixias reinwardti baliensis nan
23709,Lepidoptera,Butterfly,Pieridae,Cepora,Cepora nadina,Cepora nadina fawcetti,,Lepidoptera Butterfly Pieridae Cepora nadina fawcetti nan
23710,Lepidoptera,Butterfly,Pieridae,Cepora,Cepora nadina,Cepora nadina fawcetti,Cepora nadina fawcetti male,Lepidoptera Butterfly Pieridae Cepora nadina fawcetti male
23714,Lepidoptera,Butterfly,Pieridae,Cepora,Cepora perimale,Cepora perimale dohertyana,,Lepidoptera Butterfly Pieridae Cepora perimale dohertyana nan
23718,Lepidoptera,Butterfly,Pieridae,Prioneris,Prioneris hypsipyle,Prioneris hypsipyle,Prioneris hypsipyle female,Lepidoptera Butterfly Pieridae Prioneris hypsipyle nan female
23720,Lepidoptera,Butterfly,Pieridae,Prioneris,Prioneris hypsipyle,Prioneris hypsipyle,Prioneris hypsipyle male,Lepidoptera Butterfly Pieridae Prioneris hypsipyle nan male
23722,Lepidoptera,Butterfly,Pieridae,Prioneris,Prioneris philonome,Prioneris philonome clemanthe,,Lepidoptera Butterfly Pieridae Prioneris philonome clemanthe nan
23723,Lepidoptera,Butterfly,Pieridae,Prioneris,Prioneris philonome,Prioneris philonome clemanthe,Prioneris philonome clemanthe male,Lepidoptera Butterfly Pieridae Prioneris philonome clemanthe male
23724,Lepidoptera,Butterfly,Pieridae,Saletara,Saletara liberia,Saletara liberia,Saletara liberia male,Lepidoptera Butterfly Pieridae Saletara liberia nan male
23726,Lepidoptera,Butterfly,Pieridae,Saletara,Saletara liberia,Saletara liberia,,Lepidoptera Butterfly Pieridae Saletara liberia nan nan
23761,Lepidoptera,Butterfly,Pieridae,Saletara,Saletara cycinna,Saletara cycinna,,Lepidoptera Butterfly Pieridae Saletara cycinna nan nan
23762,Lepidoptera,Butterfly,Pieridae,Delias,Delias gabia,Delias gabia aurantimacula,,Lepidoptera Butterfly Pieridae Delias gabia aurantimacula nan
23763,Lepidoptera,Butterfly,Pieridae,Cepora,Cepora iudith,Cepora iudith montana,,Lepidoptera Butterfly Pieridae Cepora iudith montana nan
23764,Lepidoptera,Butterfly,Pieridae,Ixias,Ixias venilia,Ixias venilia,,Lepidoptera Butterfly Pieridae Ixias venilia nan nan
23767,Lepidoptera,Butterfly,Pieridae,Delias,Delias arabuana,Delias arabuana modioensis,,Lepidoptera Butterfly Pieridae Delias arabuana modioensis nan
23768,Lepidoptera,Butterfly,Pieridae,Delias,Delias iltis,Delias iltis sibil,,Lepidoptera Butterfly Pieridae Delias iltis sibil nan
23778,Lepidoptera,Butterfly,Pieridae,Delias,Delias prouti,Delias prouti,Delias prouti male,Lepidoptera Butterfly Pieridae Delias prouti nan male
23779,Lepidoptera,Butterfly,Pieridae,Delias,Delias prouti,Delias prouti,,Lepidoptera Butterfly Pieridae Delias prouti nan nan
23780,Lepidoptera,Butterfly,Pieridae,Delias,Delias duris,Delias duris,Delias duris male,Lepidoptera Butterfly Pieridae Delias duris nan male
23781,Lepidoptera,Butterfly,Pieridae,Delias,Delias duris,Delias duris,Delias duris female,Lepidoptera Butterfly Pieridae Delias duris nan female
23782,Lepidoptera,Butterfly,Pieridae,Delias,Delias duris,Delias duris,,Lepidoptera Butterfly Pieridae Delias duris nan nan
23783,Lepidoptera,Butterfly,Pieridae,Delias,Delias henningia,Delias henningia palawana,,Lepidoptera Butterfly Pieridae Delias henningia palawana nan
23790,Lepidoptera,Butterfly,Pieridae,Delias,Delias acalis,Delias acalis pyramus,Delias acalis pyramus female,Lepidoptera Butterfly Pieridae Delias acalis pyramus female
23791,Lepidoptera,Butterfly,Pieridae,Delias,Delias acalis,Delias acalis pyramus,Delias acalis pyramus male,Lepidoptera Butterfly Pieridae Delias acalis pyramus male
23794,Lepidoptera,Butterfly,Pieridae,Delias,Delias chrysomelaena,Delias chrysomelaena,Delias chrysomelaena male,Lepidoptera Butterfly Pieridae Delias chrysomelaena nan male
23796,Lepidoptera,Butterfly,Pieridae,Delias,Delias chrysomelaena,Delias chrysomelaena,Delias chrysomelaena female,Lepidoptera Butterfly Pieridae Delias chrysomelaena nan female
23797,Lepidoptera,Butterfly,Pieridae,Delias,Delias talboti,Delias talboti,,Lepidoptera Butterfly Pieridae Delias talboti nan nan
23800,Lepidoptera,Butterfly,Pieridae,Delias,Delias shirozui,Delias shirozui,Delias shirozui female,Lepidoptera Butterfly Pieridae Delias shirozui nan female
23801,Lepidoptera,Butterfly,Pieridae,Delias,Delias shirozui,Delias shirozui,,Lepidoptera Butterfly Pieridae Delias shirozui nan nan
23802,Lepidoptera,Butterfly,Pieridae,Delias,Delias paoaiensis,Delias paoaiensis paoaiensis,,Lepidoptera Butterfly Pieridae Delias paoaiensis paoaiensis nan
23813,Lepidoptera,Butterfly,Pieridae,Appias,Appias nero,Appias nero,Appias nero female,Lepidoptera Butterfly Pieridae Appias nero nan female
23814,Lepidoptera,Butterfly,Pieridae,Appias,Appias zarinda,Appias zarinda,Appias zarinda male,Lepidoptera Butterfly Pieridae Appias zarinda nan male
23815,Lepidoptera,Butterfly,Pieridae,Appias,Appias zarinda,Appias zarinda,,Lepidoptera Butterfly Pieridae Appias zarinda nan nan
23840,Lepidoptera,Butterfly,Pieridae,Delias,Delias eschatia,Delias eschatia eschatia,,Lepidoptera Butterfly Pieridae Delias eschatia eschatia nan
23841,Lepidoptera,Butterfly,Pieridae,Delias,Delias fruhstorferi,Delias fruhstorferi fruhstorferi,Delias fruhstorferi fruhstorferi female,Lepidoptera Butterfly Pieridae Delias fruhstorferi fruhstorferi female
23844,Lepidoptera,Butterfly,Pieridae,Delias,Delias fruhstorferi,Delias fruhstorferi fruhstorferi,,Lepidoptera Butterfly Pieridae Delias fruhstorferi fruhstorferi nan
23845,Lepidoptera,Butterfly,Pieridae,Delias,Delias fruhstorferi,Delias fruhstorferi fruhstorferi,Delias fruhstorferi fruhstorferi male,Lepidoptera Butterfly Pieridae Delias fruhstorferi fruhstorferi male
23849,Lepidoptera,Butterfly,Pieridae,Delias,Delias dice,Delias dice dice,,Lepidoptera Butterfly Pieridae Delias dice dice nan
23852,Lepidoptera,Butterfly,Pieridae,Delias,Delias belisama,Delias belisama,Delias belisama male,Lepidoptera Butterfly Pieridae Delias belisama nan male
23854,Lepidoptera,Butterfly,Pieridae,Delias,Delias mysis,Delias mysis,,Lepidoptera Butterfly Pieridae Delias mysis nan nan
23867,Lepidoptera,Butterfly,Pieridae,Delias,Delias hyparete,Delias hyparete palawanica,,Lepidoptera Butterfly Pieridae Delias hyparete palawanica nan
23887,Lepidoptera,Butterfly,Pieridae,Delias,Delias hyparete,Delias hyparete diva,,Lepidoptera Butterfly Pieridae Delias hyparete diva nan
23930,Lepidoptera,Butterfly,Pieridae,Prioneris,Prioneris autothisbe,Prioneris autothisbe orientalis,Prioneris autothisbe orientalis male,Lepidoptera Butterfly Pieridae Prioneris autothisbe orientalis male
23931,Lepidoptera,Butterfly,Pieridae,Prioneris,Prioneris autothisbe,Prioneris autothisbe orientalis,,Lepidoptera Butterfly Pieridae Prioneris autothisbe orientalis nan
23961,Lepidoptera,Butterfly,Pieridae,Hebomoia,Hebomoia glaucippe,Hebomoia glaucippe flavomarginata,,Lepidoptera Butterfly Pieridae Hebomoia glaucippe flavomarginata nan
24066,Lepidoptera,Butterfly,Pieridae,Delias,Delias hyparete,Delias hyparete niasana,Delias hyparete niasana female,Lepidoptera Butterfly Pieridae Delias hyparete niasana female
24067,Lepidoptera,Butterfly,Pieridae,Delias,Delias hyparete,Delias hyparete niasana,Delias hyparete niasana male,Lepidoptera Butterfly Pieridae Delias hyparete niasana male
24069,Lepidoptera,Butterfly,Pieridae,Delias,Delias hyparete,Delias hyparete niasana,,Lepidoptera Butterfly Pieridae Delias hyparete niasana nan
24079,Lepidoptera,Butterfly,Pieridae,Delias,Delias periboea,Delias periboea,,Lepidoptera Butterfly Pieridae Delias periboea nan nan
24080,Lepidoptera,Butterfly,Pieridae,Delias,Delias periboea,Delias periboea,Delias periboea female,Lepidoptera Butterfly Pieridae Delias periboea nan female
24082,Lepidoptera,Butterfly,Pieridae,Phrissura,Phrissura aegis,Phrissura aegis,,Lepidoptera Butterfly Pieridae Phrissura aegis nan nan
24083,Lepidoptera,Butterfly,Pieridae,Cepora,Cepora perimale,Cepora perimale,Cepora perimale male,Lepidoptera Butterfly Pieridae Cepora perimale nan male
24084,Lepidoptera,Butterfly,Pieridae,Ixias,Ixias reinwardtii,Ixias reinwardtii,,Lepidoptera Butterfly Pieridae Ixias reinwardtii nan nan
24088,Lepidoptera,Butterfly,Pieridae,Ixias,Ixias reinwardtii,Ixias reinwardtii,Ixias reinwardtii male,Lepidoptera Butterfly Pieridae Ixias reinwardtii nan male
24089,Lepidoptera,Butterfly,Pieridae,Ixias,Ixias reinwardtii,Ixias reinwardtii,Ixias reinwardtii female,Lepidoptera Butterfly Pieridae Ixias reinwardtii nan female
24090,Lepidoptera,Butterfly,Pieridae,Eurema,Eurema alitha,Eurema alitha sankapura,Eurema alitha sankapura male,Lepidoptera Butterfly Pieridae Eurema alitha sankapura male
24091,Lepidoptera,Butterfly,Pieridae,Eurema,Eurema blanda,Eurema blanda norbana,,Lepidoptera Butterfly Pieridae Eurema blanda norbana nan
24092,Lepidoptera,Butterfly,Pieridae,Elodina,Elodina hypatia,Elodina hypatia hypatia,Elodina hypatia hypatia male,Lepidoptera Butterfly Pieridae Elodina hypatia hypatia male
24094,Lepidoptera,Butterfly,Nymphalidae,Herona,Herona sumatrana,Herona sumatrana,,Lepidoptera Butterfly Nymphalidae Herona sumatrana nan nan
24097,Lepidoptera,Butterfly,Pieridae,Eurema,Eurema smilax,Eurema smilax gracilior,Eurema smilax gracilior male,Lepidoptera Butterfly Pieridae Eurema smilax gracilior male
24098,Lepidoptera,Butterfly,Pieridae,Eurema,Eurema smilax,Eurema smilax gracilior,Eurema smilax gracilior female,Lepidoptera Butterfly Pieridae Eurema smilax gracilior female
24099,Lepidoptera,Butterfly,Pieridae,Eurema,Eurema lacteola,Eurema lacteola,,Lepidoptera Butterfly Pieridae Eurema lacteola nan nan
24108,Lepidoptera,Butterfly,Pieridae,Delias,Delias gabia,Delias gabia zarate,Delias gabia zarate male,Lepidoptera Butterfly Pieridae Delias gabia zarate male
24113,Lepidoptera,Butterfly,Pieridae,Delias,Delias mavroneria,Delias mavroneria,,Lepidoptera Butterfly Pieridae Delias mavroneria nan nan
24137,Lepidoptera,Butterfly,Pieridae,Prioneris,Prioneris autothisbe,Prioneris autothisbe,,Lepidoptera Butterfly Pieridae Prioneris autothisbe nan nan
24140,Lepidoptera,Butterfly,Pieridae,Prioneris,Prioneris autothisbe,Prioneris autothisbe,Prioneris autothisbe male,Lepidoptera Butterfly Pieridae Prioneris autothisbe nan male
24160,Lepidoptera,Butterfly,Pieridae,Udaiana,Udaiana cynis,Udaiana cynis,Udaiana cynis male,Lepidoptera Butterfly Pieridae Udaiana cynis nan male
24161,Lepidoptera,Butterfly,Pieridae,Ixias,Ixias balice,Ixias balice,Ixias balice male,Lepidoptera Butterfly Pieridae Ixias balice nan male
24162,Lepidoptera,Butterfly,Pieridae,Ixias,Ixias flavipennis,Ixias flavipennis,Ixias flavipennis male,Lepidoptera Butterfly Pieridae Ixias flavipennis nan male
24167,Lepidoptera,Butterfly,Pieridae,Hebomoia,Hebomoia glaucippe,Hebomoia glaucippe vossii,Hebomoia glaucippe vossii male,Lepidoptera Butterfly Pieridae Hebomoia glaucippe vossii male
24170,Lepidoptera,Butterfly,Pieridae,Saletara,Saletara panda,Saletara panda panda,,Lepidoptera Butterfly Pieridae Saletara panda panda nan
24171,Lepidoptera,Butterfly,Pieridae,Saletara,Saletara panda,Saletara panda panda,Saletara panda panda male,Lepidoptera Butterfly Pieridae Saletara panda panda male
24172,Lepidoptera,Butterfly,Pieridae,Eurema,Eurema tominia,Eurema tominia,,Lepidoptera Butterfly Pieridae Eurema tominia nan nan
24173,Lepidoptera,Butterfly,Pieridae,Elodina,Elodina andropis,Elodina andropis namatia,,Lepidoptera Butterfly Pieridae Elodina andropis namatia nan
24175,Lepidoptera,Butterfly,Pieridae,Cepora,Cepora pactolicus,Cepora pactolicus,Cepora pactolicus male,Lepidoptera Butterfly Pieridae Cepora pactolicus nan male
24177,Lepidoptera,Butterfly,Pieridae,Cepora,Cepora nerissa,Cepora nerissa,Cepora nerissa male,Lepidoptera Butterfly Pieridae Cepora nerissa nan male
24178,Lepidoptera,Butterfly,Pieridae,Cepora,Cepora iudith,Cepora iudith malaya,,Lepidoptera Butterfly Pieridae Cepora iudith malaya nan
24183,Lepidoptera,Butterfly,Pieridae,Cepora,Cepora nerissa,Cepora nerissa corva,,Lepidoptera Butterfly Pieridae Cepora nerissa corva nan
24196,Lepidoptera,Butterfly,Pieridae,Gandaca,Gandaca harina,Gandaca harina auriflua,Gandaca harina auriflua male,Lepidoptera Butterfly Pieridae Gandaca harina auriflua male
24197,Lepidoptera,Butterfly,Pieridae,Gandaca,Gandaca harina,Gandaca harina,Gandaca harina male,Lepidoptera Butterfly Pieridae Gandaca harina nan male
24203,Lepidoptera,Butterfly,Pieridae,Gandaca,Gandaca harina,Gandaca harina,Gandaca harina female,Lepidoptera Butterfly Pieridae Gandaca harina nan female
24217,Lepidoptera,Butterfly,Pieridae,Dercas,Dercas verhuelli,Dercas verhuelli,,Lepidoptera Butterfly Pieridae Dercas verhuelli nan nan
24222,Lepidoptera,Butterfly,Pieridae,Cepora,Cepora nadina,Cepora nadina nadina,Cepora nadina nadina male,Lepidoptera Butterfly Pieridae Cepora nadina nadina male
24223,Lepidoptera,Butterfly,Pieridae,Cepora,Cepora perimale,Cepora perimale bolana,,Lepidoptera Butterfly Pieridae Cepora perimale bolana nan
24227,Lepidoptera,Butterfly,Pieridae,Cepora,Cepora perimale,Cepora perimale agnata,Cepora perimale agnata male,Lepidoptera Butterfly Pieridae Cepora perimale agnata male
24228,Lepidoptera,Butterfly,Pieridae,Eurema,Eurema tilaha,Eurema tilaha,,Lepidoptera Butterfly Pieridae Eurema tilaha nan nan
24230,Lepidoptera,Butterfly,Pieridae,Saletara,Saletara liberia,Saletara liberia eliada,Saletara liberia eliada male,Lepidoptera Butterfly Pieridae Saletara liberia eliada male
24234,Lepidoptera,Butterfly,Pieridae,Eurema,Eurema sari,Eurema sari,,Lepidoptera Butterfly Pieridae Eurema sari nan nan
24237,Lepidoptera,Butterfly,Pieridae,Prioneris,Prioneris philonome,Prioneris philonome themana,,Lepidoptera Butterfly Pieridae Prioneris philonome themana nan
24239,Lepidoptera,Butterfly,Pieridae,Prioneris,Prioneris philonome,Prioneris philonome,Prioneris philonome male,Lepidoptera Butterfly Pieridae Prioneris philonome nan male
24244,Lepidoptera,Butterfly,Pieridae,Prioneris,Prioneris philonome,Prioneris philonome themana,Prioneris philonome themana male,Lepidoptera Butterfly Pieridae Prioneris philonome themana male
24246,Lepidoptera,Butterfly,Pieridae,Prioneris,Prioneris philonome,Prioneris philonome,Prioneris philonome female,Lepidoptera Butterfly Pieridae Prioneris philonome nan female
24249,Lepidoptera,Butterfly,Pieridae,Prioneris,Prioneris philonome,Prioneris philonome,,Lepidoptera Butterfly Pieridae Prioneris philonome nan nan
24250,Lepidoptera,Butterfly,Pieridae,Leptosia,Leptosia nina,Leptosia nina malayana,,Lepidoptera Butterfly Pieridae Leptosia nina malayana nan
24254,Lepidoptera,Butterfly,Pieridae,Cepora,Cepora nerissa,Cepora nerissa corva,Cepora nerissa corva male,Lepidoptera Butterfly Pieridae Cepora nerissa corva male
24256,Lepidoptera,Butterfly,Pieridae,Cepora,Cepora nerissa,Cepora nerissa,Cepora nerissa female,Lepidoptera Butterfly Pieridae Cepora nerissa nan female
24263,Lepidoptera,Butterfly,Pieridae,Cepora,Cepora nerissa,Cepora nerissa,,Lepidoptera Butterfly Pieridae Cepora nerissa nan nan
24268,Lepidoptera,Butterfly,Pieridae,Gandaca,Gandaca butyrosa,Gandaca butyrosa samanga,Gandaca butyrosa samanga male,Lepidoptera Butterfly Pieridae Gandaca butyrosa samanga male
24276,Lepidoptera,Butterfly,Pieridae,Eurema,Eurema laeta,Eurema laeta,,Lepidoptera Butterfly Pieridae Eurema laeta nan nan
24293,Lepidoptera,Butterfly,Pieridae,Eurema,Eurema ada,Eurema ada toba,,Lepidoptera Butterfly Pieridae Eurema ada toba nan
24296,Lepidoptera,Butterfly,Pieridae,Eurema,Eurema blanda,Eurema blanda,Eurema blanda female,Lepidoptera Butterfly Pieridae Eurema blanda nan female
24297,Lepidoptera,Butterfly,Pieridae,Catopsilia,Catopsilia scylla,Catopsilia scylla sidra,Catopsilia scylla sidra female,Lepidoptera Butterfly Pieridae Catopsilia scylla sidra female
24301,Lepidoptera,Butterfly,Pieridae,Appias,Appias cardena,Appias cardena hagar,,Lepidoptera Butterfly Pieridae Appias cardena hagar nan
24302,Lepidoptera,Butterfly,Pieridae,Leptosia,Leptosia nina,Leptosia nina dione,,Lepidoptera Butterfly Pieridae Leptosia nina dione nan
24306,Lepidoptera,Butterfly,Pieridae,Prioneris,Prioneris autothisbe,Prioneris autothisbe autothisbe,Prioneris autothisbe autothisbe female,Lepidoptera Butterfly Pieridae Prioneris autothisbe autothisbe female
24311,Lepidoptera,Butterfly,Pieridae,Prioneris,Prioneris thestylis,Prioneris thestylis malaccana,,Lepidoptera Butterfly Pieridae Prioneris thestylis malaccana nan
24315,Lepidoptera,Butterfly,Pieridae,Cepora,Cepora nadina,Cepora nadina,,Lepidoptera Butterfly Pieridae Cepora nadina nan nan
24328,Lepidoptera,Butterfly,Pieridae,Prioneris,Prioneris thestylis,Prioneris thestylis malaccana,Prioneris thestylis malaccana female,Lepidoptera Butterfly Pieridae Prioneris thestylis malaccana female
24330,Lepidoptera,Butterfly,Pieridae,Hebomoia,Hebomoia glaucippe,Hebomoia glaucippe ceylonica,,Lepidoptera Butterfly Pieridae Hebomoia glaucippe ceylonica nan
24331,Lepidoptera,Butterfly,Pieridae,Eurema,Eurema hecabe,Eurema hecabe oeta,,Lepidoptera Butterfly Pieridae Eurema hecabe oeta nan
24333,Lepidoptera,Butterfly,Pieridae,Eurema,Eurema blanda,Eurema blanda indecisa,,Lepidoptera Butterfly Pieridae Eurema blanda indecisa nan
24336,Lepidoptera,Butterfly,Pieridae,Eurema,Eurema lacteola,Eurema lacteola baliensis,Eurema lacteola baliensis male,Lepidoptera Butterfly Pieridae Eurema lacteola baliensis male
24339,Lepidoptera,Butterfly,Pieridae,Prioneris,Prioneris philonome,Prioneris philonome themana,Prioneris philonome themana female,Lepidoptera Butterfly Pieridae Prioneris philonome themana female
24346,Lepidoptera,Butterfly,Pieridae,Leptosia,Leptosia nina,Leptosia nina nina,,Lepidoptera Butterfly Pieridae Leptosia nina nina nan
24347,Lepidoptera,Butterfly,Pieridae,Leptosia,Leptosia nina,Leptosia nina nina,Leptosia nina nina male,Lepidoptera Butterfly Pieridae Leptosia nina nina male
24363,Lepidoptera,Butterfly,Pieridae,Leptosia,Leptosia nina,Leptosia nina comma,,Lepidoptera Butterfly Pieridae Leptosia nina comma nan
24368,Lepidoptera,Butterfly,Pieridae,Elodina,Elodina dispar,Elodina dispar,Elodina dispar male,Lepidoptera Butterfly Pieridae Elodina dispar nan male
24369,Lepidoptera,Butterfly,Pieridae,Elodina,Elodina dispar,Elodina dispar,Elodina dispar female,Lepidoptera Butterfly Pieridae Elodina dispar nan female
24372,Lepidoptera,Butterfly,Pieridae,Elodina,Elodina therasia,Elodina therasia,Elodina therasia female,Lepidoptera Butterfly Pieridae Elodina therasia nan female
24375,Lepidoptera,Butterfly,Pieridae,Elodina,Elodina therasia,Elodina therasia,Elodina therasia male,Lepidoptera Butterfly Pieridae Elodina therasia nan male
24387,Lepidoptera,Butterfly,Pieridae,Delias,Delias timorensis,Delias timorensis,Delias timorensis male,Lepidoptera Butterfly Pieridae Delias timorensis nan male
24388,Lepidoptera,Butterfly,Pieridae,Delias,Delias timorensis,Delias timorensis,Delias timorensis female,Lepidoptera Butterfly Pieridae Delias timorensis nan female
24397,Lepidoptera,Butterfly,Pieridae,Hebomoia,Hebomoia glaucippe,Hebomoia glaucippe celebensis,Hebomoia glaucippe celebensis female,Lepidoptera Butterfly Pieridae Hebomoia glaucippe celebensis female
24404,Lepidoptera,Butterfly,Pieridae,Eurema,Eurema andersoni,Eurema andersoni udana,,Lepidoptera Butterfly Pieridae Eurema andersoni udana nan
24408,Lepidoptera,Butterfly,Pieridae,Eurema,Eurema brigitta,Eurema brigitta drona,Eurema brigitta drona female,Lepidoptera Butterfly Pieridae Eurema brigitta drona female
24415,Lepidoptera,Butterfly,Pieridae,Eurema,Eurema brigitta,Eurema brigitta drona,,Lepidoptera Butterfly Pieridae Eurema brigitta drona nan
24426,Lepidoptera,Butterfly,Pieridae,Delias,Delias periboea,Delias periboea floresiana,Delias periboea floresiana male,Lepidoptera Butterfly Pieridae Delias periboea floresiana male
24428,Lepidoptera,Butterfly,Pieridae,Delias,Delias sambawana,Delias sambawana,Delias sambawana male,Lepidoptera Butterfly Pieridae Delias sambawana nan male
24429,Lepidoptera,Butterfly,Pieridae,Delias,Delias sambawana,Delias sambawana,,Lepidoptera Butterfly Pieridae Delias sambawana nan nan
24432,Lepidoptera,Butterfly,Pieridae,Saletara,Saletara panda,Saletara panda,Saletara panda female,Lepidoptera Butterfly Pieridae Saletara panda nan female
24437,Lepidoptera,Butterfly,Pieridae,Appias,Appias lucasii,Appias lucasii,Appias lucasii male,Lepidoptera Butterfly Pieridae Appias lucasii nan male
24482,Lepidoptera,Butterfly,Pieridae,Ixias,Ixias piepersii,Ixias piepersii,,Lepidoptera Butterfly Pieridae Ixias piepersii nan nan
24523,Lepidoptera,Butterfly,Pieridae,Saletara,Saletara panda,Saletara panda,Saletara panda male,Lepidoptera Butterfly Pieridae Saletara panda nan male
24561,Lepidoptera,Butterfly,Pieridae,Hebomoia,Hebomoia glaucippe,Hebomoia glaucippe flavomarginata,Hebomoia glaucippe flavomarginata male,Lepidoptera Butterfly Pieridae Hebomoia glaucippe flavomarginata male
24585,Lepidoptera,Butterfly,Pieridae,Hebomoia,Hebomoia glaucippe,Hebomoia glaucippe flavomarginata,Hebomoia glaucippe flavomarginata female,Lepidoptera Butterfly Pieridae Hebomoia glaucippe flavomarginata female
24586,Lepidoptera,Butterfly,Pieridae,Appias,Appias cardena,Appias cardena perakana,,Lepidoptera Butterfly Pieridae Appias cardena perakana nan
24587,Lepidoptera,Butterfly,Pieridae,Leptosia,Leptosia lignea,Leptosia lignea,,Lepidoptera Butterfly Pieridae Leptosia lignea nan nan
24591,Lepidoptera,Butterfly,Pieridae,Prioneris,Prioneris autothisbe,Prioneris autothisbe,Prioneris autothisbe female,Lepidoptera Butterfly Pieridae Prioneris autothisbe nan female
24595,Lepidoptera,Butterfly,Pieridae,Eurema,Eurema tilaha,Eurema tilaha tilaha,Eurema tilaha tilaha male,Lepidoptera Butterfly Pieridae Eurema tilaha tilaha male
24596,Lepidoptera,Butterfly,Pieridae,Prioneris,Prioneris philonome,Prioneris philonome vollenhovii,Prioneris philonome vollenhovii female,Lepidoptera Butterfly Pieridae Prioneris philonome vollenhovii female
24597,Lepidoptera,Butterfly,Pieridae,Prioneris,Prioneris philonome,Prioneris philonome vollenhovii,Prioneris philonome vollenhovii male,Lepidoptera Butterfly Pieridae Prioneris philonome vollenhovii male
24605,Lepidoptera,Butterfly,Pieridae,Elodina,Elodina hypatia,Elodina hypatia hypatia,,Lepidoptera Butterfly Pieridae Elodina hypatia hypatia nan
24609,Lepidoptera,Butterfly,Pieridae,Leptosia,Leptosia nina,Leptosia nina malayana,Leptosia nina malayana male,Lepidoptera Butterfly Pieridae Leptosia nina malayana male
24610,Lepidoptera,Butterfly,Pieridae,Leptosia,Leptosia nina,Leptosia nina malayana,Leptosia nina malayana female,Lepidoptera Butterfly Pieridae Leptosia nina malayana female
24612,Lepidoptera,Butterfly,Pieridae,Leptosia,Leptosia lignea,Leptosia lignea,Leptosia lignea male,Lepidoptera Butterfly Pieridae Leptosia lignea nan male
24614,Lepidoptera,Butterfly,Pieridae,Elodina,Elodina hypatia,Elodina hypatia hypatia,Elodina hypatia hypatia female,Lepidoptera Butterfly Pieridae Elodina hypatia hypatia female
24615,Lepidoptera,Butterfly,Pieridae,Cepora,Cepora iudith,Cepora iudith oberthueri,Cepora iudith oberthueri male,Lepidoptera Butterfly Pieridae Cepora iudith oberthueri male
24617,Lepidoptera,Butterfly,Pieridae,Cepora,Cepora iudith,Cepora iudith oberthueri,,Lepidoptera Butterfly Pieridae Cepora iudith oberthueri nan
24643,Lepidoptera,Butterfly,Pieridae,Delias,Delias sambawana,Delias sambawana everetti,Delias sambawana everetti male,Lepidoptera Butterfly Pieridae Delias sambawana everetti male
24644,Lepidoptera,Butterfly,Pieridae,Appias,Appias aegis,Appias aegis aegina,Appias aegis aegina male,Lepidoptera Butterfly Pieridae Appias aegis aegina male
24645,Lepidoptera,Butterfly,Pieridae,Appias,Appias epaphia,Appias epaphia,,Lepidoptera Butterfly Pieridae Appias epaphia nan nan
24647,Lepidoptera,Butterfly,Pieridae,Cepora,Cepora aspasia,Cepora aspasia aspasina,,Lepidoptera Butterfly Pieridae Cepora aspasia aspasina nan
24648,Lepidoptera,Butterfly,Pieridae,Dercas,Dercas verhuelli,Dercas verhuelli doubledayi,,Lepidoptera Butterfly Pieridae Dercas verhuelli doubledayi nan
24649,Lepidoptera,Butterfly,Pieridae,Gonepteryx,Gonepteryx farinosa,Gonepteryx farinosa,Gonepteryx farinosa female,Lepidoptera Butterfly Pieridae Gonepteryx farinosa nan female
24650,Lepidoptera,Butterfly,Pieridae,Gonepteryx,Gonepteryx farinosa,Gonepteryx farinosa,Gonepteryx farinosa male,Lepidoptera Butterfly Pieridae Gonepteryx farinosa nan male
24651,Lepidoptera,Butterfly,Pieridae,Eurema,Eurema candida,Eurema candida candida,Eurema candida candida female,Lepidoptera Butterfly Pieridae Eurema candida candida female
24666,Lepidoptera,Butterfly,Pieridae,Eurema,Eurema blanda,Eurema blanda arsakia,,Lepidoptera Butterfly Pieridae Eurema blanda arsakia nan
24671,Lepidoptera,Butterfly,Pieridae,Cepora,Cepora perimale,Cepora perimale pitys,Cepora perimale pitys male,Lepidoptera Butterfly Pieridae Cepora perimale pitys male
24673,Lepidoptera,Butterfly,Pieridae,Cepora,Cepora perimale,Cepora perimale rachel,Cepora perimale rachel female,Lepidoptera Butterfly Pieridae Cepora perimale rachel female
24675,Lepidoptera,Butterfly,Pieridae,Cepora,Cepora nadina,Cepora nadina eunama,,Lepidoptera Butterfly Pieridae Cepora nadina eunama nan
24680,Lepidoptera,Butterfly,Pieridae,Cepora,Cepora perimale,Cepora perimale rachel,,Lepidoptera Butterfly Pieridae Cepora perimale rachel nan
24689,Lepidoptera,Butterfly,Pieridae,Leuciacria,Leuciacria acuta,Leuciacria acuta,,Lepidoptera Butterfly Pieridae Leuciacria acuta nan nan
24690,Lepidoptera,Butterfly,Pieridae,Elodina,Elodina egnatia,Elodina egnatia egnatia,,Lepidoptera Butterfly Pieridae Elodina egnatia egnatia nan
24692,Lepidoptera,Butterfly,Pieridae,Leptosia,Leptosia nina,Leptosia nina,,Lepidoptera Butterfly Pieridae Leptosia nina nan nan
24701,Lepidoptera,Butterfly,Pieridae,Eurema,Eurema sarilata,Eurema sarilata sibuyanensis,,Lepidoptera Butterfly Pieridae Eurema sarilata sibuyanensis nan
24736,Lepidoptera,Butterfly,Pieridae,Eurema,Eurema nicevillei,Eurema nicevillei,,Lepidoptera Butterfly Pieridae Eurema nicevillei nan nan
24754,Lepidoptera,Butterfly,Nymphalidae,Lethe,Lethe mekara,Lethe mekara sumati,Lethe mekara sumati male,Lepidoptera Butterfly Nymphalidae Lethe mekara sumati male
24755,Lepidoptera,Butterfly,Nymphalidae,Elymnias,Elymnias malelas,Elymnias malelas,,Lepidoptera Butterfly Nymphalidae Elymnias malelas nan nan
24756,Lepidoptera,Butterfly,Pieridae,Appias,Appias paulina,Appias paulina,,Lepidoptera Butterfly Pieridae Appias paulina nan nan
24764,Lepidoptera,Butterfly,Pieridae,Eurema,Eurema hecabe,Eurema hecabe latimargo,Eurema hecabe latimargo male,Lepidoptera Butterfly Pieridae Eurema hecabe latimargo male
24769,Lepidoptera,Butterfly,Pieridae,Eurema,Eurema hecabe,Eurema hecabe latimargo,Eurema hecabe latimargo female,Lepidoptera Butterfly Pieridae Eurema hecabe latimargo female
24773,Lepidoptera,Butterfly,Pieridae,Eurema,Eurema hecabe,Eurema hecabe latimargo,,Lepidoptera Butterfly Pieridae Eurema hecabe latimargo nan
24811,Lepidoptera,Butterfly,Pieridae,Appias,Appias aegis,Appias aegis polisma,,Lepidoptera Butterfly Pieridae Appias aegis polisma nan
24821,Lepidoptera,Butterfly,Pieridae,Hebomoia,Hebomoia glaucippe,Hebomoia glaucippe borneensis,Hebomoia glaucippe borneensis male,Lepidoptera Butterfly Pieridae Hebomoia glaucippe borneensis male
24822,Lepidoptera,Butterfly,Pieridae,Hebomoia,Hebomoia glaucippe,Hebomoia glaucippe borneensis,,Lepidoptera Butterfly Pieridae Hebomoia glaucippe borneensis nan
24823,Lepidoptera,Butterfly,Pieridae,Hebomoia,Hebomoia glaucippe,Hebomoia glaucippe borneensis,Hebomoia glaucippe borneensis female,Lepidoptera Butterfly Pieridae Hebomoia glaucippe borneensis female
24840,Lepidoptera,Butterfly,Pieridae,Appias,Appias clementina,Appias clementina,Appias clementina male,Lepidoptera Butterfly Pieridae Appias clementina nan male
24843,Lepidoptera,Butterfly,Pieridae,Elodina,Elodina therasia,Elodina therasia,,Lepidoptera Butterfly Pieridae Elodina therasia nan nan
24845,Lepidoptera,Butterfly,Pieridae,Eurema,Eurema blanda,Eurema blanda cantideva,,Lepidoptera Butterfly Pieridae Eurema blanda cantideva nan
24847,Lepidoptera,Butterfly,Pieridae,Eurema,Eurema laeta,Eurema laeta betheseba,Eurema laeta betheseba male,Lepidoptera Butterfly Pieridae Eurema laeta betheseba male
24848,Lepidoptera,Butterfly,Pieridae,Eurema,Eurema laeta,Eurema laeta betheseba,Eurema laeta betheseba female,Lepidoptera Butterfly Pieridae Eurema laeta betheseba female
24850,Lepidoptera,Butterfly,Pieridae,Eurema,Eurema laeta,Eurema laeta betheseba,,Lepidoptera Butterfly Pieridae Eurema laeta betheseba nan
24851,Lepidoptera,Butterfly,Pieridae,Eurema,Eurema hecabe,Eurema hecabe asanga,,Lepidoptera Butterfly Pieridae Eurema hecabe asanga nan
24852,Lepidoptera,Butterfly,Pieridae,Appias,Appias hombroni,Appias hombroni hombroni,Appias hombroni hombroni male,Lepidoptera Butterfly Pieridae Appias hombroni hombroni male
24854,Lepidoptera,Butterfly,Pieridae,Appias,Appias hombroni,Appias hombroni hombroni,Appias hombroni hombroni female,Lepidoptera Butterfly Pieridae Appias hombroni hombroni female
24856,Lepidoptera,Butterfly,Pieridae,Appias,Appias hombroni,Appias hombroni hombroni,,Lepidoptera Butterfly Pieridae Appias hombroni hombroni nan
24865,Lepidoptera,Butterfly,Pieridae,Appias,Appias lyncida,Appias lyncida,,Lepidoptera Butterfly Pieridae Appias lyncida nan nan
24869,Lepidoptera,Butterfly,Pieridae,Cepora,Cepora nerissa,Cepora nerissa evagete,Cepora nerissa evagete male,Lepidoptera Butterfly Pieridae Cepora nerissa evagete male
24871,Lepidoptera,Butterfly,Pieridae,Cepora,Cepora iudith,Cepora iudith lea,,Lepidoptera Butterfly Pieridae Cepora iudith lea nan
24872,Lepidoptera,Butterfly,Pieridae,Cepora,Cepora iudith,Cepora iudith lea,Cepora iudith lea male,Lepidoptera Butterfly Pieridae Cepora iudith lea male
24881,Lepidoptera,Butterfly,Pieridae,Cepora,Cepora iudith,Cepora iudith,,Lepidoptera Butterfly Pieridae Cepora iudith nan nan
24884,Lepidoptera,Butterfly,Pieridae,Cepora,Cepora iudith,Cepora iudith lea,Cepora iudith lea female,Lepidoptera Butterfly Pieridae Cepora iudith lea female
24887,Lepidoptera,Butterfly,Pieridae,Cepora,Cepora iudith,Cepora iudith,Cepora iudith male,Lepidoptera Butterfly Pieridae Cepora iudith nan male
24888,Lepidoptera,Butterfly,Pieridae,Cepora,Cepora iudith,Cepora iudith,Cepora iudith female,Lepidoptera Butterfly Pieridae Cepora iudith nan female
24910,Lepidoptera,Butterfly,Pieridae,Belenois,Belenois java,Belenois java savuana,,Lepidoptera Butterfly Pieridae Belenois java savuana nan
24914,Lepidoptera,Butterfly,Pieridae,Appias,Appias nero,Appias nero zamboanga,,Lepidoptera Butterfly Pieridae Appias nero zamboanga nan
24916,Lepidoptera,Butterfly,Nymphalidae,Lethe,Lethe mekara,Lethe mekara,,Lepidoptera Butterfly Nymphalidae Lethe mekara nan nan
24917,Lepidoptera,Butterfly,Nymphalidae,Lethe,Lethe mekara,Lethe mekara,Lethe mekara male,Lepidoptera Butterfly Nymphalidae Lethe mekara nan male
24922,Lepidoptera,Butterfly,Nymphalidae,Melanitis,Melanitis leda,Melanitis leda,,Lepidoptera Butterfly Nymphalidae Melanitis leda nan nan
24929,Lepidoptera,Butterfly,Nymphalidae,Melanitis,Melanitis leda,Melanitis leda,Melanitis leda female,Lepidoptera Butterfly Nymphalidae Melanitis leda nan female
24930,Lepidoptera,Butterfly,Nymphalidae,Melanitis,Melanitis leda,Melanitis leda,Melanitis leda male,Lepidoptera Butterfly Nymphalidae Melanitis leda nan male
24967,Lepidoptera,Butterfly,Nymphalidae,Elymnias,Elymnias casiphone,Elymnias casiphone alumna,Elymnias casiphone alumna male,Lepidoptera Butterfly Nymphalidae Elymnias casiphone alumna male
24968,Lepidoptera,Butterfly,Nymphalidae,Elymnias,Elymnias casiphone,Elymnias casiphone alumna,,Lepidoptera Butterfly Nymphalidae Elymnias casiphone alumna nan
24971,Lepidoptera,Butterfly,Nymphalidae,Elymnias,Elymnias casiphone,Elymnias casiphone alumna,Elymnias casiphone alumna female,Lepidoptera Butterfly Nymphalidae Elymnias casiphone alumna female
24974,Lepidoptera,Butterfly,Nymphalidae,Elymnias,Elymnias casiphone,Elymnias casiphone,Elymnias casiphone male,Lepidoptera Butterfly Nymphalidae Elymnias casiphone nan male
24977,Lepidoptera,Butterfly,Nymphalidae,Elymnias,Elymnias casiphone,Elymnias casiphone,,Lepidoptera Butterfly Nymphalidae Elymnias casiphone nan nan
24980,Lepidoptera,Butterfly,Nymphalidae,Elymnias,Elymnias casiphone,Elymnias casiphone,Elymnias casiphone female,Lepidoptera Butterfly Nymphalidae Elymnias casiphone nan female
24998,Lepidoptera,Butterfly,Pieridae,Eurema,Eurema blanda,Eurema blanda norbana,Eurema blanda norbana female,Lepidoptera Butterfly Pieridae Eurema blanda norbana female
25000,Lepidoptera,Butterfly,Pieridae,Eurema,Eurema blanda,Eurema blanda norbana,Eurema blanda norbana male,Lepidoptera Butterfly Pieridae Eurema blanda norbana male
25001,Lepidoptera,Butterfly,Pieridae,Eurema,Eurema alitha,Eurema alitha alitha,Eurema alitha alitha male,Lepidoptera Butterfly Pieridae Eurema alitha alitha male
25006,Lepidoptera,Butterfly,Pieridae,Eurema,Eurema alitha,Eurema alitha alitha,,Lepidoptera Butterfly Pieridae Eurema alitha alitha nan
25011,Lepidoptera,Butterfly,Pieridae,Eurema,Eurema alitha,Eurema alitha alitha,Eurema alitha alitha female,Lepidoptera Butterfly Pieridae Eurema alitha alitha female
25031,Lepidoptera,Butterfly,Pieridae,Eurema,Eurema alitha,Eurema alitha zita,Eurema alitha zita male,Lepidoptera Butterfly Pieridae Eurema alitha zita male
25044,Lepidoptera,Butterfly,Pieridae,Eurema,Eurema puella,Eurema puella,Eurema puella male,Lepidoptera Butterfly Pieridae Eurema puella nan male
25047,Lepidoptera,Butterfly,Pieridae,Eurema,Eurema puella,Eurema puella,,Lepidoptera Butterfly Pieridae Eurema puella nan nan
25050,Lepidoptera,Butterfly,Pieridae,Gandaca,Gandaca harina,Gandaca harina distanti,,Lepidoptera Butterfly Pieridae Gandaca harina distanti nan
25051,Lepidoptera,Butterfly,Pieridae,Appias,Appias lyncida,Appias lyncida lyncida,Appias lyncida lyncida male,Lepidoptera Butterfly Pieridae Appias lyncida lyncida male
25052,Lepidoptera,Butterfly,Pieridae,Appias,Appias lyncida,Appias lyncida lyncida,Appias lyncida lyncida female,Lepidoptera Butterfly Pieridae Appias lyncida lyncida female
25053,Lepidoptera,Butterfly,Pieridae,Appias,Appias lyncida,Appias lyncida lyncida,,Lepidoptera Butterfly Pieridae Appias lyncida lyncida nan
25079,Lepidoptera,Butterfly,Pieridae,Cepora,Cepora eperia,Cepora eperia eperia,Cepora eperia eperia male,Lepidoptera Butterfly Pieridae Cepora eperia eperia male
25080,Lepidoptera,Butterfly,Pieridae,Cepora,Cepora eperia,Cepora eperia eperia,,Lepidoptera Butterfly Pieridae Cepora eperia eperia nan
25081,Lepidoptera,Butterfly,Pieridae,Aoa,Aoa affinis,Aoa affinis,Aoa affinis female,Lepidoptera Butterfly Pieridae Aoa affinis nan female
25090,Lepidoptera,Butterfly,Pieridae,Cepora,Cepora perimale,Cepora perimale synchroma,Cepora perimale synchroma male,Lepidoptera Butterfly Pieridae Cepora perimale synchroma male
25093,Lepidoptera,Butterfly,Pieridae,Cepora,Cepora iudith,Cepora iudith licea,Cepora iudith licea female,Lepidoptera Butterfly Pieridae Cepora iudith licea female
25095,Lepidoptera,Butterfly,Pieridae,Cepora,Cepora iudith,Cepora iudith licea,,Lepidoptera Butterfly Pieridae Cepora iudith licea nan
25096,Lepidoptera,Butterfly,Pieridae,Cepora,Cepora iudith,Cepora iudith licea,Cepora iudith licea male,Lepidoptera Butterfly Pieridae Cepora iudith licea male
25109,Lepidoptera,Butterfly,Pieridae,Belenois,Belenois java,Belenois java ina,Belenois java ina male,Lepidoptera Butterfly Pieridae Belenois java ina male
25110,Lepidoptera,Butterfly,Pieridae,Appias,Appias nero,Appias nero figulina,,Lepidoptera Butterfly Pieridae Appias nero figulina nan
25121,Lepidoptera,Butterfly,Pieridae,Catopsilia,Catopsilia pyranthe,Catopsilia pyranthe pyranthe,,Lepidoptera Butterfly Pieridae Catopsilia pyranthe pyranthe nan
25122,Lepidoptera,Butterfly,Pieridae,Catopsilia,Catopsilia pyranthe,Catopsilia pyranthe pyranthe,Catopsilia pyranthe pyranthe male,Lepidoptera Butterfly Pieridae Catopsilia pyranthe pyranthe male
25156,Lepidoptera,Butterfly,Nymphalidae,Lethe,Lethe minerva,Lethe minerva,,Lepidoptera Butterfly Nymphalidae Lethe minerva nan nan
25157,Lepidoptera,Butterfly,Nymphalidae,Lethe,Lethe minerva,Lethe minerva,Lethe minerva female,Lepidoptera Butterfly Nymphalidae Lethe minerva nan female
25165,Lepidoptera,Butterfly,Pieridae,Cepora,Cepora iudith,Cepora iudith zisca,Cepora iudith zisca male,Lepidoptera Butterfly Pieridae Cepora iudith zisca male
25195,Lepidoptera,Butterfly,Pieridae,Eurema,Eurema alitha,Eurema alitha lorquinii,,Lepidoptera Butterfly Pieridae Eurema alitha lorquinii nan
25199,Lepidoptera,Butterfly,Pieridae,Eurema,Eurema puella,Eurema puella,Eurema puella female,Lepidoptera Butterfly Pieridae Eurema puella nan female
25225,Lepidoptera,Butterfly,Pieridae,Eurema,Eurema candida,Eurema candida xanthomelaena,Eurema candida xanthomelaena male,Lepidoptera Butterfly Pieridae Eurema candida xanthomelaena male
25226,Lepidoptera,Butterfly,Pieridae,Cepora,Cepora perimale,Cepora perimale synchroma,,Lepidoptera Butterfly Pieridae Cepora perimale synchroma nan
25227,Lepidoptera,Butterfly,Pieridae,Cepora,Cepora perimale,Cepora perimale agnata,,Lepidoptera Butterfly Pieridae Cepora perimale agnata nan
25230,Lepidoptera,Butterfly,Pieridae,Eurema,Eurema candida,Eurema candida candida,Eurema candida candida male,Lepidoptera Butterfly Pieridae Eurema candida candida male
25244,Lepidoptera,Butterfly,Pieridae,Eurema,Eurema tilaha,Eurema tilaha tilaha,,Lepidoptera Butterfly Pieridae Eurema tilaha tilaha nan
25255,Lepidoptera,Butterfly,Pieridae,Eurema,Eurema alitha,Eurema alitha gradiens,,Lepidoptera Butterfly Pieridae Eurema alitha gradiens nan
25267,Lepidoptera,Butterfly,Nymphalidae,Lethe,Lethe minerva,Lethe minerva,Lethe minerva male,Lepidoptera Butterfly Nymphalidae Lethe minerva nan male
25281,Lepidoptera,Butterfly,Pieridae,Saletara,Saletara cycinna,Saletara cycinna cycinna,Saletara cycinna cycinna male,Lepidoptera Butterfly Pieridae Saletara cycinna cycinna male
25283,Lepidoptera,Butterfly,Pieridae,Saletara,Saletara liberia,Saletara liberia liberia,Saletara liberia liberia male,Lepidoptera Butterfly Pieridae Saletara liberia liberia male
25291,Lepidoptera,Butterfly,Pieridae,Udaiana,Udaiana cynis,Udaiana cynis cynis,Udaiana cynis cynis male,Lepidoptera Butterfly Pieridae Udaiana cynis cynis male
25298,Lepidoptera,Butterfly,Pieridae,Udaiana,Udaiana cynis,Udaiana cynis cynis,Udaiana cynis cynis female,Lepidoptera Butterfly Pieridae Udaiana cynis cynis female
25302,Lepidoptera,Butterfly,Pieridae,Saletara,Saletara panda,Saletara panda,,Lepidoptera Butterfly Pieridae Saletara panda nan nan
25345,Lepidoptera,Butterfly,Pieridae,Delias,Delias niepelti,Delias niepelti,,Lepidoptera Butterfly Pieridae Delias niepelti nan nan
25353,Lepidoptera,Butterfly,Pieridae,Delias,Delias niepelti,Delias niepelti,Delias niepelti male,Lepidoptera Butterfly Pieridae Delias niepelti nan male
25369,Lepidoptera,Butterfly,Pieridae,Delias,Delias joiceyi,Delias joiceyi,Delias joiceyi male,Lepidoptera Butterfly Pieridae Delias joiceyi nan male
25370,Lepidoptera,Butterfly,Pieridae,Delias,Delias joiceyi,Delias joiceyi,Delias joiceyi female,Lepidoptera Butterfly Pieridae Delias joiceyi nan female
25371,Lepidoptera,Butterfly,Pieridae,Delias,Delias wollastoni,Delias wollastoni abmisibilensis,,Lepidoptera Butterfly Pieridae Delias wollastoni abmisibilensis nan
25375,Lepidoptera,Butterfly,Pieridae,Delias,Delias stresemanni,Delias stresemanni,Delias stresemanni female,Lepidoptera Butterfly Pieridae Delias stresemanni nan female
25377,Lepidoptera,Butterfly,Pieridae,Delias,Delias schmassmanni,Delias schmassmanni,Delias schmassmanni male,Lepidoptera Butterfly Pieridae Delias schmassmanni nan male
25385,Lepidoptera,Butterfly,Pieridae,Delias,Delias argenthona,Delias argenthona balli,Delias argenthona balli male,Lepidoptera Butterfly Pieridae Delias argenthona balli male
25387,Lepidoptera,Butterfly,Pieridae,Delias,Delias argenthona,Delias argenthona balli,,Lepidoptera Butterfly Pieridae Delias argenthona balli nan
25392,Lepidoptera,Butterfly,Pieridae,Delias,Delias argenthona,Delias argenthona balli,Delias argenthona balli female,Lepidoptera Butterfly Pieridae Delias argenthona balli female
25407,Lepidoptera,Butterfly,Pieridae,Hebomoia,Hebomoia leucippe,Hebomoia leucippe,Hebomoia leucippe male,Lepidoptera Butterfly Pieridae Hebomoia leucippe nan male
25409,Lepidoptera,Butterfly,Pieridae,Cepora,Cepora aspasia,Cepora aspasia hester,Cepora aspasia hester male,Lepidoptera Butterfly Pieridae Cepora aspasia hester male
25410,Lepidoptera,Butterfly,Pieridae,Eurema,Eurema alitha,Eurema alitha jalendra,Eurema alitha jalendra female,Lepidoptera Butterfly Pieridae Eurema alitha jalendra female
25412,Lepidoptera,Butterfly,Pieridae,Gandaca,Gandaca harina,Gandaca harina harina,Gandaca harina harina male,Lepidoptera Butterfly Pieridae Gandaca harina harina male
25414,Lepidoptera,Butterfly,Pieridae,Gandaca,Gandaca harina,Gandaca harina gilva,Gandaca harina gilva female,Lepidoptera Butterfly Pieridae Gandaca harina gilva female
25416,Lepidoptera,Butterfly,Pieridae,Eurema,Eurema candida,Eurema candida,,Lepidoptera Butterfly Pieridae Eurema candida nan nan
25420,Lepidoptera,Butterfly,Papilionidae,Losaria,Losaria neptunus,Losaria neptunus creber,Losaria neptunus creber male,Lepidoptera Butterfly Papilionidae Losaria neptunus creber male
25421,Lepidoptera,Butterfly,Pieridae,Cepora,Cepora perimale,Cepora perimale,Cepora perimale female,Lepidoptera Butterfly Pieridae Cepora perimale nan female
25422,Lepidoptera,Butterfly,Pieridae,Cepora,Cepora perimale,Cepora perimale,,Lepidoptera Butterfly Pieridae Cepora perimale nan nan
25424,Lepidoptera,Butterfly,Pieridae,Eurema,Eurema candida,Eurema candida libera,Eurema candida libera male,Lepidoptera Butterfly Pieridae Eurema candida libera male
25426,Lepidoptera,Butterfly,Pieridae,Eurema,Eurema candida,Eurema candida libera,,Lepidoptera Butterfly Pieridae Eurema candida libera nan
25428,Lepidoptera,Butterfly,Pieridae,Eurema,Eurema candida,Eurema candida libera,Eurema candida libera female,Lepidoptera Butterfly Pieridae Eurema candida libera female
25436,Lepidoptera,Butterfly,Pieridae,Eurema,Eurema blanda,Eurema blanda biformis,Eurema blanda biformis male,Lepidoptera Butterfly Pieridae Eurema blanda biformis male
25437,Lepidoptera,Butterfly,Pieridae,Eurema,Eurema blanda,Eurema blanda biformis,Eurema blanda biformis female,Lepidoptera Butterfly Pieridae Eurema blanda biformis female
25438,Lepidoptera,Butterfly,Pieridae,Eurema,Eurema nicevillei,Eurema nicevillei,Eurema nicevillei male,Lepidoptera Butterfly Pieridae Eurema nicevillei nan male
25440,Lepidoptera,Butterfly,Nymphalidae,Lethe,Lethe arete,Lethe arete arcuata,Lethe arete arcuata male,Lepidoptera Butterfly Nymphalidae Lethe arete arcuata male
25441,Lepidoptera,Butterfly,Nymphalidae,Lethe,Lethe arete,Lethe arete arcuata,,Lepidoptera Butterfly Nymphalidae Lethe arete arcuata nan
25442,Lepidoptera,Butterfly,Nymphalidae,Lethe,Lethe arete,Lethe arete advipa,Lethe arete advipa male,Lepidoptera Butterfly Nymphalidae Lethe arete advipa male
25446,Lepidoptera,Butterfly,Nymphalidae,Lethe,Lethe arete,Lethe arete advipa,Lethe arete advipa female,Lepidoptera Butterfly Nymphalidae Lethe arete advipa female
25447,Lepidoptera,Butterfly,Nymphalidae,Lethe,Lethe minerva,Lethe minerva minerva,Lethe minerva minerva male,Lepidoptera Butterfly Nymphalidae Lethe minerva minerva male
25489,Lepidoptera,Butterfly,Pieridae,Ixias,Ixias venilia,Ixias venilia,Ixias venilia female,Lepidoptera Butterfly Pieridae Ixias venilia nan female
25521,Lepidoptera,Butterfly,Pieridae,Ixias,Ixias venilia,Ixias venilia,Ixias venilia male,Lepidoptera Butterfly Pieridae Ixias venilia nan male
25541,Lepidoptera,Butterfly,Pieridae,Leptosia,Leptosia nina,Leptosia nina,Leptosia nina male,Lepidoptera Butterfly Pieridae Leptosia nina nan male
25542,Lepidoptera,Butterfly,Pieridae,Leptosia,Leptosia nina,Leptosia nina comma,Leptosia nina comma male,Lepidoptera Butterfly Pieridae Leptosia nina comma male
25544,Lepidoptera,Butterfly,Nymphalidae,Polyura,Polyura athamas,Polyura athamas,,Lepidoptera Butterfly Nymphalidae Polyura athamas nan nan
25565,Lepidoptera,Butterfly,Pieridae,Eurema,Eurema alitha,Eurema alitha sankapura,Eurema alitha sankapura female,Lepidoptera Butterfly Pieridae Eurema alitha sankapura female
25615,Lepidoptera,Butterfly,Pieridae,Leptosia,Leptosia nina,Leptosia nina fumigata,,Lepidoptera Butterfly Pieridae Leptosia nina fumigata nan
25617,Lepidoptera,Butterfly,Pieridae,Eurema,Eurema alitha,Eurema alitha zita,,Lepidoptera Butterfly Pieridae Eurema alitha zita nan
25618,Lepidoptera,Butterfly,Pieridae,Eurema,Eurema blanda,Eurema blanda indecisa,Eurema blanda indecisa female,Lepidoptera Butterfly Pieridae Eurema blanda indecisa female
25621,Lepidoptera,Butterfly,Pieridae,Cepora,Cepora nerissa,Cepora nerissa dissimilis,,Lepidoptera Butterfly Pieridae Cepora nerissa dissimilis nan
25622,Lepidoptera,Butterfly,Pieridae,Gandaca,Gandaca butyrosa,Gandaca butyrosa aiguina,,Lepidoptera Butterfly Pieridae Gandaca butyrosa aiguina nan
25625,Lepidoptera,Butterfly,Pieridae,Gandaca,Gandaca butyrosa,Gandaca butyrosa aiguina,Gandaca butyrosa aiguina male,Lepidoptera Butterfly Pieridae Gandaca butyrosa aiguina male
25628,Lepidoptera,Butterfly,Pieridae,Eurema,Eurema hecabe,Eurema hecabe contubernalis,,Lepidoptera Butterfly Pieridae Eurema hecabe contubernalis nan
25641,Lepidoptera,Butterfly,Pieridae,Eurema,Eurema laeta,Eurema laeta stigmatica,Eurema laeta stigmatica female,Lepidoptera Butterfly Pieridae Eurema laeta stigmatica female
25643,Lepidoptera,Butterfly,Pieridae,Eurema,Eurema laeta,Eurema laeta stigmatica,,Lepidoptera Butterfly Pieridae Eurema laeta stigmatica nan
25644,Lepidoptera,Butterfly,Pieridae,Eurema,Eurema lacteola,Eurema lacteola varga,,Lepidoptera Butterfly Pieridae Eurema lacteola varga nan
25646,Lepidoptera,Butterfly,Pieridae,Eurema,Eurema laeta,Eurema laeta stigmatica,Eurema laeta stigmatica male,Lepidoptera Butterfly Pieridae Eurema laeta stigmatica male
25647,Lepidoptera,Butterfly,Pieridae,Cepora,Cepora nerissa,Cepora nerissa evagete,,Lepidoptera Butterfly Pieridae Cepora nerissa evagete nan
25648,Lepidoptera,Butterfly,Pieridae,Eurema,Eurema blanda,Eurema blanda snelleni,Eurema blanda snelleni female,Lepidoptera Butterfly Pieridae Eurema blanda snelleni female
25649,Lepidoptera,Butterfly,Pieridae,Eurema,Eurema blanda,Eurema blanda snelleni,,Lepidoptera Butterfly Pieridae Eurema blanda snelleni nan
25650,Lepidoptera,Butterfly,Pieridae,Eurema,Eurema blanda,Eurema blanda snelleni,Eurema blanda snelleni male,Lepidoptera Butterfly Pieridae Eurema blanda snelleni male
25653,Lepidoptera,Butterfly,Pieridae,Eurema,Eurema blanda,Eurema blanda indecisa,Eurema blanda indecisa male,Lepidoptera Butterfly Pieridae Eurema blanda indecisa male
25656,Lepidoptera,Butterfly,Nymphalidae,Lethe,Lethe rohria,Lethe rohria,Lethe rohria male,Lepidoptera Butterfly Nymphalidae Lethe rohria nan male
25657,Lepidoptera,Butterfly,Nymphalidae,Lethe,Lethe rohria,Lethe rohria anunda,Lethe rohria anunda male,Lepidoptera Butterfly Nymphalidae Lethe rohria anunda male
25659,Lepidoptera,Butterfly,Nymphalidae,Lethe,Lethe rohria,Lethe rohria anunda,Lethe rohria anunda female,Lepidoptera Butterfly Nymphalidae Lethe rohria anunda female
25660,Lepidoptera,Butterfly,Pieridae,Eurema,Eurema blanda,Eurema blanda vallivolans,,Lepidoptera Butterfly Pieridae Eurema blanda vallivolans nan
25672,Lepidoptera,Butterfly,Pieridae,Appias,Appias zarinda,Appias zarinda,Appias zarinda hermaphrodite,Lepidoptera Butterfly Pieridae Appias zarinda nan hermaphrodite
25673,Lepidoptera,Butterfly,Pieridae,Appias,Appias zarinda,Appias zarinda zarinda,Appias zarinda zarinda female,Lepidoptera Butterfly Pieridae Appias zarinda zarinda female
25691,Lepidoptera,Butterfly,Pieridae,Eurema,Eurema blanda,Eurema blanda,Eurema blanda male,Lepidoptera Butterfly Pieridae Eurema blanda nan male
25724,Lepidoptera,Butterfly,Pieridae,Eurema,Eurema tominia,Eurema tominia,Eurema tominia male,Lepidoptera Butterfly Pieridae Eurema tominia nan male
25731,Lepidoptera,Butterfly,Nymphalidae,Lethe,Lethe rohria,Lethe rohria,Lethe rohria female,Lepidoptera Butterfly Nymphalidae Lethe rohria nan female
25751,Lepidoptera,Butterfly,Pieridae,Saletara,Saletara liberia,Saletara liberia eliada,Saletara liberia eliada female,Lepidoptera Butterfly Pieridae Saletara liberia eliada female
25753,Lepidoptera,Butterfly,Pieridae,Saletara,Saletara cycinna,Saletara cycinna cycinna,,Lepidoptera Butterfly Pieridae Saletara cycinna cycinna nan
25773,Lepidoptera,Butterfly,Pieridae,Appias,Appias paulina,Appias paulina,Appias paulina female,Lepidoptera Butterfly Pieridae Appias paulina nan female
25777,Lepidoptera,Butterfly,Pieridae,Appias,Appias paulina,Appias paulina paulina,,Lepidoptera Butterfly Pieridae Appias paulina paulina nan
25779,Lepidoptera,Butterfly,Pieridae,Appias,Appias paulina,Appias paulina paulina,Appias paulina paulina female,Lepidoptera Butterfly Pieridae Appias paulina paulina female
25780,Lepidoptera,Butterfly,Pieridae,Appias,Appias paulina,Appias paulina sawela,Appias paulina sawela female,Lepidoptera Butterfly Pieridae Appias paulina sawela female
25781,Lepidoptera,Butterfly,Pieridae,Ixias,Ixias pyrene,Ixias pyrene insignis,Ixias pyrene insignis male,Lepidoptera Butterfly Pieridae Ixias pyrene insignis male
25782,Lepidoptera,Butterfly,Pieridae,Ixias,Ixias balice,Ixias balice,Ixias balice female,Lepidoptera Butterfly Pieridae Ixias balice nan female
25793,Lepidoptera,Butterfly,Pieridae,Eurema,Eurema tominia,Eurema tominia,Eurema tominia female,Lepidoptera Butterfly Pieridae Eurema tominia nan female
25807,Lepidoptera,Butterfly,Nymphalidae,Elymnias,Elymnias malelas,Elymnias malelas,Elymnias malelas female,Lepidoptera Butterfly Nymphalidae Elymnias malelas nan female
25812,Lepidoptera,Butterfly,Pieridae,Eurema,Eurema hecabe,Eurema hecabe hecabe,Eurema hecabe hecabe male,Lepidoptera Butterfly Pieridae Eurema hecabe hecabe male
25823,Lepidoptera,Butterfly,Pieridae,Cepora,Cepora iudith,Cepora iudith oberthueri,Cepora iudith oberthueri female,Lepidoptera Butterfly Pieridae Cepora iudith oberthueri female
25840,Lepidoptera,Butterfly,Pieridae,Cepora,Cepora aspasia,Cepora aspasia aspasia,,Lepidoptera Butterfly Pieridae Cepora aspasia aspasia nan
25844,Lepidoptera,Butterfly,Pieridae,Eurema,Eurema alitha,Eurema alitha jalendra,,Lepidoptera Butterfly Pieridae Eurema alitha jalendra nan
25877,Lepidoptera,Butterfly,Pieridae,Eurema,Eurema tominia,Eurema tominia tominia,Eurema tominia tominia male,Lepidoptera Butterfly Pieridae Eurema tominia tominia male
25878,Lepidoptera,Butterfly,Pieridae,Eurema,Eurema brigitta,Eurema brigitta fruhstorferi,Eurema brigitta fruhstorferi male,Lepidoptera Butterfly Pieridae Eurema brigitta fruhstorferi male
25882,Lepidoptera,Butterfly,Pieridae,Prioneris,Prioneris philonome,Prioneris philonome vollenhovii,,Lepidoptera Butterfly Pieridae Prioneris philonome vollenhovii nan
25896,Lepidoptera,Butterfly,Pieridae,Appias,Appias albina,Appias albina micromalayana,Appias albina micromalayana male,Lepidoptera Butterfly Pieridae Appias albina micromalayana male
25897,Lepidoptera,Butterfly,Pieridae,Appias,Appias albina,Appias albina micromalayana,,Lepidoptera Butterfly Pieridae Appias albina micromalayana nan
25905,Lepidoptera,Butterfly,Pieridae,Appias,Appias albina,Appias albina micromalayana,Appias albina micromalayana female,Lepidoptera Butterfly Pieridae Appias albina micromalayana female
25906,Lepidoptera,Butterfly,Pieridae,Appias,Appias paulina,Appias paulina pione,Appias paulina pione male,Lepidoptera Butterfly Pieridae Appias paulina pione male
25909,Lepidoptera,Butterfly,Pieridae,Appias,Appias paulina,Appias paulina albata,Appias paulina albata male,Lepidoptera Butterfly Pieridae Appias paulina albata male
25913,Lepidoptera,Butterfly,Pieridae,Ixias,Ixias pyrene,Ixias pyrene birdi,,Lepidoptera Butterfly Pieridae Ixias pyrene birdi nan
25914,Lepidoptera,Butterfly,Nymphalidae,Melanitis,Melanitis leda,Melanitis leda ismene,Melanitis leda ismene male,Lepidoptera Butterfly Nymphalidae Melanitis leda ismene male
25916,Lepidoptera,Butterfly,Nymphalidae,Melanitis,Melanitis leda,Melanitis leda ismene,,Lepidoptera Butterfly Nymphalidae Melanitis leda ismene nan
25920,Lepidoptera,Butterfly,Nymphalidae,Melanitis,Melanitis leda,Melanitis leda ismene,Melanitis leda ismene female,Lepidoptera Butterfly Nymphalidae Melanitis leda ismene female
25921,Lepidoptera,Butterfly,Nymphalidae,Elymnias,Elymnias hypermnestra,Elymnias hypermnestra undularis,Elymnias hypermnestra undularis female,Lepidoptera Butterfly Nymphalidae Elymnias hypermnestra undularis female
25924,Lepidoptera,Butterfly,Nymphalidae,Elymnias,Elymnias hypermnestra,Elymnias hypermnestra,,Lepidoptera Butterfly Nymphalidae Elymnias hypermnestra nan nan
25930,Lepidoptera,Butterfly,Nymphalidae,Elymnias,Elymnias hypermnestra,Elymnias hypermnestra,Elymnias hypermnestra female,Lepidoptera Butterfly Nymphalidae Elymnias hypermnestra nan female
25937,Lepidoptera,Butterfly,Nymphalidae,Elymnias,Elymnias hypermnestra,Elymnias hypermnestra beatrice,,Lepidoptera Butterfly Nymphalidae Elymnias hypermnestra beatrice nan
25960,Lepidoptera,Butterfly,Pieridae,Eurema,Eurema celebensis,Eurema celebensis,,Lepidoptera Butterfly Pieridae Eurema celebensis nan nan
25962,Lepidoptera,Butterfly,Pieridae,Eurema,Eurema ada,Eurema ada roepkei,,Lepidoptera Butterfly Pieridae Eurema ada roepkei nan
25999,Lepidoptera,Butterfly,Pieridae,Appias,Appias paulina,Appias paulina emilia,Appias paulina emilia male,Lepidoptera Butterfly Pieridae Appias paulina emilia male
26000,Lepidoptera,Butterfly,Pieridae,Ixias,Ixias ludekingii,Ixias ludekingii,,Lepidoptera Butterfly Pieridae Ixias ludekingii nan nan
26002,Lepidoptera,Butterfly,Pieridae,Ixias,Ixias ludekingii,Ixias ludekingii,Ixias ludekingii male,Lepidoptera Butterfly Pieridae Ixias ludekingii nan male
26008,Lepidoptera,Butterfly,Pieridae,Ixias,Ixias ludekingii,Ixias ludekingii,Ixias ludekingii female,Lepidoptera Butterfly Pieridae Ixias ludekingii nan female
26009,Lepidoptera,Butterfly,Pieridae,Ixias,Ixias undatus,Ixias undatus,Ixias undatus male,Lepidoptera Butterfly Pieridae Ixias undatus nan male
26013,Lepidoptera,Butterfly,Nymphalidae,Melanitis,Melanitis leda,Melanitis leda simessa,,Lepidoptera Butterfly Nymphalidae Melanitis leda simessa nan
26022,Lepidoptera,Butterfly,Pieridae,Eurema,Eurema blanda,Eurema blanda arsakia,Eurema blanda arsakia male,Lepidoptera Butterfly Pieridae Eurema blanda arsakia male
26023,Lepidoptera,Butterfly,Pieridae,Appias,Appias lyncida,Appias lyncida eleonora,,Lepidoptera Butterfly Pieridae Appias lyncida eleonora nan
26036,Lepidoptera,Butterfly,Pieridae,Cepora,Cepora celebensis,Cepora celebensis,Cepora celebensis female,Lepidoptera Butterfly Pieridae Cepora celebensis nan female
26055,Lepidoptera,Butterfly,Pieridae,Eurema,Eurema andersoni,Eurema andersoni,,Lepidoptera Butterfly Pieridae Eurema andersoni nan nan
26067,Lepidoptera,Butterfly,Pieridae,Saletara,Saletara panda,Saletara panda aurifolia,Saletara panda aurifolia female,Lepidoptera Butterfly Pieridae Saletara panda aurifolia female
26084,Lepidoptera,Butterfly,Pieridae,Eurema,Eurema alitha,Eurema alitha bidens,Eurema alitha bidens female,Lepidoptera Butterfly Pieridae Eurema alitha bidens female
26095,Lepidoptera,Butterfly,Nymphalidae,Mycalesis,Mycalesis maianeas,Mycalesis maianeas,,Lepidoptera Butterfly Nymphalidae Mycalesis maianeas nan nan
26099,Lepidoptera,Butterfly,Nymphalidae,Mycalesis,Mycalesis mineus,Mycalesis mineus,Mycalesis mineus male,Lepidoptera Butterfly Nymphalidae Mycalesis mineus nan male
26105,Lepidoptera,Butterfly,Nymphalidae,Ypthima,Ypthima philomela,Ypthima philomela philomela,,Lepidoptera Butterfly Nymphalidae Ypthima philomela philomela nan
26106,Lepidoptera,Butterfly,Nymphalidae,Erites,Erites medura,Erites medura,,Lepidoptera Butterfly Nymphalidae Erites medura nan nan
26107,Lepidoptera,Butterfly,Nymphalidae,Lethe,Lethe rohria,Lethe rohria,,Lepidoptera Butterfly Nymphalidae Lethe rohria nan nan
26131,Lepidoptera,Butterfly,Pieridae,Appias,Appias placidia,Appias placidia maculata,Appias placidia maculata male,Lepidoptera Butterfly Pieridae Appias placidia maculata male
26141,Lepidoptera,Butterfly,Pieridae,Appias,Appias paulina,Appias paulina leis,Appias paulina leis male,Lepidoptera Butterfly Pieridae Appias paulina leis male
26143,Lepidoptera,Butterfly,Pieridae,Appias,Appias paulina,Appias paulina paulina,Appias paulina paulina male,Lepidoptera Butterfly Pieridae Appias paulina paulina male
26148,Lepidoptera,Butterfly,Papilionidae,Losaria,Losaria neptunus,Losaria neptunus creber,,Lepidoptera Butterfly Papilionidae Losaria neptunus creber nan
26151,Lepidoptera,Butterfly,Pieridae,Appias,Appias ithome,Appias ithome,,Lepidoptera Butterfly Pieridae Appias ithome nan nan
26153,Lepidoptera,Butterfly,Pieridae,Appias,Appias ithome,Appias ithome,Appias ithome female,Lepidoptera Butterfly Pieridae Appias ithome nan female
26156,Lepidoptera,Butterfly,Pieridae,Pareronia,Pareronia jobaea,Pareronia jobaea elsa,,Lepidoptera Butterfly Pieridae Pareronia jobaea elsa nan
26157,Lepidoptera,Butterfly,Pieridae,Pareronia,Pareronia jobaea,Pareronia jobaea elsa,Pareronia jobaea elsa male,Lepidoptera Butterfly Pieridae Pareronia jobaea elsa male
26168,Lepidoptera,Butterfly,Pieridae,Pareronia,Pareronia ceylanica,Pareronia ceylanica,Pareronia ceylanica male,Lepidoptera Butterfly Pieridae Pareronia ceylanica nan male
26170,Lepidoptera,Butterfly,Nymphalidae,Mycalesis,Mycalesis mineus,Mycalesis mineus,Mycalesis mineus female,Lepidoptera Butterfly Nymphalidae Mycalesis mineus nan female
26189,Lepidoptera,Butterfly,Nymphalidae,Mycalesis,Mycalesis mineus,Mycalesis mineus,,Lepidoptera Butterfly Nymphalidae Mycalesis mineus nan nan
26190,Lepidoptera,Butterfly,Nymphalidae,Mycalesis,Mycalesis mynois,Mycalesis mynois mynois,,Lepidoptera Butterfly Nymphalidae Mycalesis mynois mynois nan
26193,Lepidoptera,Butterfly,Nymphalidae,Mycalesis,Mycalesis malsara,Mycalesis malsara,Mycalesis malsara male,Lepidoptera Butterfly Nymphalidae Mycalesis malsara nan male
26194,Lepidoptera,Butterfly,Nymphalidae,Mycalesis,Mycalesis malsara,Mycalesis malsara,,Lepidoptera Butterfly Nymphalidae Mycalesis malsara nan nan
26195,Lepidoptera,Butterfly,Nymphalidae,Ragadia,Ragadia makuta,Ragadia makuta minoa,,Lepidoptera Butterfly Nymphalidae Ragadia makuta minoa nan
26239,Lepidoptera,Butterfly,Nymphalidae,Elymnias,Elymnias kamara,Elymnias kamara kamara,Elymnias kamara kamara male,Lepidoptera Butterfly Nymphalidae Elymnias kamara kamara male
26240,Lepidoptera,Butterfly,Nymphalidae,Elymnias,Elymnias kamara,Elymnias kamara kamara,,Lepidoptera Butterfly Nymphalidae Elymnias kamara kamara nan
26247,Lepidoptera,Butterfly,Nymphalidae,Elymnias,Elymnias ceryx,Elymnias ceryx,,Lepidoptera Butterfly Nymphalidae Elymnias ceryx nan nan
26249,Lepidoptera,Butterfly,Nymphalidae,Elymnias,Elymnias penanga,Elymnias penanga sumatrana,Elymnias penanga sumatrana male,Lepidoptera Butterfly Nymphalidae Elymnias penanga sumatrana male
26255,Lepidoptera,Butterfly,Nymphalidae,Elymnias,Elymnias hypermnestra,Elymnias hypermnestra violetta,,Lepidoptera Butterfly Nymphalidae Elymnias hypermnestra violetta nan
26256,Lepidoptera,Butterfly,Nymphalidae,Elymnias,Elymnias cottonis,Elymnias cottonis cottonis,Elymnias cottonis cottonis male,Lepidoptera Butterfly Nymphalidae Elymnias cottonis cottonis male
26257,Lepidoptera,Butterfly,Nymphalidae,Melanitis,Melanitis phedima,Melanitis phedima phedima,Melanitis phedima phedima female,Lepidoptera Butterfly Nymphalidae Melanitis phedima phedima female
26261,Lepidoptera,Butterfly,Pieridae,Ixias,Ixias flavipennis,Ixias flavipennis,,Lepidoptera Butterfly Pieridae Ixias flavipennis nan nan
26265,Lepidoptera,Butterfly,Pieridae,Ixias,Ixias flavipennis,Ixias flavipennis,Ixias flavipennis female,Lepidoptera Butterfly Pieridae Ixias flavipennis nan female
26271,Lepidoptera,Butterfly,Pieridae,Dercas,Dercas verhuelli,Dercas verhuelli,Dercas verhuelli male,Lepidoptera Butterfly Pieridae Dercas verhuelli nan male
26302,Lepidoptera,Butterfly,Nymphalidae,Ragadia,Ragadia makuta,Ragadia makuta,,Lepidoptera Butterfly Nymphalidae Ragadia makuta nan nan
26304,Lepidoptera,Butterfly,Nymphalidae,Melanitis,Melanitis phedima,Melanitis phedima phedima,,Lepidoptera Butterfly Nymphalidae Melanitis phedima phedima nan
26317,Lepidoptera,Butterfly,Nymphalidae,Lethe,Lethe serbonis serbonis,Lethe serbonis serbonis,Lethe serbonis serbonis male,Lepidoptera Butterfly Nymphalidae Lethe serbonis serbonis nan male
26318,Lepidoptera,Butterfly,Nymphalidae,Lethe,Lethe serbonis serbonis,Lethe serbonis serbonis,,Lepidoptera Butterfly Nymphalidae Lethe serbonis serbonis nan nan
26320,Lepidoptera,Butterfly,Nymphalidae,Melanitis,Melanitis leda,Melanitis leda lacrima,,Lepidoptera Butterfly Nymphalidae Melanitis leda lacrima nan
26323,Lepidoptera,Butterfly,Nymphalidae,Melanitis,Melanitis leda,Melanitis leda lacrima,Melanitis leda lacrima female,Lepidoptera Butterfly Nymphalidae Melanitis leda lacrima female
26325,Lepidoptera,Butterfly,Nymphalidae,Elymnias,Elymnias nesaea,Elymnias nesaea hypereides,Elymnias nesaea hypereides male,Lepidoptera Butterfly Nymphalidae Elymnias nesaea hypereides male
26328,Lepidoptera,Butterfly,Nymphalidae,Elymnias,Elymnias nesaea,Elymnias nesaea hypereides,Elymnias nesaea hypereides female,Lepidoptera Butterfly Nymphalidae Elymnias nesaea hypereides female
26329,Lepidoptera,Butterfly,Nymphalidae,Elymnias,Elymnias malelas,Elymnias malelas malelas,Elymnias malelas malelas male,Lepidoptera Butterfly Nymphalidae Elymnias malelas malelas male
26332,Lepidoptera,Butterfly,Nymphalidae,Elymnias,Elymnias malelas,Elymnias malelas malelas,Elymnias malelas malelas female,Lepidoptera Butterfly Nymphalidae Elymnias malelas malelas female
26340,Lepidoptera,Butterfly,Pieridae,Cepora,Cepora boisduvaliana,Cepora boisduvaliana boisduvaliana,,Lepidoptera Butterfly Pieridae Cepora boisduvaliana boisduvaliana nan
26396,Lepidoptera,Butterfly,Pieridae,Saletara,Saletara panda,Saletara panda nigerrima,Saletara panda nigerrima male,Lepidoptera Butterfly Pieridae Saletara panda nigerrima male
26402,Lepidoptera,Butterfly,Pieridae,Saletara,Saletara panda,Saletara panda nigerrima,Saletara panda nigerrima female,Lepidoptera Butterfly Pieridae Saletara panda nigerrima female
26403,Lepidoptera,Butterfly,Pieridae,Saletara,Saletara panda,Saletara panda distanti,Saletara panda distanti male,Lepidoptera Butterfly Pieridae Saletara panda distanti male
26409,Lepidoptera,Butterfly,Pieridae,Saletara,Saletara panda,Saletara panda distanti,Saletara panda distanti female,Lepidoptera Butterfly Pieridae Saletara panda distanti female
26410,Lepidoptera,Butterfly,Pieridae,Saletara,Saletara liberia,Saletara liberia liberia,Saletara liberia liberia female,Lepidoptera Butterfly Pieridae Saletara liberia liberia female
26412,Lepidoptera,Butterfly,Lycaenidae,Jamides,Jamides pura,Jamides pura,,Lepidoptera Butterfly Lycaenidae Jamides pura nan nan
26413,Lepidoptera,Butterfly,Nymphalidae,Ypthima,Ypthima pandocus,Ypthima pandocus,Ypthima pandocus male,Lepidoptera Butterfly Nymphalidae Ypthima pandocus nan male
26414,Lepidoptera,Butterfly,Nymphalidae,Ypthima,Ypthima pandocus,Ypthima pandocus,,Lepidoptera Butterfly Nymphalidae Ypthima pandocus nan nan
26415,Lepidoptera,Butterfly,Nymphalidae,Lethe,Lethe manthara,Lethe manthara,Lethe manthara male,Lepidoptera Butterfly Nymphalidae Lethe manthara nan male
26417,Lepidoptera,Butterfly,Nymphalidae,Lethe,Lethe manthara,Lethe manthara,Lethe manthara female,Lepidoptera Butterfly Nymphalidae Lethe manthara nan female
26419,Lepidoptera,Butterfly,Pieridae,Appias,Appias ada,Appias ada,Appias ada male,Lepidoptera Butterfly Pieridae Appias ada nan male
26420,Lepidoptera,Butterfly,Pieridae,Appias,Appias ada,Appias ada,Appias ada female,Lepidoptera Butterfly Pieridae Appias ada nan female
26422,Lepidoptera,Butterfly,Pieridae,Appias,Appias ada,Appias ada,,Lepidoptera Butterfly Pieridae Appias ada nan nan
26424,Lepidoptera,Butterfly,Pieridae,Hebomoia,Hebomoia leucippe,Hebomoia leucippe leucippe,,Lepidoptera Butterfly Pieridae Hebomoia leucippe leucippe nan
26431,Lepidoptera,Butterfly,Nymphalidae,Discophora,Discophora necho,Discophora necho,Discophora necho female,Lepidoptera Butterfly Nymphalidae Discophora necho nan female
26432,Lepidoptera,Butterfly,Nymphalidae,Thaumantis,Thaumantis odana,Thaumantis odana odana,Thaumantis odana odana male,Lepidoptera Butterfly Nymphalidae Thaumantis odana odana male
26433,Lepidoptera,Butterfly,Nymphalidae,Thaumantis,Thaumantis odana,Thaumantis odana odana,Thaumantis odana odana female,Lepidoptera Butterfly Nymphalidae Thaumantis odana odana female
26436,Lepidoptera,Butterfly,Nymphalidae,Thaumantis,Thaumantis odana,Thaumantis odana odana,,Lepidoptera Butterfly Nymphalidae Thaumantis odana odana nan
26448,Lepidoptera,Butterfly,Nymphalidae,Cupha,Cupha maeonides,Cupha maeonides maeonides,,Lepidoptera Butterfly Nymphalidae Cupha maeonides maeonides nan
26455,Lepidoptera,Butterfly,Pieridae,Appias,Appias celestina,Appias celestina,Appias celestina female,Lepidoptera Butterfly Pieridae Appias celestina nan female
26456,Lepidoptera,Butterfly,Pieridae,Ixias,Ixias piepersii,Ixias piepersii paluensis,,Lepidoptera Butterfly Pieridae Ixias piepersii paluensis nan
26457,Lepidoptera,Butterfly,Pieridae,Ixias,Ixias piepersii,Ixias piepersii paluensis,Ixias piepersii paluensis male,Lepidoptera Butterfly Pieridae Ixias piepersii paluensis male
26476,Lepidoptera,Butterfly,Pieridae,Saletara,Saletara panda,Saletara panda distanti,,Lepidoptera Butterfly Pieridae Saletara panda distanti nan
26489,Lepidoptera,Butterfly,Pieridae,Saletara,Saletara panda,Saletara panda nigerrima,,Lepidoptera Butterfly Pieridae Saletara panda nigerrima nan
26492,Lepidoptera,Butterfly,Pieridae,Elodina,Elodina egnatia,Elodina egnatia boisduvali,Elodina egnatia boisduvali male,Lepidoptera Butterfly Pieridae Elodina egnatia boisduvali male
26493,Lepidoptera,Butterfly,Pieridae,Elodina,Elodina egnatia,Elodina egnatia boisduvali,Elodina egnatia boisduvali female,Lepidoptera Butterfly Pieridae Elodina egnatia boisduvali female
26494,Lepidoptera,Butterfly,Pieridae,Appias,Appias urania,Appias urania,Appias urania male,Lepidoptera Butterfly Pieridae Appias urania nan male
26525,Lepidoptera,Butterfly,Pieridae,Eurema,Eurema ada,Eurema ada,,Lepidoptera Butterfly Pieridae Eurema ada nan nan
26528,Lepidoptera,Butterfly,Nymphalidae,Mycalesis,Mycalesis visala,Mycalesis visala,,Lepidoptera Butterfly Nymphalidae Mycalesis visala nan nan
26533,Lepidoptera,Butterfly,Nymphalidae,Ragadia,Ragadia annulata,Ragadia annulata,Ragadia annulata male,Lepidoptera Butterfly Nymphalidae Ragadia annulata nan male
26534,Lepidoptera,Butterfly,Nymphalidae,Ragadia,Ragadia annulata,Ragadia annulata,Ragadia annulata female,Lepidoptera Butterfly Nymphalidae Ragadia annulata nan female
26536,Lepidoptera,Butterfly,Nymphalidae,Ragadia,Ragadia annulata,Ragadia annulata,,Lepidoptera Butterfly Nymphalidae Ragadia annulata nan nan
26557,Lepidoptera,Butterfly,Pieridae,Saletara,Saletara liberia,Saletara liberia obina,Saletara liberia obina male,Lepidoptera Butterfly Pieridae Saletara liberia obina male
26573,Lepidoptera,Butterfly,Pieridae,Appias,Appias paulina,Appias paulina zoe,Appias paulina zoe male,Lepidoptera Butterfly Pieridae Appias paulina zoe male
26576,Lepidoptera,Butterfly,Pieridae,Appias,Appias paulina,Appias paulina zoe,Appias paulina zoe female,Lepidoptera Butterfly Pieridae Appias paulina zoe female
26578,Lepidoptera,Butterfly,Pieridae,Appias,Appias paulina,Appias paulina zoe,,Lepidoptera Butterfly Pieridae Appias paulina zoe nan
26587,Lepidoptera,Butterfly,Pieridae,Elodina,Elodina hypatia,Elodina hypatia,Elodina hypatia male,Lepidoptera Butterfly Pieridae Elodina hypatia nan male
26588,Lepidoptera,Butterfly,Pieridae,Cepora,Cepora timnatha,Cepora timnatha timnatha,Cepora timnatha timnatha female,Lepidoptera Butterfly Pieridae Cepora timnatha timnatha female
26589,Lepidoptera,Butterfly,Pieridae,Cepora,Cepora timnatha,Cepora timnatha timnatha,Cepora timnatha timnatha male,Lepidoptera Butterfly Pieridae Cepora timnatha timnatha male
26591,Lepidoptera,Butterfly,Pieridae,Appias,Appias libythea,Appias libythea,,Lepidoptera Butterfly Pieridae Appias libythea nan nan
26599,Lepidoptera,Butterfly,Pieridae,Appias,Appias olferna,Appias olferna,,Lepidoptera Butterfly Pieridae Appias olferna nan nan
26602,Lepidoptera,Butterfly,Nymphalidae,Erites,Erites elegans,Erites elegans,,Lepidoptera Butterfly Nymphalidae Erites elegans nan nan
26605,Lepidoptera,Butterfly,Pieridae,Delias,Delias fruhstorferi,Delias fruhstorferi,Delias fruhstorferi female,Lepidoptera Butterfly Pieridae Delias fruhstorferi nan female
26609,Lepidoptera,Butterfly,Pieridae,Eurema,Eurema hecabe,Eurema hecabe asanga,Eurema hecabe asanga female,Lepidoptera Butterfly Pieridae Eurema hecabe asanga female
26610,Lepidoptera,Butterfly,Pieridae,Gandaca,Gandaca butyrosa,Gandaca butyrosa aiguina,Gandaca butyrosa aiguina female,Lepidoptera Butterfly Pieridae Gandaca butyrosa aiguina female
26613,Lepidoptera,Butterfly,Pieridae,Appias,Appias aegis,Appias aegis polisma,Appias aegis polisma male,Lepidoptera Butterfly Pieridae Appias aegis polisma male
26722,Lepidoptera,Butterfly,Nymphalidae,Faunis,Faunis gracilis,Faunis gracilis,,Lepidoptera Butterfly Nymphalidae Faunis gracilis nan nan
26723,Lepidoptera,Butterfly,Nymphalidae,Faunis,Faunis eumeus,Faunis eumeus,,Lepidoptera Butterfly Nymphalidae Faunis eumeus nan nan
26726,Lepidoptera,Butterfly,Nymphalidae,Faunis,Faunis eumeus,Faunis eumeus,Faunis eumeus female,Lepidoptera Butterfly Nymphalidae Faunis eumeus nan female
26731,Lepidoptera,Butterfly,Nymphalidae,Elymnias,Elymnias agondas,Elymnias agondas melane,,Lepidoptera Butterfly Nymphalidae Elymnias agondas melane nan
26763,Lepidoptera,Butterfly,Pieridae,Eurema,Eurema hecabe,Eurema hecabe diversa,,Lepidoptera Butterfly Pieridae Eurema hecabe diversa nan
26765,Lepidoptera,Butterfly,Pieridae,Hebomoia,Hebomoia leucippe,Hebomoia leucippe leucogynia,,Lepidoptera Butterfly Pieridae Hebomoia leucippe leucogynia nan
26766,Lepidoptera,Butterfly,Pieridae,Hebomoia,Hebomoia leucippe,Hebomoia leucippe leucogynia,Hebomoia leucippe leucogynia male,Lepidoptera Butterfly Pieridae Hebomoia leucippe leucogynia male
26768,Lepidoptera,Butterfly,Nymphalidae,Thaumantis,Thaumantis noureddin,Thaumantis noureddin sultanus,Thaumantis noureddin sultanus male,Lepidoptera Butterfly Nymphalidae Thaumantis noureddin sultanus male
26772,Lepidoptera,Butterfly,Nymphalidae,Thaumantis,Thaumantis noureddin,Thaumantis noureddin sultanus,Thaumantis noureddin sultanus female,Lepidoptera Butterfly Nymphalidae Thaumantis noureddin sultanus female
26774,Lepidoptera,Butterfly,Nymphalidae,Thaumantis,Thaumantis noureddin,Thaumantis noureddin sultanus,,Lepidoptera Butterfly Nymphalidae Thaumantis noureddin sultanus nan
26775,Lepidoptera,Butterfly,Nymphalidae,Cupha,Cupha erymanthis,Cupha erymanthis nagara,,Lepidoptera Butterfly Nymphalidae Cupha erymanthis nagara nan
26776,Lepidoptera,Butterfly,Nymphalidae,Cupha,Cupha erymanthis,Cupha erymanthis,,Lepidoptera Butterfly Nymphalidae Cupha erymanthis nan nan
26792,Lepidoptera,Butterfly,Nymphalidae,Cupha,Cupha crameri,Cupha crameri keyana,Cupha crameri keyana male,Lepidoptera Butterfly Nymphalidae Cupha crameri keyana male
26795,Lepidoptera,Butterfly,Nymphalidae,Cupha,Cupha crameri,Cupha crameri keyana,,Lepidoptera Butterfly Nymphalidae Cupha crameri keyana nan
26797,Lepidoptera,Butterfly,Nymphalidae,Cupha,Cupha crameri,Cupha crameri keyana,Cupha crameri keyana female,Lepidoptera Butterfly Nymphalidae Cupha crameri keyana female
26808,Lepidoptera,Butterfly,Nymphalidae,Algia,Algia fasciata,Algia fasciata,,Lepidoptera Butterfly Nymphalidae Algia fasciata nan nan
26809,Lepidoptera,Butterfly,Nymphalidae,Chersonesia,Chersonesia rahria,Chersonesia rahria rahria,Chersonesia rahria rahria female,Lepidoptera Butterfly Nymphalidae Chersonesia rahria rahria female
26810,Lepidoptera,Butterfly,Nymphalidae,Chersonesia,Chersonesia rahria,Chersonesia rahria rahria,Chersonesia rahria rahria male,Lepidoptera Butterfly Nymphalidae Chersonesia rahria rahria male
26811,Lepidoptera,Butterfly,Nymphalidae,Chersonesia,Chersonesia rahria,Chersonesia rahria rahria,,Lepidoptera Butterfly Nymphalidae Chersonesia rahria rahria nan
26827,Lepidoptera,Butterfly,Nymphalidae,Chersonesia,Chersonesia peraka,Chersonesia peraka peraka,Chersonesia peraka peraka male,Lepidoptera Butterfly Nymphalidae Chersonesia peraka peraka male
26838,Lepidoptera,Butterfly,Pieridae,Appias,Appias ada,Appias ada ada,,Lepidoptera Butterfly Pieridae Appias ada ada nan
26839,Lepidoptera,Butterfly,Pieridae,Appias,Appias ada,Appias ada ada,Appias ada ada male,Lepidoptera Butterfly Pieridae Appias ada ada male
26850,Lepidoptera,Butterfly,Pieridae,Appias,Appias ada,Appias ada ada,Appias ada ada female,Lepidoptera Butterfly Pieridae Appias ada ada female
26867,Lepidoptera,Butterfly,Nymphalidae,Cirrochroa,Cirrochroa tyche,Cirrochroa tyche,,Lepidoptera Butterfly Nymphalidae Cirrochroa tyche nan nan
26870,Lepidoptera,Butterfly,Nymphalidae,Terinos,Terinos terpander,Terinos terpander robertsia,,Lepidoptera Butterfly Nymphalidae Terinos terpander robertsia nan
26871,Lepidoptera,Butterfly,Nymphalidae,Terinos,Terinos terpander,Terinos terpander terpander,Terinos terpander terpander male,Lepidoptera Butterfly Nymphalidae Terinos terpander terpander male
26872,Lepidoptera,Butterfly,Nymphalidae,Terinos,Terinos terpander,Terinos terpander terpander,,Lepidoptera Butterfly Nymphalidae Terinos terpander terpander nan
26889,Lepidoptera,Butterfly,Pieridae,Appias,Appias lyncida,Appias lyncida vasava,,Lepidoptera Butterfly Pieridae Appias lyncida vasava nan
26890,Lepidoptera,Butterfly,Pieridae,Appias,Appias galene,Appias galene,,Lepidoptera Butterfly Pieridae Appias galene nan nan
26891,Lepidoptera,Butterfly,Pieridae,Appias,Appias remedios,Appias remedios,,Lepidoptera Butterfly Pieridae Appias remedios nan nan
26918,Lepidoptera,Butterfly,Nymphalidae,Geitoneura,Geitoneura klugii,Geitoneura klugii,Geitoneura klugii male,Lepidoptera Butterfly Nymphalidae Geitoneura klugii nan male
26919,Lepidoptera,Butterfly,Nymphalidae,Geitoneura,Geitoneura klugii,Geitoneura klugii,,Lepidoptera Butterfly Nymphalidae Geitoneura klugii nan nan
26921,Lepidoptera,Butterfly,Nymphalidae,Faunis,Faunis gracilis,Faunis gracilis,Faunis gracilis male,Lepidoptera Butterfly Nymphalidae Faunis gracilis nan male
26922,Lepidoptera,Butterfly,Nymphalidae,Faunis,Faunis menado,Faunis menado menado,Faunis menado menado male,Lepidoptera Butterfly Nymphalidae Faunis menado menado male
26926,Lepidoptera,Butterfly,Nymphalidae,Cyrestis,Cyrestis lutea,Cyrestis lutea doliones,,Lepidoptera Butterfly Nymphalidae Cyrestis lutea doliones nan
26944,Lepidoptera,Butterfly,Nymphalidae,Lethe,Lethe kansa,Lethe kansa kansa,Lethe kansa kansa male,Lepidoptera Butterfly Nymphalidae Lethe kansa kansa male
26945,Lepidoptera,Butterfly,Nymphalidae,Melanitis,Melanitis leda,Melanitis leda offaka,Melanitis leda offaka female,Lepidoptera Butterfly Nymphalidae Melanitis leda offaka female
26946,Lepidoptera,Butterfly,Nymphalidae,Melanitis,Melanitis leda,Melanitis leda leda,,Lepidoptera Butterfly Nymphalidae Melanitis leda leda nan
26947,Lepidoptera,Butterfly,Nymphalidae,Melanitis,Melanitis leda,Melanitis leda leda,Melanitis leda leda female,Lepidoptera Butterfly Nymphalidae Melanitis leda leda female
26948,Lepidoptera,Butterfly,Nymphalidae,Melanitis,Melanitis leda,Melanitis leda offaka,,Lepidoptera Butterfly Nymphalidae Melanitis leda offaka nan
26950,Lepidoptera,Butterfly,Nymphalidae,Melanitis,Melanitis leda,Melanitis leda offaka,Melanitis leda offaka male,Lepidoptera Butterfly Nymphalidae Melanitis leda offaka male
26958,Lepidoptera,Butterfly,Nymphalidae,Melanitis,Melanitis leda,Melanitis leda moluccarum,Melanitis leda moluccarum male,Lepidoptera Butterfly Nymphalidae Melanitis leda moluccarum male
26968,Lepidoptera,Butterfly,Nymphalidae,Melanitis,Melanitis leda,Melanitis leda moluccarum,Melanitis leda moluccarum female,Lepidoptera Butterfly Nymphalidae Melanitis leda moluccarum female
26970,Lepidoptera,Butterfly,Nymphalidae,Elymnias,Elymnias nesaea,Elymnias nesaea,Elymnias nesaea female,Lepidoptera Butterfly Nymphalidae Elymnias nesaea nan female
26972,Lepidoptera,Butterfly,Nymphalidae,Elymnias,Elymnias nesaea,Elymnias nesaea,,Lepidoptera Butterfly Nymphalidae Elymnias nesaea nan nan
26979,Lepidoptera,Butterfly,Pieridae,Eurema,Eurema celebensis,Eurema celebensis,Eurema celebensis male,Lepidoptera Butterfly Pieridae Eurema celebensis nan male
26984,Lepidoptera,Butterfly,Pieridae,Eurema,Eurema alitha,Eurema alitha lorquinii,Eurema alitha lorquinii male,Lepidoptera Butterfly Pieridae Eurema alitha lorquinii male
26985,Lepidoptera,Butterfly,Pieridae,Eurema,Eurema alitha,Eurema alitha lorquinii,Eurema alitha lorquinii female,Lepidoptera Butterfly Pieridae Eurema alitha lorquinii female
27003,Lepidoptera,Butterfly,Pieridae,Saletara,Saletara cycinna,Saletara cycinna,Saletara cycinna male,Lepidoptera Butterfly Pieridae Saletara cycinna nan male
27004,Lepidoptera,Butterfly,Nymphalidae,Orsotriaena,Orsotriaena medus,Orsotriaena medus,,Lepidoptera Butterfly Nymphalidae Orsotriaena medus nan nan
27014,Lepidoptera,Butterfly,Pieridae,Eurema,Eurema brigitta,Eurema brigitta rubella,Eurema brigitta rubella female,Lepidoptera Butterfly Pieridae Eurema brigitta rubella female
27015,Lepidoptera,Butterfly,Nymphalidae,Ypthima,Ypthima aphnius,Ypthima aphnius glabrius,,Lepidoptera Butterfly Nymphalidae Ypthima aphnius glabrius nan
27016,Lepidoptera,Butterfly,Nymphalidae,Erites,Erites medura,Erites medura medura,,Lepidoptera Butterfly Nymphalidae Erites medura medura nan
27103,Lepidoptera,Butterfly,Nymphalidae,Elymnias,Elymnias panthera,Elymnias panthera dusara,,Lepidoptera Butterfly Nymphalidae Elymnias panthera dusara nan
27104,Lepidoptera,Butterfly,Nymphalidae,Mycalesis,Mycalesis horsfieldi,Mycalesis horsfieldi tessimus,,Lepidoptera Butterfly Nymphalidae Mycalesis horsfieldi tessimus nan
27106,Lepidoptera,Butterfly,Nymphalidae,Elymnias,Elymnias ceryx,Elymnias ceryx,Elymnias ceryx male,Lepidoptera Butterfly Nymphalidae Elymnias ceryx nan male
27113,Lepidoptera,Butterfly,Nymphalidae,Orsotriaena,Orsotriaena medus,Orsotriaena medus,Orsotriaena medus male,Lepidoptera Butterfly Nymphalidae Orsotriaena medus nan male
27115,Lepidoptera,Butterfly,Nymphalidae,Elymnias,Elymnias kamara,Elymnias kamara,Elymnias kamara male,Lepidoptera Butterfly Nymphalidae Elymnias kamara nan male
27117,Lepidoptera,Butterfly,Nymphalidae,Lethe,Lethe europa,Lethe europa europa,,Lepidoptera Butterfly Nymphalidae Lethe europa europa nan
27118,Lepidoptera,Butterfly,Nymphalidae,Faunis,Faunis kirata,Faunis kirata,Faunis kirata male,Lepidoptera Butterfly Nymphalidae Faunis kirata nan male
27119,Lepidoptera,Butterfly,Nymphalidae,Cyrestis,Cyrestis thyonneus,Cyrestis thyonneus buruanus,Cyrestis thyonneus buruanus male,Lepidoptera Butterfly Nymphalidae Cyrestis thyonneus buruanus male
27139,Lepidoptera,Butterfly,Nymphalidae,Chersonesia,Chersonesia risa,Chersonesia risa risa,,Lepidoptera Butterfly Nymphalidae Chersonesia risa risa nan
27141,Lepidoptera,Butterfly,Pieridae,Catopsilia,Catopsilia scylla,Catopsilia scylla,,Lepidoptera Butterfly Pieridae Catopsilia scylla nan nan
27190,Lepidoptera,Butterfly,Pieridae,Appias,Appias celestina,Appias celestina galepsus,,Lepidoptera Butterfly Pieridae Appias celestina galepsus nan
27194,Lepidoptera,Butterfly,Pieridae,Appias,Appias celestina,Appias celestina galepsus,Appias celestina galepsus female,Lepidoptera Butterfly Pieridae Appias celestina galepsus female
27221,Lepidoptera,Butterfly,Pieridae,Pareronia,Pareronia jobaea,Pareronia jobaea aeboja,Pareronia jobaea aeboja male,Lepidoptera Butterfly Pieridae Pareronia jobaea aeboja male
27222,Lepidoptera,Butterfly,Pieridae,Pareronia,Pareronia jobaea,Pareronia jobaea,Pareronia jobaea male,Lepidoptera Butterfly Pieridae Pareronia jobaea nan male
27231,Lepidoptera,Butterfly,Pieridae,Pareronia,Pareronia phocaea,Pareronia phocaea,Pareronia phocaea male,Lepidoptera Butterfly Pieridae Pareronia phocaea nan male
27277,Lepidoptera,Butterfly,Nymphalidae,Cirrochroa,Cirrochroa thule,Cirrochroa thule thule,,Lepidoptera Butterfly Nymphalidae Cirrochroa thule thule nan
27278,Lepidoptera,Butterfly,Nymphalidae,Cirrochroa,Cirrochroa thule,Cirrochroa thule thule,Cirrochroa thule thule male,Lepidoptera Butterfly Nymphalidae Cirrochroa thule thule male
27288,Lepidoptera,Butterfly,Nymphalidae,Terinos,Terinos clarissa,Terinos clarissa malayana,Terinos clarissa malayana female,Lepidoptera Butterfly Nymphalidae Terinos clarissa malayana female
27289,Lepidoptera,Butterfly,Nymphalidae,Terinos,Terinos clarissa,Terinos clarissa malayana,Terinos clarissa malayana male,Lepidoptera Butterfly Nymphalidae Terinos clarissa malayana male
27290,Lepidoptera,Butterfly,Nymphalidae,Terinos,Terinos clarissa,Terinos clarissa malayana,,Lepidoptera Butterfly Nymphalidae Terinos clarissa malayana nan
27297,Lepidoptera,Butterfly,Pieridae,Appias,Appias lyncida,Appias lyncida enaretina,Appias lyncida enaretina male,Lepidoptera Butterfly Pieridae Appias lyncida enaretina male
27298,Lepidoptera,Butterfly,Pieridae,Appias,Appias lyncida,Appias lyncida enarete,Appias lyncida enarete male,Lepidoptera Butterfly Pieridae Appias lyncida enarete male
27302,Lepidoptera,Butterfly,Pieridae,Appias,Appias lyncida,Appias lyncida enarete,,Lepidoptera Butterfly Pieridae Appias lyncida enarete nan
27303,Lepidoptera,Butterfly,Pieridae,Appias,Appias lyncida,Appias lyncida enarete,Appias lyncida enarete female,Lepidoptera Butterfly Pieridae Appias lyncida enarete female
27310,Lepidoptera,Butterfly,Pieridae,Appias,Appias nephele,Appias nephele,Appias nephele male,Lepidoptera Butterfly Pieridae Appias nephele nan male
27316,Lepidoptera,Butterfly,Nymphalidae,Elymnias,Elymnias hypermnestra,Elymnias hypermnestra hypermnestra,,Lepidoptera Butterfly Nymphalidae Elymnias hypermnestra hypermnestra nan
27332,Lepidoptera,Butterfly,Pieridae,Appias,Appias pandione,Appias pandione whiteheadi,,Lepidoptera Butterfly Pieridae Appias pandione whiteheadi nan
27338,Lepidoptera,Butterfly,Pieridae,Ixias,Ixias vollenhovii,Ixias vollenhovii,Ixias vollenhovii male,Lepidoptera Butterfly Pieridae Ixias vollenhovii nan male
27339,Lepidoptera,Butterfly,Pieridae,Ixias,Ixias vollenhovii,Ixias vollenhovii,Ixias vollenhovii female,Lepidoptera Butterfly Pieridae Ixias vollenhovii nan female
27351,Lepidoptera,Butterfly,Nymphalidae,Xanthotaenia,Xanthotaenia busiris,Xanthotaenia busiris sadija,Xanthotaenia busiris sadija male,Lepidoptera Butterfly Nymphalidae Xanthotaenia busiris sadija male
27355,Lepidoptera,Butterfly,Nymphalidae,Xanthotaenia,Xanthotaenia busiris,Xanthotaenia busiris sadija,,Lepidoptera Butterfly Nymphalidae Xanthotaenia busiris sadija nan
27356,Lepidoptera,Butterfly,Nymphalidae,Xanthotaenia,Xanthotaenia busiris,Xanthotaenia busiris sadija,Xanthotaenia busiris sadija female,Lepidoptera Butterfly Nymphalidae Xanthotaenia busiris sadija female
27360,Lepidoptera,Butterfly,Nymphalidae,Discophora,Discophora celinde,Discophora celinde,,Lepidoptera Butterfly Nymphalidae Discophora celinde nan nan
27361,Lepidoptera,Butterfly,Nymphalidae,Discophora,Discophora celinde,Discophora celinde,Discophora celinde female,Lepidoptera Butterfly Nymphalidae Discophora celinde nan female
27403,Lepidoptera,Butterfly,Nymphalidae,Mycalesis,Mycalesis horsfieldi,Mycalesis horsfieldi,Mycalesis horsfieldi female,Lepidoptera Butterfly Nymphalidae Mycalesis horsfieldi nan female
27405,Lepidoptera,Butterfly,Nymphalidae,Mycalesis,Mycalesis visala,Mycalesis visala visala,Mycalesis visala visala male,Lepidoptera Butterfly Nymphalidae Mycalesis visala visala male
27439,Lepidoptera,Butterfly,Nymphalidae,Argyrophenga,Argyrophenga antipodum,Argyrophenga antipodum,,Lepidoptera Butterfly Nymphalidae Argyrophenga antipodum nan nan
27440,Lepidoptera,Butterfly,Nymphalidae,Heteronympha,Heteronympha banksii,Heteronympha banksii,Heteronympha banksii female,Lepidoptera Butterfly Nymphalidae Heteronympha banksii nan female
27455,Lepidoptera,Butterfly,Nymphalidae,Elymnias,Elymnias cumaea,Elymnias cumaea,Elymnias cumaea male,Lepidoptera Butterfly Nymphalidae Elymnias cumaea nan male
27463,Lepidoptera,Butterfly,Nymphalidae,Elymnias,Elymnias cumaea,Elymnias cumaea,,Lepidoptera Butterfly Nymphalidae Elymnias cumaea nan nan
27477,Lepidoptera,Butterfly,Nymphalidae,Faunis,Faunis stomphax,Faunis stomphax,Faunis stomphax male,Lepidoptera Butterfly Nymphalidae Faunis stomphax nan male
27479,Lepidoptera,Butterfly,Nymphalidae,Faunis,Faunis stomphax,Faunis stomphax,,Lepidoptera Butterfly Nymphalidae Faunis stomphax nan nan
27486,Lepidoptera,Butterfly,Nymphalidae,Cyrestis,Cyrestis lutea,Cyrestis lutea lutea,Cyrestis lutea lutea male,Lepidoptera Butterfly Nymphalidae Cyrestis lutea lutea male
27491,Lepidoptera,Butterfly,Pieridae,Eurema,Eurema hecabe,Eurema hecabe brevicostalis,Eurema hecabe brevicostalis male,Lepidoptera Butterfly Pieridae Eurema hecabe brevicostalis male
27492,Lepidoptera,Butterfly,Pieridae,Eurema,Eurema hecabe,Eurema hecabe oeta,Eurema hecabe oeta male,Lepidoptera Butterfly Pieridae Eurema hecabe oeta male
27495,Lepidoptera,Butterfly,Pieridae,Appias,Appias placidia,Appias placidia placidia,,Lepidoptera Butterfly Pieridae Appias placidia placidia nan
27499,Lepidoptera,Butterfly,Pieridae,Appias,Appias paulina,Appias paulina albata,Appias paulina albata female,Lepidoptera Butterfly Pieridae Appias paulina albata female
27504,Lepidoptera,Butterfly,Pieridae,Appias,Appias melania,Appias melania melania,,Lepidoptera Butterfly Pieridae Appias melania melania nan
27505,Lepidoptera,Butterfly,Pieridae,Appias,Appias mata,Appias mata,Appias mata female,Lepidoptera Butterfly Pieridae Appias mata nan female
27506,Lepidoptera,Butterfly,Pieridae,Pareronia,Pareronia jobaea,Pareronia jobaea jobaea,Pareronia jobaea jobaea male,Lepidoptera Butterfly Pieridae Pareronia jobaea jobaea male
27507,Lepidoptera,Butterfly,Pieridae,Pareronia,Pareronia jobaea,Pareronia jobaea jobaea,,Lepidoptera Butterfly Pieridae Pareronia jobaea jobaea nan
27525,Lepidoptera,Butterfly,Nymphalidae,Cirrochroa,Cirrochroa tyche,Cirrochroa tyche rotundata,Cirrochroa tyche rotundata male,Lepidoptera Butterfly Nymphalidae Cirrochroa tyche rotundata male
27527,Lepidoptera,Butterfly,Nymphalidae,Cirrochroa,Cirrochroa tyche,Cirrochroa tyche rotundata,Cirrochroa tyche rotundata female,Lepidoptera Butterfly Nymphalidae Cirrochroa tyche rotundata female
27530,Lepidoptera,Butterfly,Nymphalidae,Terinos,Terinos terpander,Terinos terpander teos,,Lepidoptera Butterfly Nymphalidae Terinos terpander teos nan
27533,Lepidoptera,Butterfly,Nymphalidae,Terinos,Terinos terpander,Terinos terpander teos,Terinos terpander teos male,Lepidoptera Butterfly Nymphalidae Terinos terpander teos male
27536,Lepidoptera,Butterfly,Nymphalidae,Terinos,Terinos terpander,Terinos terpander teos,Terinos terpander teos female,Lepidoptera Butterfly Nymphalidae Terinos terpander teos female
27537,Lepidoptera,Butterfly,Nymphalidae,Cethosia,Cethosia myrina,Cethosia myrina myrina,Cethosia myrina myrina female,Lepidoptera Butterfly Nymphalidae Cethosia myrina myrina female
27543,Lepidoptera,Butterfly,Nymphalidae,Cethosia,Cethosia myrina,Cethosia myrina myrina,,Lepidoptera Butterfly Nymphalidae Cethosia myrina myrina nan
27545,Lepidoptera,Butterfly,Nymphalidae,Cethosia,Cethosia myrina,Cethosia myrina,Cethosia myrina male,Lepidoptera Butterfly Nymphalidae Cethosia myrina nan male
27546,Lepidoptera,Butterfly,Nymphalidae,Cethosia,Cethosia myrina,Cethosia myrina,,Lepidoptera Butterfly Nymphalidae Cethosia myrina nan nan
27548,Lepidoptera,Butterfly,Nymphalidae,Cyrestis,Cyrestis lutea,Cyrestis lutea lutea,,Lepidoptera Butterfly Nymphalidae Cyrestis lutea lutea nan
27561,Lepidoptera,Butterfly,Pieridae,Appias,Appias lyncida,Appias lyncida hippo,,Lepidoptera Butterfly Pieridae Appias lyncida hippo nan
27562,Lepidoptera,Butterfly,Pieridae,Appias,Appias lyncida,Appias lyncida hippo,Appias lyncida hippo male,Lepidoptera Butterfly Pieridae Appias lyncida hippo male
27565,Lepidoptera,Butterfly,Pieridae,Appias,Appias lyncida,Appias lyncida hippo,Appias lyncida hippo female,Lepidoptera Butterfly Pieridae Appias lyncida hippo female
27570,Lepidoptera,Butterfly,Nymphalidae,Cyrestis,Cyrestis theresae,Cyrestis theresae,,Lepidoptera Butterfly Nymphalidae Cyrestis theresae nan nan
27571,Lepidoptera,Butterfly,Nymphalidae,Cyrestis,Cyrestis theresae,Cyrestis theresae,Cyrestis theresae female,Lepidoptera Butterfly Nymphalidae Cyrestis theresae nan female
27572,Lepidoptera,Butterfly,Nymphalidae,Cyrestis,Cyrestis thyonneus,Cyrestis thyonneus thyonneus,Cyrestis thyonneus thyonneus male,Lepidoptera Butterfly Nymphalidae Cyrestis thyonneus thyonneus male
27575,Lepidoptera,Butterfly,Nymphalidae,Cyrestis,Cyrestis thyonneus,Cyrestis thyonneus thyonneus,,Lepidoptera Butterfly Nymphalidae Cyrestis thyonneus thyonneus nan
27582,Lepidoptera,Butterfly,Nymphalidae,Chersonesia,Chersonesia risa,Chersonesia risa,,Lepidoptera Butterfly Nymphalidae Chersonesia risa nan nan
27647,Lepidoptera,Butterfly,Pieridae,Catopsilia,Catopsilia scylla,Catopsilia scylla moluccarum,,Lepidoptera Butterfly Pieridae Catopsilia scylla moluccarum nan
27649,Lepidoptera,Butterfly,Pieridae,Catopsilia,Catopsilia scylla,Catopsilia scylla moluccarum,Catopsilia scylla moluccarum female,Lepidoptera Butterfly Pieridae Catopsilia scylla moluccarum female
27652,Lepidoptera,Butterfly,Pieridae,Pareronia,Pareronia ceylanica,Pareronia ceylanica pingasa,Pareronia ceylanica pingasa male,Lepidoptera Butterfly Pieridae Pareronia ceylanica pingasa male
27653,Lepidoptera,Butterfly,Pieridae,Pareronia,Pareronia ceylanica,Pareronia ceylanica pingasa,Pareronia ceylanica pingasa female,Lepidoptera Butterfly Pieridae Pareronia ceylanica pingasa female
27654,Lepidoptera,Butterfly,Pieridae,Pareronia,Pareronia tritaea,Pareronia tritaea bargylia,Pareronia tritaea bargylia male,Lepidoptera Butterfly Pieridae Pareronia tritaea bargylia male
27656,Lepidoptera,Butterfly,Nymphalidae,Taenaris,Taenaris gorgo,Taenaris gorgo gorgo,,Lepidoptera Butterfly Nymphalidae Taenaris gorgo gorgo nan
27658,Lepidoptera,Butterfly,Nymphalidae,Taenaris,Taenaris alocus,Taenaris alocus,Taenaris alocus female,Lepidoptera Butterfly Nymphalidae Taenaris alocus nan female
27662,Lepidoptera,Butterfly,Pieridae,Eurema,Eurema alitha,Eurema alitha djampeana,Eurema alitha djampeana female,Lepidoptera Butterfly Pieridae Eurema alitha djampeana female
27663,Lepidoptera,Butterfly,Pieridae,Eurema,Eurema alitha,Eurema alitha djampeana,,Lepidoptera Butterfly Pieridae Eurema alitha djampeana nan
27666,Lepidoptera,Butterfly,Pieridae,Cepora,Cepora timnatha,Cepora timnatha,Cepora timnatha female,Lepidoptera Butterfly Pieridae Cepora timnatha nan female
27676,Lepidoptera,Butterfly,Nymphalidae,Neope,Neope yama,Neope yama yamoides,Neope yama yamoides male,Lepidoptera Butterfly Nymphalidae Neope yama yamoides male
27682,Lepidoptera,Butterfly,Nymphalidae,Mycalesis,Mycalesis perseus,Mycalesis perseus,,Lepidoptera Butterfly Nymphalidae Mycalesis perseus nan nan
27685,Lepidoptera,Butterfly,Nymphalidae,Harsiesis,Harsiesis hygea,Harsiesis hygea hygea,,Lepidoptera Butterfly Nymphalidae Harsiesis hygea hygea nan
27686,Lepidoptera,Butterfly,Nymphalidae,Erites,Erites medura,Erites medura,Erites medura male,Lepidoptera Butterfly Nymphalidae Erites medura nan male
27693,Lepidoptera,Butterfly,Nymphalidae,Elymnias,Elymnias agondas,Elymnias agondas melane,Elymnias agondas melane male,Lepidoptera Butterfly Nymphalidae Elymnias agondas melane male
27696,Lepidoptera,Butterfly,Nymphalidae,Oreixenica,Oreixenica lathoniella,Oreixenica lathoniella herceus,,Lepidoptera Butterfly Nymphalidae Oreixenica lathoniella herceus nan
27705,Lepidoptera,Butterfly,Pieridae,Catopsilia,Catopsilia scylla,Catopsilia scylla scylla,,Lepidoptera Butterfly Pieridae Catopsilia scylla scylla nan
27709,Lepidoptera,Butterfly,Pieridae,Catopsilia,Catopsilia scylla,Catopsilia scylla scylla,Catopsilia scylla scylla male,Lepidoptera Butterfly Pieridae Catopsilia scylla scylla male
27736,Lepidoptera,Butterfly,Pieridae,Catopsilia,Catopsilia scylla,Catopsilia scylla scylloides,Catopsilia scylla scylloides female,Lepidoptera Butterfly Pieridae Catopsilia scylla scylloides female
27741,Lepidoptera,Butterfly,Pieridae,Pareronia,Pareronia avatar,Pareronia avatar,Pareronia avatar male,Lepidoptera Butterfly Pieridae Pareronia avatar nan male
27742,Lepidoptera,Butterfly,Pieridae,Pareronia,Pareronia hippia,Pareronia hippia,,Lepidoptera Butterfly Pieridae Pareronia hippia nan nan
27749,Lepidoptera,Butterfly,Nymphalidae,Ypthima,Ypthima huebneri,Ypthima huebneri,Ypthima huebneri male,Lepidoptera Butterfly Nymphalidae Ypthima huebneri nan male
27751,Lepidoptera,Butterfly,Nymphalidae,Ypthima,Ypthima huebneri,Ypthima huebneri,Ypthima huebneri female,Lepidoptera Butterfly Nymphalidae Ypthima huebneri nan female
27752,Lepidoptera,Butterfly,Nymphalidae,Ypthima,Ypthima huebneri,Ypthima huebneri,,Lepidoptera Butterfly Nymphalidae Ypthima huebneri nan nan
27757,Lepidoptera,Butterfly,Nymphalidae,Ypthima,Ypthima fasciata,Ypthima fasciata torone,,Lepidoptera Butterfly Nymphalidae Ypthima fasciata torone nan
27758,Lepidoptera,Butterfly,Nymphalidae,Ypthima,Ypthima baldus,Ypthima baldus moerus,Ypthima baldus moerus male,Lepidoptera Butterfly Nymphalidae Ypthima baldus moerus male
27759,Lepidoptera,Butterfly,Nymphalidae,Ypthima,Ypthima baldus,Ypthima baldus moerus,Ypthima baldus moerus female,Lepidoptera Butterfly Nymphalidae Ypthima baldus moerus female
27760,Lepidoptera,Butterfly,Nymphalidae,Ypthima,Ypthima baldus,Ypthima baldus,,Lepidoptera Butterfly Nymphalidae Ypthima baldus nan nan
27768,Lepidoptera,Butterfly,Pieridae,Appias,Appias cardena,Appias cardena,,Lepidoptera Butterfly Pieridae Appias cardena nan nan
27791,Lepidoptera,Butterfly,Pieridae,Appias,Appias celestina,Appias celestina galerus,,Lepidoptera Butterfly Pieridae Appias celestina galerus nan
27808,Lepidoptera,Butterfly,Pieridae,Appias,Appias celestina,Appias celestina sekarensis,Appias celestina sekarensis female,Lepidoptera Butterfly Pieridae Appias celestina sekarensis female
27812,Lepidoptera,Butterfly,Pieridae,Appias,Appias clementina,Appias clementina,Appias clementina female,Lepidoptera Butterfly Pieridae Appias clementina nan female
27819,Lepidoptera,Butterfly,Nymphalidae,Algia,Algia satyrina,Algia satyrina,,Lepidoptera Butterfly Nymphalidae Algia satyrina nan nan
27820,Lepidoptera,Butterfly,Nymphalidae,Algia,Algia satyrina,Algia satyrina,Algia satyrina male,Lepidoptera Butterfly Nymphalidae Algia satyrina nan male
27831,Lepidoptera,Butterfly,Pieridae,Appias,Appias lyncida,Appias lyncida formosana,Appias lyncida formosana male,Lepidoptera Butterfly Pieridae Appias lyncida formosana male
27832,Lepidoptera,Butterfly,Pieridae,Appias,Appias lyncida,Appias lyncida eleonora,Appias lyncida eleonora male,Lepidoptera Butterfly Pieridae Appias lyncida eleonora male
27834,Lepidoptera,Butterfly,Pieridae,Appias,Appias paulina,Appias paulina galathea,Appias paulina galathea male,Lepidoptera Butterfly Pieridae Appias paulina galathea male
27835,Lepidoptera,Butterfly,Pieridae,Appias,Appias athama,Appias athama,Appias athama male,Lepidoptera Butterfly Pieridae Appias athama nan male
27837,Lepidoptera,Butterfly,Pieridae,Appias,Appias lyncida,Appias lyncida dohertiella,,Lepidoptera Butterfly Pieridae Appias lyncida dohertiella nan
27839,Lepidoptera,Butterfly,Pieridae,Appias,Appias nephele,Appias nephele nephele,,Lepidoptera Butterfly Pieridae Appias nephele nephele nan
27841,Lepidoptera,Butterfly,Nymphalidae,Heteronympha,Heteronympha paradelpha,Heteronympha paradelpha,,Lepidoptera Butterfly Nymphalidae Heteronympha paradelpha nan nan
27842,Lepidoptera,Butterfly,Nymphalidae,Neope,Neope yama,Neope yama,,Lepidoptera Butterfly Nymphalidae Neope yama nan nan
27843,Lepidoptera,Butterfly,Nymphalidae,Neorina,Neorina lowii,Neorina lowii lowii,Neorina lowii lowii male,Lepidoptera Butterfly Nymphalidae Neorina lowii lowii male
27846,Lepidoptera,Butterfly,Nymphalidae,Neorina,Neorina lowii,Neorina lowii lowii,Neorina lowii lowii female,Lepidoptera Butterfly Nymphalidae Neorina lowii lowii female
27848,Lepidoptera,Butterfly,Nymphalidae,Neorina,Neorina lowii,Neorina lowii,Neorina lowii male,Lepidoptera Butterfly Nymphalidae Neorina lowii nan male
27851,Lepidoptera,Butterfly,Nymphalidae,Neorina,Neorina lowii,Neorina lowii,,Lepidoptera Butterfly Nymphalidae Neorina lowii nan nan
27853,Lepidoptera,Butterfly,Nymphalidae,Neorina,Neorina lowii,Neorina lowii,Neorina lowii female,Lepidoptera Butterfly Nymphalidae Neorina lowii nan female
27875,Lepidoptera,Butterfly,Nymphalidae,Lethe,Lethe manthara,Lethe manthara,,Lepidoptera Butterfly Nymphalidae Lethe manthara nan nan
27880,Lepidoptera,Butterfly,Nymphalidae,Hypocysta,Hypocysta serapis,Hypocysta serapis,Hypocysta serapis male,Lepidoptera Butterfly Nymphalidae Hypocysta serapis nan male
27888,Lepidoptera,Butterfly,Nymphalidae,Erites,Erites argentina,Erites argentina,,Lepidoptera Butterfly Nymphalidae Erites argentina nan nan
27918,Lepidoptera,Butterfly,Nymphalidae,Xanthotaenia,Xanthotaenia busiris,Xanthotaenia busiris,Xanthotaenia busiris male,Lepidoptera Butterfly Nymphalidae Xanthotaenia busiris nan male
27919,Lepidoptera,Butterfly,Nymphalidae,Ypthima,Ypthima philomela,Ypthima philomela,,Lepidoptera Butterfly Nymphalidae Ypthima philomela nan nan
27923,Lepidoptera,Butterfly,Nymphalidae,Taenaris,Taenaris dimona,Taenaris dimona kapaura,,Lepidoptera Butterfly Nymphalidae Taenaris dimona kapaura nan
27924,Lepidoptera,Butterfly,Nymphalidae,Taenaris,Taenaris dimona,Taenaris dimona kapaura,Taenaris dimona kapaura male,Lepidoptera Butterfly Nymphalidae Taenaris dimona kapaura male
27933,Lepidoptera,Butterfly,Nymphalidae,Taenaris,Taenaris dimona,Taenaris dimona,Taenaris dimona male,Lepidoptera Butterfly Nymphalidae Taenaris dimona nan male
27935,Lepidoptera,Butterfly,Nymphalidae,Taenaris,Taenaris dimona,Taenaris dimona,,Lepidoptera Butterfly Nymphalidae Taenaris dimona nan nan
27941,Lepidoptera,Butterfly,Nymphalidae,Taenaris,Taenaris dimona,Taenaris dimona,Taenaris dimona female,Lepidoptera Butterfly Nymphalidae Taenaris dimona nan female
27957,Lepidoptera,Butterfly,Nymphalidae,Cirrochroa,Cirrochroa tyche,Cirrochroa tyche rotundata,,Lepidoptera Butterfly Nymphalidae Cirrochroa tyche rotundata nan
27959,Lepidoptera,Butterfly,Nymphalidae,Cirrochroa,Cirrochroa regina,Cirrochroa regina,,Lepidoptera Butterfly Nymphalidae Cirrochroa regina nan nan
27965,Lepidoptera,Butterfly,Nymphalidae,Terinos,Terinos clarissa,Terinos clarissa clarissa,Terinos clarissa clarissa male,Lepidoptera Butterfly Nymphalidae Terinos clarissa clarissa male
27968,Lepidoptera,Butterfly,Nymphalidae,Terinos,Terinos clarissa,Terinos clarissa clarissa,,Lepidoptera Butterfly Nymphalidae Terinos clarissa clarissa nan
27970,Lepidoptera,Butterfly,Nymphalidae,Terinos,Terinos clarissa,Terinos clarissa clarissa,Terinos clarissa clarissa female,Lepidoptera Butterfly Nymphalidae Terinos clarissa clarissa female
27971,Lepidoptera,Butterfly,Nymphalidae,Cethosia,Cethosia methypsea,Cethosia methypsea carolinae,,Lepidoptera Butterfly Nymphalidae Cethosia methypsea carolinae nan
27972,Lepidoptera,Butterfly,Nymphalidae,Cethosia,Cethosia penthesilea,Cethosia penthesilea penthesilea,Cethosia penthesilea penthesilea male,Lepidoptera Butterfly Nymphalidae Cethosia penthesilea penthesilea male
27979,Lepidoptera,Butterfly,Nymphalidae,Cethosia,Cethosia penthesilea,Cethosia penthesilea penthesilea,,Lepidoptera Butterfly Nymphalidae Cethosia penthesilea penthesilea nan
27988,Lepidoptera,Butterfly,Nymphalidae,Cethosia,Cethosia penthesilea,Cethosia penthesilea penthesilea,Cethosia penthesilea penthesilea female,Lepidoptera Butterfly Nymphalidae Cethosia penthesilea penthesilea female
28000,Lepidoptera,Butterfly,Pieridae,Cepora,Cepora abnormis,Cepora abnormis abnormis,,Lepidoptera Butterfly Pieridae Cepora abnormis abnormis nan
28001,Lepidoptera,Butterfly,Pieridae,Cepora,Cepora julia,Cepora julia,,Lepidoptera Butterfly Pieridae Cepora julia nan nan
28002,Lepidoptera,Butterfly,Pieridae,Cepora,Cepora julia,Cepora julia,Cepora julia male,Lepidoptera Butterfly Pieridae Cepora julia nan male
28004,Lepidoptera,Butterfly,Pieridae,Appias,Appias lyncida,Appias lyncida lynceola,Appias lyncida lynceola female,Lepidoptera Butterfly Pieridae Appias lyncida lynceola female
28005,Lepidoptera,Butterfly,Pieridae,Appias,Appias lyncida,Appias lyncida lycaste,,Lepidoptera Butterfly Pieridae Appias lyncida lycaste nan
28014,Lepidoptera,Butterfly,Nymphalidae,Heteronympha,Heteronympha banksii,Heteronympha banksii,Heteronympha banksii male,Lepidoptera Butterfly Nymphalidae Heteronympha banksii nan male
28015,Lepidoptera,Butterfly,Nymphalidae,Heteronympha,Heteronympha cordace,Heteronympha cordace,,Lepidoptera Butterfly Nymphalidae Heteronympha cordace nan nan
28017,Lepidoptera,Butterfly,Nymphalidae,Lethe,Lethe samio,Lethe samio,Lethe samio female,Lepidoptera Butterfly Nymphalidae Lethe samio nan female
28018,Lepidoptera,Butterfly,Nymphalidae,Lethe,Lethe samio,Lethe samio,Lethe samio male,Lepidoptera Butterfly Nymphalidae Lethe samio nan male
28019,Lepidoptera,Butterfly,Nymphalidae,Lethe,Lethe manthara,Lethe manthara manthara,Lethe manthara manthara male,Lepidoptera Butterfly Nymphalidae Lethe manthara manthara male
28021,Lepidoptera,Butterfly,Nymphalidae,Lethe,Lethe chandica,Lethe chandica chandica,Lethe chandica chandica male,Lepidoptera Butterfly Nymphalidae Lethe chandica chandica male
28022,Lepidoptera,Butterfly,Nymphalidae,Lethe,Lethe chandica,Lethe chandica marga,Lethe chandica marga male,Lepidoptera Butterfly Nymphalidae Lethe chandica marga male
28024,Lepidoptera,Butterfly,Nymphalidae,Ypthima,Ypthima nigricans,Ypthima nigricans,Ypthima nigricans male,Lepidoptera Butterfly Nymphalidae Ypthima nigricans nan male
28033,Lepidoptera,Butterfly,Nymphalidae,Elymnias,Elymnias agondas,Elymnias agondas glaucopis,Elymnias agondas glaucopis male,Lepidoptera Butterfly Nymphalidae Elymnias agondas glaucopis male
28036,Lepidoptera,Butterfly,Nymphalidae,Elymnias,Elymnias agondas,Elymnias agondas australiana,,Lepidoptera Butterfly Nymphalidae Elymnias agondas australiana nan
28037,Lepidoptera,Butterfly,Nymphalidae,Elymnias,Elymnias agondas,Elymnias agondas melanippe,,Lepidoptera Butterfly Nymphalidae Elymnias agondas melanippe nan
28038,Lepidoptera,Butterfly,Nymphalidae,Elymnias,Elymnias agondas,Elymnias agondas melanippe,Elymnias agondas melanippe male,Lepidoptera Butterfly Nymphalidae Elymnias agondas melanippe male
28045,Lepidoptera,Butterfly,Nymphalidae,Mycalesis,Mycalesis horsfieldi,Mycalesis horsfieldi,,Lepidoptera Butterfly Nymphalidae Mycalesis horsfieldi nan nan
28046,Lepidoptera,Butterfly,Nymphalidae,Mycalesis,Mycalesis orseis,Mycalesis orseis,,Lepidoptera Butterfly Nymphalidae Mycalesis orseis nan nan
28055,Lepidoptera,Butterfly,Nymphalidae,Mycalesis,Mycalesis orseis,Mycalesis orseis borneensis,,Lepidoptera Butterfly Nymphalidae Mycalesis orseis borneensis nan
28068,Lepidoptera,Butterfly,Nymphalidae,Erites,Erites argentina,Erites argentina fruhstorferi,,Lepidoptera Butterfly Nymphalidae Erites argentina fruhstorferi nan
28069,Lepidoptera,Butterfly,Nymphalidae,Erites,Erites argentina,Erites argentina fruhstorferi,Erites argentina fruhstorferi male,Lepidoptera Butterfly Nymphalidae Erites argentina fruhstorferi male
28078,Lepidoptera,Butterfly,Pieridae,Hebomoia,Hebomoia leucippe,Hebomoia leucippe daemonis,,Lepidoptera Butterfly Pieridae Hebomoia leucippe daemonis nan
28082,Lepidoptera,Butterfly,Nymphalidae,Erites,Erites argentina,Erites argentina delia,,Lepidoptera Butterfly Nymphalidae Erites argentina delia nan
28083,Lepidoptera,Butterfly,Nymphalidae,Melanitis,Melanitis constantia,Melanitis constantia constantia,,Lepidoptera Butterfly Nymphalidae Melanitis constantia constantia nan
28084,Lepidoptera,Butterfly,Nymphalidae,Melanitis,Melanitis constantia,Melanitis constantia constantia,Melanitis constantia constantia male,Lepidoptera Butterfly Nymphalidae Melanitis constantia constantia male
28100,Lepidoptera,Butterfly,Nymphalidae,Melanitis,Melanitis constantia,Melanitis constantia constantia,Melanitis constantia constantia female,Lepidoptera Butterfly Nymphalidae Melanitis constantia constantia female
28101,Lepidoptera,Butterfly,Nymphalidae,Melanitis,Melanitis amabilis,Melanitis amabilis valentina,Melanitis amabilis valentina male,Lepidoptera Butterfly Nymphalidae Melanitis amabilis valentina male
28114,Lepidoptera,Butterfly,Nymphalidae,Elymnias,Elymnias hypermnestra,Elymnias hypermnestra undularis,Elymnias hypermnestra undularis male,Lepidoptera Butterfly Nymphalidae Elymnias hypermnestra undularis male
28116,Lepidoptera,Butterfly,Nymphalidae,Elymnias,Elymnias cumaea,Elymnias cumaea,Elymnias cumaea female,Lepidoptera Butterfly Nymphalidae Elymnias cumaea nan female
28122,Lepidoptera,Butterfly,Nymphalidae,Taenaris,Taenaris macrops,Taenaris macrops macrops,Taenaris macrops macrops male,Lepidoptera Butterfly Nymphalidae Taenaris macrops macrops male
28202,Lepidoptera,Butterfly,Nymphalidae,Cyrestis,Cyrestis lutea,Cyrestis lutea lutea,Cyrestis lutea lutea female,Lepidoptera Butterfly Nymphalidae Cyrestis lutea lutea female
28214,Lepidoptera,Butterfly,Nymphalidae,Neope,Neope pulaha,Neope pulaha pulaha,Neope pulaha pulaha male,Lepidoptera Butterfly Nymphalidae Neope pulaha pulaha male
28216,Lepidoptera,Butterfly,Nymphalidae,Neorina,Neorina hilda,Neorina hilda,Neorina hilda male,Lepidoptera Butterfly Nymphalidae Neorina hilda nan male
28217,Lepidoptera,Butterfly,Nymphalidae,Lethe,Lethe darena,Lethe darena,Lethe darena female,Lepidoptera Butterfly Nymphalidae Lethe darena nan female
28218,Lepidoptera,Butterfly,Nymphalidae,Ypthima,Ypthima conjuncta,Ypthima conjuncta,,Lepidoptera Butterfly Nymphalidae Ypthima conjuncta nan nan
28284,Lepidoptera,Butterfly,Pieridae,Hebomoia,Hebomoia leucippe,Hebomoia leucippe,,Lepidoptera Butterfly Pieridae Hebomoia leucippe nan nan
28288,Lepidoptera,Butterfly,Pieridae,Hebomoia,Hebomoia leucippe,Hebomoia leucippe,Hebomoia leucippe female,Lepidoptera Butterfly Pieridae Hebomoia leucippe nan female
28291,Lepidoptera,Butterfly,Nymphalidae,Discophora,Discophora necho,Discophora necho dis,Discophora necho dis male,Lepidoptera Butterfly Nymphalidae Discophora necho dis male
28300,Lepidoptera,Butterfly,Nymphalidae,Thaumantis,Thaumantis odana,Thaumantis odana paramita,Thaumantis odana paramita male,Lepidoptera Butterfly Nymphalidae Thaumantis odana paramita male
28301,Lepidoptera,Butterfly,Nymphalidae,Thaumantis,Thaumantis odana,Thaumantis odana paramita,,Lepidoptera Butterfly Nymphalidae Thaumantis odana paramita nan
28339,Lepidoptera,Butterfly,Nymphalidae,Lethe,Lethe europa,Lethe europa europa,Lethe europa europa male,Lepidoptera Butterfly Nymphalidae Lethe europa europa male
28341,Lepidoptera,Butterfly,Nymphalidae,Lethe,Lethe europa,Lethe europa europa,Lethe europa europa female,Lepidoptera Butterfly Nymphalidae Lethe europa europa female
28343,Lepidoptera,Butterfly,Pieridae,Pareronia,Pareronia argolis,Pareronia argolis argolis,Pareronia argolis argolis female,Lepidoptera Butterfly Pieridae Pareronia argolis argolis female
28344,Lepidoptera,Butterfly,Nymphalidae,Stichophthalma,Stichophthalma camadeva,Stichophthalma camadeva camadevoides,,Lepidoptera Butterfly Nymphalidae Stichophthalma camadeva camadevoides nan
28347,Lepidoptera,Butterfly,Nymphalidae,Stichophthalma,Stichophthalma camadeva,Stichophthalma camadeva camadevoides,Stichophthalma camadeva camadevoides male,Lepidoptera Butterfly Nymphalidae Stichophthalma camadeva camadevoides male
28353,Lepidoptera,Butterfly,Nymphalidae,Amathusia,Amathusia phidippus,Amathusia phidippus pollicaris,Amathusia phidippus pollicaris female,Lepidoptera Butterfly Nymphalidae Amathusia phidippus pollicaris female
28354,Lepidoptera,Butterfly,Nymphalidae,Zeuxidia,Zeuxidia aurelius,Zeuxidia aurelius aurelius,,Lepidoptera Butterfly Nymphalidae Zeuxidia aurelius aurelius nan
28355,Lepidoptera,Butterfly,Nymphalidae,Zeuxidia,Zeuxidia aurelius,Zeuxidia aurelius aurelius,Zeuxidia aurelius aurelius male,Lepidoptera Butterfly Nymphalidae Zeuxidia aurelius aurelius male
28357,Lepidoptera,Butterfly,Nymphalidae,Zeuxidia,Zeuxidia aurelius,Zeuxidia aurelius aurelius,Zeuxidia aurelius aurelius female,Lepidoptera Butterfly Nymphalidae Zeuxidia aurelius aurelius female
28406,Lepidoptera,Butterfly,Nymphalidae,Harsiesis,Harsiesis hygea,Harsiesis hygea,Harsiesis hygea female,Lepidoptera Butterfly Nymphalidae Harsiesis hygea nan female
28407,Lepidoptera,Butterfly,Nymphalidae,Hypocysta,Hypocysta haemonia,Hypocysta haemonia fenestrella,,Lepidoptera Butterfly Nymphalidae Hypocysta haemonia fenestrella nan
28409,Lepidoptera,Butterfly,Nymphalidae,Elymnias,Elymnias agondas,Elymnias agondas agondas,,Lepidoptera Butterfly Nymphalidae Elymnias agondas agondas nan
28410,Lepidoptera,Butterfly,Nymphalidae,Elymnias,Elymnias agondas,Elymnias agondas agondas,Elymnias agondas agondas male,Lepidoptera Butterfly Nymphalidae Elymnias agondas agondas male
28416,Lepidoptera,Butterfly,Nymphalidae,Elymnias,Elymnias agondas,Elymnias agondas agondas,Elymnias agondas agondas female,Lepidoptera Butterfly Nymphalidae Elymnias agondas agondas female
28428,Lepidoptera,Butterfly,Nymphalidae,Elymnias,Elymnias agondas,Elymnias agondas,,Lepidoptera Butterfly Nymphalidae Elymnias agondas nan nan
28443,Lepidoptera,Butterfly,Nymphalidae,Taenaris,Taenaris bioculata,Taenaris bioculata,,Lepidoptera Butterfly Nymphalidae Taenaris bioculata nan nan
28447,Lepidoptera,Butterfly,Nymphalidae,Taenaris,Taenaris bioculata,Taenaris bioculata,Taenaris bioculata male,Lepidoptera Butterfly Nymphalidae Taenaris bioculata nan male
28451,Lepidoptera,Butterfly,Nymphalidae,Taenaris,Taenaris bioculata,Taenaris bioculata bioculata,Taenaris bioculata bioculata male,Lepidoptera Butterfly Nymphalidae Taenaris bioculata bioculata male
28452,Lepidoptera,Butterfly,Nymphalidae,Taenaris,Taenaris bioculata,Taenaris bioculata,Taenaris bioculata female,Lepidoptera Butterfly Nymphalidae Taenaris bioculata nan female
28463,Lepidoptera,Butterfly,Nymphalidae,Taenaris,Taenaris bioculata,Taenaris bioculata bioculata,Taenaris bioculata bioculata female,Lepidoptera Butterfly Nymphalidae Taenaris bioculata bioculata female
28471,Lepidoptera,Butterfly,Nymphalidae,Zeuxidia,Zeuxidia aurelia,Zeuxidia aurelia,Zeuxidia aurelia male,Lepidoptera Butterfly Nymphalidae Zeuxidia aurelia nan male
28472,Lepidoptera,Butterfly,Nymphalidae,Zeuxidia,Zeuxidia aurelia,Zeuxidia aurelia,Zeuxidia aurelia female,Lepidoptera Butterfly Nymphalidae Zeuxidia aurelia nan female
28473,Lepidoptera,Butterfly,Nymphalidae,Cupha,Cupha myronides,Cupha myronides myronides,,Lepidoptera Butterfly Nymphalidae Cupha myronides myronides nan
28474,Lepidoptera,Butterfly,Nymphalidae,Cupha,Cupha myronides,Cupha myronides,Cupha myronides male,Lepidoptera Butterfly Nymphalidae Cupha myronides nan male
28476,Lepidoptera,Butterfly,Nymphalidae,Cupha,Cupha myronides,Cupha myronides,Cupha myronides female,Lepidoptera Butterfly Nymphalidae Cupha myronides nan female
28485,Lepidoptera,Butterfly,Nymphalidae,Cupha,Cupha myronides,Cupha myronides,,Lepidoptera Butterfly Nymphalidae Cupha myronides nan nan
28501,Lepidoptera,Butterfly,Nymphalidae,Elymnias,Elymnias hypermnestra,Elymnias hypermnestra decolorata,Elymnias hypermnestra decolorata female,Lepidoptera Butterfly Nymphalidae Elymnias hypermnestra decolorata female
28502,Lepidoptera,Butterfly,Nymphalidae,Elymnias,Elymnias hypermnestra,Elymnias hypermnestra decolorata,,Lepidoptera Butterfly Nymphalidae Elymnias hypermnestra decolorata nan
28504,Lepidoptera,Butterfly,Nymphalidae,Melanitis,Melanitis leda,Melanitis leda simessa,Melanitis leda simessa male,Lepidoptera Butterfly Nymphalidae Melanitis leda simessa male
28505,Lepidoptera,Butterfly,Nymphalidae,Melanitis,Melanitis leda,Melanitis leda simessa,Melanitis leda simessa female,Lepidoptera Butterfly Nymphalidae Melanitis leda simessa female
28507,Lepidoptera,Butterfly,Nymphalidae,Melanitis,Melanitis zitenius,Melanitis zitenius ambasara,Melanitis zitenius ambasara female,Lepidoptera Butterfly Nymphalidae Melanitis zitenius ambasara female
28508,Lepidoptera,Butterfly,Nymphalidae,Melanitis,Melanitis zitenius,Melanitis zitenius ambasara,,Lepidoptera Butterfly Nymphalidae Melanitis zitenius ambasara nan
28510,Lepidoptera,Butterfly,Nymphalidae,Melanitis,Melanitis zitenius,Melanitis zitenius ambasara,Melanitis zitenius ambasara male,Lepidoptera Butterfly Nymphalidae Melanitis zitenius ambasara male
28512,Lepidoptera,Butterfly,Pieridae,Ixias,Ixias reinwardtii,Ixias reinwardtii reinwardtii,,Lepidoptera Butterfly Pieridae Ixias reinwardtii reinwardtii nan
28514,Lepidoptera,Butterfly,Pieridae,Ixias,Ixias reinwardtii,Ixias reinwardtii reinwardtii,Ixias reinwardtii reinwardtii male,Lepidoptera Butterfly Pieridae Ixias reinwardtii reinwardtii male
28517,Lepidoptera,Butterfly,Pieridae,Ixias,Ixias reinwardtii,Ixias reinwardtii reinwardtii,Ixias reinwardtii reinwardtii female,Lepidoptera Butterfly Pieridae Ixias reinwardtii reinwardtii female
28519,Lepidoptera,Butterfly,Nymphalidae,Faunis,Faunis kirata,Faunis kirata,,Lepidoptera Butterfly Nymphalidae Faunis kirata nan nan
28522,Lepidoptera,Butterfly,Nymphalidae,Lethe,Lethe minerva,Lethe minerva minerva,Lethe minerva minerva female,Lepidoptera Butterfly Nymphalidae Lethe minerva minerva female
28523,Lepidoptera,Butterfly,Nymphalidae,Melanitis,Melanitis constantia,Melanitis constantia,Melanitis constantia female,Lepidoptera Butterfly Nymphalidae Melanitis constantia nan female
28524,Lepidoptera,Butterfly,Nymphalidae,Taenaris,Taenaris gorgo,Taenaris gorgo,,Lepidoptera Butterfly Nymphalidae Taenaris gorgo nan nan
28526,Lepidoptera,Butterfly,Nymphalidae,Taenaris,Taenaris domitilla,Taenaris domitilla domitilla,,Lepidoptera Butterfly Nymphalidae Taenaris domitilla domitilla nan
28529,Lepidoptera,Butterfly,Nymphalidae,Taenaris,Taenaris domitilla,Taenaris domitilla domitilla,Taenaris domitilla domitilla female,Lepidoptera Butterfly Nymphalidae Taenaris domitilla domitilla female
28569,Lepidoptera,Butterfly,Pieridae,Cepora,Cepora aspasia,Cepora aspasia emma,,Lepidoptera Butterfly Pieridae Cepora aspasia emma nan
28575,Lepidoptera,Butterfly,Nymphalidae,Orsotriaena,Orsotriaena medus,Orsotriaena medus,Orsotriaena medus female,Lepidoptera Butterfly Nymphalidae Orsotriaena medus nan female
28592,Lepidoptera,Butterfly,Nymphalidae,Elymnias,Elymnias agondas,Elymnias agondas melane,Elymnias agondas melane female,Lepidoptera Butterfly Nymphalidae Elymnias agondas melane female
28603,Lepidoptera,Butterfly,Nymphalidae,Ypthima,Ypthima nynias,Ypthima nynias nynias,Ypthima nynias nynias male,Lepidoptera Butterfly Nymphalidae Ypthima nynias nynias male
28604,Lepidoptera,Butterfly,Nymphalidae,Ypthima,Ypthima nynias,Ypthima nynias nynias,Ypthima nynias nynias female,Lepidoptera Butterfly Nymphalidae Ypthima nynias nynias female
28605,Lepidoptera,Butterfly,Nymphalidae,Ypthima,Ypthima pandocus,Ypthima pandocus corticaria,Ypthima pandocus corticaria male,Lepidoptera Butterfly Nymphalidae Ypthima pandocus corticaria male
28608,Lepidoptera,Butterfly,Nymphalidae,Ypthima,Ypthima pandocus,Ypthima pandocus corticaria,,Lepidoptera Butterfly Nymphalidae Ypthima pandocus corticaria nan
28609,Lepidoptera,Butterfly,Nymphalidae,Ypthima,Ypthima pandocus,Ypthima pandocus corticaria,Ypthima pandocus corticaria female,Lepidoptera Butterfly Nymphalidae Ypthima pandocus corticaria female
28623,Lepidoptera,Butterfly,Nymphalidae,Ypthima,Ypthima pandocus,Ypthima pandocus,Ypthima pandocus female,Lepidoptera Butterfly Nymphalidae Ypthima pandocus nan female
28624,Lepidoptera,Butterfly,Nymphalidae,Mycalesis,Mycalesis janardana,Mycalesis janardana,,Lepidoptera Butterfly Nymphalidae Mycalesis janardana nan nan
28625,Lepidoptera,Butterfly,Nymphalidae,Mycalesis,Mycalesis janardana,Mycalesis janardana,Mycalesis janardana male,Lepidoptera Butterfly Nymphalidae Mycalesis janardana nan male
28626,Lepidoptera,Butterfly,Nymphalidae,Mycalesis,Mycalesis janardana,Mycalesis janardana,Mycalesis janardana female,Lepidoptera Butterfly Nymphalidae Mycalesis janardana nan female
28639,Lepidoptera,Butterfly,Nymphalidae,Mycalesis,Mycalesis perseus,Mycalesis perseus,Mycalesis perseus male,Lepidoptera Butterfly Nymphalidae Mycalesis perseus nan male
28643,Lepidoptera,Butterfly,Nymphalidae,Elymnias,Elymnias hicetas,Elymnias hicetas,,Lepidoptera Butterfly Nymphalidae Elymnias hicetas nan nan
28647,Lepidoptera,Butterfly,Nymphalidae,Elymnias,Elymnias cybele,Elymnias cybele cybele,,Lepidoptera Butterfly Nymphalidae Elymnias cybele cybele nan
28652,Lepidoptera,Butterfly,Nymphalidae,Elymnias,Elymnias cybele,Elymnias cybele,Elymnias cybele female,Lepidoptera Butterfly Nymphalidae Elymnias cybele nan female
28653,Lepidoptera,Butterfly,Nymphalidae,Elymnias,Elymnias cybele,Elymnias cybele,,Lepidoptera Butterfly Nymphalidae Elymnias cybele nan nan
28670,Lepidoptera,Butterfly,Nymphalidae,Elymnias,Elymnias vitellia,Elymnias vitellia vitellia,Elymnias vitellia vitellia male,Lepidoptera Butterfly Nymphalidae Elymnias vitellia vitellia male
28671,Lepidoptera,Butterfly,Nymphalidae,Taenaris,Taenaris catops,Taenaris catops kajuna,,Lepidoptera Butterfly Nymphalidae Taenaris catops kajuna nan
28672,Lepidoptera,Butterfly,Nymphalidae,Taenaris,Taenaris catops,Taenaris catops laretta,,Lepidoptera Butterfly Nymphalidae Taenaris catops laretta nan
28737,Lepidoptera,Butterfly,Pieridae,Pareronia,Pareronia valeria,Pareronia valeria valeria,,Lepidoptera Butterfly Pieridae Pareronia valeria valeria nan
28745,Lepidoptera,Butterfly,Pieridae,Pareronia,Pareronia valeria,Pareronia valeria valeria,Pareronia valeria valeria female,Lepidoptera Butterfly Pieridae Pareronia valeria valeria female
28747,Lepidoptera,Butterfly,Pieridae,Pareronia,Pareronia tritaea,Pareronia tritaea tritaea,,Lepidoptera Butterfly Pieridae Pareronia tritaea tritaea nan
28757,Lepidoptera,Butterfly,Nymphalidae,Ypthima,Ypthima arctous,Ypthima arctous,,Lepidoptera Butterfly Nymphalidae Ypthima arctous nan nan
28761,Lepidoptera,Butterfly,Nymphalidae,Ypthima,Ypthima pandocus,Ypthima pandocus sertorius,Ypthima pandocus sertorius male,Lepidoptera Butterfly Nymphalidae Ypthima pandocus sertorius male
28768,Lepidoptera,Butterfly,Nymphalidae,Ypthima,Ypthima pandocus,Ypthima pandocus sertorius,Ypthima pandocus sertorius female,Lepidoptera Butterfly Nymphalidae Ypthima pandocus sertorius female
28769,Lepidoptera,Butterfly,Nymphalidae,Mycalesis,Mycalesis igoleta,Mycalesis igoleta,,Lepidoptera Butterfly Nymphalidae Mycalesis igoleta nan nan
28770,Lepidoptera,Butterfly,Nymphalidae,Mycalesis,Mycalesis amoena,Mycalesis amoena,,Lepidoptera Butterfly Nymphalidae Mycalesis amoena nan nan
28774,Lepidoptera,Butterfly,Nymphalidae,Mycalesis,Mycalesis janardana,Mycalesis janardana sagittigera,,Lepidoptera Butterfly Nymphalidae Mycalesis janardana sagittigera nan
28776,Lepidoptera,Butterfly,Nymphalidae,Elymnias,Elymnias sangira,Elymnias sangira,Elymnias sangira male,Lepidoptera Butterfly Nymphalidae Elymnias sangira nan male
28778,Lepidoptera,Butterfly,Nymphalidae,Elymnias,Elymnias cybele,Elymnias cybele cybele,Elymnias cybele cybele male,Lepidoptera Butterfly Nymphalidae Elymnias cybele cybele male
28796,Lepidoptera,Butterfly,Nymphalidae,Elymnias,Elymnias cybele,Elymnias cybele cybele,Elymnias cybele cybele female,Lepidoptera Butterfly Nymphalidae Elymnias cybele cybele female
28820,Lepidoptera,Butterfly,Nymphalidae,Elymnias,Elymnias cybele,Elymnias cybele obiana,Elymnias cybele obiana female,Lepidoptera Butterfly Nymphalidae Elymnias cybele obiana female
28821,Lepidoptera,Butterfly,Nymphalidae,Elymnias,Elymnias vitellia,Elymnias vitellia,Elymnias vitellia male,Lepidoptera Butterfly Nymphalidae Elymnias vitellia nan male
28822,Lepidoptera,Butterfly,Nymphalidae,Elymnias,Elymnias vitellia,Elymnias vitellia,Elymnias vitellia female,Lepidoptera Butterfly Nymphalidae Elymnias vitellia nan female
28823,Lepidoptera,Butterfly,Nymphalidae,Thaumantis,Thaumantis klugius,Thaumantis klugius lucipor,Thaumantis klugius lucipor male,Lepidoptera Butterfly Nymphalidae Thaumantis klugius lucipor male
28825,Lepidoptera,Butterfly,Nymphalidae,Thaumantis,Thaumantis klugius,Thaumantis klugius lucipor,Thaumantis klugius lucipor female,Lepidoptera Butterfly Nymphalidae Thaumantis klugius lucipor female
28826,Lepidoptera,Butterfly,Nymphalidae,Thaumantis,Thaumantis klugius,Thaumantis klugius lucipor,,Lepidoptera Butterfly Nymphalidae Thaumantis klugius lucipor nan
28828,Lepidoptera,Butterfly,Nymphalidae,Thaumantis,Thaumantis klugius,Thaumantis klugius candika,Thaumantis klugius candika male,Lepidoptera Butterfly Nymphalidae Thaumantis klugius candika male
28831,Lepidoptera,Butterfly,Nymphalidae,Cupha,Cupha maeonides,Cupha maeonides maeonides,Cupha maeonides maeonides male,Lepidoptera Butterfly Nymphalidae Cupha maeonides maeonides male
28839,Lepidoptera,Butterfly,Nymphalidae,Cupha,Cupha maeonides,Cupha maeonides maeonides,Cupha maeonides maeonides female,Lepidoptera Butterfly Nymphalidae Cupha maeonides maeonides female
28844,Lepidoptera,Butterfly,Nymphalidae,Cupha,Cupha crameri,Cupha crameri leonida,Cupha crameri leonida female,Lepidoptera Butterfly Nymphalidae Cupha crameri leonida female
28845,Lepidoptera,Butterfly,Nymphalidae,Cupha,Cupha crameri,Cupha crameri leonida,,Lepidoptera Butterfly Nymphalidae Cupha crameri leonida nan
28861,Lepidoptera,Butterfly,Nymphalidae,Taenaris,Taenaris macrops,Taenaris macrops,Taenaris macrops male,Lepidoptera Butterfly Nymphalidae Taenaris macrops nan male
28862,Lepidoptera,Butterfly,Nymphalidae,Taenaris,Taenaris dioptrica,Taenaris dioptrica,Taenaris dioptrica female,Lepidoptera Butterfly Nymphalidae Taenaris dioptrica nan female
28865,Lepidoptera,Butterfly,Nymphalidae,Taenaris,Taenaris phorcas,Taenaris phorcas phorcas,Taenaris phorcas phorcas male,Lepidoptera Butterfly Nymphalidae Taenaris phorcas phorcas male
28866,Lepidoptera,Butterfly,Nymphalidae,Taenaris,Taenaris phorcas,Taenaris phorcas phorcas,Taenaris phorcas phorcas female,Lepidoptera Butterfly Nymphalidae Taenaris phorcas phorcas female
28868,Lepidoptera,Butterfly,Nymphalidae,Taenaris,Taenaris honrathi,Taenaris honrathi,,Lepidoptera Butterfly Nymphalidae Taenaris honrathi nan nan
28870,Lepidoptera,Butterfly,Nymphalidae,Taenaris,Taenaris domitilla,Taenaris domitilla,Taenaris domitilla male,Lepidoptera Butterfly Nymphalidae Taenaris domitilla nan male
28879,Lepidoptera,Butterfly,Nymphalidae,Cupha,Cupha myronides,Cupha myronides myronides,Cupha myronides myronides male,Lepidoptera Butterfly Nymphalidae Cupha myronides myronides male
28883,Lepidoptera,Butterfly,Nymphalidae,Cupha,Cupha myronides,Cupha myronides myronides,Cupha myronides myronides female,Lepidoptera Butterfly Nymphalidae Cupha myronides myronides female
28887,Lepidoptera,Butterfly,Nymphalidae,Cupha,Cupha prosope,Cupha prosope,Cupha prosope male,Lepidoptera Butterfly Nymphalidae Cupha prosope nan male
28903,Lepidoptera,Butterfly,Nymphalidae,Taenaris,Taenaris diana,Taenaris diana leto,Taenaris diana leto female,Lepidoptera Butterfly Nymphalidae Taenaris diana leto female
28918,Lepidoptera,Butterfly,Nymphalidae,Taenaris,Taenaris diana,Taenaris diana diana,Taenaris diana diana male,Lepidoptera Butterfly Nymphalidae Taenaris diana diana male
28921,Lepidoptera,Butterfly,Nymphalidae,Taenaris,Taenaris diana,Taenaris diana diana,,Lepidoptera Butterfly Nymphalidae Taenaris diana diana nan
28922,Lepidoptera,Butterfly,Nymphalidae,Taenaris,Taenaris diana,Taenaris diana diana,Taenaris diana diana female,Lepidoptera Butterfly Nymphalidae Taenaris diana diana female
28926,Lepidoptera,Butterfly,Nymphalidae,Taenaris,Taenaris diana,Taenaris diana leto,Taenaris diana leto male,Lepidoptera Butterfly Nymphalidae Taenaris diana leto male
28930,Lepidoptera,Butterfly,Nymphalidae,Taenaris,Taenaris diana,Taenaris diana leto,,Lepidoptera Butterfly Nymphalidae Taenaris diana leto nan
28940,Lepidoptera,Butterfly,Nymphalidae,Taenaris,Taenaris urania,Taenaris urania pandemos,,Lepidoptera Butterfly Nymphalidae Taenaris urania pandemos nan
28942,Lepidoptera,Butterfly,Nymphalidae,Zeuxidia,Zeuxidia luxerii,Zeuxidia luxerii luxerii,Zeuxidia luxerii luxerii male,Lepidoptera Butterfly Nymphalidae Zeuxidia luxerii luxerii male
28945,Lepidoptera,Butterfly,Nymphalidae,Amathusia,Amathusia phidippus,Amathusia phidippus phidippus,Amathusia phidippus phidippus female,Lepidoptera Butterfly Nymphalidae Amathusia phidippus phidippus female
28946,Lepidoptera,Butterfly,Nymphalidae,Taenaris,Taenaris domitilla,Taenaris domitilla,,Lepidoptera Butterfly Nymphalidae Taenaris domitilla nan nan
28948,Lepidoptera,Butterfly,Nymphalidae,Vindula,Vindula erota,Vindula erota,Vindula erota female,Lepidoptera Butterfly Nymphalidae Vindula erota nan female
28949,Lepidoptera,Butterfly,Nymphalidae,Vindula,Vindula dejone,Vindula dejone celebensis,Vindula dejone celebensis male,Lepidoptera Butterfly Nymphalidae Vindula dejone celebensis male
28956,Lepidoptera,Butterfly,Nymphalidae,Vindula,Vindula dejone,Vindula dejone celebensis,Vindula dejone celebensis female,Lepidoptera Butterfly Nymphalidae Vindula dejone celebensis female
28979,Lepidoptera,Butterfly,Nymphalidae,Algia,Algia fasciata,Algia fasciata,Algia fasciata male,Lepidoptera Butterfly Nymphalidae Algia fasciata nan male
28980,Lepidoptera,Butterfly,Nymphalidae,Algia,Algia fasciata,Algia fasciata,Algia fasciata female,Lepidoptera Butterfly Nymphalidae Algia fasciata nan female
28996,Lepidoptera,Butterfly,Nymphalidae,Chersonesia,Chersonesia peraka,Chersonesia peraka incerta,,Lepidoptera Butterfly Nymphalidae Chersonesia peraka incerta nan
28998,Lepidoptera,Butterfly,Nymphalidae,Chersonesia,Chersonesia peraka,Chersonesia peraka incerta,Chersonesia peraka incerta male,Lepidoptera Butterfly Nymphalidae Chersonesia peraka incerta male
29002,Lepidoptera,Butterfly,Nymphalidae,Chersonesia,Chersonesia peraka,Chersonesia peraka incerta,Chersonesia peraka incerta female,Lepidoptera Butterfly Nymphalidae Chersonesia peraka incerta female
29032,Lepidoptera,Butterfly,Pieridae,Eurema,Eurema hecabe,Eurema hecabe maroensis,Eurema hecabe maroensis male,Lepidoptera Butterfly Pieridae Eurema hecabe maroensis male
29033,Lepidoptera,Butterfly,Pieridae,Eurema,Eurema laeta,Eurema laeta laeta,,Lepidoptera Butterfly Pieridae Eurema laeta laeta nan
29047,Lepidoptera,Butterfly,Nymphalidae,Coelites,Coelites epiminthia,Coelites epiminthia,,Lepidoptera Butterfly Nymphalidae Coelites epiminthia nan nan
29049,Lepidoptera,Butterfly,Nymphalidae,Coelites,Coelites euptychioides,Coelites euptychioides,,Lepidoptera Butterfly Nymphalidae Coelites euptychioides nan nan
29054,Lepidoptera,Butterfly,Nymphalidae,Taenaris,Taenaris domitilla,Taenaris domitilla domitilla,Taenaris domitilla domitilla male,Lepidoptera Butterfly Nymphalidae Taenaris domitilla domitilla male
29083,Lepidoptera,Butterfly,Nymphalidae,Amathusia,Amathusia phidippus,Amathusia phidippus celebensis,Amathusia phidippus celebensis male,Lepidoptera Butterfly Nymphalidae Amathusia phidippus celebensis male
29084,Lepidoptera,Butterfly,Nymphalidae,Amathusia,Amathusia phidippus,Amathusia phidippus celebensis,,Lepidoptera Butterfly Nymphalidae Amathusia phidippus celebensis nan
29085,Lepidoptera,Butterfly,Nymphalidae,Amathusia,Amathusia phidippus,Amathusia phidippus kuhni,Amathusia phidippus kuhni female,Lepidoptera Butterfly Nymphalidae Amathusia phidippus kuhni female
29087,Lepidoptera,Butterfly,Nymphalidae,Amathusia,Amathusia phidippus,Amathusia phidippus kuhni,Amathusia phidippus kuhni male,Lepidoptera Butterfly Nymphalidae Amathusia phidippus kuhni male
29093,Lepidoptera,Butterfly,Nymphalidae,Taenaris,Taenaris urania,Taenaris urania hollandi,Taenaris urania hollandi male,Lepidoptera Butterfly Nymphalidae Taenaris urania hollandi male
29095,Lepidoptera,Butterfly,Nymphalidae,Taenaris,Taenaris urania,Taenaris urania hollandi,Taenaris urania hollandi female,Lepidoptera Butterfly Nymphalidae Taenaris urania hollandi female
29096,Lepidoptera,Butterfly,Nymphalidae,Taenaris,Taenaris urania,Taenaris urania,,Lepidoptera Butterfly Nymphalidae Taenaris urania nan nan
29098,Lepidoptera,Butterfly,Nymphalidae,Taenaris,Taenaris urania,Taenaris urania,Taenaris urania male,Lepidoptera Butterfly Nymphalidae Taenaris urania nan male
29104,Lepidoptera,Butterfly,Nymphalidae,Thaumantis,Thaumantis klugius,Thaumantis klugius candika,,Lepidoptera Butterfly Nymphalidae Thaumantis klugius candika nan
29110,Lepidoptera,Butterfly,Nymphalidae,Taenaris,Taenaris horsfieldii,Taenaris horsfieldii,,Lepidoptera Butterfly Nymphalidae Taenaris horsfieldii nan nan
29111,Lepidoptera,Butterfly,Nymphalidae,Taenaris,Taenaris catops,Taenaris catops,,Lepidoptera Butterfly Nymphalidae Taenaris catops nan nan
29129,Lepidoptera,Butterfly,Nymphalidae,Amathusia,Amathusia phidippus,Amathusia phidippus celebensis,Amathusia phidippus celebensis female,Lepidoptera Butterfly Nymphalidae Amathusia phidippus celebensis female
29137,Lepidoptera,Butterfly,Nymphalidae,Amathuxidia,Amathuxidia plateni,Amathuxidia plateni plateni,,Lepidoptera Butterfly Nymphalidae Amathuxidia plateni plateni nan
29139,Lepidoptera,Butterfly,Nymphalidae,Amathuxidia,Amathuxidia plateni,Amathuxidia plateni plateni,Amathuxidia plateni plateni male,Lepidoptera Butterfly Nymphalidae Amathuxidia plateni plateni male
29145,Lepidoptera,Butterfly,Nymphalidae,Amathuxidia,Amathuxidia plateni,Amathuxidia plateni plateni,Amathuxidia plateni plateni female,Lepidoptera Butterfly Nymphalidae Amathuxidia plateni plateni female
29153,Lepidoptera,Butterfly,Nymphalidae,Taenaris,Taenaris artemis,Taenaris artemis artemis,Taenaris artemis artemis male,Lepidoptera Butterfly Nymphalidae Taenaris artemis artemis male
29154,Lepidoptera,Butterfly,Nymphalidae,Taenaris,Taenaris artemis,Taenaris artemis zenada,,Lepidoptera Butterfly Nymphalidae Taenaris artemis zenada nan
29155,Lepidoptera,Butterfly,Nymphalidae,Taenaris,Taenaris artemis,Taenaris artemis,,Lepidoptera Butterfly Nymphalidae Taenaris artemis nan nan
29163,Lepidoptera,Butterfly,Nymphalidae,Taenaris,Taenaris hyperbolus,Taenaris hyperbolus automolus,Taenaris hyperbolus automolus male,Lepidoptera Butterfly Nymphalidae Taenaris hyperbolus automolus male
29165,Lepidoptera,Butterfly,Nymphalidae,Taenaris,Taenaris hyperbolus,Taenaris hyperbolus versteegi,Taenaris hyperbolus versteegi male,Lepidoptera Butterfly Nymphalidae Taenaris hyperbolus versteegi male
29166,Lepidoptera,Butterfly,Nymphalidae,Taenaris,Taenaris macrops,Taenaris macrops macrops,,Lepidoptera Butterfly Nymphalidae Taenaris macrops macrops nan
29168,Lepidoptera,Butterfly,Nymphalidae,Taenaris,Taenaris macrops,Taenaris macrops macrops,Taenaris macrops macrops female,Lepidoptera Butterfly Nymphalidae Taenaris macrops macrops female
29233,Lepidoptera,Butterfly,Nymphalidae,Vindula,Vindula erota,Vindula erota palawanica,Vindula erota palawanica male,Lepidoptera Butterfly Nymphalidae Vindula erota palawanica male
29243,Lepidoptera,Butterfly,Nymphalidae,Vindula,Vindula erota,Vindula erota palawanica,Vindula erota palawanica female,Lepidoptera Butterfly Nymphalidae Vindula erota palawanica female
29245,Lepidoptera,Butterfly,Nymphalidae,Vindula,Vindula erota,Vindula erota palawanica,,Lepidoptera Butterfly Nymphalidae Vindula erota palawanica nan
29246,Lepidoptera,Butterfly,Nymphalidae,Cirrochroa,Cirrochroa thule,Cirrochroa thule thule,Cirrochroa thule thule female,Lepidoptera Butterfly Nymphalidae Cirrochroa thule thule female
29270,Lepidoptera,Butterfly,Nymphalidae,Cirrochroa,Cirrochroa thais,Cirrochroa thais,Cirrochroa thais male,Lepidoptera Butterfly Nymphalidae Cirrochroa thais nan male
29275,Lepidoptera,Butterfly,Nymphalidae,Cirrochroa,Cirrochroa thais,Cirrochroa thais,,Lepidoptera Butterfly Nymphalidae Cirrochroa thais nan nan
29294,Lepidoptera,Butterfly,Pieridae,Pareronia,Pareronia valeria,Pareronia valeria lutescens,,Lepidoptera Butterfly Pieridae Pareronia valeria lutescens nan
29295,Lepidoptera,Butterfly,Pieridae,Pareronia,Pareronia valeria,Pareronia valeria sumbawana,Pareronia valeria sumbawana male,Lepidoptera Butterfly Pieridae Pareronia valeria sumbawana male
29296,Lepidoptera,Butterfly,Pieridae,Pareronia,Pareronia valeria,Pareronia valeria sumbawana,,Lepidoptera Butterfly Pieridae Pareronia valeria sumbawana nan
29298,Lepidoptera,Butterfly,Pieridae,Pareronia,Pareronia valeria,Pareronia valeria palawana,Pareronia valeria palawana female,Lepidoptera Butterfly Pieridae Pareronia valeria palawana female
29306,Lepidoptera,Butterfly,Pieridae,Pareronia,Pareronia phocaea,Pareronia phocaea,Pareronia phocaea female,Lepidoptera Butterfly Pieridae Pareronia phocaea nan female
29308,Lepidoptera,Butterfly,Pieridae,Pareronia,Pareronia argolis,Pareronia argolis argolis,Pareronia argolis argolis male,Lepidoptera Butterfly Pieridae Pareronia argolis argolis male
29312,Lepidoptera,Butterfly,Pieridae,Pareronia,Pareronia argolis,Pareronia argolis argolis,,Lepidoptera Butterfly Pieridae Pareronia argolis argolis nan
29319,Lepidoptera,Butterfly,Nymphalidae,Ypthima,Ypthima asterope,Ypthima asterope,,Lepidoptera Butterfly Nymphalidae Ypthima asterope nan nan
29320,Lepidoptera,Butterfly,Nymphalidae,Ypthima,Ypthima horsfieldii,Ypthima horsfieldii,Ypthima horsfieldii male,Lepidoptera Butterfly Nymphalidae Ypthima horsfieldii nan male
29322,Lepidoptera,Butterfly,Nymphalidae,Ypthima,Ypthima horsfieldii,Ypthima horsfieldii,Ypthima horsfieldii female,Lepidoptera Butterfly Nymphalidae Ypthima horsfieldii nan female
29346,Lepidoptera,Butterfly,Nymphalidae,Orinoma,Orinoma damaris,Orinoma damaris,,Lepidoptera Butterfly Nymphalidae Orinoma damaris nan nan
29347,Lepidoptera,Butterfly,Nymphalidae,Mycalesis,Mycalesis janardana,Mycalesis janardana opaculus,,Lepidoptera Butterfly Nymphalidae Mycalesis janardana opaculus nan
29348,Lepidoptera,Butterfly,Nymphalidae,Mycalesis,Mycalesis janardana,Mycalesis janardana janardana,,Lepidoptera Butterfly Nymphalidae Mycalesis janardana janardana nan
29349,Lepidoptera,Butterfly,Nymphalidae,Mycalesis,Mycalesis janardana,Mycalesis janardana janardana,Mycalesis janardana janardana male,Lepidoptera Butterfly Nymphalidae Mycalesis janardana janardana male
29351,Lepidoptera,Butterfly,Nymphalidae,Elymnias,Elymnias hicetas,Elymnias hicetas hicetina,Elymnias hicetas hicetina female,Lepidoptera Butterfly Nymphalidae Elymnias hicetas hicetina female
29353,Lepidoptera,Butterfly,Nymphalidae,Elymnias,Elymnias vitellia,Elymnias vitellia viminalis,Elymnias vitellia viminalis male,Lepidoptera Butterfly Nymphalidae Elymnias vitellia viminalis male
29378,Lepidoptera,Butterfly,Nymphalidae,Taenaris,Taenaris artemis,Taenaris artemis,Taenaris artemis female,Lepidoptera Butterfly Nymphalidae Taenaris artemis nan female
29379,Lepidoptera,Butterfly,Nymphalidae,Taenaris,Taenaris myops,Taenaris myops rothschildi,Taenaris myops rothschildi male,Lepidoptera Butterfly Nymphalidae Taenaris myops rothschildi male
29381,Lepidoptera,Butterfly,Nymphalidae,Taenaris,Taenaris artemis,Taenaris artemis,Taenaris artemis male,Lepidoptera Butterfly Nymphalidae Taenaris artemis nan male
29390,Lepidoptera,Butterfly,Nymphalidae,Mycalesis,Mycalesis horsfieldi,Mycalesis horsfieldi newayana,Mycalesis horsfieldi newayana female,Lepidoptera Butterfly Nymphalidae Mycalesis horsfieldi newayana female
29391,Lepidoptera,Butterfly,Nymphalidae,Mycalesis,Mycalesis horsfieldi,Mycalesis horsfieldi newayana,Mycalesis horsfieldi newayana male,Lepidoptera Butterfly Nymphalidae Mycalesis horsfieldi newayana male
29394,Lepidoptera,Butterfly,Nymphalidae,Mycalesis,Mycalesis horsfieldi,Mycalesis horsfieldi newayana,,Lepidoptera Butterfly Nymphalidae Mycalesis horsfieldi newayana nan
29399,Lepidoptera,Butterfly,Nymphalidae,Cupha,Cupha lampetia,Cupha lampetia mirona,Cupha lampetia mirona male,Lepidoptera Butterfly Nymphalidae Cupha lampetia mirona male
29400,Lepidoptera,Butterfly,Nymphalidae,Cupha,Cupha lampetia,Cupha lampetia mirona,,Lepidoptera Butterfly Nymphalidae Cupha lampetia mirona nan
29403,Lepidoptera,Butterfly,Nymphalidae,Amathusia,Amathusia phidippus,Amathusia phidippus coriotincta,Amathusia phidippus coriotincta male,Lepidoptera Butterfly Nymphalidae Amathusia phidippus coriotincta male
29404,Lepidoptera,Butterfly,Nymphalidae,Amathuxidia,Amathuxidia amythaon,Amathuxidia amythaon insularis,Amathuxidia amythaon insularis male,Lepidoptera Butterfly Nymphalidae Amathuxidia amythaon insularis male
29407,Lepidoptera,Butterfly,Nymphalidae,Amathuxidia,Amathuxidia amythaon,Amathuxidia amythaon insularis,Amathuxidia amythaon insularis female,Lepidoptera Butterfly Nymphalidae Amathuxidia amythaon insularis female
29412,Lepidoptera,Butterfly,Nymphalidae,Faunis,Faunis menado,Faunis menado menado,Faunis menado menado female,Lepidoptera Butterfly Nymphalidae Faunis menado menado female
29417,Lepidoptera,Butterfly,Nymphalidae,Faunis,Faunis menado,Faunis menado menado,,Lepidoptera Butterfly Nymphalidae Faunis menado menado nan
29419,Lepidoptera,Butterfly,Nymphalidae,Discophora,Discophora timora,Discophora timora perakensis,,Lepidoptera Butterfly Nymphalidae Discophora timora perakensis nan
29421,Lepidoptera,Butterfly,Nymphalidae,Amathusia,Amathusia phidippus,Amathusia phidippus chersias,,Lepidoptera Butterfly Nymphalidae Amathusia phidippus chersias nan
29450,Lepidoptera,Butterfly,Nymphalidae,Taenaris,Taenaris hyperbolus,Taenaris hyperbolus hyaeus,Taenaris hyperbolus hyaeus male,Lepidoptera Butterfly Nymphalidae Taenaris hyperbolus hyaeus male
29454,Lepidoptera,Butterfly,Nymphalidae,Taenaris,Taenaris selene,Taenaris selene selene,Taenaris selene selene male,Lepidoptera Butterfly Nymphalidae Taenaris selene selene male
29458,Lepidoptera,Butterfly,Nymphalidae,Taenaris,Taenaris selene,Taenaris selene selene,Taenaris selene selene female,Lepidoptera Butterfly Nymphalidae Taenaris selene selene female
29460,Lepidoptera,Butterfly,Nymphalidae,Vindula,Vindula arsinoe,Vindula arsinoe arsinoe,Vindula arsinoe arsinoe female,Lepidoptera Butterfly Nymphalidae Vindula arsinoe arsinoe female
29461,Lepidoptera,Butterfly,Nymphalidae,Vindula,Vindula arsinoe,Vindula arsinoe arsinoe,,Lepidoptera Butterfly Nymphalidae Vindula arsinoe arsinoe nan
29470,Lepidoptera,Butterfly,Nymphalidae,Vagrans,Vagrans egista,Vagrans egista nupta,Vagrans egista nupta male,Lepidoptera Butterfly Nymphalidae Vagrans egista nupta male
29476,Lepidoptera,Butterfly,Nymphalidae,Vagrans,Vagrans egista,Vagrans egista nupta,Vagrans egista nupta female,Lepidoptera Butterfly Nymphalidae Vagrans egista nupta female
29478,Lepidoptera,Butterfly,Nymphalidae,Vagrans,Vagrans egista,Vagrans egista nupta,,Lepidoptera Butterfly Nymphalidae Vagrans egista nupta nan
29480,Lepidoptera,Butterfly,Nymphalidae,Vagrans,Vagrans egista,Vagrans egista sinha,Vagrans egista sinha male,Lepidoptera Butterfly Nymphalidae Vagrans egista sinha male
29484,Lepidoptera,Butterfly,Nymphalidae,Vagrans,Vagrans egista,Vagrans egista sinha,Vagrans egista sinha female,Lepidoptera Butterfly Nymphalidae Vagrans egista sinha female
29486,Lepidoptera,Butterfly,Nymphalidae,Cirrochroa,Cirrochroa emalea,Cirrochroa emalea,,Lepidoptera Butterfly Nymphalidae Cirrochroa emalea nan nan
29496,Lepidoptera,Butterfly,Nymphalidae,Thaumantis,Thaumantis noureddin,Thaumantis noureddin chatra,Thaumantis noureddin chatra male,Lepidoptera Butterfly Nymphalidae Thaumantis noureddin chatra male
29497,Lepidoptera,Butterfly,Nymphalidae,Cupha,Cupha erymanthis,Cupha erymanthis tripunctata,Cupha erymanthis tripunctata male,Lepidoptera Butterfly Nymphalidae Cupha erymanthis tripunctata male
29501,Lepidoptera,Butterfly,Nymphalidae,Cupha,Cupha arias,Cupha arias sangirica,Cupha arias sangirica male,Lepidoptera Butterfly Nymphalidae Cupha arias sangirica male
29503,Lepidoptera,Butterfly,Nymphalidae,Cupha,Cupha arias,Cupha arias sangirica,Cupha arias sangirica female,Lepidoptera Butterfly Nymphalidae Cupha arias sangirica female
29506,Lepidoptera,Butterfly,Nymphalidae,Cupha,Cupha erymanthis,Cupha erymanthis tripunctata,Cupha erymanthis tripunctata female,Lepidoptera Butterfly Nymphalidae Cupha erymanthis tripunctata female
29509,Lepidoptera,Butterfly,Nymphalidae,Cupha,Cupha erymanthis,Cupha erymanthis tripunctata,,Lepidoptera Butterfly Nymphalidae Cupha erymanthis tripunctata nan
29513,Lepidoptera,Butterfly,Nymphalidae,Cupha,Cupha crameri,Cupha crameri crameri,,Lepidoptera Butterfly Nymphalidae Cupha crameri crameri nan
29519,Lepidoptera,Butterfly,Nymphalidae,Cupha,Cupha crameri,Cupha crameri crameri,Cupha crameri crameri male,Lepidoptera Butterfly Nymphalidae Cupha crameri crameri male
29525,Lepidoptera,Butterfly,Nymphalidae,Algia,Algia satyrina,Algia satyrina,Algia satyrina female,Lepidoptera Butterfly Nymphalidae Algia satyrina nan female
29531,Lepidoptera,Butterfly,Pieridae,Appias,Appias ada,Appias ada clavis,Appias ada clavis female,Lepidoptera Butterfly Pieridae Appias ada clavis female
29551,Lepidoptera,Butterfly,Nymphalidae,Lethe,Lethe europa,Lethe europa,,Lepidoptera Butterfly Nymphalidae Lethe europa nan nan
29552,Lepidoptera,Butterfly,Nymphalidae,Lethe,Lethe europa,Lethe europa,Lethe europa male,Lepidoptera Butterfly Nymphalidae Lethe europa nan male
29554,Lepidoptera,Butterfly,Nymphalidae,Lethe,Lethe europa,Lethe europa,Lethe europa female,Lepidoptera Butterfly Nymphalidae Lethe europa nan female
29579,Lepidoptera,Butterfly,Nymphalidae,Neorina,Neorina crishna,Neorina crishna crishna,Neorina crishna crishna male,Lepidoptera Butterfly Nymphalidae Neorina crishna crishna male
29581,Lepidoptera,Butterfly,Nymphalidae,Neorina,Neorina crishna,Neorina crishna,,Lepidoptera Butterfly Nymphalidae Neorina crishna nan nan
29584,Lepidoptera,Butterfly,Nymphalidae,Neorina,Neorina crishna,Neorina crishna,Neorina crishna male,Lepidoptera Butterfly Nymphalidae Neorina crishna nan male
29587,Lepidoptera,Butterfly,Nymphalidae,Neorina,Neorina crishna,Neorina crishna,Neorina crishna female,Lepidoptera Butterfly Nymphalidae Neorina crishna nan female
29595,Lepidoptera,Butterfly,Nymphalidae,Amathusia,Amathusia phidippus,Amathusia phidippus eutropius,,Lepidoptera Butterfly Nymphalidae Amathusia phidippus eutropius nan
29597,Lepidoptera,Butterfly,Nymphalidae,Amathusia,Amathusia phidippus,Amathusia phidippus eutropius,Amathusia phidippus eutropius male,Lepidoptera Butterfly Nymphalidae Amathusia phidippus eutropius male
29612,Lepidoptera,Butterfly,Nymphalidae,Amathusia,Amathusia phidippus,Amathusia phidippus eutropius,Amathusia phidippus eutropius female,Lepidoptera Butterfly Nymphalidae Amathusia phidippus eutropius female
29617,Lepidoptera,Butterfly,Nymphalidae,Amathusia,Amathusia phidippus,Amathusia phidippus,,Lepidoptera Butterfly Nymphalidae Amathusia phidippus nan nan
29622,Lepidoptera,Butterfly,Nymphalidae,Amathusia,Amathusia phidippus,Amathusia phidippus,Amathusia phidippus male,Lepidoptera Butterfly Nymphalidae Amathusia phidippus nan male
29628,Lepidoptera,Butterfly,Nymphalidae,Amathusia,Amathusia phidippus,Amathusia phidippus,Amathusia phidippus female,Lepidoptera Butterfly Nymphalidae Amathusia phidippus nan female
29632,Lepidoptera,Butterfly,Nymphalidae,Phalanta,Phalanta alcippe,Phalanta alcippe,,Lepidoptera Butterfly Nymphalidae Phalanta alcippe nan nan
29641,Lepidoptera,Butterfly,Nymphalidae,Phalanta,Phalanta alcippe,Phalanta alcippe drepana,,Lepidoptera Butterfly Nymphalidae Phalanta alcippe drepana nan
29642,Lepidoptera,Butterfly,Nymphalidae,Faunis,Faunis canens,Faunis canens arcesilas,,Lepidoptera Butterfly Nymphalidae Faunis canens arcesilas nan
29645,Lepidoptera,Butterfly,Nymphalidae,Neorina,Neorina crishna,Neorina crishna crishna,,Lepidoptera Butterfly Nymphalidae Neorina crishna crishna nan
29646,Lepidoptera,Butterfly,Nymphalidae,Taenaris,Taenaris diana,Taenaris diana diadema,,Lepidoptera Butterfly Nymphalidae Taenaris diana diadema nan
29647,Lepidoptera,Butterfly,Nymphalidae,Taenaris,Taenaris diana,Taenaris diana diadema,Taenaris diana diadema male,Lepidoptera Butterfly Nymphalidae Taenaris diana diadema male
29658,Lepidoptera,Butterfly,Nymphalidae,Taenaris,Taenaris diana,Taenaris diana diadema,Taenaris diana diadema female,Lepidoptera Butterfly Nymphalidae Taenaris diana diadema female
29663,Lepidoptera,Butterfly,Nymphalidae,Taenaris,Taenaris urania,Taenaris urania urania,Taenaris urania urania male,Lepidoptera Butterfly Nymphalidae Taenaris urania urania male
29664,Lepidoptera,Butterfly,Nymphalidae,Taenaris,Taenaris urania,Taenaris urania urania,Taenaris urania urania female,Lepidoptera Butterfly Nymphalidae Taenaris urania urania female
29666,Lepidoptera,Butterfly,Nymphalidae,Taenaris,Taenaris urania,Taenaris urania urania,,Lepidoptera Butterfly Nymphalidae Taenaris urania urania nan
29669,Lepidoptera,Butterfly,Nymphalidae,Amathuxidia,Amathuxidia amythaon,Amathuxidia amythaon pylaon,Amathuxidia amythaon pylaon male,Lepidoptera Butterfly Nymphalidae Amathuxidia amythaon pylaon male
29670,Lepidoptera,Butterfly,Nymphalidae,Discophora,Discophora sondaica,Discophora sondaica sondaica,Discophora sondaica sondaica female,Lepidoptera Butterfly Nymphalidae Discophora sondaica sondaica female
29671,Lepidoptera,Butterfly,Nymphalidae,Discophora,Discophora necho,Discophora necho necho,Discophora necho necho male,Lepidoptera Butterfly Nymphalidae Discophora necho necho male
29673,Lepidoptera,Butterfly,Nymphalidae,Discophora,Discophora celinde,Discophora celinde celinde,Discophora celinde celinde female,Lepidoptera Butterfly Nymphalidae Discophora celinde celinde female
29674,Lepidoptera,Butterfly,Nymphalidae,Discophora,Discophora sondaica,Discophora sondaica sondaica,Discophora sondaica sondaica male,Lepidoptera Butterfly Nymphalidae Discophora sondaica sondaica male
29676,Lepidoptera,Butterfly,Nymphalidae,Elymnias,Elymnias nesaea,Elymnias nesaea nesaea,,Lepidoptera Butterfly Nymphalidae Elymnias nesaea nesaea nan
29678,Lepidoptera,Butterfly,Nymphalidae,Cirrochroa,Cirrochroa aoris,Cirrochroa aoris aoris,Cirrochroa aoris aoris male,Lepidoptera Butterfly Nymphalidae Cirrochroa aoris aoris male
29683,Lepidoptera,Butterfly,Nymphalidae,Cirrochroa,Cirrochroa aoris,Cirrochroa aoris aoris,,Lepidoptera Butterfly Nymphalidae Cirrochroa aoris aoris nan
29687,Lepidoptera,Butterfly,Nymphalidae,Cirrochroa,Cirrochroa aoris,Cirrochroa aoris aoris,Cirrochroa aoris aoris female,Lepidoptera Butterfly Nymphalidae Cirrochroa aoris aoris female
29690,Lepidoptera,Butterfly,Nymphalidae,Elymnias,Elymnias dara,Elymnias dara darina,Elymnias dara darina female,Lepidoptera Butterfly Nymphalidae Elymnias dara darina female
29693,Lepidoptera,Butterfly,Nymphalidae,Elymnias,Elymnias dara,Elymnias dara darina,,Lepidoptera Butterfly Nymphalidae Elymnias dara darina nan
29694,Lepidoptera,Butterfly,Nymphalidae,Elymnias,Elymnias dara,Elymnias dara bengena,Elymnias dara bengena male,Lepidoptera Butterfly Nymphalidae Elymnias dara bengena male
29695,Lepidoptera,Butterfly,Nymphalidae,Elymnias,Elymnias dara,Elymnias dara bengena,Elymnias dara bengena female,Lepidoptera Butterfly Nymphalidae Elymnias dara bengena female
29699,Lepidoptera,Butterfly,Nymphalidae,Melanitis,Melanitis pyrrha,Melanitis pyrrha,Melanitis pyrrha male,Lepidoptera Butterfly Nymphalidae Melanitis pyrrha nan male
29701,Lepidoptera,Butterfly,Nymphalidae,Melanitis,Melanitis pyrrha,Melanitis pyrrha,Melanitis pyrrha female,Lepidoptera Butterfly Nymphalidae Melanitis pyrrha nan female
29721,Lepidoptera,Butterfly,Nymphalidae,Ypthima,Ypthima loryma,Ypthima loryma,,Lepidoptera Butterfly Nymphalidae Ypthima loryma nan nan
29722,Lepidoptera,Butterfly,Nymphalidae,Ypthima,Ypthima loryma,Ypthima loryma,Ypthima loryma female,Lepidoptera Butterfly Nymphalidae Ypthima loryma nan female
29724,Lepidoptera,Butterfly,Nymphalidae,Ypthima,Ypthima loryma,Ypthima loryma,Ypthima loryma male,Lepidoptera Butterfly Nymphalidae Ypthima loryma nan male
29733,Lepidoptera,Butterfly,Nymphalidae,Mycalesis,Mycalesis perseus,Mycalesis perseus tabitha,Mycalesis perseus tabitha female,Lepidoptera Butterfly Nymphalidae Mycalesis perseus tabitha female
29734,Lepidoptera,Butterfly,Nymphalidae,Mycalesis,Mycalesis perseus,Mycalesis perseus cepheus,,Lepidoptera Butterfly Nymphalidae Mycalesis perseus cepheus nan
29737,Lepidoptera,Butterfly,Nymphalidae,Mycalesis,Mycalesis perseus,Mycalesis perseus cepheus,Mycalesis perseus cepheus male,Lepidoptera Butterfly Nymphalidae Mycalesis perseus cepheus male
29749,Lepidoptera,Butterfly,Nymphalidae,Mycalesis,Mycalesis perseus,Mycalesis perseus persa,,Lepidoptera Butterfly Nymphalidae Mycalesis perseus persa nan
29752,Lepidoptera,Butterfly,Nymphalidae,Mycalesis,Mycalesis perseus,Mycalesis perseus persa,Mycalesis perseus persa male,Lepidoptera Butterfly Nymphalidae Mycalesis perseus persa male
29753,Lepidoptera,Butterfly,Nymphalidae,Mycalesis,Mycalesis perseus,Mycalesis perseus persa,Mycalesis perseus persa female,Lepidoptera Butterfly Nymphalidae Mycalesis perseus persa female
29754,Lepidoptera,Butterfly,Nymphalidae,Mycalesis,Mycalesis perseus,Mycalesis perseus lalassis,,Lepidoptera Butterfly Nymphalidae Mycalesis perseus lalassis nan
29759,Lepidoptera,Butterfly,Nymphalidae,Elymnias,Elymnias mimalon,Elymnias mimalon,,Lepidoptera Butterfly Nymphalidae Elymnias mimalon nan nan
29761,Lepidoptera,Butterfly,Nymphalidae,Elymnias,Elymnias mimalon,Elymnias mimalon,Elymnias mimalon male,Lepidoptera Butterfly Nymphalidae Elymnias mimalon nan male
29771,Lepidoptera,Butterfly,Nymphalidae,Elymnias,Elymnias mimalon,Elymnias mimalon,Elymnias mimalon female,Lepidoptera Butterfly Nymphalidae Elymnias mimalon nan female
29782,Lepidoptera,Butterfly,Nymphalidae,Elymnias,Elymnias patna,Elymnias patna patna,,Lepidoptera Butterfly Nymphalidae Elymnias patna patna nan
29783,Lepidoptera,Butterfly,Nymphalidae,Elymnias,Elymnias kanekoi,Elymnias kanekoi,,Lepidoptera Butterfly Nymphalidae Elymnias kanekoi nan nan
29784,Lepidoptera,Butterfly,Nymphalidae,Elymnias,Elymnias esaca,Elymnias esaca maheswara,Elymnias esaca maheswara male,Lepidoptera Butterfly Nymphalidae Elymnias esaca maheswara male
29785,Lepidoptera,Butterfly,Nymphalidae,Zethera,Zethera incerta,Zethera incerta,Zethera incerta male,Lepidoptera Butterfly Nymphalidae Zethera incerta nan male
29787,Lepidoptera,Butterfly,Nymphalidae,Zethera,Zethera incerta,Zethera incerta,,Lepidoptera Butterfly Nymphalidae Zethera incerta nan nan
29797,Lepidoptera,Butterfly,Nymphalidae,Zethera,Zethera incerta,Zethera incerta,Zethera incerta female,Lepidoptera Butterfly Nymphalidae Zethera incerta nan female
29801,Lepidoptera,Butterfly,Nymphalidae,Taenaris,Taenaris selene,Taenaris selene gigas,,Lepidoptera Butterfly Nymphalidae Taenaris selene gigas nan
29802,Lepidoptera,Butterfly,Nymphalidae,Taenaris,Taenaris myops,Taenaris myops rothschildi,,Lepidoptera Butterfly Nymphalidae Taenaris myops rothschildi nan
29803,Lepidoptera,Butterfly,Nymphalidae,Amathuxidia,Amathuxidia amythaon,Amathuxidia amythaon pylaon,,Lepidoptera Butterfly Nymphalidae Amathuxidia amythaon pylaon nan
29805,Lepidoptera,Butterfly,Nymphalidae,Amathuxidia,Amathuxidia amythaon,Amathuxidia amythaon pylaon,Amathuxidia amythaon pylaon female,Lepidoptera Butterfly Nymphalidae Amathuxidia amythaon pylaon female
29807,Lepidoptera,Butterfly,Nymphalidae,Vagrans,Vagrans egista,Vagrans egista elvira,Vagrans egista elvira male,Lepidoptera Butterfly Nymphalidae Vagrans egista elvira male
29809,Lepidoptera,Butterfly,Nymphalidae,Vagrans,Vagrans egista,Vagrans egista elvira,,Lepidoptera Butterfly Nymphalidae Vagrans egista elvira nan
29814,Lepidoptera,Butterfly,Nymphalidae,Vagrans,Vagrans egista,Vagrans egista elvira,Vagrans egista elvira female,Lepidoptera Butterfly Nymphalidae Vagrans egista elvira female
29821,Lepidoptera,Butterfly,Nymphalidae,Cirrochroa,Cirrochroa malaya,Cirrochroa malaya,,Lepidoptera Butterfly Nymphalidae Cirrochroa malaya nan nan
29840,Lepidoptera,Butterfly,Nymphalidae,Faunis,Faunis canens,Faunis canens arcesilas,Faunis canens arcesilas male,Lepidoptera Butterfly Nymphalidae Faunis canens arcesilas male
29853,Lepidoptera,Butterfly,Nymphalidae,Ypthima,Ypthima nigricans,Ypthima nigricans,,Lepidoptera Butterfly Nymphalidae Ypthima nigricans nan nan
29868,Lepidoptera,Butterfly,Nymphalidae,Zeuxidia,Zeuxidia doubledaii,Zeuxidia doubledaii,Zeuxidia doubledaii male,Lepidoptera Butterfly Nymphalidae Zeuxidia doubledaii nan male
29869,Lepidoptera,Butterfly,Nymphalidae,Zeuxidia,Zeuxidia doubledaii,Zeuxidia doubledaii,Zeuxidia doubledaii female,Lepidoptera Butterfly Nymphalidae Zeuxidia doubledaii nan female
29870,Lepidoptera,Butterfly,Nymphalidae,Mycalesis,Mycalesis perseus,Mycalesis perseus lalassis,Mycalesis perseus lalassis female,Lepidoptera Butterfly Nymphalidae Mycalesis perseus lalassis female
29901,Lepidoptera,Butterfly,Nymphalidae,Taenaris,Taenaris artemis,Taenaris artemis artemis,Taenaris artemis artemis female,Lepidoptera Butterfly Nymphalidae Taenaris artemis artemis female
29913,Lepidoptera,Butterfly,Nymphalidae,Amathuxidia,Amathuxidia amythaon,Amathuxidia amythaon dilucida,Amathuxidia amythaon dilucida female,Lepidoptera Butterfly Nymphalidae Amathuxidia amythaon dilucida female
29914,Lepidoptera,Butterfly,Nymphalidae,Amathuxidia,Amathuxidia amythaon,Amathuxidia amythaon dilucida,Amathuxidia amythaon dilucida male,Lepidoptera Butterfly Nymphalidae Amathuxidia amythaon dilucida male
29915,Lepidoptera,Butterfly,Nymphalidae,Zeuxidia,Zeuxidia amethystus,Zeuxidia amethystus amethystina,Zeuxidia amethystus amethystina male,Lepidoptera Butterfly Nymphalidae Zeuxidia amethystus amethystina male
29916,Lepidoptera,Butterfly,Nymphalidae,Zeuxidia,Zeuxidia ameythystus,Zeuxidia ameythystus,Zeuxidia ameythystus female,Lepidoptera Butterfly Nymphalidae Zeuxidia ameythystus nan female
29917,Lepidoptera,Butterfly,Nymphalidae,Cupha,Cupha lampetia,Cupha lampetia lampetia,,Lepidoptera Butterfly Nymphalidae Cupha lampetia lampetia nan
29919,Lepidoptera,Butterfly,Nymphalidae,Cupha,Cupha lampetia,Cupha lampetia lampetia,Cupha lampetia lampetia male,Lepidoptera Butterfly Nymphalidae Cupha lampetia lampetia male
29926,Lepidoptera,Butterfly,Nymphalidae,Cupha,Cupha lampetia,Cupha lampetia lampetia,Cupha lampetia lampetia female,Lepidoptera Butterfly Nymphalidae Cupha lampetia lampetia female
29927,Lepidoptera,Butterfly,Nymphalidae,Stichophthalma,Stichophthalma nourmahal,Stichophthalma nourmahal nurinissa,,Lepidoptera Butterfly Nymphalidae Stichophthalma nourmahal nurinissa nan
29932,Lepidoptera,Butterfly,Nymphalidae,Amathusia,Amathusia phidippus,Amathusia phidippus dilutus,Amathusia phidippus dilutus male,Lepidoptera Butterfly Nymphalidae Amathusia phidippus dilutus male
29935,Lepidoptera,Butterfly,Nymphalidae,Amathusia,Amathusia phidippus,Amathusia phidippus dilutus,Amathusia phidippus dilutus female,Lepidoptera Butterfly Nymphalidae Amathusia phidippus dilutus female
29938,Lepidoptera,Butterfly,Nymphalidae,Amathusia,Amathusia phidippus,Amathusia phidippus dilutus,,Lepidoptera Butterfly Nymphalidae Amathusia phidippus dilutus nan
29945,Lepidoptera,Butterfly,Nymphalidae,Amathusia,Amathusia virgata,Amathusia virgata,Amathusia virgata female,Lepidoptera Butterfly Nymphalidae Amathusia virgata nan female
29946,Lepidoptera,Butterfly,Nymphalidae,Ariadne,Ariadne merione,Ariadne merione ahamat,,Lepidoptera Butterfly Nymphalidae Ariadne merione ahamat nan
29947,Lepidoptera,Butterfly,Nymphalidae,Laringa,Laringa horsfieldii,Laringa horsfieldii,Laringa horsfieldii male,Lepidoptera Butterfly Nymphalidae Laringa horsfieldii nan male
29951,Lepidoptera,Butterfly,Nymphalidae,Laringa,Laringa horsfieldii,Laringa horsfieldii,Laringa horsfieldii female,Lepidoptera Butterfly Nymphalidae Laringa horsfieldii nan female
29953,Lepidoptera,Butterfly,Nymphalidae,Laringa,Laringa castelnaui,Laringa castelnaui,,Lepidoptera Butterfly Nymphalidae Laringa castelnaui nan nan
29954,Lepidoptera,Butterfly,Nymphalidae,Cupha,Cupha erymanthis,Cupha erymanthis disjuncta,Cupha erymanthis disjuncta male,Lepidoptera Butterfly Nymphalidae Cupha erymanthis disjuncta male
29955,Lepidoptera,Butterfly,Nymphalidae,Cupha,Cupha erymanthis,Cupha erymanthis disjuncta,Cupha erymanthis disjuncta female,Lepidoptera Butterfly Nymphalidae Cupha erymanthis disjuncta female
29958,Lepidoptera,Butterfly,Nymphalidae,Cupha,Cupha erymanthis,Cupha erymanthis synnara,,Lepidoptera Butterfly Nymphalidae Cupha erymanthis synnara nan
29961,Lepidoptera,Butterfly,Nymphalidae,Cupha,Cupha erymanthis,Cupha erymanthis synnara,Cupha erymanthis synnara male,Lepidoptera Butterfly Nymphalidae Cupha erymanthis synnara male
29962,Lepidoptera,Butterfly,Nymphalidae,Cupha,Cupha erymanthis,Cupha erymanthis synnara,Cupha erymanthis synnara female,Lepidoptera Butterfly Nymphalidae Cupha erymanthis synnara female
29967,Lepidoptera,Butterfly,Nymphalidae,Melantis,Melantis phedima,Melantis phedima bela,,Lepidoptera Butterfly Nymphalidae Melantis phedima bela nan
29969,Lepidoptera,Butterfly,Nymphalidae,Melanitis,Melanitis phedima,Melanitis phedima tambra,Melanitis phedima tambra female,Lepidoptera Butterfly Nymphalidae Melanitis phedima tambra female
29970,Lepidoptera,Butterfly,Nymphalidae,Melanitis,Melanitis phedima,Melanitis phedima tambra,,Lepidoptera Butterfly Nymphalidae Melanitis phedima tambra nan
29972,Lepidoptera,Butterfly,Nymphalidae,Elymnias,Elymnias panthera,Elymnias panthera,Elymnias panthera male,Lepidoptera Butterfly Nymphalidae Elymnias panthera nan male
29974,Lepidoptera,Butterfly,Nymphalidae,Elymnias,Elymnias panthera,Elymnias panthera,Elymnias panthera female,Lepidoptera Butterfly Nymphalidae Elymnias panthera nan female
29988,Lepidoptera,Butterfly,Nymphalidae,Elymnias,Elymnias panthera,Elymnias panthera,,Lepidoptera Butterfly Nymphalidae Elymnias panthera nan nan
29995,Lepidoptera,Butterfly,Nymphalidae,Taenaris,Taenaris catops,Taenaris catops,Taenaris catops female,Lepidoptera Butterfly Nymphalidae Taenaris catops nan female
29996,Lepidoptera,Butterfly,Nymphalidae,Taenaris,Taenaris catops,Taenaris catops,Taenaris catops male,Lepidoptera Butterfly Nymphalidae Taenaris catops nan male
30006,Lepidoptera,Butterfly,Nymphalidae,Taenaris,Taenaris chionides,Taenaris chionides kubaryi,,Lepidoptera Butterfly Nymphalidae Taenaris chionides kubaryi nan
30008,Lepidoptera,Butterfly,Nymphalidae,Stichophthalma,Stichophthalma louisa,Stichophthalma louisa louisa,,Lepidoptera Butterfly Nymphalidae Stichophthalma louisa louisa nan
30009,Lepidoptera,Butterfly,Nymphalidae,Amathusia,Amathusia phidippus,Amathusia phidippus melanops,Amathusia phidippus melanops male,Lepidoptera Butterfly Nymphalidae Amathusia phidippus melanops male
30018,Lepidoptera,Butterfly,Nymphalidae,Zeuxidia,Zeuxidia sibulana,Zeuxidia sibulana,Zeuxidia sibulana female,Lepidoptera Butterfly Nymphalidae Zeuxidia sibulana nan female
30019,Lepidoptera,Butterfly,Nymphalidae,Ariadne,Ariadne ariadne,Ariadne ariadne,Ariadne ariadne male,Lepidoptera Butterfly Nymphalidae Ariadne ariadne nan male
30020,Lepidoptera,Butterfly,Nymphalidae,Ariadne,Ariadne ariadne,Ariadne ariadne,,Lepidoptera Butterfly Nymphalidae Ariadne ariadne nan nan
30022,Lepidoptera,Butterfly,Nymphalidae,Ariadne,Ariadne ariadne,Ariadne ariadne ariadne,,Lepidoptera Butterfly Nymphalidae Ariadne ariadne ariadne nan
30028,Lepidoptera,Butterfly,Nymphalidae,Ypthima,Ypthima kalelonda,Ypthima kalelonda celebensis,,Lepidoptera Butterfly Nymphalidae Ypthima kalelonda celebensis nan
30081,Lepidoptera,Butterfly,Nymphalidae,Melanitis,Melanitis phedima,Melanitis phedima phedima,Melanitis phedima phedima male,Lepidoptera Butterfly Nymphalidae Melanitis phedima phedima male
30100,Lepidoptera,Butterfly,Nymphalidae,Elymnias,Elymnias panthera,Elymnias panthera dusara,Elymnias panthera dusara female,Lepidoptera Butterfly Nymphalidae Elymnias panthera dusara female
30101,Lepidoptera,Butterfly,Nymphalidae,Elymnias,Elymnias dara,Elymnias dara darina,Elymnias dara darina male,Lepidoptera Butterfly Nymphalidae Elymnias dara darina male
30105,Lepidoptera,Butterfly,Nymphalidae,Taenaris,Taenaris catops,Taenaris catops colarima,,Lepidoptera Butterfly Nymphalidae Taenaris catops colarima nan
30119,Lepidoptera,Butterfly,Pieridae,Cepora,Cepora abnormis,Cepora abnormis abnormis,Cepora abnormis abnormis male,Lepidoptera Butterfly Pieridae Cepora abnormis abnormis male
30123,Lepidoptera,Butterfly,Nymphalidae,Erites,Erites elegans,Erites elegans distincta,,Lepidoptera Butterfly Nymphalidae Erites elegans distincta nan
30124,Lepidoptera,Butterfly,Nymphalidae,Elymnias,Elymnias nesaea,Elymnias nesaea nesaea,Elymnias nesaea nesaea male,Lepidoptera Butterfly Nymphalidae Elymnias nesaea nesaea male
30134,Lepidoptera,Butterfly,Nymphalidae,Cirrochroa,Cirrochroa malaya,Cirrochroa malaya malaya,,Lepidoptera Butterfly Nymphalidae Cirrochroa malaya malaya nan
30135,Lepidoptera,Butterfly,Nymphalidae,Erites,Erites medura,Erites medura,Erites medura female,Lepidoptera Butterfly Nymphalidae Erites medura nan female
30144,Lepidoptera,Butterfly,Nymphalidae,Elymnias,Elymnias nesaea,Elymnias nesaea laisidis,Elymnias nesaea laisidis male,Lepidoptera Butterfly Nymphalidae Elymnias nesaea laisidis male
30146,Lepidoptera,Butterfly,Nymphalidae,Elymnias,Elymnias nesaea,Elymnias nesaea laisidis,Elymnias nesaea laisidis female,Lepidoptera Butterfly Nymphalidae Elymnias nesaea laisidis female
30154,Lepidoptera,Butterfly,Nymphalidae,Taenaris,Taenaris scylla,Taenaris scylla,Taenaris scylla male,Lepidoptera Butterfly Nymphalidae Taenaris scylla nan male
30156,Lepidoptera,Butterfly,Nymphalidae,Vindula,Vindula erota,Vindula erota pallida,Vindula erota pallida male,Lepidoptera Butterfly Nymphalidae Vindula erota pallida male
30157,Lepidoptera,Butterfly,Nymphalidae,Vindula,Vindula erota,Vindula erota pallida,Vindula erota pallida female,Lepidoptera Butterfly Nymphalidae Vindula erota pallida female
30159,Lepidoptera,Butterfly,Nymphalidae,Vindula,Vindula dejone,Vindula dejone erotella,Vindula dejone erotella male,Lepidoptera Butterfly Nymphalidae Vindula dejone erotella male
30173,Lepidoptera,Butterfly,Nymphalidae,Vindula,Vindula dejone,Vindula dejone erotella,Vindula dejone erotella female,Lepidoptera Butterfly Nymphalidae Vindula dejone erotella female
30177,Lepidoptera,Butterfly,Nymphalidae,Vindula,Vindula erota,Vindula erota javana,Vindula erota javana male,Lepidoptera Butterfly Nymphalidae Vindula erota javana male
30178,Lepidoptera,Butterfly,Nymphalidae,Vindula,Vindula erota,Vindula erota javana,Vindula erota javana female,Lepidoptera Butterfly Nymphalidae Vindula erota javana female
30185,Lepidoptera,Butterfly,Papilionidae,Papilio,Papilio lorquinianus,Papilio lorquinianus ochoco,Papilio lorquinianus ochoco male,Lepidoptera Butterfly Papilionidae Papilio lorquinianus ochoco male
30188,Lepidoptera,Butterfly,Nymphalidae,Cyrestis,Cyrestis nivea,Cyrestis nivea,Cyrestis nivea male,Lepidoptera Butterfly Nymphalidae Cyrestis nivea nan male
30189,Lepidoptera,Butterfly,Nymphalidae,Cyrestis,Cyrestis nivea,Cyrestis nivea,,Lepidoptera Butterfly Nymphalidae Cyrestis nivea nan nan
30191,Lepidoptera,Butterfly,Nymphalidae,Heteronympha,Heteronympha merope,Heteronympha merope,Heteronympha merope male,Lepidoptera Butterfly Nymphalidae Heteronympha merope nan male
30194,Lepidoptera,Butterfly,Nymphalidae,Geitoneura,Geitoneura klugii,Geitoneura klugii,Geitoneura klugii female,Lepidoptera Butterfly Nymphalidae Geitoneura klugii nan female
30196,Lepidoptera,Butterfly,Nymphalidae,Heteronympha,Heteronympha merope,Heteronympha merope,Heteronympha merope female,Lepidoptera Butterfly Nymphalidae Heteronympha merope nan female
30198,Lepidoptera,Butterfly,Nymphalidae,Oreixenica,Oreixenica kershawi,Oreixenica kershawi,,Lepidoptera Butterfly Nymphalidae Oreixenica kershawi nan nan
30206,Lepidoptera,Butterfly,Nymphalidae,Discophora,Discophora sondaica,Discophora sondaica,Discophora sondaica female,Lepidoptera Butterfly Nymphalidae Discophora sondaica nan female
30208,Lepidoptera,Butterfly,Nymphalidae,Discophora,Discophora sondaica,Discophora sondaica,Discophora sondaica male,Lepidoptera Butterfly Nymphalidae Discophora sondaica nan male
30213,Lepidoptera,Butterfly,Nymphalidae,Taenaris,Taenaris selene,Taenaris selene,,Lepidoptera Butterfly Nymphalidae Taenaris selene nan nan
30214,Lepidoptera,Butterfly,Nymphalidae,Taenaris,Taenaris gorgo,Taenaris gorgo gorgophone,,Lepidoptera Butterfly Nymphalidae Taenaris gorgo gorgophone nan
30216,Lepidoptera,Butterfly,Nymphalidae,Cirrochroa,Cirrochroa emalea,Cirrochroa emalea bajadeta,Cirrochroa emalea bajadeta male,Lepidoptera Butterfly Nymphalidae Cirrochroa emalea bajadeta male
30220,Lepidoptera,Butterfly,Nymphalidae,Cirrochroa,Cirrochroa emalea,Cirrochroa emalea bajadeta,,Lepidoptera Butterfly Nymphalidae Cirrochroa emalea bajadeta nan
30221,Lepidoptera,Butterfly,Nymphalidae,Elymnias,Elymnias beza,Elymnias beza beza,,Lepidoptera Butterfly Nymphalidae Elymnias beza beza nan
30223,Lepidoptera,Butterfly,Nymphalidae,Elymnias,Elymnias patna,Elymnias patna,,Lepidoptera Butterfly Nymphalidae Elymnias patna nan nan
30226,Lepidoptera,Butterfly,Nymphalidae,Elymnias,Elymnias esaca,Elymnias esaca maheswara,Elymnias esaca maheswara female,Lepidoptera Butterfly Nymphalidae Elymnias esaca maheswara female
30228,Lepidoptera,Butterfly,Nymphalidae,Taenaris,Taenaris dioptrica,Taenaris dioptrica dioptrica,Taenaris dioptrica dioptrica male,Lepidoptera Butterfly Nymphalidae Taenaris dioptrica dioptrica male
30229,Lepidoptera,Butterfly,Nymphalidae,Enispe,Enispe cycnus,Enispe cycnus,Enispe cycnus male,Lepidoptera Butterfly Nymphalidae Enispe cycnus nan male
30230,Lepidoptera,Butterfly,Nymphalidae,Enispe,Enispe cycnus,Enispe cycnus,Enispe cycnus female,Lepidoptera Butterfly Nymphalidae Enispe cycnus nan female
30232,Lepidoptera,Butterfly,Nymphalidae,Thaumantis,Thaumantis odana,Thaumantis odana,,Lepidoptera Butterfly Nymphalidae Thaumantis odana nan nan
30233,Lepidoptera,Butterfly,Nymphalidae,Thaumantis,Thaumantis odana,Thaumantis odana,Thaumantis odana male,Lepidoptera Butterfly Nymphalidae Thaumantis odana nan male
30239,Lepidoptera,Butterfly,Nymphalidae,Discophora,Discophora sondaica,Discophora sondaica,,Lepidoptera Butterfly Nymphalidae Discophora sondaica nan nan
30250,Lepidoptera,Butterfly,Nymphalidae,Ypthima,Ypthima iarba,Ypthima iarba gaugamela,Ypthima iarba gaugamela female,Lepidoptera Butterfly Nymphalidae Ypthima iarba gaugamela female
30251,Lepidoptera,Butterfly,Nymphalidae,Cirrochroa,Cirrochroa recondita,Cirrochroa recondita,,Lepidoptera Butterfly Nymphalidae Cirrochroa recondita nan nan
30253,Lepidoptera,Butterfly,Nymphalidae,Taenaris,Taenaris horsfieldi,Taenaris horsfieldi horsfieldi,Taenaris horsfieldi horsfieldi male,Lepidoptera Butterfly Nymphalidae Taenaris horsfieldi horsfieldi male
30268,Lepidoptera,Butterfly,Nymphalidae,Taenaris,Taenaris dioptrica,Taenaris dioptrica dioptrica,Taenaris dioptrica dioptrica female,Lepidoptera Butterfly Nymphalidae Taenaris dioptrica dioptrica female
30269,Lepidoptera,Butterfly,Nymphalidae,Taenaris,Taenaris onolaus,Taenaris onolaus onolaus,Taenaris onolaus onolaus male,Lepidoptera Butterfly Nymphalidae Taenaris onolaus onolaus male
30271,Lepidoptera,Butterfly,Nymphalidae,Taenaris,Taenaris onolaus,Taenaris onolaus onolaus,Taenaris onolaus onolaus female,Lepidoptera Butterfly Nymphalidae Taenaris onolaus onolaus female
30275,Lepidoptera,Butterfly,Nymphalidae,Taenaris,Taenaris onolaus,Taenaris onolaus onolaus,,Lepidoptera Butterfly Nymphalidae Taenaris onolaus onolaus nan
30312,Lepidoptera,Butterfly,Nymphalidae,Orsotriaena,Orsotriaena jopas,Orsotriaena jopas,,Lepidoptera Butterfly Nymphalidae Orsotriaena jopas nan nan
30329,Lepidoptera,Butterfly,Nymphalidae,Orsotriaena,Orsotriaena jopas,Orsotriaena jopas,Orsotriaena jopas female,Lepidoptera Butterfly Nymphalidae Orsotriaena jopas nan female
30330,Lepidoptera,Butterfly,Nymphalidae,Orsotriaena,Orsotriaena jopas,Orsotriaena jopas,Orsotriaena jopas male,Lepidoptera Butterfly Nymphalidae Orsotriaena jopas nan male
30350,Lepidoptera,Butterfly,Nymphalidae,Vindula,Vindula erota,Vindula erota orahilia,Vindula erota orahilia male,Lepidoptera Butterfly Nymphalidae Vindula erota orahilia male
30356,Lepidoptera,Butterfly,Papilionidae,Papilio,Papilio fuscus,Papilio fuscus indicatus,Papilio fuscus indicatus male,Lepidoptera Butterfly Papilionidae Papilio fuscus indicatus male
30360,Lepidoptera,Butterfly,Nymphalidae,Chersonesia,Chersonesia rahria,Chersonesia rahria,,Lepidoptera Butterfly Nymphalidae Chersonesia rahria nan nan
30361,Lepidoptera,Butterfly,Nymphalidae,Ariadne,Ariadne ariadne,Ariadne ariadne pallidior,,Lepidoptera Butterfly Nymphalidae Ariadne ariadne pallidior nan
30366,Lepidoptera,Butterfly,Nymphalidae,Heteronympha,Heteronympha penelope,Heteronympha penelope,Heteronympha penelope male,Lepidoptera Butterfly Nymphalidae Heteronympha penelope nan male
30367,Lepidoptera,Butterfly,Nymphalidae,Heteronympha,Heteronympha penelope,Heteronympha penelope,Heteronympha penelope female,Lepidoptera Butterfly Nymphalidae Heteronympha penelope nan female
30369,Lepidoptera,Butterfly,Nymphalidae,Oreixenica,Oreixenica lathoniella,Oreixenica lathoniella,,Lepidoptera Butterfly Nymphalidae Oreixenica lathoniella nan nan
30371,Lepidoptera,Butterfly,Nymphalidae,Neope,Neope lacticolora,Neope lacticolora,,Lepidoptera Butterfly Nymphalidae Neope lacticolora nan nan
30380,Lepidoptera,Butterfly,Nymphalidae,Discophora,Discophora necho,Discophora necho,Discophora necho male,Lepidoptera Butterfly Nymphalidae Discophora necho nan male
30382,Lepidoptera,Butterfly,Nymphalidae,Amnosia,Amnosia decora,Amnosia decora,Amnosia decora female,Lepidoptera Butterfly Nymphalidae Amnosia decora nan female
30383,Lepidoptera,Butterfly,Nymphalidae,Taenaris,Taenaris horsfieldi,Taenaris horsfieldi horsfieldi,,Lepidoptera Butterfly Nymphalidae Taenaris horsfieldi horsfieldi nan
30402,Lepidoptera,Butterfly,Nymphalidae,Taenaris,Taenaris horsfieldi,Taenaris horsfieldi horsfieldi,Taenaris horsfieldi horsfieldi female,Lepidoptera Butterfly Nymphalidae Taenaris horsfieldi horsfieldi female
30422,Lepidoptera,Butterfly,Nymphalidae,Taenaris,Taenaris catops,Taenaris catops catops,,Lepidoptera Butterfly Nymphalidae Taenaris catops catops nan
30436,Lepidoptera,Butterfly,Nymphalidae,Phalanta,Phalanta alcippe,Phalanta alcippe quinta,Phalanta alcippe quinta male,Lepidoptera Butterfly Nymphalidae Phalanta alcippe quinta male
30444,Lepidoptera,Butterfly,Nymphalidae,Phalanta,Phalanta alcippe,Phalanta alcippe quinta,Phalanta alcippe quinta female,Lepidoptera Butterfly Nymphalidae Phalanta alcippe quinta female
30454,Lepidoptera,Butterfly,Nymphalidae,Amathusia,Amathusia virgata,Amathusia virgata thoanthea,Amathusia virgata thoanthea male,Lepidoptera Butterfly Nymphalidae Amathusia virgata thoanthea male
30462,Lepidoptera,Butterfly,Nymphalidae,Discophora,Discophora bambusae,Discophora bambusae bambusae,Discophora bambusae bambusae male,Lepidoptera Butterfly Nymphalidae Discophora bambusae bambusae male
30471,Lepidoptera,Butterfly,Nymphalidae,Ariadne,Ariadne merione,Ariadne merione,,Lepidoptera Butterfly Nymphalidae Ariadne merione nan nan
30472,Lepidoptera,Butterfly,Nymphalidae,Ariadne,Ariadne merionoides,Ariadne merionoides merionoides,,Lepidoptera Butterfly Nymphalidae Ariadne merionoides merionoides nan
30473,Lepidoptera,Butterfly,Nymphalidae,Ariadne,Ariadne merionoides,Ariadne merionoides merionoides,Ariadne merionoides merionoides male,Lepidoptera Butterfly Nymphalidae Ariadne merionoides merionoides male
30485,Lepidoptera,Butterfly,Nymphalidae,Ypthima,Ypthima pandocus,Ypthima pandocus anana,,Lepidoptera Butterfly Nymphalidae Ypthima pandocus anana nan
30486,Lepidoptera,Butterfly,Nymphalidae,Laringa,Laringa castelnaui,Laringa castelnaui,Laringa castelnaui male,Lepidoptera Butterfly Nymphalidae Laringa castelnaui nan male
30489,Lepidoptera,Butterfly,Nymphalidae,Laringa,Laringa castelnaui,Laringa castelnaui,Laringa castelnaui female,Lepidoptera Butterfly Nymphalidae Laringa castelnaui nan female
30492,Lepidoptera,Butterfly,Nymphalidae,Cupha,Cupha erymanthis,Cupha erymanthis nagara,Cupha erymanthis nagara male,Lepidoptera Butterfly Nymphalidae Cupha erymanthis nagara male
30497,Lepidoptera,Butterfly,Nymphalidae,Cupha,Cupha erymanthis,Cupha erymanthis nagara,Cupha erymanthis nagara female,Lepidoptera Butterfly Nymphalidae Cupha erymanthis nagara female
30503,Lepidoptera,Butterfly,Nymphalidae,Taenaris,Taenaris catops,Taenaris catops catops,Taenaris catops catops male,Lepidoptera Butterfly Nymphalidae Taenaris catops catops male
30506,Lepidoptera,Butterfly,Nymphalidae,Taenaris,Taenaris catops,Taenaris catops laretta,Taenaris catops laretta male,Lepidoptera Butterfly Nymphalidae Taenaris catops laretta male
30509,Lepidoptera,Butterfly,Nymphalidae,Taenaris,Taenaris catops,Taenaris catops laretta,Taenaris catops laretta female,Lepidoptera Butterfly Nymphalidae Taenaris catops laretta female
30510,Lepidoptera,Butterfly,Nymphalidae,Cethosia,Cethosia leschenault,Cethosia leschenault,,Lepidoptera Butterfly Nymphalidae Cethosia leschenault nan nan
30517,Lepidoptera,Butterfly,Nymphalidae,Taenaris,Taenaris macrops,Taenaris macrops,,Lepidoptera Butterfly Nymphalidae Taenaris macrops nan nan
30518,Lepidoptera,Butterfly,Nymphalidae,Taenaris,Taenaris hyperbola,Taenaris hyperbola,,Lepidoptera Butterfly Nymphalidae Taenaris hyperbola nan nan
30520,Lepidoptera,Butterfly,Nymphalidae,Taenaris,Taenaris hyperbola,Taenaris hyperbola,Taenaris hyperbola male,Lepidoptera Butterfly Nymphalidae Taenaris hyperbola nan male
30523,Lepidoptera,Butterfly,Nymphalidae,Taenaris,Taenaris macrops,Taenaris macrops macropina,,Lepidoptera Butterfly Nymphalidae Taenaris macrops macropina nan
30525,Lepidoptera,Butterfly,Nymphalidae,Taenaris,Taenaris macrops,Taenaris macrops macropina,Taenaris macrops macropina female,Lepidoptera Butterfly Nymphalidae Taenaris macrops macropina female
30526,Lepidoptera,Butterfly,Nymphalidae,Taenaris,Taenaris mailua,Taenaris mailua mailua,,Lepidoptera Butterfly Nymphalidae Taenaris mailua mailua nan
30527,Lepidoptera,Butterfly,Nymphalidae,Vindula,Vindula arsinoe,Vindula arsinoe,Vindula arsinoe male,Lepidoptera Butterfly Nymphalidae Vindula arsinoe nan male
30542,Lepidoptera,Butterfly,Nymphalidae,Vagrans,Vagrans egista,Vagrans egista sinha,,Lepidoptera Butterfly Nymphalidae Vagrans egista sinha nan
30561,Lepidoptera,Butterfly,Nymphalidae,Cirrochroa,Cirrochroa emalea,Cirrochroa emalea ravana,,Lepidoptera Butterfly Nymphalidae Cirrochroa emalea ravana nan
30562,Lepidoptera,Butterfly,Nymphalidae,Cirrochroa,Cirrochroa emalea,Cirrochroa emalea ravana,Cirrochroa emalea ravana male,Lepidoptera Butterfly Nymphalidae Cirrochroa emalea ravana male
30563,Lepidoptera,Butterfly,Nymphalidae,Cirrochroa,Cirrochroa emalea,Cirrochroa emalea ravana,Cirrochroa emalea ravana female,Lepidoptera Butterfly Nymphalidae Cirrochroa emalea ravana female
30568,Lepidoptera,Butterfly,Nymphalidae,Cirrochroa,Cirrochroa thais,Cirrochroa thais,Cirrochroa thais female,Lepidoptera Butterfly Nymphalidae Cirrochroa thais nan female
30575,Lepidoptera,Butterfly,Nymphalidae,Cirrochroa,Cirrochroa emalea,Cirrochroa emalea martini,Cirrochroa emalea martini male,Lepidoptera Butterfly Nymphalidae Cirrochroa emalea martini male
30576,Lepidoptera,Butterfly,Nymphalidae,Cirrochroa,Cirrochroa emalea,Cirrochroa emalea martini,,Lepidoptera Butterfly Nymphalidae Cirrochroa emalea martini nan
30587,Lepidoptera,Butterfly,Nymphalidae,Cirrochroa,Cirrochroa emalea,Cirrochroa emalea martini,Cirrochroa emalea martini female,Lepidoptera Butterfly Nymphalidae Cirrochroa emalea martini female
30599,Lepidoptera,Butterfly,Nymphalidae,Melanitis,Melanitis zitenius,Melanitis zitenius,Melanitis zitenius female,Lepidoptera Butterfly Nymphalidae Melanitis zitenius nan female
30600,Lepidoptera,Butterfly,Nymphalidae,Melanitis,Melanitis amabilis,Melanitis amabilis,,Lepidoptera Butterfly Nymphalidae Melanitis amabilis nan nan
30601,Lepidoptera,Butterfly,Nymphalidae,Melanitis,Melanitis constantia,Melanitis constantia,Melanitis constantia male,Lepidoptera Butterfly Nymphalidae Melanitis constantia nan male
30621,Lepidoptera,Butterfly,Nymphalidae,Melanitis,Melanitis constantia,Melanitis constantia,,Lepidoptera Butterfly Nymphalidae Melanitis constantia nan nan
30638,Lepidoptera,Butterfly,Nymphalidae,Melanitis,Melanitis amabilis,Melanitis amabilis,Melanitis amabilis male,Lepidoptera Butterfly Nymphalidae Melanitis amabilis nan male
30642,Lepidoptera,Butterfly,Nymphalidae,Melanitis,Melanitis amabilis,Melanitis amabilis,Melanitis amabilis female,Lepidoptera Butterfly Nymphalidae Melanitis amabilis nan female
30652,Lepidoptera,Butterfly,Nymphalidae,Elymnias,Elymnias hypermnestra,Elymnias hypermnestra orientalis,,Lepidoptera Butterfly Nymphalidae Elymnias hypermnestra orientalis nan
30653,Lepidoptera,Butterfly,Nymphalidae,Elymnias,Elymnias hypermnestra,Elymnias hypermnestra orientalis,Elymnias hypermnestra orientalis male,Lepidoptera Butterfly Nymphalidae Elymnias hypermnestra orientalis male
30655,Lepidoptera,Butterfly,Nymphalidae,Elymnias,Elymnias kamara,Elymnias kamara,,Lepidoptera Butterfly Nymphalidae Elymnias kamara nan nan
30659,Lepidoptera,Butterfly,Nymphalidae,Taenaris,Taenaris dioptrica,Taenaris dioptrica dioptrica,,Lepidoptera Butterfly Nymphalidae Taenaris dioptrica dioptrica nan
30663,Lepidoptera,Butterfly,Nymphalidae,Taenaris,Taenaris dioptrica,Taenaris dioptrica,,Lepidoptera Butterfly Nymphalidae Taenaris dioptrica nan nan
30668,Lepidoptera,Butterfly,Nymphalidae,Zeuxidia,Zeuxidia luxerii,Zeuxidia luxerii luxerii,,Lepidoptera Butterfly Nymphalidae Zeuxidia luxerii luxerii nan
30675,Lepidoptera,Butterfly,Nymphalidae,Zeuxidia,Zeuxidia luxerii,Zeuxidia luxerii luxerii,Zeuxidia luxerii luxerii female,Lepidoptera Butterfly Nymphalidae Zeuxidia luxerii luxerii female
30681,Lepidoptera,Butterfly,Nymphalidae,Discophora,Discophora necho,Discophora necho cheops,Discophora necho cheops male,Lepidoptera Butterfly Nymphalidae Discophora necho cheops male
30685,Lepidoptera,Butterfly,Nymphalidae,Discophora,Discophora necho,Discophora necho cheops,,Lepidoptera Butterfly Nymphalidae Discophora necho cheops nan
30694,Lepidoptera,Butterfly,Nymphalidae,Discophora,Discophora necho,Discophora necho cheops,Discophora necho cheops female,Lepidoptera Butterfly Nymphalidae Discophora necho cheops female
30712,Lepidoptera,Butterfly,Nymphalidae,Phalanta,Phalanta alcippe,Phalanta alcippe celebensis,,Lepidoptera Butterfly Nymphalidae Phalanta alcippe celebensis nan
30713,Lepidoptera,Butterfly,Nymphalidae,Phalanta,Phalanta phalantha,Phalanta phalantha,,Lepidoptera Butterfly Nymphalidae Phalanta phalantha nan nan
30733,Lepidoptera,Butterfly,Nymphalidae,Vindula,Vindula dejone,Vindula dejone erotella,,Lepidoptera Butterfly Nymphalidae Vindula dejone erotella nan
30736,Lepidoptera,Butterfly,Nymphalidae,Vagrans,Vagrans egista,Vagrans egista obiana,Vagrans egista obiana male,Lepidoptera Butterfly Nymphalidae Vagrans egista obiana male
30738,Lepidoptera,Butterfly,Nymphalidae,Vagrans,Vagrans egista,Vagrans egista offaka,Vagrans egista offaka male,Lepidoptera Butterfly Nymphalidae Vagrans egista offaka male
30741,Lepidoptera,Butterfly,Nymphalidae,Vagrans,Vagrans egista,Vagrans egista offaka,,Lepidoptera Butterfly Nymphalidae Vagrans egista offaka nan
30746,Lepidoptera,Butterfly,Nymphalidae,Vagrans,Vagrans egista,Vagrans egista orfeda,Vagrans egista orfeda male,Lepidoptera Butterfly Nymphalidae Vagrans egista orfeda male
30748,Lepidoptera,Butterfly,Nymphalidae,Vagrans,Vagrans egista,Vagrans egista orfeda,Vagrans egista orfeda female,Lepidoptera Butterfly Nymphalidae Vagrans egista orfeda female
30752,Lepidoptera,Butterfly,Nymphalidae,Vagrans,Vagrans egista,Vagrans egista buruana,Vagrans egista buruana female,Lepidoptera Butterfly Nymphalidae Vagrans egista buruana female
30753,Lepidoptera,Butterfly,Nymphalidae,Vagrans,Vagrans egista,Vagrans egista buruana,Vagrans egista buruana male,Lepidoptera Butterfly Nymphalidae Vagrans egista buruana male
30764,Lepidoptera,Butterfly,Nymphalidae,Elymnias,Elymnias nesaea,Elymnias nesaea nesaea,Elymnias nesaea nesaea female,Lepidoptera Butterfly Nymphalidae Elymnias nesaea nesaea female
30801,Lepidoptera,Butterfly,Nymphalidae,Vindula,Vindula erota,Vindula erota erota,Vindula erota erota male,Lepidoptera Butterfly Nymphalidae Vindula erota erota male
30807,Lepidoptera,Butterfly,Papilionidae,Papilio,Papilio euchenor,Papilio euchenor eutropius,Papilio euchenor eutropius male,Lepidoptera Butterfly Papilionidae Papilio euchenor eutropius male
30815,Lepidoptera,Butterfly,Nymphalidae,Chersonesia,Chersonesia rahria,Chersonesia rahria celebensis,,Lepidoptera Butterfly Nymphalidae Chersonesia rahria celebensis nan
30834,Lepidoptera,Butterfly,Nymphalidae,Ariadne,Ariadne ariadne,Ariadne ariadne,Ariadne ariadne female,Lepidoptera Butterfly Nymphalidae Ariadne ariadne nan female
30847,Lepidoptera,Butterfly,Nymphalidae,Tisiphone,Tisiphone abeona,Tisiphone abeona albifascia,Tisiphone abeona albifascia female,Lepidoptera Butterfly Nymphalidae Tisiphone abeona albifascia female
30848,Lepidoptera,Butterfly,Nymphalidae,Tisiphone,Tisiphone abeona,Tisiphone abeona albifascia,Tisiphone abeona albifascia male,Lepidoptera Butterfly Nymphalidae Tisiphone abeona albifascia male
30853,Lepidoptera,Butterfly,Nymphalidae,Oreixenica,Oreixenica correae,Oreixenica correae,,Lepidoptera Butterfly Nymphalidae Oreixenica correae nan nan
30858,Lepidoptera,Butterfly,Nymphalidae,Elymnias,Elymnias dara,Elymnias dara deminuta,Elymnias dara deminuta male,Lepidoptera Butterfly Nymphalidae Elymnias dara deminuta male
30864,Lepidoptera,Butterfly,Nymphalidae,Elymnias,Elymnias hypermnestra,Elymnias hypermnestra hypermnestra,Elymnias hypermnestra hypermnestra male,Lepidoptera Butterfly Nymphalidae Elymnias hypermnestra hypermnestra male
30866,Lepidoptera,Butterfly,Nymphalidae,Elymnias,Elymnias casiphone,Elymnias casiphone casiphone,Elymnias casiphone casiphone female,Lepidoptera Butterfly Nymphalidae Elymnias casiphone casiphone female
30881,Lepidoptera,Butterfly,Nymphalidae,Faunis,Faunis canens,Faunis canens arcesilas,Faunis canens arcesilas female,Lepidoptera Butterfly Nymphalidae Faunis canens arcesilas female
30914,Lepidoptera,Butterfly,Nymphalidae,Discophora,Discophora necho,Discophora necho necho,Discophora necho necho female,Lepidoptera Butterfly Nymphalidae Discophora necho necho female
30917,Lepidoptera,Butterfly,Nymphalidae,Zeuxidia,Zeuxidia amethystus,Zeuxidia amethystus victrix,Zeuxidia amethystus victrix male,Lepidoptera Butterfly Nymphalidae Zeuxidia amethystus victrix male
30919,Lepidoptera,Butterfly,Nymphalidae,Thaumantis,Thaumantis noureddin,Thaumantis noureddin,,Lepidoptera Butterfly Nymphalidae Thaumantis noureddin nan nan
30922,Lepidoptera,Butterfly,Nymphalidae,Discophora,Discophora celinde,Discophora celinde celinde,Discophora celinde celinde male,Lepidoptera Butterfly Nymphalidae Discophora celinde celinde male
30923,Lepidoptera,Butterfly,Nymphalidae,Amnosia,Amnosia decora,Amnosia decora buluana,,Lepidoptera Butterfly Nymphalidae Amnosia decora buluana nan
30926,Lepidoptera,Butterfly,Nymphalidae,Taenaris,Taenaris chionides,Taenaris chionides aroana,Taenaris chionides aroana female,Lepidoptera Butterfly Nymphalidae Taenaris chionides aroana female
30928,Lepidoptera,Butterfly,Nymphalidae,Discophora,Discophora celinde,Discophora celinde,Discophora celinde male,Lepidoptera Butterfly Nymphalidae Discophora celinde nan male
30930,Lepidoptera,Butterfly,Nymphalidae,Elymnias,Elymnias hewitsoni,Elymnias hewitsoni atys,,Lepidoptera Butterfly Nymphalidae Elymnias hewitsoni atys nan
30935,Lepidoptera,Butterfly,Nymphalidae,Phalanta,Phalanta phalantha,Phalanta phalantha phalantha,,Lepidoptera Butterfly Nymphalidae Phalanta phalantha phalantha nan
30937,Lepidoptera,Butterfly,Nymphalidae,Phalanta,Phalanta phalantha,Phalanta phalantha phalantha,Phalanta phalantha phalantha female,Lepidoptera Butterfly Nymphalidae Phalanta phalantha phalantha female
30938,Lepidoptera,Butterfly,Nymphalidae,Phalanta,Phalanta phalantha,Phalanta phalantha phalantha,Phalanta phalantha phalantha male,Lepidoptera Butterfly Nymphalidae Phalanta phalantha phalantha male
30950,Lepidoptera,Butterfly,Nymphalidae,Phalanta,Phalanta alcippe,Phalanta alcippe drepana,Phalanta alcippe drepana male,Lepidoptera Butterfly Nymphalidae Phalanta alcippe drepana male
30957,Lepidoptera,Butterfly,Nymphalidae,Phalanta,Phalanta alcippe,Phalanta alcippe drepana,Phalanta alcippe drepana female,Lepidoptera Butterfly Nymphalidae Phalanta alcippe drepana female
31032,Lepidoptera,Butterfly,Nymphalidae,Ypthima,Ypthima pandocus,Ypthima pandocus pandocus,Ypthima pandocus pandocus female,Lepidoptera Butterfly Nymphalidae Ypthima pandocus pandocus female
31035,Lepidoptera,Butterfly,Nymphalidae,Cupha,Cupha maeonides,Cupha maeonides,,Lepidoptera Butterfly Nymphalidae Cupha maeonides nan nan
31039,Lepidoptera,Butterfly,Nymphalidae,Xanthotaenia,Xanthotaenia busiris,Xanthotaenia busiris obscura,Xanthotaenia busiris obscura male,Lepidoptera Butterfly Nymphalidae Xanthotaenia busiris obscura male
31041,Lepidoptera,Butterfly,Nymphalidae,Xanthotaenia,Xanthotaenia busiris,Xanthotaenia busiris obscura,,Lepidoptera Butterfly Nymphalidae Xanthotaenia busiris obscura nan
31042,Lepidoptera,Butterfly,Nymphalidae,Xanthotaenia,Xanthotaenia busiris,Xanthotaenia busiris obscura,Xanthotaenia busiris obscura female,Lepidoptera Butterfly Nymphalidae Xanthotaenia busiris obscura female
31045,Lepidoptera,Butterfly,Nymphalidae,Hyantis,Hyantis hodeva,Hyantis hodeva,Hyantis hodeva female,Lepidoptera Butterfly Nymphalidae Hyantis hodeva nan female
31047,Lepidoptera,Butterfly,Nymphalidae,Hyantis,Hyantis hodeva,Hyantis hodeva,,Lepidoptera Butterfly Nymphalidae Hyantis hodeva nan nan
31053,Lepidoptera,Butterfly,Nymphalidae,Hyantis,Hyantis hodeva,Hyantis hodeva,Hyantis hodeva male,Lepidoptera Butterfly Nymphalidae Hyantis hodeva nan male
31055,Lepidoptera,Butterfly,Nymphalidae,Hyantis,Hyantis hodeva,Hyantis hodeva microphthalma,Hyantis hodeva microphthalma female,Lepidoptera Butterfly Nymphalidae Hyantis hodeva microphthalma female
31056,Lepidoptera,Butterfly,Nymphalidae,Hyantis,Hyantis hodeva,Hyantis hodeva helvola,Hyantis hodeva helvola male,Lepidoptera Butterfly Nymphalidae Hyantis hodeva helvola male
31058,Lepidoptera,Butterfly,Nymphalidae,Morphopsis,Morphopsis albertisi,Morphopsis albertisi,,Lepidoptera Butterfly Nymphalidae Morphopsis albertisi nan nan
31060,Lepidoptera,Butterfly,Nymphalidae,Phalanta,Phalanta alcippe,Phalanta alcippe alcippina,Phalanta alcippe alcippina female,Lepidoptera Butterfly Nymphalidae Phalanta alcippe alcippina female
31061,Lepidoptera,Butterfly,Nymphalidae,Phalanta,Phalanta alcippe,Phalanta alcippe alcippina,Phalanta alcippe alcippina male,Lepidoptera Butterfly Nymphalidae Phalanta alcippe alcippina male
31068,Lepidoptera,Butterfly,Nymphalidae,Vindula,Vindula arsinoe,Vindula arsinoe,Vindula arsinoe female,Lepidoptera Butterfly Nymphalidae Vindula arsinoe nan female
31072,Lepidoptera,Butterfly,Nymphalidae,Cethosia,Cethosia hypsea,Cethosia hypsea hypsina,,Lepidoptera Butterfly Nymphalidae Cethosia hypsea hypsina nan
31073,Lepidoptera,Butterfly,Nymphalidae,Terinos,Terinos taxiles,Terinos taxiles amplior,Terinos taxiles amplior male,Lepidoptera Butterfly Nymphalidae Terinos taxiles amplior male
31078,Lepidoptera,Butterfly,Nymphalidae,Terinos,Terinos taxiles,Terinos taxiles amplior,,Lepidoptera Butterfly Nymphalidae Terinos taxiles amplior nan
31080,Lepidoptera,Butterfly,Nymphalidae,Terinos,Terinos taxiles,Terinos taxiles amplior,Terinos taxiles amplior female,Lepidoptera Butterfly Nymphalidae Terinos taxiles amplior female
31099,Lepidoptera,Butterfly,Nymphalidae,Cethosia,Cethosia biblis,Cethosia biblis logani,Cethosia biblis logani male,Lepidoptera Butterfly Nymphalidae Cethosia biblis logani male
31101,Lepidoptera,Butterfly,Nymphalidae,Cethosia,Cethosia biblis,Cethosia biblis logani,Cethosia biblis logani female,Lepidoptera Butterfly Nymphalidae Cethosia biblis logani female
31110,Lepidoptera,Butterfly,Nymphalidae,Cethosia,Cethosia hypsea,Cethosia hypsea,,Lepidoptera Butterfly Nymphalidae Cethosia hypsea nan nan
31132,Lepidoptera,Butterfly,Nymphalidae,Argynnis,Argynnis hyperbius,Argynnis hyperbius javanica,,Lepidoptera Butterfly Nymphalidae Argynnis hyperbius javanica nan
31142,Lepidoptera,Butterfly,Nymphalidae,Argynnis,Argynnis hyperbius,Argynnis hyperbius javanica,Argynnis hyperbius javanica male,Lepidoptera Butterfly Nymphalidae Argynnis hyperbius javanica male
31147,Lepidoptera,Butterfly,Nymphalidae,Argynnis,Argynnis hyperbius,Argynnis hyperbius javanica,Argynnis hyperbius javanica female,Lepidoptera Butterfly Nymphalidae Argynnis hyperbius javanica female
31163,Lepidoptera,Butterfly,Nymphalidae,Amathusia,Amathusia ochraceofusca,Amathusia ochraceofusca,,Lepidoptera Butterfly Nymphalidae Amathusia ochraceofusca nan nan
31167,Lepidoptera,Butterfly,Nymphalidae,Phalanta,Phalanta alcippe,Phalanta alcippe quinta,,Lepidoptera Butterfly Nymphalidae Phalanta alcippe quinta nan
31177,Lepidoptera,Butterfly,Nymphalidae,Phalanta,Phalanta alcippe,Phalanta alcippe alcippoides,Phalanta alcippe alcippoides male,Lepidoptera Butterfly Nymphalidae Phalanta alcippe alcippoides male
31191,Lepidoptera,Butterfly,Nymphalidae,Phalanta,Phalanta alcippe,Phalanta alcippe floresiana,,Lepidoptera Butterfly Nymphalidae Phalanta alcippe floresiana nan
31204,Lepidoptera,Butterfly,Nymphalidae,Amathuxidia,Amathuxidia plateni,Amathuxidia plateni,,Lepidoptera Butterfly Nymphalidae Amathuxidia plateni nan nan
31205,Lepidoptera,Butterfly,Nymphalidae,Amathuxidia,Amathuxidia plateni,Amathuxidia plateni,Amathuxidia plateni female,Lepidoptera Butterfly Nymphalidae Amathuxidia plateni nan female
31220,Lepidoptera,Butterfly,Nymphalidae,Taenaris,Taenaris catops,Taenaris catops turdula,,Lepidoptera Butterfly Nymphalidae Taenaris catops turdula nan
31260,Lepidoptera,Butterfly,Nymphalidae,Cyrestis,Cyrestis acilia,Cyrestis acilia,,Lepidoptera Butterfly Nymphalidae Cyrestis acilia nan nan
31283,Lepidoptera,Butterfly,Nymphalidae,Cyrestis,Cyrestis acilia,Cyrestis acilia jordani,,Lepidoptera Butterfly Nymphalidae Cyrestis acilia jordani nan
31295,Lepidoptera,Butterfly,Nymphalidae,Ariadne,Ariadne isaeus,Ariadne isaeus,,Lepidoptera Butterfly Nymphalidae Ariadne isaeus nan nan
31296,Lepidoptera,Butterfly,Nymphalidae,Elymnias,Elymnias ceryx,Elymnias ceryx ceryx,,Lepidoptera Butterfly Nymphalidae Elymnias ceryx ceryx nan
31298,Lepidoptera,Butterfly,Nymphalidae,Orsotriaena,Orsotriaena medus,Orsotriaena medus medus,Orsotriaena medus medus male,Lepidoptera Butterfly Nymphalidae Orsotriaena medus medus male
31300,Lepidoptera,Butterfly,Nymphalidae,Elymnias,Elymnias ceryx,Elymnias ceryx ceryx,Elymnias ceryx ceryx male,Lepidoptera Butterfly Nymphalidae Elymnias ceryx ceryx male
31306,Lepidoptera,Butterfly,Nymphalidae,Taenaris,Taenaris catops,Taenaris catops pamphagus,,Lepidoptera Butterfly Nymphalidae Taenaris catops pamphagus nan
31309,Lepidoptera,Butterfly,Nymphalidae,Taenaris,Taenaris macrops,Taenaris macrops,Taenaris macrops female,Lepidoptera Butterfly Nymphalidae Taenaris macrops nan female
31311,Lepidoptera,Butterfly,Nymphalidae,Amathusia,Amathusia perakana,Amathusia perakana taenia,,Lepidoptera Butterfly Nymphalidae Amathusia perakana taenia nan
31312,Lepidoptera,Butterfly,Nymphalidae,Amathusia,Amathusia phidippus,Amathusia phidippus phidippus,,Lepidoptera Butterfly Nymphalidae Amathusia phidippus phidippus nan
31314,Lepidoptera,Butterfly,Nymphalidae,Amathusia,Amathusia phidippus,Amathusia phidippus pollicaris,,Lepidoptera Butterfly Nymphalidae Amathusia phidippus pollicaris nan
31316,Lepidoptera,Butterfly,Lycaenidae,Zemeros,Zemeros flegyas,Zemeros flegyas flegyas,,Lepidoptera Butterfly Lycaenidae Zemeros flegyas flegyas nan
31327,Lepidoptera,Butterfly,Lycaenidae,Zemeros,Zemeros flegyas,Zemeros flegyas celebensis,Zemeros flegyas celebensis female,Lepidoptera Butterfly Lycaenidae Zemeros flegyas celebensis female
31328,Lepidoptera,Butterfly,Lycaenidae,Zemeros,Zemeros flegyas,Zemeros flegyas celebensis,,Lepidoptera Butterfly Lycaenidae Zemeros flegyas celebensis nan
31340,Lepidoptera,Butterfly,Nymphalidae,Ptychandra,Ptychandra schadenbergi,Ptychandra schadenbergi,,Lepidoptera Butterfly Nymphalidae Ptychandra schadenbergi nan nan
31369,Lepidoptera,Butterfly,Nymphalidae,Cethosia,Cethosia hypsea,Cethosia hypsea hypsina,Cethosia hypsea hypsina male,Lepidoptera Butterfly Nymphalidae Cethosia hypsea hypsina male
31382,Lepidoptera,Butterfly,Nymphalidae,Cethosia,Cethosia hypsea,Cethosia hypsea hypsina,Cethosia hypsea hypsina female,Lepidoptera Butterfly Nymphalidae Cethosia hypsea hypsina female
31428,Lepidoptera,Butterfly,Nymphalidae,Discophora,Discophora sondaica,Discophora sondaica despoliata,Discophora sondaica despoliata male,Lepidoptera Butterfly Nymphalidae Discophora sondaica despoliata male
31444,Lepidoptera,Butterfly,Nymphalidae,Discophora,Discophora timora,Discophora timora perakensis,Discophora timora perakensis male,Lepidoptera Butterfly Nymphalidae Discophora timora perakensis male
31445,Lepidoptera,Butterfly,Nymphalidae,Discophora,Discophora sondaica,Discophora sondaica despoliata,,Lepidoptera Butterfly Nymphalidae Discophora sondaica despoliata nan
31470,Lepidoptera,Butterfly,Lycaenidae,Dodona,Dodona deodata,Dodona deodata ohtsukai,Dodona deodata ohtsukai male,Lepidoptera Butterfly Lycaenidae Dodona deodata ohtsukai male
31471,Lepidoptera,Butterfly,Lycaenidae,Dodona,Dodona deodata,Dodona deodata ohtsukai,Dodona deodata ohtsukai female,Lepidoptera Butterfly Lycaenidae Dodona deodata ohtsukai female
31472,Lepidoptera,Butterfly,Lycaenidae,Dodona,Dodona deodata,Dodona deodata,,Lepidoptera Butterfly Lycaenidae Dodona deodata nan nan
31473,Lepidoptera,Butterfly,Lycaenidae,Dodona,Dodona aponata,Dodona aponata nicevillei,Dodona aponata nicevillei female,Lepidoptera Butterfly Lycaenidae Dodona aponata nicevillei female
31475,Lepidoptera,Butterfly,Nymphalidae,Cethosia,Cethosia cydippe,Cethosia cydippe cydippe,,Lepidoptera Butterfly Nymphalidae Cethosia cydippe cydippe nan
31493,Lepidoptera,Butterfly,Nymphalidae,Cethosia,Cethosia cydippe,Cethosia cydippe cydippe,Cethosia cydippe cydippe female,Lepidoptera Butterfly Nymphalidae Cethosia cydippe cydippe female
31494,Lepidoptera,Butterfly,Nymphalidae,Parantica,Parantica albata,Parantica albata albata,Parantica albata albata male,Lepidoptera Butterfly Nymphalidae Parantica albata albata male
31522,Lepidoptera,Butterfly,Nymphalidae,Parantica,Parantica albata,Parantica albata albata,Parantica albata albata Male,Lepidoptera Butterfly Nymphalidae Parantica albata albata Male
31534,Lepidoptera,Butterfly,Nymphalidae,Phalanta,Phalanta alcippe,Phalanta alcippe alcippoides,,Lepidoptera Butterfly Nymphalidae Phalanta alcippe alcippoides nan
31535,Lepidoptera,Butterfly,Nymphalidae,Phalanta,Phalanta alcippe,Phalanta alcippe alcippoides,Phalanta alcippe alcippoides female,Lepidoptera Butterfly Nymphalidae Phalanta alcippe alcippoides female
31543,Lepidoptera,Butterfly,Nymphalidae,Phalanta,Phalanta alcippe,Phalanta alcippe celebensis,Phalanta alcippe celebensis male,Lepidoptera Butterfly Nymphalidae Phalanta alcippe celebensis male
31546,Lepidoptera,Butterfly,Nymphalidae,Phalanta,Phalanta alcippe,Phalanta alcippe celebensis,Phalanta alcippe celebensis female,Lepidoptera Butterfly Nymphalidae Phalanta alcippe celebensis female
31565,Lepidoptera,Butterfly,Lycaenidae,Stiboges,Stiboges nymphidia,Stiboges nymphidia,,Lepidoptera Butterfly Lycaenidae Stiboges nymphidia nan nan
31570,Lepidoptera,Butterfly,Lycaenidae,Stiboges,Stiboges nymphidia,Stiboges nymphidia,Stiboges nymphidia female,Lepidoptera Butterfly Lycaenidae Stiboges nymphidia nan female
31575,Lepidoptera,Butterfly,Lycaenidae,Stiboges,Stiboges nymphidia,Stiboges nymphidia,Stiboges nymphidia male,Lepidoptera Butterfly Lycaenidae Stiboges nymphidia nan male
31583,Lepidoptera,Butterfly,Lycaenidae,Abisara,Abisara echerius,Abisara echerius celebica,Abisara echerius celebica female,Lepidoptera Butterfly Lycaenidae Abisara echerius celebica female
31618,Lepidoptera,Butterfly,Nymphalidae,Ideopsis,Ideopsis hewitsonii,Ideopsis hewitsonii,Ideopsis hewitsonii male,Lepidoptera Butterfly Nymphalidae Ideopsis hewitsonii nan male
31619,Lepidoptera,Butterfly,Nymphalidae,Ideopsis,Ideopsis hewitsonii,Ideopsis hewitsonii,,Lepidoptera Butterfly Nymphalidae Ideopsis hewitsonii nan nan
31625,Lepidoptera,Butterfly,Nymphalidae,Ideopsis,Ideopsis hewitsonii,Ideopsis hewitsonii,Ideopsis hewitsonii female,Lepidoptera Butterfly Nymphalidae Ideopsis hewitsonii nan female
31633,Lepidoptera,Butterfly,Nymphalidae,Tirumala,Tirumala septentrionis,Tirumala septentrionis,Tirumala septentrionis male,Lepidoptera Butterfly Nymphalidae Tirumala septentrionis nan male
31634,Lepidoptera,Butterfly,Nymphalidae,Tirumala,Tirumala septentrionis,Tirumala septentrionis,Tirumala septentrionis female,Lepidoptera Butterfly Nymphalidae Tirumala septentrionis nan female
31643,Lepidoptera,Butterfly,Nymphalidae,Cethosia,Cethosia hypsea,Cethosia hypsea fruhstorferi,Cethosia hypsea fruhstorferi male,Lepidoptera Butterfly Nymphalidae Cethosia hypsea fruhstorferi male
31646,Lepidoptera,Butterfly,Nymphalidae,Terinos,Terinos taxiles,Terinos taxiles abisares,Terinos taxiles abisares female,Lepidoptera Butterfly Nymphalidae Terinos taxiles abisares female
31648,Lepidoptera,Butterfly,Nymphalidae,Terinos,Terinos tethys,Terinos tethys udaios,Terinos tethys udaios male,Lepidoptera Butterfly Nymphalidae Terinos tethys udaios male
31649,Lepidoptera,Butterfly,Nymphalidae,Terinos,Terinos tethys,Terinos tethys udaios,,Lepidoptera Butterfly Nymphalidae Terinos tethys udaios nan
31650,Lepidoptera,Butterfly,Nymphalidae,Cethosia,Cethosia cydippe,Cethosia cydippe chrysippe,,Lepidoptera Butterfly Nymphalidae Cethosia cydippe chrysippe nan
31656,Lepidoptera,Butterfly,Nymphalidae,Cethosia,Cethosia myrina,Cethosia myrina sarnada,,Lepidoptera Butterfly Nymphalidae Cethosia myrina sarnada nan
31658,Lepidoptera,Butterfly,Nymphalidae,Cethosia,Cethosia myrina,Cethosia myrina ribbei,,Lepidoptera Butterfly Nymphalidae Cethosia myrina ribbei nan
31659,Lepidoptera,Butterfly,Nymphalidae,Cethosia,Cethosia hypsea,Cethosia hypsea munjava,,Lepidoptera Butterfly Nymphalidae Cethosia hypsea munjava nan
31660,Lepidoptera,Butterfly,Nymphalidae,Cethosia,Cethosia hypsea,Cethosia hypsea munjava,Cethosia hypsea munjava female,Lepidoptera Butterfly Nymphalidae Cethosia hypsea munjava female
31668,Lepidoptera,Butterfly,Nymphalidae,Amathusia,Amathusia phidippus,Amathusia phidippus phidippus,Amathusia phidippus phidippus male,Lepidoptera Butterfly Nymphalidae Amathusia phidippus phidippus male
31671,Lepidoptera,Butterfly,Nymphalidae,Zeuxidia,Zeuxidia aurelia,Zeuxidia aurelia,,Lepidoptera Butterfly Nymphalidae Zeuxidia aurelia nan nan
31698,Lepidoptera,Butterfly,Nymphalidae,Parantica,Parantica schenkii,Parantica schenkii,Parantica schenkii female,Lepidoptera Butterfly Nymphalidae Parantica schenkii nan female
31714,Lepidoptera,Butterfly,Nymphalidae,Parantica,Parantica schenkii,Parantica schenkii schenkii,Parantica schenkii schenkii male,Lepidoptera Butterfly Nymphalidae Parantica schenkii schenkii male
31717,Lepidoptera,Butterfly,Nymphalidae,Parantica,Parantica luzonensis,Parantica luzonensis larissa,Parantica luzonensis larissa female,Lepidoptera Butterfly Nymphalidae Parantica luzonensis larissa female
31724,Lepidoptera,Butterfly,Nymphalidae,Parantica,Parantica luzonensis,Parantica luzonensis larissa,Parantica luzonensis larissa male,Lepidoptera Butterfly Nymphalidae Parantica luzonensis larissa male
31738,Lepidoptera,Butterfly,Nymphalidae,Amathuxidia,Amathuxidia amythaon,Amathuxidia amythaon,Amathuxidia amythaon male,Lepidoptera Butterfly Nymphalidae Amathuxidia amythaon nan male
31739,Lepidoptera,Butterfly,Nymphalidae,Amathuxidia,Amathuxidia amythaon,Amathuxidia amythaon,,Lepidoptera Butterfly Nymphalidae Amathuxidia amythaon nan nan
31741,Lepidoptera,Butterfly,Nymphalidae,Thaumantis,Thaumantis odana,Thaumantis odana pishuna,Thaumantis odana pishuna male,Lepidoptera Butterfly Nymphalidae Thaumantis odana pishuna male
31742,Lepidoptera,Butterfly,Nymphalidae,Thaumantis,Thaumantis odana,Thaumantis odana pishuna,Thaumantis odana pishuna female,Lepidoptera Butterfly Nymphalidae Thaumantis odana pishuna female
31794,Lepidoptera,Butterfly,Nymphalidae,Ideopsis,Ideopsis juventa,Ideopsis juventa,Ideopsis juventa female,Lepidoptera Butterfly Nymphalidae Ideopsis juventa nan female
31845,Lepidoptera,Butterfly,Nymphalidae,Ideopsis,Ideopsis juventa,Ideopsis juventa,Ideopsis juventa male,Lepidoptera Butterfly Nymphalidae Ideopsis juventa nan male
31877,Lepidoptera,Butterfly,Nymphalidae,Parantica,Parantica albata,Parantica albata gilva,,Lepidoptera Butterfly Nymphalidae Parantica albata gilva nan
31881,Lepidoptera,Butterfly,Nymphalidae,Faunis,Faunis menado,Faunis menado chitone,,Lepidoptera Butterfly Nymphalidae Faunis menado chitone nan
31882,Lepidoptera,Butterfly,Nymphalidae,Faunis,Faunis menado,Faunis menado chitone,Faunis menado chitone male,Lepidoptera Butterfly Nymphalidae Faunis menado chitone male
31887,Lepidoptera,Butterfly,Nymphalidae,Faunis,Faunis menado,Faunis menado fruhstorferi,,Lepidoptera Butterfly Nymphalidae Faunis menado fruhstorferi nan
31891,Lepidoptera,Butterfly,Nymphalidae,Ariadne,Ariadne specularia,Ariadne specularia,Ariadne specularia male,Lepidoptera Butterfly Nymphalidae Ariadne specularia nan male
31893,Lepidoptera,Butterfly,Nymphalidae,Ariadne,Ariadne specularia,Ariadne specularia,Ariadne specularia female,Lepidoptera Butterfly Nymphalidae Ariadne specularia nan female
31895,Lepidoptera,Butterfly,Nymphalidae,Ariadne,Ariadne merione,Ariadne merione luzonia,,Lepidoptera Butterfly Nymphalidae Ariadne merione luzonia nan
31910,Lepidoptera,Butterfly,Nymphalidae,Cethosia,Cethosia mindanensis,Cethosia mindanensis,,Lepidoptera Butterfly Nymphalidae Cethosia mindanensis nan nan
31911,Lepidoptera,Butterfly,Nymphalidae,Cethosia,Cethosia obscura,Cethosia obscura antippe,,Lepidoptera Butterfly Nymphalidae Cethosia obscura antippe nan
31939,Lepidoptera,Butterfly,Nymphalidae,Parantica,Parantica agleoides,Parantica agleoides furius,Parantica agleoides furius male,Lepidoptera Butterfly Nymphalidae Parantica agleoides furius male
31942,Lepidoptera,Butterfly,Nymphalidae,Parantica,Parantica agleoides,Parantica agleoides furius,,Lepidoptera Butterfly Nymphalidae Parantica agleoides furius nan
31943,Lepidoptera,Butterfly,Nymphalidae,Parantica,Parantica agleoides,Parantica agleoides furius,Parantica agleoides furius female,Lepidoptera Butterfly Nymphalidae Parantica agleoides furius female
31946,Lepidoptera,Butterfly,Nymphalidae,Parantica,Parantica wegneri,Parantica wegneri,,Lepidoptera Butterfly Nymphalidae Parantica wegneri nan nan
31959,Lepidoptera,Butterfly,Nymphalidae,Phaedyma,Phaedyma amphion,Phaedyma amphion amphion,Phaedyma amphion amphion female,Lepidoptera Butterfly Nymphalidae Phaedyma amphion amphion female
31968,Lepidoptera,Butterfly,Nymphalidae,Phaedyma,Phaedyma amphion,Phaedyma amphion amphion,Phaedyma amphion amphion male,Lepidoptera Butterfly Nymphalidae Phaedyma amphion amphion male
31973,Lepidoptera,Butterfly,Nymphalidae,Phaedyma,Phaedyma amphion,Phaedyma amphion,Phaedyma amphion male,Lepidoptera Butterfly Nymphalidae Phaedyma amphion nan male
31974,Lepidoptera,Butterfly,Nymphalidae,Phaedyma,Phaedyma amphion,Phaedyma amphion,Phaedyma amphion female,Lepidoptera Butterfly Nymphalidae Phaedyma amphion nan female
31975,Lepidoptera,Butterfly,Nymphalidae,Phaedyma,Phaedyma amphion,Phaedyma amphion,,Lepidoptera Butterfly Nymphalidae Phaedyma amphion nan nan
31983,Lepidoptera,Butterfly,Nymphalidae,Lexias,Lexias dirtea,Lexias dirtea khasiana,Lexias dirtea khasiana male,Lepidoptera Butterfly Nymphalidae Lexias dirtea khasiana male
31986,Lepidoptera,Butterfly,Nymphalidae,Lexias,Lexias pardalis,Lexias pardalis nephritica,Lexias pardalis nephritica male,Lepidoptera Butterfly Nymphalidae Lexias pardalis nephritica male
31991,Lepidoptera,Butterfly,Nymphalidae,Lexias,Lexias pardalis,Lexias pardalis nephritica,,Lepidoptera Butterfly Nymphalidae Lexias pardalis nephritica nan
31999,Lepidoptera,Butterfly,Nymphalidae,Lexias,Lexias pardalis,Lexias pardalis nephritica,Lexias pardalis nephritica female,Lepidoptera Butterfly Nymphalidae Lexias pardalis nephritica female
32005,Lepidoptera,Butterfly,Nymphalidae,Lexias,Lexias pardalis,Lexias pardalis gigantea,Lexias pardalis gigantea male,Lepidoptera Butterfly Nymphalidae Lexias pardalis gigantea male
32006,Lepidoptera,Butterfly,Nymphalidae,Lexias,Lexias pardalis,Lexias pardalis gigantea,Lexias pardalis gigantea female,Lepidoptera Butterfly Nymphalidae Lexias pardalis gigantea female
32007,Lepidoptera,Butterfly,Nymphalidae,Lexias,Lexias pardalis,Lexias pardalis gigantea,,Lepidoptera Butterfly Nymphalidae Lexias pardalis gigantea nan
32009,Lepidoptera,Butterfly,Nymphalidae,Dophla,Dophla evelina,Dophla evelina sikandi,Dophla evelina sikandi male,Lepidoptera Butterfly Nymphalidae Dophla evelina sikandi male
32016,Lepidoptera,Butterfly,Nymphalidae,Dophla,Dophla evelina,Dophla evelina sikandi,Dophla evelina sikandi female,Lepidoptera Butterfly Nymphalidae Dophla evelina sikandi female
32018,Lepidoptera,Butterfly,Lycaenidae,Abisara,Abisara geza,Abisara geza,,Lepidoptera Butterfly Lycaenidae Abisara geza nan nan
32022,Lepidoptera,Butterfly,Lycaenidae,Abisara,Abisara geza,Abisara geza,Abisara geza male,Lepidoptera Butterfly Lycaenidae Abisara geza nan male
32028,Lepidoptera,Butterfly,Nymphalidae,Zeuxidia,Zeuxidia luxerii,Zeuxidia luxerii,Zeuxidia luxerii male,Lepidoptera Butterfly Nymphalidae Zeuxidia luxerii nan male
32030,Lepidoptera,Butterfly,Nymphalidae,Amnosia,Amnosia decora,Amnosia decora,Amnosia decora male,Lepidoptera Butterfly Nymphalidae Amnosia decora nan male
32032,Lepidoptera,Butterfly,Nymphalidae,Zeuxidia,Zeuxidia luxerii,Zeuxidia luxerii,Zeuxidia luxerii female,Lepidoptera Butterfly Nymphalidae Zeuxidia luxerii nan female
32037,Lepidoptera,Butterfly,Nymphalidae,Xanthotaenia,Xanthotaenia busiris,Xanthotaenia busiris burra,Xanthotaenia busiris burra female,Lepidoptera Butterfly Nymphalidae Xanthotaenia busiris burra female
32039,Lepidoptera,Butterfly,Nymphalidae,Taenaris,Taenaris horsfieldii,Taenaris horsfieldii,Taenaris horsfieldii female,Lepidoptera Butterfly Nymphalidae Taenaris horsfieldii nan female
32044,Lepidoptera,Butterfly,Nymphalidae,Phalanta,Phalanta alcippe,Phalanta alcippe alcippe,,Lepidoptera Butterfly Nymphalidae Phalanta alcippe alcippe nan
32045,Lepidoptera,Butterfly,Nymphalidae,Phalanta,Phalanta alcippe,Phalanta alcippe violetta,Phalanta alcippe violetta male,Lepidoptera Butterfly Nymphalidae Phalanta alcippe violetta male
32046,Lepidoptera,Butterfly,Nymphalidae,Phalanta,Phalanta alcippe,Phalanta alcippe alcippe,Phalanta alcippe alcippe male,Lepidoptera Butterfly Nymphalidae Phalanta alcippe alcippe male
32047,Lepidoptera,Butterfly,Nymphalidae,Vagrans,Vagrans egista,Vagrans egista macromalayana,,Lepidoptera Butterfly Nymphalidae Vagrans egista macromalayana nan
32057,Lepidoptera,Butterfly,Nymphalidae,Cirrochroa,Cirrochroa satellita,Cirrochroa satellita satellita,Cirrochroa satellita satellita male,Lepidoptera Butterfly Nymphalidae Cirrochroa satellita satellita male
32059,Lepidoptera,Butterfly,Nymphalidae,Cirrochroa,Cirrochroa satellita,Cirrochroa satellita satellita,,Lepidoptera Butterfly Nymphalidae Cirrochroa satellita satellita nan
32063,Lepidoptera,Butterfly,Nymphalidae,Cirrochroa,Cirrochroa orissa,Cirrochroa orissa orissa,Cirrochroa orissa orissa female,Lepidoptera Butterfly Nymphalidae Cirrochroa orissa orissa female
32064,Lepidoptera,Butterfly,Nymphalidae,Cirrochroa,Cirrochroa orissa,Cirrochroa orissa orissa,,Lepidoptera Butterfly Nymphalidae Cirrochroa orissa orissa nan
32074,Lepidoptera,Butterfly,Nymphalidae,Heteronympha,Heteronympha paradelpha,Heteronympha paradelpha,Heteronympha paradelpha female,Lepidoptera Butterfly Nymphalidae Heteronympha paradelpha nan female
32075,Lepidoptera,Butterfly,Nymphalidae,Xanthotaenia,Xanthotaenia busiris,Xanthotaenia busiris burra,,Lepidoptera Butterfly Nymphalidae Xanthotaenia busiris burra nan
32076,Lepidoptera,Butterfly,Nymphalidae,Xanthotaenia,Xanthotaenia busiris,Xanthotaenia busiris burra,Xanthotaenia busiris burra male,Lepidoptera Butterfly Nymphalidae Xanthotaenia busiris burra male
32118,Lepidoptera,Butterfly,Nymphalidae,Cethosia,Cethosia biblis,Cethosia biblis javana,Cethosia biblis javana male,Lepidoptera Butterfly Nymphalidae Cethosia biblis javana male
32122,Lepidoptera,Butterfly,Nymphalidae,Cethosia,Cethosia biblis,Cethosia biblis javana,,Lepidoptera Butterfly Nymphalidae Cethosia biblis javana nan
32131,Lepidoptera,Butterfly,Nymphalidae,Cethosia,Cethosia myrina,Cethosia myrina,Cethosia myrina female,Lepidoptera Butterfly Nymphalidae Cethosia myrina nan female
32161,Lepidoptera,Butterfly,Nymphalidae,Ypthima,Ypthima nynias,Ypthima nynias,,Lepidoptera Butterfly Nymphalidae Ypthima nynias nan nan
32164,Lepidoptera,Butterfly,Nymphalidae,Ypthima,Ypthima aphnius,Ypthima aphnius leuce,,Lepidoptera Butterfly Nymphalidae Ypthima aphnius leuce nan
32168,Lepidoptera,Butterfly,Nymphalidae,Laringa,Laringa horsfieldii,Laringa horsfieldii velitra,,Lepidoptera Butterfly Nymphalidae Laringa horsfieldii velitra nan
32190,Lepidoptera,Butterfly,Nymphalidae,Melanitis,Melanitis phedima,Melanitis phedima,,Lepidoptera Butterfly Nymphalidae Melanitis phedima nan nan
32195,Lepidoptera,Butterfly,Nymphalidae,Melanitis,Melanitis phedima,Melanitis phedima,Melanitis phedima male,Lepidoptera Butterfly Nymphalidae Melanitis phedima nan male
32198,Lepidoptera,Butterfly,Nymphalidae,Amathusia,Amathusia phidippus,Amathusia phidippus niasana,Amathusia phidippus niasana male,Lepidoptera Butterfly Nymphalidae Amathusia phidippus niasana male
32207,Lepidoptera,Butterfly,Nymphalidae,Taenaris,Taenaris domitilla,Taenaris domitilla agrippa,Taenaris domitilla agrippa female,Lepidoptera Butterfly Nymphalidae Taenaris domitilla agrippa female
32209,Lepidoptera,Butterfly,Nymphalidae,Taenaris,Taenaris domitilla,Taenaris domitilla agrippa,,Lepidoptera Butterfly Nymphalidae Taenaris domitilla agrippa nan
32211,Lepidoptera,Butterfly,Nymphalidae,Taenaris,Taenaris domitilla,Taenaris domitilla agrippa,Taenaris domitilla agrippa male,Lepidoptera Butterfly Nymphalidae Taenaris domitilla agrippa male
32215,Lepidoptera,Butterfly,Nymphalidae,Taenaris,Taenaris dioptrica,Taenaris dioptrica,Taenaris dioptrica male,Lepidoptera Butterfly Nymphalidae Taenaris dioptrica nan male
32223,Lepidoptera,Butterfly,Nymphalidae,Euthalia,Euthalia alpheda,Euthalia alpheda,Euthalia alpheda male,Lepidoptera Butterfly Nymphalidae Euthalia alpheda nan male
32224,Lepidoptera,Butterfly,Nymphalidae,Ragadia,Ragadia luzonia,Ragadia luzonia,,Lepidoptera Butterfly Nymphalidae Ragadia luzonia nan nan
32242,Lepidoptera,Butterfly,Nymphalidae,Cethosia,Cethosia cydippe,Cethosia cydippe chrysippe,Cethosia cydippe chrysippe male,Lepidoptera Butterfly Nymphalidae Cethosia cydippe chrysippe male
32254,Lepidoptera,Butterfly,Nymphalidae,Cyrestis,Cyrestis thyonneus,Cyrestis thyonneus,,Lepidoptera Butterfly Nymphalidae Cyrestis thyonneus nan nan
32256,Lepidoptera,Butterfly,Nymphalidae,Cyrestis,Cyrestis strigata,Cyrestis strigata strigata,,Lepidoptera Butterfly Nymphalidae Cyrestis strigata strigata nan
32259,Lepidoptera,Butterfly,Nymphalidae,Vindula,Vindula sapor,Vindula sapor,Vindula sapor male,Lepidoptera Butterfly Nymphalidae Vindula sapor nan male
32262,Lepidoptera,Butterfly,Nymphalidae,Vindula,Vindula sapor,Vindula sapor,,Lepidoptera Butterfly Nymphalidae Vindula sapor nan nan
32263,Lepidoptera,Butterfly,Nymphalidae,Vindula,Vindula sapor,Vindula sapor,Vindula sapor female,Lepidoptera Butterfly Nymphalidae Vindula sapor nan female
32275,Lepidoptera,Butterfly,Lycaenidae,Zemeros,Zemeros flegyas,Zemeros flegyas celebensis,Zemeros flegyas celebensis male,Lepidoptera Butterfly Lycaenidae Zemeros flegyas celebensis male
32307,Lepidoptera,Butterfly,Nymphalidae,Amathusia,Amathusia phidippus,Amathusia phidippus majada,Amathusia phidippus majada female,Lepidoptera Butterfly Nymphalidae Amathusia phidippus majada female
32308,Lepidoptera,Butterfly,Nymphalidae,Amathusia,Amathusia phidippus,Amathusia phidippus majada,Amathusia phidippus majada male,Lepidoptera Butterfly Nymphalidae Amathusia phidippus majada male
32310,Lepidoptera,Butterfly,Nymphalidae,Cethosia,Cethosia lamarckii,Cethosia lamarckii elateia,Cethosia lamarckii elateia male,Lepidoptera Butterfly Nymphalidae Cethosia lamarckii elateia male
32311,Lepidoptera,Butterfly,Nymphalidae,Cethosia,Cethosia lamarckii,Cethosia lamarckii elateia,,Lepidoptera Butterfly Nymphalidae Cethosia lamarckii elateia nan
32313,Lepidoptera,Butterfly,Nymphalidae,Cethosia,Cethosia cydippe,Cethosia cydippe insulata,Cethosia cydippe insulata female,Lepidoptera Butterfly Nymphalidae Cethosia cydippe insulata female
32315,Lepidoptera,Butterfly,Nymphalidae,Cethosia,Cethosia cydippe,Cethosia cydippe insulata,Cethosia cydippe insulata male,Lepidoptera Butterfly Nymphalidae Cethosia cydippe insulata male
32317,Lepidoptera,Butterfly,Nymphalidae,Cethosia,Cethosia cydippe,Cethosia cydippe insulata,,Lepidoptera Butterfly Nymphalidae Cethosia cydippe insulata nan
32319,Lepidoptera,Butterfly,Nymphalidae,Argynnis,Argynnis hyperbius,Argynnis hyperbius sagada,,Lepidoptera Butterfly Nymphalidae Argynnis hyperbius sagada nan
32329,Lepidoptera,Butterfly,Nymphalidae,Vindula,Vindula dejone,Vindula dejone,Vindula dejone male,Lepidoptera Butterfly Nymphalidae Vindula dejone nan male
32337,Lepidoptera,Butterfly,Lycaenidae,Abisara,Abisara geza,Abisara geza erilda,,Lepidoptera Butterfly Lycaenidae Abisara geza erilda nan
32340,Lepidoptera,Butterfly,Lycaenidae,Abisara,Abisara geza,Abisara geza erilda,Abisara geza erilda male,Lepidoptera Butterfly Lycaenidae Abisara geza erilda male
32341,Lepidoptera,Butterfly,Lycaenidae,Abisara,Abisara geza,Abisara geza erilda,Abisara geza erilda female,Lepidoptera Butterfly Lycaenidae Abisara geza erilda female
32342,Lepidoptera,Butterfly,Lycaenidae,Abisara,Abisara savitri,Abisara savitri atlas,Abisara savitri atlas male,Lepidoptera Butterfly Lycaenidae Abisara savitri atlas male
32343,Lepidoptera,Butterfly,Nymphalidae,Cethosia,Cethosia cydippe,Cethosia cydippe bernsteini,Cethosia cydippe bernsteini male,Lepidoptera Butterfly Nymphalidae Cethosia cydippe bernsteini male
32353,Lepidoptera,Butterfly,Nymphalidae,Cethosia,Cethosia cydippe,Cethosia cydippe bernsteini,Cethosia cydippe bernsteini female,Lepidoptera Butterfly Nymphalidae Cethosia cydippe bernsteini female
32360,Lepidoptera,Butterfly,Nymphalidae,Cyrestis,Cyrestis achates,Cyrestis achates,,Lepidoptera Butterfly Nymphalidae Cyrestis achates nan nan
32361,Lepidoptera,Butterfly,Nymphalidae,Cyrestis,Cyrestis thyonneus,Cyrestis thyonneus sulaensis,,Lepidoptera Butterfly Nymphalidae Cyrestis thyonneus sulaensis nan
32408,Lepidoptera,Butterfly,Nymphalidae,Dophla,Dophla evelina,Dophla evelina,,Lepidoptera Butterfly Nymphalidae Dophla evelina nan nan
32418,Lepidoptera,Butterfly,Lycaenidae,Abisara,Abisara echerius,Abisara echerius saleyra,,Lepidoptera Butterfly Lycaenidae Abisara echerius saleyra nan
32430,Lepidoptera,Butterfly,Lycaenidae,Stiboges,Stiboges nymphidia,Stiboges nymphidia calycoides,Stiboges nymphidia calycoides female,Lepidoptera Butterfly Lycaenidae Stiboges nymphidia calycoides female
32475,Lepidoptera,Butterfly,Nymphalidae,Ideopsis,Ideopsis gaura,Ideopsis gaura gaura,Ideopsis gaura gaura female,Lepidoptera Butterfly Nymphalidae Ideopsis gaura gaura female
32477,Lepidoptera,Butterfly,Nymphalidae,Ideopsis,Ideopsis gaura,Ideopsis gaura gaura,Ideopsis gaura gaura male,Lepidoptera Butterfly Nymphalidae Ideopsis gaura gaura male
32479,Lepidoptera,Butterfly,Nymphalidae,Cethosia,Cethosia hypsea,Cethosia hypsea munjava,Cethosia hypsea munjava male,Lepidoptera Butterfly Nymphalidae Cethosia hypsea munjava male
32484,Lepidoptera,Butterfly,Nymphalidae,Cirrochroa,Cirrochroa thule,Cirrochroa thule,Cirrochroa thule male,Lepidoptera Butterfly Nymphalidae Cirrochroa thule nan male
32485,Lepidoptera,Butterfly,Nymphalidae,Cirrochroa,Cirrochroa thule,Cirrochroa thule,,Lepidoptera Butterfly Nymphalidae Cirrochroa thule nan nan
32493,Lepidoptera,Butterfly,Nymphalidae,Cirrochroa,Cirrochroa thule,Cirrochroa thule,Cirrochroa thule female,Lepidoptera Butterfly Nymphalidae Cirrochroa thule nan female
32506,Lepidoptera,Butterfly,Nymphalidae,Cethosia,Cethosia cydippe,Cethosia cydippe bernsteini,,Lepidoptera Butterfly Nymphalidae Cethosia cydippe bernsteini nan
32532,Lepidoptera,Butterfly,Nymphalidae,Cethosia,Cethosia cyane,Cethosia cyane cyane,Cethosia cyane cyane male,Lepidoptera Butterfly Nymphalidae Cethosia cyane cyane male
32556,Lepidoptera,Butterfly,Nymphalidae,Faunis,Faunis menado,Faunis menado pleonasma,,Lepidoptera Butterfly Nymphalidae Faunis menado pleonasma nan
32574,Lepidoptera,Butterfly,Nymphalidae,Hypocysta,Hypocysta osyris,Hypocysta osyris,,Lepidoptera Butterfly Nymphalidae Hypocysta osyris nan nan
32575,Lepidoptera,Butterfly,Nymphalidae,Amnosia,Amnosia decora,Amnosia decora,,Lepidoptera Butterfly Nymphalidae Amnosia decora nan nan
32585,Lepidoptera,Butterfly,Nymphalidae,Vindula,Vindula dejone,Vindula dejone obiensis,Vindula dejone obiensis male,Lepidoptera Butterfly Nymphalidae Vindula dejone obiensis male
32604,Lepidoptera,Butterfly,Nymphalidae,Elymnias,Elymnias hypermnestra,Elymnias hypermnestra undularis,,Lepidoptera Butterfly Nymphalidae Elymnias hypermnestra undularis nan
32608,Lepidoptera,Butterfly,Nymphalidae,Melanitis,Melanitis velutina,Melanitis velutina,Melanitis velutina male,Lepidoptera Butterfly Nymphalidae Melanitis velutina nan male
32611,Lepidoptera,Butterfly,Nymphalidae,Melanitis,Melanitis velutina,Melanitis velutina,Melanitis velutina female,Lepidoptera Butterfly Nymphalidae Melanitis velutina nan female
32616,Lepidoptera,Butterfly,Nymphalidae,Melanitis,Melanitis velutina,Melanitis velutina,,Lepidoptera Butterfly Nymphalidae Melanitis velutina nan nan
32631,Lepidoptera,Butterfly,Nymphalidae,Zeuxidia,Zeuxidia aurelius,Zeuxidia aurelius aureliana,Zeuxidia aurelius aureliana male,Lepidoptera Butterfly Nymphalidae Zeuxidia aurelius aureliana male
32633,Lepidoptera,Butterfly,Nymphalidae,Zeuxidia,Zeuxidia aurelius,Zeuxidia aurelius aureliana,Zeuxidia aurelius aureliana female,Lepidoptera Butterfly Nymphalidae Zeuxidia aurelius aureliana female
32634,Lepidoptera,Butterfly,Nymphalidae,Zeuxidia,Zeuxidia aurelius,Zeuxidia aurelius aureliana,,Lepidoptera Butterfly Nymphalidae Zeuxidia aurelius aureliana nan
32636,Lepidoptera,Butterfly,Nymphalidae,Zeuxidia,Zeuxidia luxerii,Zeuxidia luxerii,,Lepidoptera Butterfly Nymphalidae Zeuxidia luxerii nan nan
32654,Lepidoptera,Butterfly,Nymphalidae,Phalanta,Phalanta alcippe,Phalanta alcippe alcippina,,Lepidoptera Butterfly Nymphalidae Phalanta alcippe alcippina nan
32657,Lepidoptera,Butterfly,Nymphalidae,Amathuxidia,Amathuxidia amythaon,Amathuxidia amythaon dilucida,,Lepidoptera Butterfly Nymphalidae Amathuxidia amythaon dilucida nan
32665,Lepidoptera,Butterfly,Nymphalidae,Ideopsis,Ideopsis juventa,Ideopsis juventa meganire,Ideopsis juventa meganire female,Lepidoptera Butterfly Nymphalidae Ideopsis juventa meganire female
32668,Lepidoptera,Butterfly,Nymphalidae,Ideopsis,Ideopsis juventa,Ideopsis juventa meganire,Ideopsis juventa meganire male,Lepidoptera Butterfly Nymphalidae Ideopsis juventa meganire male
32669,Lepidoptera,Butterfly,Nymphalidae,Cethosia,Cethosia cydippe,Cethosia cydippe,,Lepidoptera Butterfly Nymphalidae Cethosia cydippe nan nan
32705,Lepidoptera,Butterfly,Lycaenidae,Stiboges,Stiboges nymphidia,Stiboges nymphidia calycoides,Stiboges nymphidia calycoides male,Lepidoptera Butterfly Lycaenidae Stiboges nymphidia calycoides male
32721,Lepidoptera,Butterfly,Nymphalidae,Ideopsis,Ideopsis vitrea,Ideopsis vitrea,Ideopsis vitrea female,Lepidoptera Butterfly Nymphalidae Ideopsis vitrea nan female
32726,Lepidoptera,Butterfly,Nymphalidae,Ideopsis,Ideopsis vitrea,Ideopsis vitrea vitrea,Ideopsis vitrea vitrea male,Lepidoptera Butterfly Nymphalidae Ideopsis vitrea vitrea male
32728,Lepidoptera,Butterfly,Nymphalidae,Ideopsis,Ideopsis vitrea,Ideopsis vitrea vitrea,,Lepidoptera Butterfly Nymphalidae Ideopsis vitrea vitrea nan
32746,Lepidoptera,Butterfly,Nymphalidae,Ideopsis,Ideopsis vitrea,Ideopsis vitrea vitrea,Ideopsis vitrea vitrea female,Lepidoptera Butterfly Nymphalidae Ideopsis vitrea vitrea female
32781,Lepidoptera,Butterfly,Nymphalidae,Cirrochroa,Cirrochroa regina,Cirrochroa regina paulowna,,Lepidoptera Butterfly Nymphalidae Cirrochroa regina paulowna nan
32782,Lepidoptera,Butterfly,Nymphalidae,Cirrochroa,Cirrochroa regina,Cirrochroa regina paulowna,Cirrochroa regina paulowna male,Lepidoptera Butterfly Nymphalidae Cirrochroa regina paulowna male
32787,Lepidoptera,Butterfly,Nymphalidae,Cethosia,Cethosia biblis,Cethosia biblis,,Lepidoptera Butterfly Nymphalidae Cethosia biblis nan nan
32797,Lepidoptera,Butterfly,Lycaenidae,Abisara,Abisara geza,Abisara geza,Abisara geza female,Lepidoptera Butterfly Lycaenidae Abisara geza nan female
32804,Lepidoptera,Butterfly,Lycaenidae,Abisara,Abisara kausambi,Abisara kausambi,,Lepidoptera Butterfly Lycaenidae Abisara kausambi nan nan
32816,Lepidoptera,Butterfly,Lycaenidae,Abisara,Abisara geza,Abisara geza litavicus,Abisara geza litavicus male,Lepidoptera Butterfly Lycaenidae Abisara geza litavicus male
32828,Lepidoptera,Butterfly,Lycaenidae,Abisara,Abisara geza,Abisara geza litavicus,Abisara geza litavicus female,Lepidoptera Butterfly Lycaenidae Abisara geza litavicus female
32830,Lepidoptera,Butterfly,Nymphalidae,Parantica,Parantica agleoides,Parantica agleoides borneensis,,Lepidoptera Butterfly Nymphalidae Parantica agleoides borneensis nan
32848,Lepidoptera,Butterfly,Nymphalidae,Taenaris,Taenaris catops,Taenaris catops catanea,,Lepidoptera Butterfly Nymphalidae Taenaris catops catanea nan
32854,Lepidoptera,Butterfly,Nymphalidae,Taenaris,Taenaris catops,Taenaris catops catanea,Taenaris catops catanea female,Lepidoptera Butterfly Nymphalidae Taenaris catops catanea female
32855,Lepidoptera,Butterfly,Nymphalidae,Taenaris,Taenaris catops,Taenaris catops catanea,Taenaris catops catanea male,Lepidoptera Butterfly Nymphalidae Taenaris catops catanea male
32894,Lepidoptera,Butterfly,Nymphalidae,Argynnis,Argynnis hyperbius,Argynnis hyperbius sumatrensis,Argynnis hyperbius sumatrensis male,Lepidoptera Butterfly Nymphalidae Argynnis hyperbius sumatrensis male
32895,Lepidoptera,Butterfly,Nymphalidae,Argynnis,Argynnis hyperbius,Argynnis hyperbius sumatrensis,,Lepidoptera Butterfly Nymphalidae Argynnis hyperbius sumatrensis nan
32902,Lepidoptera,Butterfly,Nymphalidae,Argynnis,Argynnis hyperbius,Argynnis hyperbius sumatrensis,Argynnis hyperbius sumatrensis female,Lepidoptera Butterfly Nymphalidae Argynnis hyperbius sumatrensis female
32915,Lepidoptera,Butterfly,Nymphalidae,Argynnis,Argynnis laodice,Argynnis laodice rudra,,Lepidoptera Butterfly Nymphalidae Argynnis laodice rudra nan
32917,Lepidoptera,Butterfly,Nymphalidae,Argynnis,Argynnis childreni,Argynnis childreni childreni,Argynnis childreni childreni male,Lepidoptera Butterfly Nymphalidae Argynnis childreni childreni male
32918,Lepidoptera,Butterfly,Nymphalidae,Argynnis,Argynnis childreni,Argynnis childreni childreni,,Lepidoptera Butterfly Nymphalidae Argynnis childreni childreni nan
32926,Lepidoptera,Butterfly,Nymphalidae,Cethosia,Cethosia biblis,Cethosia biblis amboinensis,,Lepidoptera Butterfly Nymphalidae Cethosia biblis amboinensis nan
32927,Lepidoptera,Butterfly,Nymphalidae,Cethosia,Cethosia biblis,Cethosia biblis amboinensis,Cethosia biblis amboinensis male,Lepidoptera Butterfly Nymphalidae Cethosia biblis amboinensis male
32928,Lepidoptera,Butterfly,Nymphalidae,Cethosia,Cethosia biblis,Cethosia biblis amboinensis,Cethosia biblis amboinensis female,Lepidoptera Butterfly Nymphalidae Cethosia biblis amboinensis female
32938,Lepidoptera,Butterfly,Nymphalidae,Ideopsis,Ideopsis juventa,Ideopsis juventa sobrina,,Lepidoptera Butterfly Nymphalidae Ideopsis juventa sobrina nan
33043,Lepidoptera,Butterfly,Nymphalidae,Ideopsis,Ideopsis oberthurii,Ideopsis oberthurii,,Lepidoptera Butterfly Nymphalidae Ideopsis oberthurii nan nan
33045,Lepidoptera,Butterfly,Nymphalidae,Ideopsis,Ideopsis oberthurii,Ideopsis oberthurii,Ideopsis oberthurii male,Lepidoptera Butterfly Nymphalidae Ideopsis oberthurii nan male
33077,Lepidoptera,Butterfly,Nymphalidae,Cethosia,Cethosia hypsea,Cethosia hypsea,Cethosia hypsea male,Lepidoptera Butterfly Nymphalidae Cethosia hypsea nan male
33081,Lepidoptera,Butterfly,Nymphalidae,Cirrochroa,Cirrochroa clagia,Cirrochroa clagia clagina,Cirrochroa clagia clagina male,Lepidoptera Butterfly Nymphalidae Cirrochroa clagia clagina male
33089,Lepidoptera,Butterfly,Nymphalidae,Cirrochroa,Cirrochroa clagia,Cirrochroa clagia clagina,Cirrochroa clagia clagina female,Lepidoptera Butterfly Nymphalidae Cirrochroa clagia clagina female
33091,Lepidoptera,Butterfly,Nymphalidae,Cirrochroa,Cirrochroa clagia,Cirrochroa clagia clagina,,Lepidoptera Butterfly Nymphalidae Cirrochroa clagia clagina nan
33096,Lepidoptera,Butterfly,Nymphalidae,Cirrochroa,Cirrochroa regina,Cirrochroa regina regina,Cirrochroa regina regina male,Lepidoptera Butterfly Nymphalidae Cirrochroa regina regina male
33097,Lepidoptera,Butterfly,Nymphalidae,Cirrochroa,Cirrochroa regina,Cirrochroa regina regina,,Lepidoptera Butterfly Nymphalidae Cirrochroa regina regina nan
33101,Lepidoptera,Butterfly,Nymphalidae,Cirrochroa,Cirrochroa regina,Cirrochroa regina,Cirrochroa regina male,Lepidoptera Butterfly Nymphalidae Cirrochroa regina nan male
33106,Lepidoptera,Butterfly,Nymphalidae,Terinos,Terinos clarissa,Terinos clarissa dinnaga,Terinos clarissa dinnaga male,Lepidoptera Butterfly Nymphalidae Terinos clarissa dinnaga male
33107,Lepidoptera,Butterfly,Nymphalidae,Terinos,Terinos clarissa,Terinos clarissa dinnaga,Terinos clarissa dinnaga female,Lepidoptera Butterfly Nymphalidae Terinos clarissa dinnaga female
33108,Lepidoptera,Butterfly,Nymphalidae,Terinos,Terinos clarissa,Terinos clarissa,,Lepidoptera Butterfly Nymphalidae Terinos clarissa nan nan
33121,Lepidoptera,Butterfly,Nymphalidae,Melanitis,Melanitis pyrrha,Melanitis pyrrha,,Lepidoptera Butterfly Nymphalidae Melanitis pyrrha nan nan
33123,Lepidoptera,Butterfly,Nymphalidae,Elymnias,Elymnias dara,Elymnias dara deminuta,,Lepidoptera Butterfly Nymphalidae Elymnias dara deminuta nan
33128,Lepidoptera,Butterfly,Nymphalidae,Zeuxidia,Zeuxidia doubledayi,Zeuxidia doubledayi horsfieldii,Zeuxidia doubledayi horsfieldii male,Lepidoptera Butterfly Nymphalidae Zeuxidia doubledayi horsfieldii male
33129,Lepidoptera,Butterfly,Nymphalidae,Zeuxidia,Zeuxidia doubledayi,Zeuxidia doubledayi horsfieldii,Zeuxidia doubledayi horsfieldii female,Lepidoptera Butterfly Nymphalidae Zeuxidia doubledayi horsfieldii female
33130,Lepidoptera,Butterfly,Nymphalidae,Zeuxidia,Zeuxidia doubledayi,Zeuxidia doubledayi horsfieldii,,Lepidoptera Butterfly Nymphalidae Zeuxidia doubledayi horsfieldii nan
33218,Lepidoptera,Butterfly,Nymphalidae,Taenaris,Taenaris myops,Taenaris myops,Taenaris myops male,Lepidoptera Butterfly Nymphalidae Taenaris myops nan male
33223,Lepidoptera,Butterfly,Nymphalidae,Ideopsis,Ideopsis juventa,Ideopsis juventa lirungensis,Ideopsis juventa lirungensis female,Lepidoptera Butterfly Nymphalidae Ideopsis juventa lirungensis female
33225,Lepidoptera,Butterfly,Nymphalidae,Ideopsis,Ideopsis juventa,Ideopsis juventa lirungensis,Ideopsis juventa lirungensis male,Lepidoptera Butterfly Nymphalidae Ideopsis juventa lirungensis male
33230,Lepidoptera,Butterfly,Nymphalidae,Ideopsis,Ideopsis juventa,Ideopsis juventa sobrina,Ideopsis juventa sobrina male,Lepidoptera Butterfly Nymphalidae Ideopsis juventa sobrina male
33232,Lepidoptera,Butterfly,Nymphalidae,Ideopsis,Ideopsis juventa,Ideopsis juventa metaxa,,Lepidoptera Butterfly Nymphalidae Ideopsis juventa metaxa nan
33234,Lepidoptera,Butterfly,Nymphalidae,Parantica,Parantica sulewattan,Parantica sulewattan,Parantica sulewattan female,Lepidoptera Butterfly Nymphalidae Parantica sulewattan nan female
33236,Lepidoptera,Butterfly,Nymphalidae,Cirrochroa,Cirrochroa clagia,Cirrochroa clagia,Cirrochroa clagia female,Lepidoptera Butterfly Nymphalidae Cirrochroa clagia nan female
33239,Lepidoptera,Butterfly,Nymphalidae,Cirrochroa,Cirrochroa clagia,Cirrochroa clagia,,Lepidoptera Butterfly Nymphalidae Cirrochroa clagia nan nan
33242,Lepidoptera,Butterfly,Nymphalidae,Cethosia,Cethosia biblis,Cethosia biblis moesta,Cethosia biblis moesta male,Lepidoptera Butterfly Nymphalidae Cethosia biblis moesta male
33246,Lepidoptera,Butterfly,Nymphalidae,Ideopsis,Ideopsis juventa,Ideopsis juventa metaxa,Ideopsis juventa metaxa female,Lepidoptera Butterfly Nymphalidae Ideopsis juventa metaxa female
33296,Lepidoptera,Butterfly,Lycaenidae,Abisara,Abisara echerius,Abisara echerius oenobarus,Abisara echerius oenobarus female,Lepidoptera Butterfly Lycaenidae Abisara echerius oenobarus female
33297,Lepidoptera,Butterfly,Lycaenidae,Abisara,Abisara echerius,Abisara echerius oenobarus,,Lepidoptera Butterfly Lycaenidae Abisara echerius oenobarus nan
33298,Lepidoptera,Butterfly,Lycaenidae,Stiboges,Stiboges nymphidia,Stiboges nymphidia mara,Stiboges nymphidia mara male,Lepidoptera Butterfly Lycaenidae Stiboges nymphidia mara male
33308,Lepidoptera,Butterfly,Nymphalidae,Cethosia,Cethosia lamarckii,Cethosia lamarckii,,Lepidoptera Butterfly Nymphalidae Cethosia lamarckii nan nan
33309,Lepidoptera,Butterfly,Nymphalidae,Cethosia,Cethosia lamarckii,Cethosia lamarckii,Cethosia lamarckii female,Lepidoptera Butterfly Nymphalidae Cethosia lamarckii nan female
33310,Lepidoptera,Butterfly,Nymphalidae,Cethosia,Cethosia lamarckii,Cethosia lamarckii,Cethosia lamarckii male,Lepidoptera Butterfly Nymphalidae Cethosia lamarckii nan male
33330,Lepidoptera,Butterfly,Nymphalidae,Cethosia,Cethosia myrina,Cethosia myrina myrina,Cethosia myrina myrina male,Lepidoptera Butterfly Nymphalidae Cethosia myrina myrina male
33383,Lepidoptera,Butterfly,Nymphalidae,Cethosia,Cethosia lamarcki,Cethosia lamarcki lamarcki,,Lepidoptera Butterfly Nymphalidae Cethosia lamarcki lamarcki nan
33386,Lepidoptera,Butterfly,Nymphalidae,Zeuxidia,Zeuxidia dohrni,Zeuxidia dohrni,Zeuxidia dohrni male,Lepidoptera Butterfly Nymphalidae Zeuxidia dohrni nan male
33387,Lepidoptera,Butterfly,Nymphalidae,Zeuxidia,Zeuxidia dohrni,Zeuxidia dohrni,Zeuxidia dohrni female,Lepidoptera Butterfly Nymphalidae Zeuxidia dohrni nan female
33389,Lepidoptera,Butterfly,Nymphalidae,Zeuxidia,Zeuxidia ameythystus,Zeuxidia ameythystus,Zeuxidia ameythystus male,Lepidoptera Butterfly Nymphalidae Zeuxidia ameythystus nan male
33393,Lepidoptera,Butterfly,Nymphalidae,Ideopsis,Ideopsis juventa,Ideopsis juventa satellitica,,Lepidoptera Butterfly Nymphalidae Ideopsis juventa satellitica nan
33395,Lepidoptera,Butterfly,Nymphalidae,Lexias,Lexias dirtea,Lexias dirtea dirtea,,Lepidoptera Butterfly Nymphalidae Lexias dirtea dirtea nan
33396,Lepidoptera,Butterfly,Nymphalidae,Dophla,Dophla evelina,Dophla evelina pyxidata,Dophla evelina pyxidata male,Lepidoptera Butterfly Nymphalidae Dophla evelina pyxidata male
33407,Lepidoptera,Butterfly,Nymphalidae,Cethosia,Cethosia biblis,Cethosia biblis,Cethosia biblis male,Lepidoptera Butterfly Nymphalidae Cethosia biblis nan male
33408,Lepidoptera,Butterfly,Nymphalidae,Cethosia,Cethosia biblis,Cethosia biblis javana,Cethosia biblis javana female,Lepidoptera Butterfly Nymphalidae Cethosia biblis javana female
33411,Lepidoptera,Butterfly,Nymphalidae,Cethosia,Cethosia biblis,Cethosia biblis,Cethosia biblis female,Lepidoptera Butterfly Nymphalidae Cethosia biblis nan female
33418,Lepidoptera,Butterfly,Nymphalidae,Cethosia,Cethosia tambora,Cethosia tambora floresiana,,Lepidoptera Butterfly Nymphalidae Cethosia tambora floresiana nan
33434,Lepidoptera,Butterfly,Nymphalidae,Cethosia,Cethosia hypsea,Cethosia hypsea fruhstorferi,Cethosia hypsea fruhstorferi female,Lepidoptera Butterfly Nymphalidae Cethosia hypsea fruhstorferi female
33436,Lepidoptera,Butterfly,Nymphalidae,Cirrochroa,Cirrochroa emalea,Cirrochroa emalea bajadeta,Cirrochroa emalea bajadeta female,Lepidoptera Butterfly Nymphalidae Cirrochroa emalea bajadeta female
33467,Lepidoptera,Butterfly,Nymphalidae,Parantica,Parantica agleoides,Parantica agleoides agleoides,Parantica agleoides agleoides male,Lepidoptera Butterfly Nymphalidae Parantica agleoides agleoides male
33468,Lepidoptera,Butterfly,Nymphalidae,Parantica,Parantica agleoides,Parantica agleoides agleoides,,Lepidoptera Butterfly Nymphalidae Parantica agleoides agleoides nan
33489,Lepidoptera,Butterfly,Nymphalidae,Cethosia,Cethosia penthesilea,Cethosia penthesilea,Cethosia penthesilea male,Lepidoptera Butterfly Nymphalidae Cethosia penthesilea nan male
33490,Lepidoptera,Butterfly,Nymphalidae,Cethosia,Cethosia penthesilea,Cethosia penthesilea,,Lepidoptera Butterfly Nymphalidae Cethosia penthesilea nan nan
33494,Lepidoptera,Butterfly,Nymphalidae,Cethosia,Cethosia penthesilea,Cethosia penthesilea,Cethosia penthesilea female,Lepidoptera Butterfly Nymphalidae Cethosia penthesilea nan female
33496,Lepidoptera,Butterfly,Nymphalidae,Cethosia,Cethosia gabinia,Cethosia gabinia,Cethosia gabinia male,Lepidoptera Butterfly Nymphalidae Cethosia gabinia nan male
33519,Lepidoptera,Butterfly,Nymphalidae,Discophora,Discophora timora,Discophora timora perakensis,Discophora timora perakensis female,Lepidoptera Butterfly Nymphalidae Discophora timora perakensis female
33521,Lepidoptera,Butterfly,Nymphalidae,Enispe,Enispe cycnus,Enispe cycnus,,Lepidoptera Butterfly Nymphalidae Enispe cycnus nan nan
33522,Lepidoptera,Butterfly,Nymphalidae,Terinos,Terinos clarissa,Terinos clarissa ludmilla,,Lepidoptera Butterfly Nymphalidae Terinos clarissa ludmilla nan
33525,Lepidoptera,Butterfly,Nymphalidae,Terinos,Terinos atlita,Terinos atlita atlita,,Lepidoptera Butterfly Nymphalidae Terinos atlita atlita nan
33528,Lepidoptera,Butterfly,Nymphalidae,Terinos,Terinos atlita,Terinos atlita atlita,Terinos atlita atlita male,Lepidoptera Butterfly Nymphalidae Terinos atlita atlita male
33543,Lepidoptera,Butterfly,Nymphalidae,Cethosia,Cethosia hypsea,Cethosia hypsea triocala,,Lepidoptera Butterfly Nymphalidae Cethosia hypsea triocala nan
33548,Lepidoptera,Butterfly,Nymphalidae,Terinos,Terinos taxiles,Terinos taxiles taxiles,,Lepidoptera Butterfly Nymphalidae Terinos taxiles taxiles nan
33549,Lepidoptera,Butterfly,Nymphalidae,Cethosia,Cethosia biblis,Cethosia biblis biblis,Cethosia biblis biblis male,Lepidoptera Butterfly Nymphalidae Cethosia biblis biblis male
33557,Lepidoptera,Butterfly,Nymphalidae,Cethosia,Cethosia biblis,Cethosia biblis biblis,Cethosia biblis biblis female,Lepidoptera Butterfly Nymphalidae Cethosia biblis biblis female
33560,Lepidoptera,Butterfly,Nymphalidae,Cethosia,Cethosia myrina,Cethosia myrina melancholica,Cethosia myrina melancholica female,Lepidoptera Butterfly Nymphalidae Cethosia myrina melancholica female
33583,Lepidoptera,Butterfly,Nymphalidae,Taenaris,Taenaris horsfieldii,Taenaris horsfieldii,Taenaris horsfieldii male,Lepidoptera Butterfly Nymphalidae Taenaris horsfieldii nan male
33631,Lepidoptera,Butterfly,Lycaenidae,Abisara,Abisara kausambi,Abisara kausambi tina,Abisara kausambi tina male,Lepidoptera Butterfly Lycaenidae Abisara kausambi tina male
33677,Lepidoptera,Butterfly,Nymphalidae,Discophora,Discophora necho,Discophora necho,,Lepidoptera Butterfly Nymphalidae Discophora necho nan nan
33692,Lepidoptera,Butterfly,Nymphalidae,Cirrochroa,Cirrochroa orissa,Cirrochroa orissa orissa,Cirrochroa orissa orissa male,Lepidoptera Butterfly Nymphalidae Cirrochroa orissa orissa male
33709,Lepidoptera,Butterfly,Nymphalidae,Cirrochroa,Cirrochroa regina,Cirrochroa regina paulowna,Cirrochroa regina paulowna female,Lepidoptera Butterfly Nymphalidae Cirrochroa regina paulowna female
33713,Lepidoptera,Butterfly,Nymphalidae,Terinos,Terinos clarissa,Terinos clarissa nympha,Terinos clarissa nympha male,Lepidoptera Butterfly Nymphalidae Terinos clarissa nympha male
33715,Lepidoptera,Butterfly,Nymphalidae,Terinos,Terinos atlita,Terinos atlita fulminans,,Lepidoptera Butterfly Nymphalidae Terinos atlita fulminans nan
33725,Lepidoptera,Butterfly,Nymphalidae,Vindula,Vindula dejone,Vindula dejone,Vindula dejone female,Lepidoptera Butterfly Nymphalidae Vindula dejone nan female
33726,Lepidoptera,Butterfly,Nymphalidae,Parantica,Parantica luzonensis,Parantica luzonensis banksii,Parantica luzonensis banksii male,Lepidoptera Butterfly Nymphalidae Parantica luzonensis banksii male
33733,Lepidoptera,Butterfly,Nymphalidae,Parantica,Parantica luzonensis,Parantica luzonensis banksii,,Lepidoptera Butterfly Nymphalidae Parantica luzonensis banksii nan
33740,Lepidoptera,Butterfly,Nymphalidae,Parantica,Parantica luzonensis,Parantica luzonensis banksii,Parantica luzonensis banksii female,Lepidoptera Butterfly Nymphalidae Parantica luzonensis banksii female
33752,Lepidoptera,Butterfly,Nymphalidae,Euploea,Euploea phaenareta,Euploea phaenareta semicirculus,,Lepidoptera Butterfly Nymphalidae Euploea phaenareta semicirculus nan
33787,Lepidoptera,Butterfly,Nymphalidae,Ragadia,Ragadia makuta,Ragadia makuta,Ragadia makuta male,Lepidoptera Butterfly Nymphalidae Ragadia makuta nan male
33788,Lepidoptera,Butterfly,Nymphalidae,Ragadia,Ragadia makuta,Ragadia makuta,Ragadia makuta female,Lepidoptera Butterfly Nymphalidae Ragadia makuta nan female
33822,Lepidoptera,Butterfly,Nymphalidae,Danaus,Danaus ismare,Danaus ismare felicia,,Lepidoptera Butterfly Nymphalidae Danaus ismare felicia nan
33827,Lepidoptera,Butterfly,Nymphalidae,Danaus,Danaus ismare,Danaus ismare,Danaus ismare female,Lepidoptera Butterfly Nymphalidae Danaus ismare nan female
33898,Lepidoptera,Butterfly,Nymphalidae,Euploea,Euploea klugii,Euploea klugii erichsonii,Euploea klugii erichsonii male,Lepidoptera Butterfly Nymphalidae Euploea klugii erichsonii male
33902,Lepidoptera,Butterfly,Nymphalidae,Euploea,Euploea klugii,Euploea klugii erichsonii,Euploea klugii erichsonii female,Lepidoptera Butterfly Nymphalidae Euploea klugii erichsonii female
33931,Lepidoptera,Butterfly,Lycaenidae,Abisara,Abisara kausambi,Abisara kausambi tina,Abisara kausambi tina female,Lepidoptera Butterfly Lycaenidae Abisara kausambi tina female
33942,Lepidoptera,Butterfly,Lycaenidae,Abisara,Abisara kausambi,Abisara kausambi stasinus,Abisara kausambi stasinus male,Lepidoptera Butterfly Lycaenidae Abisara kausambi stasinus male
33945,Lepidoptera,Butterfly,Nymphalidae,Ideopsis,Ideopsis oberthurii,Ideopsis oberthurii,Ideopsis oberthurii female,Lepidoptera Butterfly Nymphalidae Ideopsis oberthurii nan female
33970,Lepidoptera,Butterfly,Nymphalidae,Cethosia,Cethosia hypsea,Cethosia hypsea nigrescens,Cethosia hypsea nigrescens male,Lepidoptera Butterfly Nymphalidae Cethosia hypsea nigrescens male
33981,Lepidoptera,Butterfly,Nymphalidae,Cethosia,Cethosia hypsea,Cethosia hypsea nigrescens,Cethosia hypsea nigrescens female,Lepidoptera Butterfly Nymphalidae Cethosia hypsea nigrescens female
33987,Lepidoptera,Butterfly,Nymphalidae,Cethosia,Cethosia hypsea,Cethosia hypsea nigrescens,,Lepidoptera Butterfly Nymphalidae Cethosia hypsea nigrescens nan
33989,Lepidoptera,Butterfly,Nymphalidae,Phaedyma,Phaedyma fissizonata,Phaedyma fissizonata pisias,,Lepidoptera Butterfly Nymphalidae Phaedyma fissizonata pisias nan
33990,Lepidoptera,Butterfly,Nymphalidae,Phaedyma,Phaedyma heliopolis,Phaedyma heliopolis heliopolis,Phaedyma heliopolis heliopolis male,Lepidoptera Butterfly Nymphalidae Phaedyma heliopolis heliopolis male
33994,Lepidoptera,Butterfly,Nymphalidae,Phaedyma,Phaedyma heliopolis,Phaedyma heliopolis heliopolis,Phaedyma heliopolis heliopolis female,Lepidoptera Butterfly Nymphalidae Phaedyma heliopolis heliopolis female
33997,Lepidoptera,Butterfly,Nymphalidae,Phaedyma,Phaedyma heliopolis,Phaedyma heliopolis heliopolis,,Lepidoptera Butterfly Nymphalidae Phaedyma heliopolis heliopolis nan
34014,Lepidoptera,Butterfly,Nymphalidae,Phaedyma,Phaedyma shepherdi,Phaedyma shepherdi nectens,Phaedyma shepherdi nectens female,Lepidoptera Butterfly Nymphalidae Phaedyma shepherdi nectens female
34017,Lepidoptera,Butterfly,Nymphalidae,Bassarona,Bassarona dunya,Bassarona dunya mahara,Bassarona dunya mahara female,Lepidoptera Butterfly Nymphalidae Bassarona dunya mahara female
34020,Lepidoptera,Butterfly,Nymphalidae,Dophla,Dophla evelina,Dophla evelina magama,Dophla evelina magama female,Lepidoptera Butterfly Nymphalidae Dophla evelina magama female
34021,Lepidoptera,Butterfly,Nymphalidae,Dophla,Dophla evelina,Dophla evelina bolitissa,Dophla evelina bolitissa male,Lepidoptera Butterfly Nymphalidae Dophla evelina bolitissa male
34024,Lepidoptera,Butterfly,Nymphalidae,Dophla,Dophla evelina,Dophla evelina bolitissa,Dophla evelina bolitissa female,Lepidoptera Butterfly Nymphalidae Dophla evelina bolitissa female
34028,Lepidoptera,Butterfly,Nymphalidae,Cethosia,Cethosia luzonica,Cethosia luzonica,,Lepidoptera Butterfly Nymphalidae Cethosia luzonica nan nan
34029,Lepidoptera,Butterfly,Nymphalidae,Cethosia,Cethosia luzonica,Cethosia luzonica,Cethosia luzonica male,Lepidoptera Butterfly Nymphalidae Cethosia luzonica nan male
34030,Lepidoptera,Butterfly,Nymphalidae,Cethosia,Cethosia biblis,Cethosia biblis tagalorum,,Lepidoptera Butterfly Nymphalidae Cethosia biblis tagalorum nan
34037,Lepidoptera,Butterfly,Nymphalidae,Cethosia,Cethosia luzonica,Cethosia luzonica,Cethosia luzonica female,Lepidoptera Butterfly Nymphalidae Cethosia luzonica nan female
34069,Lepidoptera,Butterfly,Nymphalidae,Terinos,Terinos taxiles,Terinos taxiles abisares,,Lepidoptera Butterfly Nymphalidae Terinos taxiles abisares nan
34072,Lepidoptera,Butterfly,Nymphalidae,Terinos,Terinos taxiles,Terinos taxiles abisares,Terinos taxiles abisares male,Lepidoptera Butterfly Nymphalidae Terinos taxiles abisares male
34083,Lepidoptera,Butterfly,Nymphalidae,Vindula,Vindula sapor,Vindula sapor sapor,Vindula sapor sapor male,Lepidoptera Butterfly Nymphalidae Vindula sapor sapor male
34084,Lepidoptera,Butterfly,Nymphalidae,Parantica,Parantica vitrina,Parantica vitrina oenone,Parantica vitrina oenone male,Lepidoptera Butterfly Nymphalidae Parantica vitrina oenone male
34086,Lepidoptera,Butterfly,Nymphalidae,Parantica,Parantica clinias,Parantica clinias,Parantica clinias female,Lepidoptera Butterfly Nymphalidae Parantica clinias nan female
34183,Lepidoptera,Butterfly,Nymphalidae,Euploea,Euploea phaenareta,Euploea phaenareta locupletior,Euploea phaenareta locupletior female,Lepidoptera Butterfly Nymphalidae Euploea phaenareta locupletior female
34184,Lepidoptera,Butterfly,Nymphalidae,Idea,Idea blanchardii,Idea blanchardii,Idea blanchardii female,Lepidoptera Butterfly Nymphalidae Idea blanchardii nan female
34193,Lepidoptera,Butterfly,Nymphalidae,Idea,Idea blanchardii,Idea blanchardii,Idea blanchardii male,Lepidoptera Butterfly Nymphalidae Idea blanchardii nan male
34279,Lepidoptera,Butterfly,Nymphalidae,Danaus,Danaus genutia,Danaus genutia,Danaus genutia male,Lepidoptera Butterfly Nymphalidae Danaus genutia nan male
34285,Lepidoptera,Butterfly,Nymphalidae,Euploea,Euploea tulliolus,Euploea tulliolus ledereri,Euploea tulliolus ledereri male,Lepidoptera Butterfly Nymphalidae Euploea tulliolus ledereri male
34311,Lepidoptera,Butterfly,Nymphalidae,Danaus,Danaus affinis,Danaus affinis littoralis,Danaus affinis littoralis male,Lepidoptera Butterfly Nymphalidae Danaus affinis littoralis male
34314,Lepidoptera,Butterfly,Nymphalidae,Danaus,Danaus affinis,Danaus affinis abigar,,Lepidoptera Butterfly Nymphalidae Danaus affinis abigar nan
34382,Lepidoptera,Butterfly,Nymphalidae,Euploea,Euploea mulciber,Euploea mulciber paupera,,Lepidoptera Butterfly Nymphalidae Euploea mulciber paupera nan
34462,Lepidoptera,Butterfly,Nymphalidae,Ideopsis,Ideopsis gaura,Ideopsis gaura,Ideopsis gaura female,Lepidoptera Butterfly Nymphalidae Ideopsis gaura nan female
34522,Lepidoptera,Butterfly,Nymphalidae,Cirrochroa,Cirrochroa aoris,Cirrochroa aoris,Cirrochroa aoris male,Lepidoptera Butterfly Nymphalidae Cirrochroa aoris nan male
34591,Lepidoptera,Butterfly,Nymphalidae,Euploea,Euploea eunice,Euploea eunice,Euploea eunice female,Lepidoptera Butterfly Nymphalidae Euploea eunice nan female
34629,Lepidoptera,Butterfly,Nymphalidae,Euploea,Euploea algea,Euploea algea laodikeia,Euploea algea laodikeia female,Lepidoptera Butterfly Nymphalidae Euploea algea laodikeia female
34630,Lepidoptera,Butterfly,Nymphalidae,Euploea,Euploea sylvester,Euploea sylvester glarang,,Lepidoptera Butterfly Nymphalidae Euploea sylvester glarang nan
34641,Lepidoptera,Butterfly,Nymphalidae,Euploea,Euploea eyndhovii,Euploea eyndhovii distinctissima,,Lepidoptera Butterfly Nymphalidae Euploea eyndhovii distinctissima nan
34691,Lepidoptera,Butterfly,Nymphalidae,Euploea,Euploea core,Euploea core,Euploea core female,Lepidoptera Butterfly Nymphalidae Euploea core nan female
34714,Lepidoptera,Butterfly,Lycaenidae,Abisara,Abisara kausambi,Abisara kausambi stasinus,Abisara kausambi stasinus female,Lepidoptera Butterfly Lycaenidae Abisara kausambi stasinus female
34717,Lepidoptera,Butterfly,Lycaenidae,Abisara,Abisara kausambi,Abisara kausambi sala,Abisara kausambi sala male,Lepidoptera Butterfly Lycaenidae Abisara kausambi sala male
34720,Lepidoptera,Butterfly,Lycaenidae,Abisara,Abisara kausambi,Abisara kausambi sala,Abisara kausambi sala female,Lepidoptera Butterfly Lycaenidae Abisara kausambi sala female
34723,Lepidoptera,Butterfly,Lycaenidae,Abisara,Abisara kausambi,Abisara kausambi sala,,Lepidoptera Butterfly Lycaenidae Abisara kausambi sala nan
34737,Lepidoptera,Butterfly,Nymphalidae,Euploea,Euploea tulliolus,Euploea tulliolus pollita,Euploea tulliolus pollita male,Lepidoptera Butterfly Nymphalidae Euploea tulliolus pollita male
34738,Lepidoptera,Butterfly,Nymphalidae,Euploea,Euploea tulliolus,Euploea tulliolus pollita,,Lepidoptera Butterfly Nymphalidae Euploea tulliolus pollita nan
34739,Lepidoptera,Butterfly,Nymphalidae,Euploea,Euploea blossomae,Euploea blossomae sibulanensis,Euploea blossomae sibulanensis female,Lepidoptera Butterfly Nymphalidae Euploea blossomae sibulanensis female
34740,Lepidoptera,Butterfly,Nymphalidae,Euploea,Euploea blossomae,Euploea blossomae,,Lepidoptera Butterfly Nymphalidae Euploea blossomae nan nan
34869,Lepidoptera,Butterfly,Nymphalidae,Cethosia,Cethosia cydippe,Cethosia cydippe,Cethosia cydippe male,Lepidoptera Butterfly Nymphalidae Cethosia cydippe nan male
34882,Lepidoptera,Butterfly,Nymphalidae,Cethosia,Cethosia biblis,Cethosia biblis buruana,Cethosia biblis buruana male,Lepidoptera Butterfly Nymphalidae Cethosia biblis buruana male
34883,Lepidoptera,Butterfly,Nymphalidae,Cethosia,Cethosia biblis,Cethosia biblis buruana,,Lepidoptera Butterfly Nymphalidae Cethosia biblis buruana nan
34890,Lepidoptera,Butterfly,Nymphalidae,Ideopsis,Ideopsis gaura,Ideopsis gaura costalis,Ideopsis gaura costalis male,Lepidoptera Butterfly Nymphalidae Ideopsis gaura costalis male
34899,Lepidoptera,Butterfly,Nymphalidae,Ideopsis,Ideopsis gaura,Ideopsis gaura pseudocostalis,,Lepidoptera Butterfly Nymphalidae Ideopsis gaura pseudocostalis nan
34906,Lepidoptera,Butterfly,Nymphalidae,Ideopsis,Ideopsis gaura,Ideopsis gaura pseudocostalis,Ideopsis gaura pseudocostalis female,Lepidoptera Butterfly Nymphalidae Ideopsis gaura pseudocostalis female
34925,Lepidoptera,Butterfly,Nymphalidae,Euploea,Euploea tulliolus,Euploea tulliolus nautilus,,Lepidoptera Butterfly Nymphalidae Euploea tulliolus nautilus nan
34926,Lepidoptera,Butterfly,Nymphalidae,Euploea,Euploea core,Euploea core kalaone,,Lepidoptera Butterfly Nymphalidae Euploea core kalaone nan
34933,Lepidoptera,Butterfly,Nymphalidae,Parantica,Parantica albata,Parantica albata baliensis,,Lepidoptera Butterfly Nymphalidae Parantica albata baliensis nan
34950,Lepidoptera,Butterfly,Nymphalidae,Euploea,Euploea blossomae,Euploea blossomae sibulanensis,,Lepidoptera Butterfly Nymphalidae Euploea blossomae sibulanensis nan
34952,Lepidoptera,Butterfly,Nymphalidae,Euploea,Euploea mulciber,Euploea mulciber semperi,,Lepidoptera Butterfly Nymphalidae Euploea mulciber semperi nan
34954,Lepidoptera,Butterfly,Nymphalidae,Euploea,Euploea mulciber,Euploea mulciber kochi,,Lepidoptera Butterfly Nymphalidae Euploea mulciber kochi nan
35021,Lepidoptera,Butterfly,Nymphalidae,Idea,Idea blanchardii,Idea blanchardii kuehni,Idea blanchardii kuehni female,Lepidoptera Butterfly Nymphalidae Idea blanchardii kuehni female
35022,Lepidoptera,Butterfly,Nymphalidae,Idea,Idea blanchardii,Idea blanchardii kuehni,,Lepidoptera Butterfly Nymphalidae Idea blanchardii kuehni nan
35023,Lepidoptera,Butterfly,Nymphalidae,Idea,Idea idea,Idea idea,,Lepidoptera Butterfly Nymphalidae Idea idea nan nan
35025,Lepidoptera,Butterfly,Nymphalidae,Idea,Idea idea,Idea idea,Idea idea female,Lepidoptera Butterfly Nymphalidae Idea idea nan female
35028,Lepidoptera,Butterfly,Nymphalidae,Idea,Idea idea,Idea idea,Idea idea male,Lepidoptera Butterfly Nymphalidae Idea idea nan male
35053,Lepidoptera,Butterfly,Nymphalidae,Idea,Idea blanchardii,Idea blanchardii djampeana,,Lepidoptera Butterfly Nymphalidae Idea blanchardii djampeana nan
35097,Lepidoptera,Butterfly,Nymphalidae,Cethosia,Cethosia biblis,Cethosia biblis picta,,Lepidoptera Butterfly Nymphalidae Cethosia biblis picta nan
35105,Lepidoptera,Butterfly,Nymphalidae,Cethosia,Cethosia hypsea,Cethosia hypsea bankana,Cethosia hypsea bankana male,Lepidoptera Butterfly Nymphalidae Cethosia hypsea bankana male
35106,Lepidoptera,Butterfly,Nymphalidae,Zeuxidia,Zeuxidia dohrni,Zeuxidia dohrni dohrni,Zeuxidia dohrni dohrni male,Lepidoptera Butterfly Nymphalidae Zeuxidia dohrni dohrni male
35107,Lepidoptera,Butterfly,Nymphalidae,Parantica,Parantica luzonensis,Parantica luzonensis praemacaristus,,Lepidoptera Butterfly Nymphalidae Parantica luzonensis praemacaristus nan
35109,Lepidoptera,Butterfly,Nymphalidae,Cethosia,Cethosia hypsea,Cethosia hypsea bankana,,Lepidoptera Butterfly Nymphalidae Cethosia hypsea bankana nan
35111,Lepidoptera,Butterfly,Nymphalidae,Cethosia,Cethosia biblis,Cethosia biblis insularis,,Lepidoptera Butterfly Nymphalidae Cethosia biblis insularis nan
35113,Lepidoptera,Butterfly,Nymphalidae,Thauria,Thauria aliris,Thauria aliris,,Lepidoptera Butterfly Nymphalidae Thauria aliris nan nan
35117,Lepidoptera,Butterfly,Nymphalidae,Thauria,Thauria aliris,Thauria aliris,Thauria aliris female,Lepidoptera Butterfly Nymphalidae Thauria aliris nan female
35128,Lepidoptera,Butterfly,Nymphalidae,Euploea,Euploea crameri,Euploea crameri,Euploea crameri female,Lepidoptera Butterfly Nymphalidae Euploea crameri nan female
35135,Lepidoptera,Butterfly,Nymphalidae,Euploea,Euploea midamus,Euploea midamus rafflesi,Euploea midamus rafflesi female,Lepidoptera Butterfly Nymphalidae Euploea midamus rafflesi female
35151,Lepidoptera,Butterfly,Nymphalidae,Parantica,Parantica albata,Parantica albata albata,Parantica albata albata female,Lepidoptera Butterfly Nymphalidae Parantica albata albata female
35159,Lepidoptera,Butterfly,Nymphalidae,Parantica,Parantica albata,Parantica albata,Parantica albata male,Lepidoptera Butterfly Nymphalidae Parantica albata nan male
35160,Lepidoptera,Butterfly,Nymphalidae,Parantica,Parantica albata,Parantica albata,Parantica albata female,Lepidoptera Butterfly Nymphalidae Parantica albata nan female
35163,Lepidoptera,Butterfly,Nymphalidae,Cethosia,Cethosia tambora,Cethosia tambora sumbana,Cethosia tambora sumbana male,Lepidoptera Butterfly Nymphalidae Cethosia tambora sumbana male
35164,Lepidoptera,Butterfly,Nymphalidae,Cethosia,Cethosia tambora,Cethosia tambora sumbana,Cethosia tambora sumbana female,Lepidoptera Butterfly Nymphalidae Cethosia tambora sumbana female
35166,Lepidoptera,Butterfly,Nymphalidae,Cethosia,Cethosia biblis,Cethosia biblis picta,Cethosia biblis picta male,Lepidoptera Butterfly Nymphalidae Cethosia biblis picta male
35169,Lepidoptera,Butterfly,Nymphalidae,Cethosia,Cethosia biblis,Cethosia biblis picta,Cethosia biblis picta female,Lepidoptera Butterfly Nymphalidae Cethosia biblis picta female
35190,Lepidoptera,Butterfly,Nymphalidae,Euploea,Euploea tobleri,Euploea tobleri,Euploea tobleri male,Lepidoptera Butterfly Nymphalidae Euploea tobleri nan male
35191,Lepidoptera,Butterfly,Nymphalidae,Euploea,Euploea camaralzeman,Euploea camaralzeman cratis,,Lepidoptera Butterfly Nymphalidae Euploea camaralzeman cratis nan
35219,Lepidoptera,Butterfly,Nymphalidae,Danaus,Danaus plexippus,Danaus plexippus plexippus,,Lepidoptera Butterfly Nymphalidae Danaus plexippus plexippus nan
35223,Lepidoptera,Butterfly,Nymphalidae,Cirrochroa,Cirrochroa tyche,Cirrochroa tyche,Cirrochroa tyche male,Lepidoptera Butterfly Nymphalidae Cirrochroa tyche nan male
35253,Lepidoptera,Butterfly,Nymphalidae,Euploea,Euploea swainson,Euploea swainson lucasi,Euploea swainson lucasi male,Lepidoptera Butterfly Nymphalidae Euploea swainson lucasi male
35260,Lepidoptera,Butterfly,Nymphalidae,Euploea,Euploea sylvester,Euploea sylvester,Euploea sylvester female,Lepidoptera Butterfly Nymphalidae Euploea sylvester nan female
35278,Lepidoptera,Butterfly,Nymphalidae,Euploea,Euploea core,Euploea core corinna,,Lepidoptera Butterfly Nymphalidae Euploea core corinna nan
35284,Lepidoptera,Butterfly,Nymphalidae,Euploea,Euploea core,Euploea core corinna,Euploea core corinna male,Lepidoptera Butterfly Nymphalidae Euploea core corinna male
35288,Lepidoptera,Butterfly,Nymphalidae,Euploea,Euploea tulliolus,Euploea tulliolus mazarina,Euploea tulliolus mazarina male,Lepidoptera Butterfly Nymphalidae Euploea tulliolus mazarina male
35300,Lepidoptera,Butterfly,Nymphalidae,Euploea,Euploea algea,Euploea algea epiphaneia,,Lepidoptera Butterfly Nymphalidae Euploea algea epiphaneia nan
35302,Lepidoptera,Butterfly,Nymphalidae,Parantica,Parantica menadensis,Parantica menadensis menadensis,Parantica menadensis menadensis male,Lepidoptera Butterfly Nymphalidae Parantica menadensis menadensis male
35303,Lepidoptera,Butterfly,Nymphalidae,Parantica,Parantica menadensis,Parantica menadensis menadensis,,Lepidoptera Butterfly Nymphalidae Parantica menadensis menadensis nan
35314,Lepidoptera,Butterfly,Nymphalidae,Parantica,Parantica menadensis,Parantica menadensis menadensis,Parantica menadensis menadensis female,Lepidoptera Butterfly Nymphalidae Parantica menadensis menadensis female
35460,Lepidoptera,Butterfly,Nymphalidae,Euploea,Euploea dalmanii,Euploea dalmanii,Euploea dalmanii female,Lepidoptera Butterfly Nymphalidae Euploea dalmanii nan female
35461,Lepidoptera,Butterfly,Nymphalidae,Euploea,Euploea dalmanii,Euploea dalmanii,,Lepidoptera Butterfly Nymphalidae Euploea dalmanii nan nan
35484,Lepidoptera,Butterfly,Nymphalidae,Libythea,Libythea geoffroyi,Libythea geoffroyi geoffroyi,Libythea geoffroyi geoffroyi female,Lepidoptera Butterfly Nymphalidae Libythea geoffroyi geoffroyi female
35486,Lepidoptera,Butterfly,Nymphalidae,Libythea,Libythea geoffroyi,Libythea geoffroyi philippina,Libythea geoffroyi philippina male,Lepidoptera Butterfly Nymphalidae Libythea geoffroyi philippina male
35495,Lepidoptera,Butterfly,Nymphalidae,Libythea,Libythea geoffroyi,Libythea geoffroyi philippina,Libythea geoffroyi philippina female,Lepidoptera Butterfly Nymphalidae Libythea geoffroyi philippina female
35508,Lepidoptera,Butterfly,Nymphalidae,Parantica,Parantica cleona,Parantica cleona talautica,,Lepidoptera Butterfly Nymphalidae Parantica cleona talautica nan
35526,Lepidoptera,Butterfly,Nymphalidae,Danaus,Danaus genutia,Danaus genutia intensa,Danaus genutia intensa female,Lepidoptera Butterfly Nymphalidae Danaus genutia intensa female
35585,Lepidoptera,Butterfly,Nymphalidae,Idea,Idea stolli,Idea stolli,,Lepidoptera Butterfly Nymphalidae Idea stolli nan nan
35592,Lepidoptera,Butterfly,Nymphalidae,Idea,Idea stolli,Idea stolli,Idea stolli female,Lepidoptera Butterfly Nymphalidae Idea stolli nan female
35593,Lepidoptera,Butterfly,Nymphalidae,Idea,Idea stolli,Idea stolli,Idea stolli male,Lepidoptera Butterfly Nymphalidae Idea stolli nan male
35598,Lepidoptera,Butterfly,Lycaenidae,Abisara,Abisara savitri,Abisara savitri,,Lepidoptera Butterfly Lycaenidae Abisara savitri nan nan
35601,Lepidoptera,Butterfly,Lycaenidae,Abisara,Abisara savitri,Abisara savitri,Abisara savitri male,Lepidoptera Butterfly Lycaenidae Abisara savitri nan male
35602,Lepidoptera,Butterfly,Lycaenidae,Abisara,Abisara savitri,Abisara savitri,Abisara savitri female,Lepidoptera Butterfly Lycaenidae Abisara savitri nan female
35603,Lepidoptera,Butterfly,Lycaenidae,Abisara,Abisara neophron,Abisara neophron,,Lepidoptera Butterfly Lycaenidae Abisara neophron nan nan
35604,Lepidoptera,Butterfly,Lycaenidae,Paralaxita,Paralaxita damajanti,Paralaxita damajanti lola,,Lepidoptera Butterfly Lycaenidae Paralaxita damajanti lola nan
35615,Lepidoptera,Butterfly,Nymphalidae,Cethosia,Cethosia gabinia,Cethosia gabinia,,Lepidoptera Butterfly Nymphalidae Cethosia gabinia nan nan
35622,Lepidoptera,Butterfly,Nymphalidae,Cethosia,Cethosia gabinia,Cethosia gabinia,Cethosia gabinia female,Lepidoptera Butterfly Nymphalidae Cethosia gabinia nan female
35629,Lepidoptera,Butterfly,Nymphalidae,Ideopsis,Ideopsis vitrea,Ideopsis vitrea arachosia,,Lepidoptera Butterfly Nymphalidae Ideopsis vitrea arachosia nan
35635,Lepidoptera,Butterfly,Nymphalidae,Ideopsis,Ideopsis vitrea,Ideopsis vitrea arachosia,Ideopsis vitrea arachosia female,Lepidoptera Butterfly Nymphalidae Ideopsis vitrea arachosia female
35639,Lepidoptera,Butterfly,Nymphalidae,Danaus,Danaus ismare,Danaus ismare fulvus,Danaus ismare fulvus male,Lepidoptera Butterfly Nymphalidae Danaus ismare fulvus male
35640,Lepidoptera,Butterfly,Nymphalidae,Danaus,Danaus ismare,Danaus ismare fulvus,,Lepidoptera Butterfly Nymphalidae Danaus ismare fulvus nan
35653,Lepidoptera,Butterfly,Nymphalidae,Euploea,Euploea sylvester,Euploea sylvester schlegelii,,Lepidoptera Butterfly Nymphalidae Euploea sylvester schlegelii nan
35654,Lepidoptera,Butterfly,Nymphalidae,Euploea,Euploea sylvester,Euploea sylvester schlegelii,Euploea sylvester schlegelii female,Lepidoptera Butterfly Nymphalidae Euploea sylvester schlegelii female
35659,Lepidoptera,Butterfly,Nymphalidae,Euploea,Euploea sylvester,Euploea sylvester schlegelii,Euploea sylvester schlegelii male,Lepidoptera Butterfly Nymphalidae Euploea sylvester schlegelii male
35668,Lepidoptera,Butterfly,Nymphalidae,Idea,Idea leuconoe,Idea leuconoe engania,Idea leuconoe engania male,Lepidoptera Butterfly Nymphalidae Idea leuconoe engania male
35669,Lepidoptera,Butterfly,Nymphalidae,Idea,Idea leuconoe,Idea leuconoe engania,Idea leuconoe engania female,Lepidoptera Butterfly Nymphalidae Idea leuconoe engania female
35671,Lepidoptera,Butterfly,Lycaenidae,Paralaxita,Paralaxita damajanti,Paralaxita damajanti damajanti,,Lepidoptera Butterfly Lycaenidae Paralaxita damajanti damajanti nan
35673,Lepidoptera,Butterfly,Lycaenidae,Paralaxita,Paralaxita damajanti,Paralaxita damajanti damajanti,Paralaxita damajanti damajanti male,Lepidoptera Butterfly Lycaenidae Paralaxita damajanti damajanti male
35745,Lepidoptera,Butterfly,Lycaenidae,Paralaxita,Paralaxita damajanti,Paralaxita damajanti lola,Paralaxita damajanti lola male,Lepidoptera Butterfly Lycaenidae Paralaxita damajanti lola male
35758,Lepidoptera,Butterfly,Lycaenidae,Paralaxita,Paralaxita damajanti,Paralaxita damajanti lola,Paralaxita damajanti lola female,Lepidoptera Butterfly Lycaenidae Paralaxita damajanti lola female
35762,Lepidoptera,Butterfly,Nymphalidae,Libythea,Libythea narina,Libythea narina narina,,Lepidoptera Butterfly Nymphalidae Libythea narina narina nan
35774,Lepidoptera,Butterfly,Nymphalidae,Tirumala,Tirumala hamata,Tirumala hamata paryadres,,Lepidoptera Butterfly Nymphalidae Tirumala hamata paryadres nan
35811,Lepidoptera,Butterfly,Nymphalidae,Euploea,Euploea leucostictos,Euploea leucostictos swierstrae,Euploea leucostictos swierstrae male,Lepidoptera Butterfly Nymphalidae Euploea leucostictos swierstrae male
35839,Lepidoptera,Butterfly,Nymphalidae,Euploea,Euploea core,Euploea core corinna,Euploea core corinna female,Lepidoptera Butterfly Nymphalidae Euploea core corinna female
35910,Lepidoptera,Butterfly,Lycaenidae,Laxita,Laxita teneta,Laxita teneta,,Lepidoptera Butterfly Lycaenidae Laxita teneta nan nan
35919,Lepidoptera,Butterfly,Nymphalidae,Danaus,Danaus genutia,Danaus genutia,Danaus genutia female,Lepidoptera Butterfly Nymphalidae Danaus genutia nan female
35975,Lepidoptera,Butterfly,Nymphalidae,Danaus,Danaus genutia,Danaus genutia tychius,,Lepidoptera Butterfly Nymphalidae Danaus genutia tychius nan
35986,Lepidoptera,Butterfly,Nymphalidae,Danaus,Danaus genutia,Danaus genutia tychius,Danaus genutia tychius male,Lepidoptera Butterfly Nymphalidae Danaus genutia tychius male
36031,Lepidoptera,Butterfly,Nymphalidae,Euploea,Euploea algea,Euploea algea kheili,Euploea algea kheili male,Lepidoptera Butterfly Nymphalidae Euploea algea kheili male
36033,Lepidoptera,Butterfly,Nymphalidae,Euploea,Euploea algea,Euploea algea kheili,Euploea algea kheili female,Lepidoptera Butterfly Nymphalidae Euploea algea kheili female
36039,Lepidoptera,Butterfly,Nymphalidae,Euploea,Euploea eyndhovii,Euploea eyndhovii gardineri,,Lepidoptera Butterfly Nymphalidae Euploea eyndhovii gardineri nan
36041,Lepidoptera,Butterfly,Nymphalidae,Parantica,Parantica albata,Parantica albata baliensis,Parantica albata baliensis male,Lepidoptera Butterfly Nymphalidae Parantica albata baliensis male
36042,Lepidoptera,Butterfly,Nymphalidae,Parantica,Parantica albata,Parantica albata baliensis,Parantica albata baliensis female,Lepidoptera Butterfly Nymphalidae Parantica albata baliensis female
36044,Lepidoptera,Butterfly,Nymphalidae,Parantica,Parantica albata,Parantica albata adustata,Parantica albata adustata female,Lepidoptera Butterfly Nymphalidae Parantica albata adustata female
36046,Lepidoptera,Butterfly,Nymphalidae,Ideopsis,Ideopsis juventa,Ideopsis juventa ishma,Ideopsis juventa ishma male,Lepidoptera Butterfly Nymphalidae Ideopsis juventa ishma male
36110,Lepidoptera,Butterfly,Nymphalidae,Tisiphone,Tisiphone abeona,Tisiphone abeona,,Lepidoptera Butterfly Nymphalidae Tisiphone abeona nan nan
36111,Lepidoptera,Butterfly,Nymphalidae,Parantica,Parantica pseudomelaneus,Parantica pseudomelaneus,Parantica pseudomelaneus male,Lepidoptera Butterfly Nymphalidae Parantica pseudomelaneus nan male
36112,Lepidoptera,Butterfly,Nymphalidae,Parantica,Parantica pseudomelaneus,Parantica pseudomelaneus,,Lepidoptera Butterfly Nymphalidae Parantica pseudomelaneus nan nan
36137,Lepidoptera,Butterfly,Nymphalidae,Danaus,Danaus affinis,Danaus affinis abigar,Danaus affinis abigar male,Lepidoptera Butterfly Nymphalidae Danaus affinis abigar male
36175,Lepidoptera,Butterfly,Nymphalidae,Parantica,Parantica cleona,Parantica cleona tigrana,Parantica cleona tigrana male,Lepidoptera Butterfly Nymphalidae Parantica cleona tigrana male
36179,Lepidoptera,Butterfly,Nymphalidae,Parantica,Parantica cleona,Parantica cleona tigrana,Parantica cleona tigrana female,Lepidoptera Butterfly Nymphalidae Parantica cleona tigrana female
36271,Lepidoptera,Butterfly,Nymphalidae,Parantica,Parantica pseudomelaneus,Parantica pseudomelaneus,Parantica pseudomelaneus female,Lepidoptera Butterfly Nymphalidae Parantica pseudomelaneus nan female
36293,Lepidoptera,Butterfly,Nymphalidae,Ideopsis,Ideopsis juventa,Ideopsis juventa ishma,Ideopsis juventa ishma female,Lepidoptera Butterfly Nymphalidae Ideopsis juventa ishma female
36308,Lepidoptera,Butterfly,Nymphalidae,Idea,Idea durvillei,Idea durvillei nike,Idea durvillei nike female,Lepidoptera Butterfly Nymphalidae Idea durvillei nike female
36345,Lepidoptera,Butterfly,Lycaenidae,Abisara,Abisara fylla,Abisara fylla,,Lepidoptera Butterfly Lycaenidae Abisara fylla nan nan
36348,Lepidoptera,Butterfly,Nymphalidae,Libythea,Libythea geoffroyi,Libythea geoffroyi alompra,Libythea geoffroyi alompra male,Lepidoptera Butterfly Nymphalidae Libythea geoffroyi alompra male
36349,Lepidoptera,Butterfly,Nymphalidae,Libythea,Libythea narina,Libythea narina rohini,,Lepidoptera Butterfly Nymphalidae Libythea narina rohini nan
36350,Lepidoptera,Butterfly,Nymphalidae,Libythea,Libythea narina,Libythea narina canuleia,Libythea narina canuleia male,Lepidoptera Butterfly Nymphalidae Libythea narina canuleia male
36356,Lepidoptera,Butterfly,Nymphalidae,Libythea,Libythea narina,Libythea narina canuleia,,Lepidoptera Butterfly Nymphalidae Libythea narina canuleia nan
36357,Lepidoptera,Butterfly,Nymphalidae,Libythea,Libythea narina,Libythea narina canuleia,Libythea narina canuleia female,Lepidoptera Butterfly Nymphalidae Libythea narina canuleia female
36367,Lepidoptera,Butterfly,Lycaenidae,Dicallaneura,Dicallaneura decorata,Dicallaneura decorata sfagia,Dicallaneura decorata sfagia male,Lepidoptera Butterfly Lycaenidae Dicallaneura decorata sfagia male
36377,Lepidoptera,Butterfly,Nymphalidae,Libythea,Libythea geoffroyi,Libythea geoffroyi ceramensis,Libythea geoffroyi ceramensis female,Lepidoptera Butterfly Nymphalidae Libythea geoffroyi ceramensis female
36378,Lepidoptera,Butterfly,Nymphalidae,Libythea,Libythea lepita,Libythea lepita,,Lepidoptera Butterfly Nymphalidae Libythea lepita nan nan
36436,Lepidoptera,Butterfly,Nymphalidae,Danaus,Danaus genutia,Danaus genutia conspicua,Danaus genutia conspicua male,Lepidoptera Butterfly Nymphalidae Danaus genutia conspicua male
36437,Lepidoptera,Butterfly,Nymphalidae,Danaus,Danaus affinis,Danaus affinis affinoides,,Lepidoptera Butterfly Nymphalidae Danaus affinis affinoides nan
36461,Lepidoptera,Butterfly,Nymphalidae,Idea,Idea durvillei,Idea durvillei,Idea durvillei female,Lepidoptera Butterfly Nymphalidae Idea durvillei nan female
36462,Lepidoptera,Butterfly,Nymphalidae,Idea,Idea idea,Idea idea aza,Idea idea aza male,Lepidoptera Butterfly Nymphalidae Idea idea aza male
36463,Lepidoptera,Butterfly,Nymphalidae,Idea,Idea idea,Idea idea aza,Idea idea aza female,Lepidoptera Butterfly Nymphalidae Idea idea aza female
36464,Lepidoptera,Butterfly,Nymphalidae,Idea,Idea idea,Idea idea aza,,Lepidoptera Butterfly Nymphalidae Idea idea aza nan
36469,Lepidoptera,Butterfly,Nymphalidae,Euploea,Euploea sylvester,Euploea sylvester cassia,,Lepidoptera Butterfly Nymphalidae Euploea sylvester cassia nan
36470,Lepidoptera,Butterfly,Nymphalidae,Tirumala,Tirumala limniace,Tirumala limniace bentenga,,Lepidoptera Butterfly Nymphalidae Tirumala limniace bentenga nan
36475,Lepidoptera,Butterfly,Nymphalidae,Euploea,Euploea core,Euploea core kalaona,Euploea core kalaona female,Lepidoptera Butterfly Nymphalidae Euploea core kalaona female
36481,Lepidoptera,Butterfly,Nymphalidae,Euploea,Euploea algea,Euploea algea deione,Euploea algea deione female,Lepidoptera Butterfly Nymphalidae Euploea algea deione female
36482,Lepidoptera,Butterfly,Nymphalidae,Parantica,Parantica melusine,Parantica melusine,,Lepidoptera Butterfly Nymphalidae Parantica melusine nan nan
36484,Lepidoptera,Butterfly,Nymphalidae,Ideopsis,Ideopsis juventa,Ideopsis juventa tontoliensis,,Lepidoptera Butterfly Nymphalidae Ideopsis juventa tontoliensis nan
36485,Lepidoptera,Butterfly,Nymphalidae,Ideopsis,Ideopsis juventa,Ideopsis juventa juventa,Ideopsis juventa juventa female,Lepidoptera Butterfly Nymphalidae Ideopsis juventa juventa female
36487,Lepidoptera,Butterfly,Nymphalidae,Ideopsis,Ideopsis juventa,Ideopsis juventa juventa,Ideopsis juventa juventa male,Lepidoptera Butterfly Nymphalidae Ideopsis juventa juventa male
36488,Lepidoptera,Butterfly,Nymphalidae,Ideopsis,Ideopsis vulgaris,Ideopsis vulgaris,Ideopsis vulgaris female,Lepidoptera Butterfly Nymphalidae Ideopsis vulgaris nan female
36491,Lepidoptera,Butterfly,Nymphalidae,Ideopsis,Ideopsis vulgaris,Ideopsis vulgaris,Ideopsis vulgaris male,Lepidoptera Butterfly Nymphalidae Ideopsis vulgaris nan male
36516,Lepidoptera,Butterfly,Nymphalidae,Danaus,Danaus chrysippus,Danaus chrysippus alcippoides,Danaus chrysippus alcippoides male,Lepidoptera Butterfly Nymphalidae Danaus chrysippus alcippoides male
36517,Lepidoptera,Butterfly,Nymphalidae,Danaus,Danaus chrysippus,Danaus chrysippus alcippoides,,Lepidoptera Butterfly Nymphalidae Danaus chrysippus alcippoides nan
36530,Lepidoptera,Butterfly,Nymphalidae,Parantica,Parantica albata,Parantica albata,,Lepidoptera Butterfly Nymphalidae Parantica albata nan nan
36532,Lepidoptera,Butterfly,Nymphalidae,Euploea,Euploea modesta,Euploea modesta tenggerensis,,Lepidoptera Butterfly Nymphalidae Euploea modesta tenggerensis nan
36534,Lepidoptera,Butterfly,Nymphalidae,Euploea,Euploea eunice,Euploea eunice vestigiata,Euploea eunice vestigiata female,Lepidoptera Butterfly Nymphalidae Euploea eunice vestigiata female
36546,Lepidoptera,Butterfly,Nymphalidae,Euploea,Euploea eunice,Euploea eunice syra,Euploea eunice syra male,Lepidoptera Butterfly Nymphalidae Euploea eunice syra male
36636,Lepidoptera,Butterfly,Nymphalidae,Euploea,Euploea climena,Euploea climena dohertyi,,Lepidoptera Butterfly Nymphalidae Euploea climena dohertyi nan
36637,Lepidoptera,Butterfly,Nymphalidae,Ideopsis,Ideopsis juventa,Ideopsis juventa manillana,,Lepidoptera Butterfly Nymphalidae Ideopsis juventa manillana nan
36639,Lepidoptera,Butterfly,Nymphalidae,Ideopsis,Ideopsis juventa,Ideopsis juventa kinitis,Ideopsis juventa kinitis female,Lepidoptera Butterfly Nymphalidae Ideopsis juventa kinitis female
36640,Lepidoptera,Butterfly,Nymphalidae,Ideopsis,Ideopsis juventa,Ideopsis juventa kinitis,Ideopsis juventa kinitis male,Lepidoptera Butterfly Nymphalidae Ideopsis juventa kinitis male
36641,Lepidoptera,Butterfly,Nymphalidae,Ideopsis,Ideopsis juventa,Ideopsis juventa kinitis,,Lepidoptera Butterfly Nymphalidae Ideopsis juventa kinitis nan
36646,Lepidoptera,Butterfly,Nymphalidae,Ideopsis,Ideopsis juventa,Ideopsis juventa longa,,Lepidoptera Butterfly Nymphalidae Ideopsis juventa longa nan
36648,Lepidoptera,Butterfly,Nymphalidae,Ideopsis,Ideopsis juventa,Ideopsis juventa longa,Ideopsis juventa longa male,Lepidoptera Butterfly Nymphalidae Ideopsis juventa longa male
36709,Lepidoptera,Butterfly,Lycaenidae,Praetaxila,Praetaxila segecia,Praetaxila segecia cariya,Praetaxila segecia cariya female,Lepidoptera Butterfly Lycaenidae Praetaxila segecia cariya female
36788,Lepidoptera,Butterfly,Nymphalidae,Parantica,Parantica agleoides,Parantica agleoides borneensis,Parantica agleoides borneensis female,Lepidoptera Butterfly Nymphalidae Parantica agleoides borneensis female
36797,Lepidoptera,Butterfly,Nymphalidae,Ideopsis,Ideopsis juventa,Ideopsis juventa metaxa,Ideopsis juventa metaxa male,Lepidoptera Butterfly Nymphalidae Ideopsis juventa metaxa male
36798,Lepidoptera,Butterfly,Nymphalidae,Euploea,Euploea mulciber,Euploea mulciber elwesi,Euploea mulciber elwesi male,Lepidoptera Butterfly Nymphalidae Euploea mulciber elwesi male
36803,Lepidoptera,Butterfly,Nymphalidae,Euploea,Euploea mulciber,Euploea mulciber elwesi,Euploea mulciber elwesi female,Lepidoptera Butterfly Nymphalidae Euploea mulciber elwesi female
36807,Lepidoptera,Butterfly,Nymphalidae,Euploea,Euploea phaenareta,Euploea phaenareta mesocala,Euploea phaenareta mesocala male,Lepidoptera Butterfly Nymphalidae Euploea phaenareta mesocala male
36816,Lepidoptera,Butterfly,Nymphalidae,Euploea,Euploea phaenareta,Euploea phaenareta mesocala,Euploea phaenareta mesocala female,Lepidoptera Butterfly Nymphalidae Euploea phaenareta mesocala female
36821,Lepidoptera,Butterfly,Nymphalidae,Euploea,Euploea phaenareta,Euploea phaenareta unibrunnea,,Lepidoptera Butterfly Nymphalidae Euploea phaenareta unibrunnea nan
36823,Lepidoptera,Butterfly,Nymphalidae,Idea,Idea blanchardii,Idea blanchardii marosiana,Idea blanchardii marosiana male,Lepidoptera Butterfly Nymphalidae Idea blanchardii marosiana male
36825,Lepidoptera,Butterfly,Nymphalidae,Idea,Idea blanchardii,Idea blanchardii marosiana,Idea blanchardii marosiana female,Lepidoptera Butterfly Nymphalidae Idea blanchardii marosiana female
36830,Lepidoptera,Butterfly,Nymphalidae,Danaus,Danaus affinis,Danaus affinis wentholti,,Lepidoptera Butterfly Nymphalidae Danaus affinis wentholti nan
36833,Lepidoptera,Butterfly,Nymphalidae,Euploea,Euploea algea,Euploea algea laodikeia,,Lepidoptera Butterfly Nymphalidae Euploea algea laodikeia nan
36834,Lepidoptera,Butterfly,Nymphalidae,Euploea,Euploea westwoodii,Euploea westwoodii leochares,,Lepidoptera Butterfly Nymphalidae Euploea westwoodii leochares nan
36839,Lepidoptera,Butterfly,Nymphalidae,Danaus,Danaus affinis,Danaus affinis djampeana,,Lepidoptera Butterfly Nymphalidae Danaus affinis djampeana nan
36886,Lepidoptera,Butterfly,Nymphalidae,Ideopsis,Ideopsis juventa,Ideopsis juventa tawaya,,Lepidoptera Butterfly Nymphalidae Ideopsis juventa tawaya nan
36907,Lepidoptera,Butterfly,Nymphalidae,Discophora,Discophora necho,Discophora necho odora,,Lepidoptera Butterfly Nymphalidae Discophora necho odora nan
36938,Lepidoptera,Butterfly,Nymphalidae,Danaus,Danaus affinis,Danaus affinis decentralis,,Lepidoptera Butterfly Nymphalidae Danaus affinis decentralis nan
36941,Lepidoptera,Butterfly,Nymphalidae,Danaus,Danaus affinis,Danaus affinis mytilene,Danaus affinis mytilene female,Lepidoptera Butterfly Nymphalidae Danaus affinis mytilene female
36945,Lepidoptera,Butterfly,Nymphalidae,Idea,Idea lynceus,Idea lynceus,Idea lynceus male,Lepidoptera Butterfly Nymphalidae Idea lynceus nan male
36946,Lepidoptera,Butterfly,Nymphalidae,Idea,Idea lynceus,Idea lynceus,Idea lynceus female,Lepidoptera Butterfly Nymphalidae Idea lynceus nan female
36947,Lepidoptera,Butterfly,Lycaenidae,Abisara,Abisara savitri,Abisara savitri sciurus,Abisara savitri sciurus male,Lepidoptera Butterfly Lycaenidae Abisara savitri sciurus male
37002,Lepidoptera,Butterfly,Nymphalidae,Parantica,Parantica aspasia,Parantica aspasia shelfordi,,Lepidoptera Butterfly Nymphalidae Parantica aspasia shelfordi nan
37008,Lepidoptera,Butterfly,Nymphalidae,Parantica,Parantica aspasia,Parantica aspasia shelfordi,Parantica aspasia shelfordi male,Lepidoptera Butterfly Nymphalidae Parantica aspasia shelfordi male
37124,Lepidoptera,Butterfly,Lycaenidae,Laxita,Laxita thuisto,Laxita thuisto,,Lepidoptera Butterfly Lycaenidae Laxita thuisto nan nan
37125,Lepidoptera,Butterfly,Lycaenidae,Laxita,Laxita thuisto,Laxita thuisto,Laxita thuisto male,Lepidoptera Butterfly Lycaenidae Laxita thuisto nan male
37132,Lepidoptera,Butterfly,Lycaenidae,Taxila,Taxila haquinus,Taxila haquinus zemara,Taxila haquinus zemara male,Lepidoptera Butterfly Lycaenidae Taxila haquinus zemara male
37140,Lepidoptera,Butterfly,Lycaenidae,Taxila,Taxila haquinus,Taxila haquinus zemara,,Lepidoptera Butterfly Lycaenidae Taxila haquinus zemara nan
37221,Lepidoptera,Butterfly,Nymphalidae,Euploea,Euploea alcathoe,Euploea alcathoe nox,Euploea alcathoe nox male,Lepidoptera Butterfly Nymphalidae Euploea alcathoe nox male
37235,Lepidoptera,Butterfly,Nymphalidae,Tirumala,Tirumala limniace,Tirumala limniace,Tirumala limniace male,Lepidoptera Butterfly Nymphalidae Tirumala limniace nan male
37237,Lepidoptera,Butterfly,Nymphalidae,Tirumala,Tirumala limniace,Tirumala limniace,Tirumala limniace female,Lepidoptera Butterfly Nymphalidae Tirumala limniace nan female
37280,Lepidoptera,Butterfly,Lycaenidae,Taxila,Taxila haquinus,Taxila haquinus zemara,Taxila haquinus zemara female,Lepidoptera Butterfly Lycaenidae Taxila haquinus zemara female
37311,Lepidoptera,Butterfly,Nymphalidae,Tirumala,Tirumala ishmoides,Tirumala ishmoides,Tirumala ishmoides male,Lepidoptera Butterfly Nymphalidae Tirumala ishmoides nan male
37313,Lepidoptera,Butterfly,Nymphalidae,Tirumala,Tirumala ishmoides,Tirumala ishmoides,Tirumala ishmoides female,Lepidoptera Butterfly Nymphalidae Tirumala ishmoides nan female
37323,Lepidoptera,Butterfly,Nymphalidae,Tirumala,Tirumala ishmoides,Tirumala ishmoides,,Lepidoptera Butterfly Nymphalidae Tirumala ishmoides nan nan
37343,Lepidoptera,Butterfly,Nymphalidae,Tirumala,Tirumala choaspes,Tirumala choaspes kroeseni,Tirumala choaspes kroeseni male,Lepidoptera Butterfly Nymphalidae Tirumala choaspes kroeseni male
37344,Lepidoptera,Butterfly,Nymphalidae,Tirumala,Tirumala hamata,Tirumala hamata leucoptera,Tirumala hamata leucoptera male,Lepidoptera Butterfly Nymphalidae Tirumala hamata leucoptera male
37345,Lepidoptera,Butterfly,Lycaenidae,Dicallaneura,Dicallaneura leucomelas,Dicallaneura leucomelas,,Lepidoptera Butterfly Lycaenidae Dicallaneura leucomelas nan nan
37346,Lepidoptera,Butterfly,Lycaenidae,Dicallaneura,Dicallaneura decorata,Dicallaneura decorata,,Lepidoptera Butterfly Lycaenidae Dicallaneura decorata nan nan
37354,Lepidoptera,Butterfly,Nymphalidae,Parantica,Parantica aspasia,Parantica aspasia thargalia,,Lepidoptera Butterfly Nymphalidae Parantica aspasia thargalia nan
37371,Lepidoptera,Butterfly,Nymphalidae,Parantica,Parantica aspasia,Parantica aspasia thargalia,Parantica aspasia thargalia female,Lepidoptera Butterfly Nymphalidae Parantica aspasia thargalia female
37381,Lepidoptera,Butterfly,Nymphalidae,Parantica,Parantica aspasia,Parantica aspasia kheili,Parantica aspasia kheili male,Lepidoptera Butterfly Nymphalidae Parantica aspasia kheili male
37382,Lepidoptera,Butterfly,Nymphalidae,Parantica,Parantica aspasia,Parantica aspasia kheili,,Lepidoptera Butterfly Nymphalidae Parantica aspasia kheili nan
37384,Lepidoptera,Butterfly,Nymphalidae,Parantica,Parantica aspasia,Parantica aspasia chrysea,Parantica aspasia chrysea male,Lepidoptera Butterfly Nymphalidae Parantica aspasia chrysea male
37385,Lepidoptera,Butterfly,Nymphalidae,Ideopsis,Ideopsis gaura,Ideopsis gaura perakana,,Lepidoptera Butterfly Nymphalidae Ideopsis gaura perakana nan
37390,Lepidoptera,Butterfly,Nymphalidae,Ideopsis,Ideopsis gaura,Ideopsis gaura lingana,,Lepidoptera Butterfly Nymphalidae Ideopsis gaura lingana nan
37392,Lepidoptera,Butterfly,Nymphalidae,Euploea,Euploea gamelia,Euploea gamelia gamelia,Euploea gamelia gamelia male,Lepidoptera Butterfly Nymphalidae Euploea gamelia gamelia male
37395,Lepidoptera,Butterfly,Nymphalidae,Euploea,Euploea gamelia,Euploea gamelia gamelia,Euploea gamelia gamelia female,Lepidoptera Butterfly Nymphalidae Euploea gamelia gamelia female
37396,Lepidoptera,Butterfly,Nymphalidae,Euploea,Euploea stephensii,Euploea stephensii pumila,Euploea stephensii pumila male,Lepidoptera Butterfly Nymphalidae Euploea stephensii pumila male
37409,Lepidoptera,Butterfly,Nymphalidae,Idea,Idea durvillei,Idea durvillei,Idea durvillei male,Lepidoptera Butterfly Nymphalidae Idea durvillei nan male
37412,Lepidoptera,Butterfly,Nymphalidae,Idea,Idea durvillei,Idea durvillei,,Lepidoptera Butterfly Nymphalidae Idea durvillei nan nan
37419,Lepidoptera,Butterfly,Nymphalidae,Idea,Idea hypermnestra,Idea hypermnestra belia,Idea hypermnestra belia male,Lepidoptera Butterfly Nymphalidae Idea hypermnestra belia male
37424,Lepidoptera,Butterfly,Nymphalidae,Idea,Idea leuconoe,Idea leuconoe leuconoe,,Lepidoptera Butterfly Nymphalidae Idea leuconoe leuconoe nan
37425,Lepidoptera,Butterfly,Nymphalidae,Idea,Idea leuconoe,Idea leuconoe esanga,Idea leuconoe esanga female,Lepidoptera Butterfly Nymphalidae Idea leuconoe esanga female
37428,Lepidoptera,Butterfly,Nymphalidae,Idea,Idea leuconoe,Idea leuconoe esanga,Idea leuconoe esanga male,Lepidoptera Butterfly Nymphalidae Idea leuconoe esanga male
37431,Lepidoptera,Butterfly,Nymphalidae,Idea,Idea leuconoe,Idea leuconoe esanga,,Lepidoptera Butterfly Nymphalidae Idea leuconoe esanga nan
37468,Lepidoptera,Butterfly,Nymphalidae,Euploea,Euploea wallacei,Euploea wallacei,Euploea wallacei female,Lepidoptera Butterfly Nymphalidae Euploea wallacei nan female
37489,Lepidoptera,Butterfly,Nymphalidae,Euploea,Euploea wallacei,Euploea wallacei gilda,Euploea wallacei gilda male,Lepidoptera Butterfly Nymphalidae Euploea wallacei gilda male
37517,Lepidoptera,Butterfly,Nymphalidae,Euploea,Euploea redtenbacheri,Euploea redtenbacheri,Euploea redtenbacheri male,Lepidoptera Butterfly Nymphalidae Euploea redtenbacheri nan male
37523,Lepidoptera,Butterfly,Nymphalidae,Euploea,Euploea redtenbacheri,Euploea redtenbacheri,Euploea redtenbacheri female,Lepidoptera Butterfly Nymphalidae Euploea redtenbacheri nan female
37549,Lepidoptera,Butterfly,Nymphalidae,Parantica,Parantica aspasia,Parantica aspasia shelfordi,Parantica aspasia shelfordi female,Lepidoptera Butterfly Nymphalidae Parantica aspasia shelfordi female
37554,Lepidoptera,Butterfly,Nymphalidae,Parantica,Parantica aspasia,Parantica aspasia philomela,Parantica aspasia philomela male,Lepidoptera Butterfly Nymphalidae Parantica aspasia philomela male
37583,Lepidoptera,Butterfly,Nymphalidae,Ideopsis,Ideopsis vitrea,Ideopsis vitrea obiana,,Lepidoptera Butterfly Nymphalidae Ideopsis vitrea obiana nan
37585,Lepidoptera,Butterfly,Nymphalidae,Euploea,Euploea mulciber,Euploea mulciber dufresne,,Lepidoptera Butterfly Nymphalidae Euploea mulciber dufresne nan
37589,Lepidoptera,Butterfly,Nymphalidae,Euploea,Euploea tulliolus,Euploea tulliolus palawana,Euploea tulliolus palawana male,Lepidoptera Butterfly Nymphalidae Euploea tulliolus palawana male
37591,Lepidoptera,Butterfly,Nymphalidae,Euploea,Euploea tulliolus,Euploea tulliolus palawana,Euploea tulliolus palawana female,Lepidoptera Butterfly Nymphalidae Euploea tulliolus palawana female
37605,Lepidoptera,Butterfly,Nymphalidae,Euploea,Euploea phaenareta,Euploea phaenareta mesocala,,Lepidoptera Butterfly Nymphalidae Euploea phaenareta mesocala nan
37639,Lepidoptera,Butterfly,Nymphalidae,Danaus,Danaus affinis,Danaus affinis tualana,Danaus affinis tualana female,Lepidoptera Butterfly Nymphalidae Danaus affinis tualana female
37646,Lepidoptera,Butterfly,Nymphalidae,Parantica,Parantica aspasia,Parantica aspasia philomela,Parantica aspasia philomela female,Lepidoptera Butterfly Nymphalidae Parantica aspasia philomela female
37677,Lepidoptera,Butterfly,Nymphalidae,Parantica,Parantica cleona,Parantica cleona lutescens,,Lepidoptera Butterfly Nymphalidae Parantica cleona lutescens nan
37678,Lepidoptera,Butterfly,Nymphalidae,Parantica,Parantica cleona,Parantica cleona lutescens,Parantica cleona lutescens male,Lepidoptera Butterfly Nymphalidae Parantica cleona lutescens male
37686,Lepidoptera,Butterfly,Nymphalidae,Parantica,Parantica cleona,Parantica cleona lutescens,Parantica cleona lutescens female,Lepidoptera Butterfly Nymphalidae Parantica cleona lutescens female
37745,Lepidoptera,Butterfly,Lycaenidae,Dicallaneura,Dicallaneura pulchra,Dicallaneura pulchra,Dicallaneura pulchra male,Lepidoptera Butterfly Lycaenidae Dicallaneura pulchra nan male
37747,Lepidoptera,Butterfly,Nymphalidae,Parantica,Parantica aspasia,Parantica aspasia,Parantica aspasia male,Lepidoptera Butterfly Nymphalidae Parantica aspasia nan male
37782,Lepidoptera,Butterfly,Nymphalidae,Ideopsis,Ideopsis gaura,Ideopsis gaura eudora,,Lepidoptera Butterfly Nymphalidae Ideopsis gaura eudora nan
37783,Lepidoptera,Butterfly,Nymphalidae,Ideopsis,Ideopsis gaura,Ideopsis gaura eudora,Ideopsis gaura eudora male,Lepidoptera Butterfly Nymphalidae Ideopsis gaura eudora male
37953,Lepidoptera,Butterfly,Lycaenidae,Laxita,Laxita thuisto,Laxita thuisto therikles,Laxita thuisto therikles male,Lepidoptera Butterfly Lycaenidae Laxita thuisto therikles male
37956,Lepidoptera,Butterfly,Lycaenidae,Praetaxila,Praetaxila statira,Praetaxila statira,,Lepidoptera Butterfly Lycaenidae Praetaxila statira nan nan
37987,Lepidoptera,Butterfly,Nymphalidae,Euploea,Euploea redtenbacheri,Euploea redtenbacheri coracina,Euploea redtenbacheri coracina male,Lepidoptera Butterfly Nymphalidae Euploea redtenbacheri coracina male
37989,Lepidoptera,Butterfly,Nymphalidae,Euploea,Euploea redtenbacheri,Euploea redtenbacheri coracina,,Lepidoptera Butterfly Nymphalidae Euploea redtenbacheri coracina nan
38012,Lepidoptera,Butterfly,Nymphalidae,Euploea,Euploea midamus,Euploea midamus aegyptus,Euploea midamus aegyptus male,Lepidoptera Butterfly Nymphalidae Euploea midamus aegyptus male
38019,Lepidoptera,Butterfly,Nymphalidae,Euploea,Euploea modesta,Euploea modesta lorzae,Euploea modesta lorzae female,Lepidoptera Butterfly Nymphalidae Euploea modesta lorzae female
38020,Lepidoptera,Butterfly,Nymphalidae,Euploea,Euploea alcathoe,Euploea alcathoe nox,Euploea alcathoe nox female,Lepidoptera Butterfly Nymphalidae Euploea alcathoe nox female
38149,Lepidoptera,Butterfly,Nymphalidae,Danaus,Danaus plexippus,Danaus plexippus,Danaus plexippus female,Lepidoptera Butterfly Nymphalidae Danaus plexippus nan female
38181,Lepidoptera,Butterfly,Nymphalidae,Ideopsis,Ideopsis gaura,Ideopsis gaura eudora,Ideopsis gaura eudora female,Lepidoptera Butterfly Nymphalidae Ideopsis gaura eudora female
38201,Lepidoptera,Butterfly,Nymphalidae,Ideopsis,Ideopsis gaura,Ideopsis gaura daos,Ideopsis gaura daos male,Lepidoptera Butterfly Nymphalidae Ideopsis gaura daos male
38203,Lepidoptera,Butterfly,Nymphalidae,Ideopsis,Ideopsis gaura,Ideopsis gaura daos,,Lepidoptera Butterfly Nymphalidae Ideopsis gaura daos nan
38206,Lepidoptera,Butterfly,Nymphalidae,Ideopsis,Ideopsis gaura,Ideopsis gaura daos,Ideopsis gaura daos female,Lepidoptera Butterfly Nymphalidae Ideopsis gaura daos female
38235,Lepidoptera,Butterfly,Nymphalidae,Euploea,Euploea stephensii,Euploea stephensii,Euploea stephensii female,Lepidoptera Butterfly Nymphalidae Euploea stephensii nan female
38237,Lepidoptera,Butterfly,Nymphalidae,Idea,Idea hypermnestra,Idea hypermnestra,,Lepidoptera Butterfly Nymphalidae Idea hypermnestra nan nan
38238,Lepidoptera,Butterfly,Nymphalidae,Idea,Idea hypermnestra,Idea hypermnestra,Idea hypermnestra male,Lepidoptera Butterfly Nymphalidae Idea hypermnestra nan male
38305,Lepidoptera,Butterfly,Nymphalidae,Ideopsis,Ideopsis vulgaris,Ideopsis vulgaris macrina,,Lepidoptera Butterfly Nymphalidae Ideopsis vulgaris macrina nan
38306,Lepidoptera,Butterfly,Nymphalidae,Ideopsis,Ideopsis vulgaris,Ideopsis vulgaris lesora,,Lepidoptera Butterfly Nymphalidae Ideopsis vulgaris lesora nan
38386,Lepidoptera,Butterfly,Nymphalidae,Euploea,Euploea core,Euploea core distantii,Euploea core distantii male,Lepidoptera Butterfly Nymphalidae Euploea core distantii male
38390,Lepidoptera,Butterfly,Nymphalidae,Euploea,Euploea core,Euploea core distantii,,Lepidoptera Butterfly Nymphalidae Euploea core distantii nan
38391,Lepidoptera,Butterfly,Nymphalidae,Euploea,Euploea core,Euploea core distantii,Euploea core distantii female,Lepidoptera Butterfly Nymphalidae Euploea core distantii female
38393,Lepidoptera,Butterfly,Nymphalidae,Euploea,Euploea eupator,Euploea eupator orneus,,Lepidoptera Butterfly Nymphalidae Euploea eupator orneus nan
38457,Lepidoptera,Butterfly,Nymphalidae,Parantica,Parantica albata,Parantica albata gilva,Parantica albata gilva male,Lepidoptera Butterfly Nymphalidae Parantica albata gilva male
38462,Lepidoptera,Butterfly,Nymphalidae,Parantica,Parantica albata,Parantica albata gilva,Parantica albata gilva female,Lepidoptera Butterfly Nymphalidae Parantica albata gilva female
38602,Lepidoptera,Butterfly,Nymphalidae,Euploea,Euploea hewitsonii,Euploea hewitsonii,Euploea hewitsonii male,Lepidoptera Butterfly Nymphalidae Euploea hewitsonii nan male
38607,Lepidoptera,Butterfly,Nymphalidae,Euploea,Euploea hewitsonii,Euploea hewitsonii,,Lepidoptera Butterfly Nymphalidae Euploea hewitsonii nan nan
38642,Lepidoptera,Butterfly,Nymphalidae,Euploea,Euploea hewitsonii,Euploea hewitsonii,Euploea hewitsonii female,Lepidoptera Butterfly Nymphalidae Euploea hewitsonii nan female
38673,Lepidoptera,Butterfly,Nymphalidae,Danaus,Danaus melanippus,Danaus melanippus taimanu,Danaus melanippus taimanu male,Lepidoptera Butterfly Nymphalidae Danaus melanippus taimanu male
38675,Lepidoptera,Butterfly,Nymphalidae,Danaus,Danaus melanippus,Danaus melanippus taimanu,Danaus melanippus taimanu female,Lepidoptera Butterfly Nymphalidae Danaus melanippus taimanu female
38678,Lepidoptera,Butterfly,Nymphalidae,Danaus,Danaus melanippus,Danaus melanippus taimanu,,Lepidoptera Butterfly Nymphalidae Danaus melanippus taimanu nan
38745,Lepidoptera,Butterfly,Nymphalidae,Danaus,Danaus genutia,Danaus genutia wetterensis,Danaus genutia wetterensis female,Lepidoptera Butterfly Nymphalidae Danaus genutia wetterensis female
38844,Lepidoptera,Butterfly,Lycaenidae,Laxita,Laxita teneta,Laxita teneta,Laxita teneta female,Lepidoptera Butterfly Lycaenidae Laxita teneta nan female
38854,Lepidoptera,Butterfly,Lycaenidae,Praetaxila,Praetaxila satraps,Praetaxila satraps,,Lepidoptera Butterfly Lycaenidae Praetaxila satraps nan nan
38867,Lepidoptera,Butterfly,Nymphalidae,Danaus,Danaus melanippus,Danaus melanippus hegesippus,Danaus melanippus hegesippus male,Lepidoptera Butterfly Nymphalidae Danaus melanippus hegesippus male
38877,Lepidoptera,Butterfly,Nymphalidae,Danaus,Danaus genutia,Danaus genutia intensa,Danaus genutia intensa male,Lepidoptera Butterfly Nymphalidae Danaus genutia intensa male
38892,Lepidoptera,Butterfly,Nymphalidae,Danaus,Danaus chrysippus,Danaus chrysippus gelderi,Danaus chrysippus gelderi female,Lepidoptera Butterfly Nymphalidae Danaus chrysippus gelderi female
38960,Lepidoptera,Butterfly,Nymphalidae,Danaus,Danaus melanippus,Danaus melanippus hegesippus,Danaus melanippus hegesippus female,Lepidoptera Butterfly Nymphalidae Danaus melanippus hegesippus female
38961,Lepidoptera,Butterfly,Nymphalidae,Danaus,Danaus melanippus,Danaus melanippus hegesippus,,Lepidoptera Butterfly Nymphalidae Danaus melanippus hegesippus nan
39006,Lepidoptera,Butterfly,Nymphalidae,Euploea,Euploea mulciber,Euploea mulciber babina,Euploea mulciber babina female,Lepidoptera Butterfly Nymphalidae Euploea mulciber babina female
39092,Lepidoptera,Butterfly,Nymphalidae,Danaus,Danaus affinis,Danaus affinis affinis,,Lepidoptera Butterfly Nymphalidae Danaus affinis affinis nan
39097,Lepidoptera,Butterfly,Nymphalidae,Euploea,Euploea eunice,Euploea eunice leucogonis,,Lepidoptera Butterfly Nymphalidae Euploea eunice leucogonis nan
39098,Lepidoptera,Butterfly,Nymphalidae,Euploea,Euploea eunice,Euploea eunice leucogonis,Euploea eunice leucogonis male,Lepidoptera Butterfly Nymphalidae Euploea eunice leucogonis male
39146,Lepidoptera,Butterfly,Nymphalidae,Euploea,Euploea leucostictos,Euploea leucostictos bernsteini,Euploea leucostictos bernsteini female,Lepidoptera Butterfly Nymphalidae Euploea leucostictos bernsteini female
39150,Lepidoptera,Butterfly,Nymphalidae,Euploea,Euploea hewitsonii,Euploea hewitsonii hewitsonii,Euploea hewitsonii hewitsonii female,Lepidoptera Butterfly Nymphalidae Euploea hewitsonii hewitsonii female
39188,Lepidoptera,Butterfly,Nymphalidae,Euploea,Euploea configurata,Euploea configurata,Euploea configurata female,Lepidoptera Butterfly Nymphalidae Euploea configurata nan female
39317,Lepidoptera,Butterfly,Nymphalidae,Euploea,Euploea eupator,Euploea eupator,Euploea eupator female,Lepidoptera Butterfly Nymphalidae Euploea eupator nan female
39330,Lepidoptera,Butterfly,Nymphalidae,Danaus,Danaus affinis,Danaus affinis galacterion,,Lepidoptera Butterfly Nymphalidae Danaus affinis galacterion nan
39597,Lepidoptera,Butterfly,Nymphalidae,Euploea,Euploea phaenareta,Euploea phaenareta locupletior,Euploea phaenareta locupletior male,Lepidoptera Butterfly Nymphalidae Euploea phaenareta locupletior male
39657,Lepidoptera,Butterfly,Nymphalidae,Euploea,Euploea climena,Euploea climena,Euploea climena female,Lepidoptera Butterfly Nymphalidae Euploea climena nan female
39666,Lepidoptera,Butterfly,Nymphalidae,Euploea,Euploea climena,Euploea climena palmedo,Euploea climena palmedo male,Lepidoptera Butterfly Nymphalidae Euploea climena palmedo male
39682,Lepidoptera,Butterfly,Nymphalidae,Euploea,Euploea climena,Euploea climena eurypon,,Lepidoptera Butterfly Nymphalidae Euploea climena eurypon nan
39881,Lepidoptera,Butterfly,Nymphalidae,Danaus,Danaus genutia,Danaus genutia intermedius,,Lepidoptera Butterfly Nymphalidae Danaus genutia intermedius nan
39882,Lepidoptera,Butterfly,Nymphalidae,Danaus,Danaus genutia,Danaus genutia intermedius,Danaus genutia intermedius male,Lepidoptera Butterfly Nymphalidae Danaus genutia intermedius male
39977,Lepidoptera,Butterfly,Nymphalidae,Euploea,Euploea midamus,Euploea midamus staudingeri,Euploea midamus staudingeri male,Lepidoptera Butterfly Nymphalidae Euploea midamus staudingeri male
39978,Lepidoptera,Butterfly,Nymphalidae,Euploea,Euploea midamus,Euploea midamus aegyptus,,Lepidoptera Butterfly Nymphalidae Euploea midamus aegyptus nan
39985,Lepidoptera,Butterfly,Nymphalidae,Euploea,Euploea midamus,Euploea midamus aegyptus,Euploea midamus aegyptus female,Lepidoptera Butterfly Nymphalidae Euploea midamus aegyptus female
39995,Lepidoptera,Butterfly,Nymphalidae,Euploea,Euploea crameri,Euploea crameri niasica,Euploea crameri niasica female,Lepidoptera Butterfly Nymphalidae Euploea crameri niasica female
40095,Lepidoptera,Butterfly,Nymphalidae,Euploea,Euploea phaenareta,Euploea phaenareta pavettae,Euploea phaenareta pavettae male,Lepidoptera Butterfly Nymphalidae Euploea phaenareta pavettae male
40124,Lepidoptera,Butterfly,Nymphalidae,Euploea,Euploea hewitsonii,Euploea hewitsonii mangolina,Euploea hewitsonii mangolina male,Lepidoptera Butterfly Nymphalidae Euploea hewitsonii mangolina male
40125,Lepidoptera,Butterfly,Nymphalidae,Euploea,Euploea hewitsonii,Euploea hewitsonii mangolina,Euploea hewitsonii mangolina female,Lepidoptera Butterfly Nymphalidae Euploea hewitsonii mangolina female
40152,Lepidoptera,Butterfly,Nymphalidae,Danaus,Danaus melanippus,Danaus melanippus edmondii,,Lepidoptera Butterfly Nymphalidae Danaus melanippus edmondii nan
40154,Lepidoptera,Butterfly,Nymphalidae,Parantica,Parantica vitrina,Parantica vitrina vitrina,Parantica vitrina vitrina male,Lepidoptera Butterfly Nymphalidae Parantica vitrina vitrina male
40155,Lepidoptera,Butterfly,Nymphalidae,Parantica,Parantica vitrina,Parantica vitrina vitrina,Parantica vitrina vitrina female,Lepidoptera Butterfly Nymphalidae Parantica vitrina vitrina female
40163,Lepidoptera,Butterfly,Nymphalidae,Euploea,Euploea midamus,Euploea midamus chloe,Euploea midamus chloe male,Lepidoptera Butterfly Nymphalidae Euploea midamus chloe male
40169,Lepidoptera,Butterfly,Nymphalidae,Euploea,Euploea midamus,Euploea midamus chloe,,Lepidoptera Butterfly Nymphalidae Euploea midamus chloe nan
40173,Lepidoptera,Butterfly,Nymphalidae,Euploea,Euploea crameri,Euploea crameri heylaertsii,Euploea crameri heylaertsii male,Lepidoptera Butterfly Nymphalidae Euploea crameri heylaertsii male
40187,Lepidoptera,Butterfly,Nymphalidae,Idea,Idea lynceus,Idea lynceus fumata,Idea lynceus fumata male,Lepidoptera Butterfly Nymphalidae Idea lynceus fumata male
40188,Lepidoptera,Butterfly,Nymphalidae,Idea,Idea lynceus,Idea lynceus fumata,Idea lynceus fumata female,Lepidoptera Butterfly Nymphalidae Idea lynceus fumata female
40215,Lepidoptera,Butterfly,Nymphalidae,Danaus,Danaus chrysippus,Danaus chrysippus chrysippus,Danaus chrysippus chrysippus male,Lepidoptera Butterfly Nymphalidae Danaus chrysippus chrysippus male
40302,Lepidoptera,Butterfly,Nymphalidae,Euploea,Euploea crameri,Euploea crameri albomaculata,Euploea crameri albomaculata male,Lepidoptera Butterfly Nymphalidae Euploea crameri albomaculata male
40311,Lepidoptera,Butterfly,Nymphalidae,Euploea,Euploea crameri,Euploea crameri albomaculata,Euploea crameri albomaculata female,Lepidoptera Butterfly Nymphalidae Euploea crameri albomaculata female
40370,Lepidoptera,Butterfly,Nymphalidae,Idea,Idea durvillei,Idea durvillei keyensis,,Lepidoptera Butterfly Nymphalidae Idea durvillei keyensis nan
40414,Lepidoptera,Butterfly,Nymphalidae,Danaus,Danaus affinis,Danaus affinis mytilene,,Lepidoptera Butterfly Nymphalidae Danaus affinis mytilene nan
40415,Lepidoptera,Butterfly,Nymphalidae,Danaus,Danaus affinis,Danaus affinis mytilene,Danaus affinis mytilene male,Lepidoptera Butterfly Nymphalidae Danaus affinis mytilene male
40454,Lepidoptera,Butterfly,Nymphalidae,Ideopsis,Ideopsis gaura,Ideopsis gaura palawana,,Lepidoptera Butterfly Nymphalidae Ideopsis gaura palawana nan
40458,Lepidoptera,Butterfly,Nymphalidae,Danaus,Danaus chrysippus,Danaus chrysippus chrysippus,,Lepidoptera Butterfly Nymphalidae Danaus chrysippus chrysippus nan
40462,Lepidoptera,Butterfly,Nymphalidae,Tirumala,Tirumala septentrionis,Tirumala septentrionis palawana,,Lepidoptera Butterfly Nymphalidae Tirumala septentrionis palawana nan
40465,Lepidoptera,Butterfly,Nymphalidae,Euploea,Euploea modesta,Euploea modesta lorzae,Euploea modesta lorzae male,Lepidoptera Butterfly Nymphalidae Euploea modesta lorzae male
40484,Lepidoptera,Butterfly,Nymphalidae,Tirumala,Tirumala hamata,Tirumala hamata orientalis,,Lepidoptera Butterfly Nymphalidae Tirumala hamata orientalis nan
40485,Lepidoptera,Butterfly,Nymphalidae,Parantica,Parantica aspasia,Parantica aspasia aspasia,Parantica aspasia aspasia male,Lepidoptera Butterfly Nymphalidae Parantica aspasia aspasia male
40505,Lepidoptera,Butterfly,Nymphalidae,Euploea,Euploea modesta,Euploea modesta,Euploea modesta female,Lepidoptera Butterfly Nymphalidae Euploea modesta nan female
40524,Lepidoptera,Butterfly,Nymphalidae,Euploea,Euploea tulliolus,Euploea tulliolus doryca,Euploea tulliolus doryca female,Lepidoptera Butterfly Nymphalidae Euploea tulliolus doryca female
40561,Lepidoptera,Butterfly,Nymphalidae,Danaus,Danaus melanippus,Danaus melanippus haruhasa,Danaus melanippus haruhasa male,Lepidoptera Butterfly Nymphalidae Danaus melanippus haruhasa male
40562,Lepidoptera,Butterfly,Nymphalidae,Danaus,Danaus melanippus,Danaus melanippus haruhasa,Danaus melanippus haruhasa female,Lepidoptera Butterfly Nymphalidae Danaus melanippus haruhasa female
40616,Lepidoptera,Butterfly,Nymphalidae,Euploea,Euploea phaenareta,Euploea phaenareta juvia,Euploea phaenareta juvia male,Lepidoptera Butterfly Nymphalidae Euploea phaenareta juvia male
40618,Lepidoptera,Butterfly,Nymphalidae,Euploea,Euploea sylvester,Euploea sylvester tyrianthina,Euploea sylvester tyrianthina male,Lepidoptera Butterfly Nymphalidae Euploea sylvester tyrianthina male
40633,Lepidoptera,Butterfly,Nymphalidae,Euploea,Euploea climena,Euploea climena bandana,,Lepidoptera Butterfly Nymphalidae Euploea climena bandana nan
40641,Lepidoptera,Butterfly,Nymphalidae,Idea,Idea blanchardii,Idea blanchardii garunda,Idea blanchardii garunda female,Lepidoptera Butterfly Nymphalidae Idea blanchardii garunda female
40642,Lepidoptera,Butterfly,Nymphalidae,Idea,Idea blanchardii,Idea blanchardii blanchardii,Idea blanchardii blanchardii male,Lepidoptera Butterfly Nymphalidae Idea blanchardii blanchardii male
40643,Lepidoptera,Butterfly,Nymphalidae,Ideopsis,Ideopsis gaura,Ideopsis gaura canlaonii,Ideopsis gaura canlaonii male,Lepidoptera Butterfly Nymphalidae Ideopsis gaura canlaonii male
40644,Lepidoptera,Butterfly,Nymphalidae,Ideopsis,Ideopsis gaura,Ideopsis gaura anapis,Ideopsis gaura anapis female,Lepidoptera Butterfly Nymphalidae Ideopsis gaura anapis female
40650,Lepidoptera,Butterfly,Nymphalidae,Idea,Idea durvillei,Idea durvillei hemera,,Lepidoptera Butterfly Nymphalidae Idea durvillei hemera nan
40662,Lepidoptera,Butterfly,Nymphalidae,Idea,Idea durvillei,Idea durvillei theia,Idea durvillei theia male,Lepidoptera Butterfly Nymphalidae Idea durvillei theia male
40739,Lepidoptera,Butterfly,Nymphalidae,Euploea,Euploea algea,Euploea algea eleutheria,,Lepidoptera Butterfly Nymphalidae Euploea algea eleutheria nan
40740,Lepidoptera,Butterfly,Nymphalidae,Euploea,Euploea algea,Euploea algea eleutheria,Euploea algea eleutheria male,Lepidoptera Butterfly Nymphalidae Euploea algea eleutheria male
40745,Lepidoptera,Butterfly,Nymphalidae,Euploea,Euploea algea,Euploea algea eleutheria,Euploea algea eleutheria female,Lepidoptera Butterfly Nymphalidae Euploea algea eleutheria female
40754,Lepidoptera,Butterfly,Nymphalidae,Euploea,Euploea algea,Euploea algea talautensis,Euploea algea talautensis male,Lepidoptera Butterfly Nymphalidae Euploea algea talautensis male
40762,Lepidoptera,Butterfly,Nymphalidae,Euploea,Euploea algea,Euploea algea talautensis,,Lepidoptera Butterfly Nymphalidae Euploea algea talautensis nan
40763,Lepidoptera,Butterfly,Nymphalidae,Euploea,Euploea algea,Euploea algea talautensis,Euploea algea talautensis female,Lepidoptera Butterfly Nymphalidae Euploea algea talautensis female
40772,Lepidoptera,Butterfly,Nymphalidae,Tellervo,Tellervo fallax,Tellervo fallax,,Lepidoptera Butterfly Nymphalidae Tellervo fallax nan nan
40897,Lepidoptera,Butterfly,Nymphalidae,Danaus,Danaus affinis,Danaus affinis artenice,Danaus affinis artenice female,Lepidoptera Butterfly Nymphalidae Danaus affinis artenice female
40898,Lepidoptera,Butterfly,Nymphalidae,Danaus,Danaus melanippus,Danaus melanippus melanippus,Danaus melanippus melanippus male,Lepidoptera Butterfly Nymphalidae Danaus melanippus melanippus male
40903,Lepidoptera,Butterfly,Nymphalidae,Danaus,Danaus melanippus,Danaus melanippus edwardsi,Danaus melanippus edwardsi female,Lepidoptera Butterfly Nymphalidae Danaus melanippus edwardsi female
40906,Lepidoptera,Butterfly,Nymphalidae,Danaus,Danaus melanippus,Danaus melanippus edwardsi,Danaus melanippus edwardsi male,Lepidoptera Butterfly Nymphalidae Danaus melanippus edwardsi male
40910,Lepidoptera,Butterfly,Nymphalidae,Danaus,Danaus melanippus,Danaus melanippus umbrosus,,Lepidoptera Butterfly Nymphalidae Danaus melanippus umbrosus nan
40911,Lepidoptera,Butterfly,Nymphalidae,Danaus,Danaus melanippus,Danaus melanippus umbrosus,Danaus melanippus umbrosus male,Lepidoptera Butterfly Nymphalidae Danaus melanippus umbrosus male
40933,Lepidoptera,Butterfly,Nymphalidae,Euploea,Euploea mulciber,Euploea mulciber verhuelli,,Lepidoptera Butterfly Nymphalidae Euploea mulciber verhuelli nan
40969,Lepidoptera,Butterfly,Nymphalidae,Euploea,Euploea camaralzeman,Euploea camaralzeman,Euploea camaralzeman male,Lepidoptera Butterfly Nymphalidae Euploea camaralzeman nan male
41078,Lepidoptera,Butterfly,Nymphalidae,Ideopsis,Ideopsis vitrea,Ideopsis vitrea obiana,Ideopsis vitrea obiana female,Lepidoptera Butterfly Nymphalidae Ideopsis vitrea obiana female
41082,Lepidoptera,Butterfly,Nymphalidae,Euploea,Euploea darchia,Euploea darchia hopfferi,Euploea darchia hopfferi male,Lepidoptera Butterfly Nymphalidae Euploea darchia hopfferi male
41083,Lepidoptera,Butterfly,Nymphalidae,Euploea,Euploea darchia,Euploea darchia hopfferi,Euploea darchia hopfferi female,Lepidoptera Butterfly Nymphalidae Euploea darchia hopfferi female
41117,Lepidoptera,Butterfly,Nymphalidae,Idea,Idea durvillei,Idea durvillei nike,,Lepidoptera Butterfly Nymphalidae Idea durvillei nike nan
41118,Lepidoptera,Butterfly,Nymphalidae,Idea,Idea durvillei,Idea durvillei nike,Idea durvillei nike male,Lepidoptera Butterfly Nymphalidae Idea durvillei nike male
41263,Lepidoptera,Butterfly,Nymphalidae,Idea,Idea leuconoe,Idea leuconoe,Idea leuconoe female,Lepidoptera Butterfly Nymphalidae Idea leuconoe nan female
41292,Lepidoptera,Butterfly,Nymphalidae,Danaus,Danaus genutia,Danaus genutia laratensis,,Lepidoptera Butterfly Nymphalidae Danaus genutia laratensis nan
41333,Lepidoptera,Butterfly,Nymphalidae,Idea,Idea leuconoe,Idea leuconoe princesa,,Lepidoptera Butterfly Nymphalidae Idea leuconoe princesa nan
41367,Lepidoptera,Butterfly,Nymphalidae,Idea,Idea leuconoe,Idea leuconoe,Idea leuconoe male,Lepidoptera Butterfly Nymphalidae Idea leuconoe nan male
41370,Lepidoptera,Butterfly,Nymphalidae,Idea,Idea leuconoe,Idea leuconoe natunensis,Idea leuconoe natunensis female,Lepidoptera Butterfly Nymphalidae Idea leuconoe natunensis female
41375,Lepidoptera,Butterfly,Nymphalidae,Danaus,Danaus genutia,Danaus genutia conspicua,Danaus genutia conspicua female,Lepidoptera Butterfly Nymphalidae Danaus genutia conspicua female
41393,Lepidoptera,Butterfly,Nymphalidae,Euploea,Euploea phaenareta,Euploea phaenareta celebica,,Lepidoptera Butterfly Nymphalidae Euploea phaenareta celebica nan
41404,Lepidoptera,Butterfly,Nymphalidae,Euploea,Euploea phaenareta,Euploea phaenareta phaeretena,Euploea phaenareta phaeretena male,Lepidoptera Butterfly Nymphalidae Euploea phaenareta phaeretena male
41413,Lepidoptera,Butterfly,Nymphalidae,Euploea,Euploea phaenareta,Euploea phaenareta nikrion,Euploea phaenareta nikrion female,Lepidoptera Butterfly Nymphalidae Euploea phaenareta nikrion female
41417,Lepidoptera,Butterfly,Nymphalidae,Euploea,Euploea phaenareta,Euploea phaenareta butleri,Euploea phaenareta butleri male,Lepidoptera Butterfly Nymphalidae Euploea phaenareta butleri male
41418,Lepidoptera,Butterfly,Nymphalidae,Euploea,Euploea phaenareta,Euploea phaenareta butleri,Euploea phaenareta butleri female,Lepidoptera Butterfly Nymphalidae Euploea phaenareta butleri female
41425,Lepidoptera,Butterfly,Nymphalidae,Euploea,Euploea sylvester,Euploea sylvester watsoni,Euploea sylvester watsoni male,Lepidoptera Butterfly Nymphalidae Euploea sylvester watsoni male
41429,Lepidoptera,Butterfly,Nymphalidae,Euploea,Euploea sylvester,Euploea sylvester watsoni,Euploea sylvester watsoni female,Lepidoptera Butterfly Nymphalidae Euploea sylvester watsoni female
41430,Lepidoptera,Butterfly,Nymphalidae,Euploea,Euploea sylvester,Euploea sylvester payeni,,Lepidoptera Butterfly Nymphalidae Euploea sylvester payeni nan
41441,Lepidoptera,Butterfly,Papilionidae,Graphium,Graphium aristeus,Graphium aristeus,,Lepidoptera Butterfly Papilionidae Graphium aristeus nan nan
41442,Lepidoptera,Butterfly,Papilionidae,Graphium,Graphium codrus,Graphium codrus,,Lepidoptera Butterfly Papilionidae Graphium codrus nan nan
41446,Lepidoptera,Butterfly,Papilionidae,Graphium,Graphium wallacei,Graphium wallacei,,Lepidoptera Butterfly Papilionidae Graphium wallacei nan nan
41448,Lepidoptera,Butterfly,Papilionidae,Ornithoptera,Ornithoptera chimaera,Ornithoptera chimaera,Ornithoptera chimaera female,Lepidoptera Butterfly Papilionidae Ornithoptera chimaera nan female
41449,Lepidoptera,Butterfly,Papilionidae,Ornithoptera,Ornithoptera chimaera,Ornithoptera chimaera,Ornithoptera chimaera male,Lepidoptera Butterfly Papilionidae Ornithoptera chimaera nan male
41450,Lepidoptera,Butterfly,Papilionidae,Ornithoptera,Ornithoptera goliath,Ornithoptera goliath,Ornithoptera goliath female,Lepidoptera Butterfly Papilionidae Ornithoptera goliath nan female
41451,Lepidoptera,Butterfly,Papilionidae,Ornithoptera,Ornithoptera goliath,Ornithoptera goliath,Ornithoptera goliath male,Lepidoptera Butterfly Papilionidae Ornithoptera goliath nan male
41453,Lepidoptera,Butterfly,Papilionidae,Ornithoptera,Ornithoptera paradisea,Ornithoptera paradisea,Ornithoptera paradisea male,Lepidoptera Butterfly Papilionidae Ornithoptera paradisea nan male
41461,Lepidoptera,Butterfly,Papilionidae,Ornithoptera,Ornithoptera rothschildi,Ornithoptera rothschildi,Ornithoptera rothschildi male,Lepidoptera Butterfly Papilionidae Ornithoptera rothschildi nan male
41462,Lepidoptera,Butterfly,Papilionidae,Ornithoptera,Ornithoptera tithonus,Ornithoptera tithonus,Ornithoptera tithonus female,Lepidoptera Butterfly Papilionidae Ornithoptera tithonus nan female
41463,Lepidoptera,Butterfly,Papilionidae,Ornithoptera,Ornithoptera tithonus,Ornithoptera tithonus,Ornithoptera tithonus male,Lepidoptera Butterfly Papilionidae Ornithoptera tithonus nan male
41470,Lepidoptera,Butterfly,Lycaenidae,Jamides,Jamides bochus,Jamides bochus,,Lepidoptera Butterfly Lycaenidae Jamides bochus nan nan
41472,Lepidoptera,Butterfly,Lycaenidae,Jamides,Jamides bochus,Jamides bochus,Jamides bochus female,Lepidoptera Butterfly Lycaenidae Jamides bochus nan female
41477,Lepidoptera,Butterfly,Lycaenidae,Jamides,Jamides bochus,Jamides bochus,Jamides bochus male,Lepidoptera Butterfly Lycaenidae Jamides bochus nan male
41479,Lepidoptera,Butterfly,Lycaenidae,Jamides,Jamides soemias,Jamides soemias,,Lepidoptera Butterfly Lycaenidae Jamides soemias nan nan
41480,Lepidoptera,Butterfly,Lycaenidae,Jamides,Jamides soemias,Jamides soemias,Jamides soemias female,Lepidoptera Butterfly Lycaenidae Jamides soemias nan female
41482,Lepidoptera,Butterfly,Lycaenidae,Jamides,Jamides soemias,Jamides soemias,Jamides soemias male,Lepidoptera Butterfly Lycaenidae Jamides soemias nan male
41483,Lepidoptera,Butterfly,Lycaenidae,Jamides,Jamides amarauge,Jamides amarauge,Jamides amarauge female,Lepidoptera Butterfly Lycaenidae Jamides amarauge nan female
41484,Lepidoptera,Butterfly,Lycaenidae,Jamides,Jamides amarauge,Jamides amarauge,Jamides amarauge male,Lepidoptera Butterfly Lycaenidae Jamides amarauge nan male
41485,Lepidoptera,Butterfly,Lycaenidae,Jamides,Jamides amarauge,Jamides amarauge,,Lepidoptera Butterfly Lycaenidae Jamides amarauge nan nan
41487,Lepidoptera,Butterfly,Lycaenidae,Jamides,Jamides nitens,Jamides nitens,,Lepidoptera Butterfly Lycaenidae Jamides nitens nan nan
41488,Lepidoptera,Butterfly,Lycaenidae,Jamides,Jamides nitens,Jamides nitens,Jamides nitens male,Lepidoptera Butterfly Lycaenidae Jamides nitens nan male
41489,Lepidoptera,Butterfly,Lycaenidae,Jamides,Jamides nitens,Jamides nitens,Jamides nitens female,Lepidoptera Butterfly Lycaenidae Jamides nitens nan female
41491,Lepidoptera,Butterfly,Lycaenidae,Jamides,Jamides cyta,Jamides cyta,,Lepidoptera Butterfly Lycaenidae Jamides cyta nan nan
41493,Lepidoptera,Butterfly,Lycaenidae,Jamides,Jamides cyta,Jamides cyta,Jamides cyta male,Lepidoptera Butterfly Lycaenidae Jamides cyta nan male
41494,Lepidoptera,Butterfly,Lycaenidae,Jamides,Jamides cyta,Jamides cyta,Jamides cyta female,Lepidoptera Butterfly Lycaenidae Jamides cyta nan female
41495,Lepidoptera,Butterfly,Lycaenidae,Jamides,Jamides aetherialis,Jamides aetherialis,,Lepidoptera Butterfly Lycaenidae Jamides aetherialis nan nan
41496,Lepidoptera,Butterfly,Lycaenidae,Jamides,Jamides aetherialis,Jamides aetherialis,Jamides aetherialis male,Lepidoptera Butterfly Lycaenidae Jamides aetherialis nan male
41498,Lepidoptera,Butterfly,Lycaenidae,Jamides,Jamides aetherialis,Jamides aetherialis,Jamides aetherialis female,Lepidoptera Butterfly Lycaenidae Jamides aetherialis nan female
41499,Lepidoptera,Butterfly,Lycaenidae,Jamides,Jamides aleuas,Jamides aleuas,,Lepidoptera Butterfly Lycaenidae Jamides aleuas nan nan
41500,Lepidoptera,Butterfly,Lycaenidae,Jamides,Jamides aleuas,Jamides aleuas,Jamides aleuas female,Lepidoptera Butterfly Lycaenidae Jamides aleuas nan female
41501,Lepidoptera,Butterfly,Lycaenidae,Jamides,Jamides aleuas,Jamides aleuas,Jamides aleuas male,Lepidoptera Butterfly Lycaenidae Jamides aleuas nan male
41503,Lepidoptera,Butterfly,Lycaenidae,Jamides,Jamides allectus,Jamides allectus,,Lepidoptera Butterfly Lycaenidae Jamides allectus nan nan
41507,Lepidoptera,Butterfly,Lycaenidae,Jamides,Jamides pseudosias,Jamides pseudosias,,Lepidoptera Butterfly Lycaenidae Jamides pseudosias nan nan
41511,Lepidoptera,Butterfly,Lycaenidae,Jamides,Jamides reverdini,Jamides reverdini,,Lepidoptera Butterfly Lycaenidae Jamides reverdini nan nan
41512,Lepidoptera,Butterfly,Lycaenidae,Jamides,Jamides reverdini,Jamides reverdini,Jamides reverdini male,Lepidoptera Butterfly Lycaenidae Jamides reverdini nan male
41514,Lepidoptera,Butterfly,Lycaenidae,Jamides,Jamides reverdini,Jamides reverdini,Jamides reverdini female,Lepidoptera Butterfly Lycaenidae Jamides reverdini nan female
41515,Lepidoptera,Butterfly,Lycaenidae,Jamides,Jamides aruensis,Jamides aruensis,,Lepidoptera Butterfly Lycaenidae Jamides aruensis nan nan
41519,Lepidoptera,Butterfly,Lycaenidae,Jamides,Jamides cephion,Jamides cephion,,Lepidoptera Butterfly Lycaenidae Jamides cephion nan nan
41520,Lepidoptera,Butterfly,Lycaenidae,Epimastidia,Epimastidia inops,Epimastidia inops,,Lepidoptera Butterfly Lycaenidae Epimastidia inops nan nan
41524,Lepidoptera,Butterfly,Lycaenidae,Catochrysops,Catochrysops amasea,Catochrysops amasea,,Lepidoptera Butterfly Lycaenidae Catochrysops amasea nan nan
41528,Lepidoptera,Butterfly,Lycaenidae,Callictita,Callictita arfakiana,Callictita arfakiana,,Lepidoptera Butterfly Lycaenidae Callictita arfakiana nan nan
41531,Lepidoptera,Butterfly,Lycaenidae,Callictita,Callictita albiplaga,Callictita albiplaga,,Lepidoptera Butterfly Lycaenidae Callictita albiplaga nan nan
41532,Lepidoptera,Butterfly,Lycaenidae,Callictita,Callictita lara,Callictita lara,,Lepidoptera Butterfly Lycaenidae Callictita lara nan nan
41536,Lepidoptera,Butterfly,Lycaenidae,Callictita,Callictita felgara,Callictita felgara,,Lepidoptera Butterfly Lycaenidae Callictita felgara nan nan
41537,Lepidoptera,Butterfly,Pieridae,Pareronia,Pareronia chinki,Pareronia chinki,,Lepidoptera Butterfly Pieridae Pareronia chinki nan nan
41545,Lepidoptera,Butterfly,Pieridae,Delias,Delias argenthona,Delias argenthona,,Lepidoptera Butterfly Pieridae Delias argenthona nan nan
41547,Lepidoptera,Butterfly,Pieridae,Delias,Delias argenthona,Delias argenthona fragalactea,,Lepidoptera Butterfly Pieridae Delias argenthona fragalactea nan
41563,Lepidoptera,Butterfly,Pieridae,Delias,Delias doylei,Delias doylei,,Lepidoptera Butterfly Pieridae Delias doylei nan nan
41567,Lepidoptera,Butterfly,Pieridae,Delias,Delias bosnikiana,Delias bosnikiana,,Lepidoptera Butterfly Pieridae Delias bosnikiana nan nan
41571,Lepidoptera,Butterfly,Pieridae,Delias,Delias gabia,Delias gabia,,Lepidoptera Butterfly Pieridae Delias gabia nan nan
41575,Lepidoptera,Butterfly,Pieridae,Delias,Delias ennia,Delias ennia,,Lepidoptera Butterfly Pieridae Delias ennia nan nan
41579,Lepidoptera,Butterfly,Pieridae,Delias,Delias dice,Delias dice lactoclavata,,Lepidoptera Butterfly Pieridae Delias dice lactoclavata nan
41581,Lepidoptera,Butterfly,Pieridae,Delias,Delias dice,Delias dice,,Lepidoptera Butterfly Pieridae Delias dice nan nan
41583,Lepidoptera,Butterfly,Pieridae,Delias,Delias maudei,Delias maudei,,Lepidoptera Butterfly Pieridae Delias maudei nan nan
41584,Lepidoptera,Butterfly,Pieridae,Delias,Delias enniana,Delias enniana,,Lepidoptera Butterfly Pieridae Delias enniana nan nan
41587,Lepidoptera,Butterfly,Pieridae,Delias,Delias sagessa,Delias sagessa,,Lepidoptera Butterfly Pieridae Delias sagessa nan nan
41589,Lepidoptera,Butterfly,Pieridae,Delias,Delias abrophora,Delias abrophora,,Lepidoptera Butterfly Pieridae Delias abrophora nan nan
41604,Lepidoptera,Butterfly,Pieridae,Delias,Delias elongatus,Delias elongatus,,Lepidoptera Butterfly Pieridae Delias elongatus nan nan
41610,Lepidoptera,Butterfly,Pieridae,Delias,Delias boschmai,Delias boschmai,,Lepidoptera Butterfly Pieridae Delias boschmai nan nan
41612,Lepidoptera,Butterfly,Pieridae,Delias,Delias bobaga,Delias bobaga,,Lepidoptera Butterfly Pieridae Delias bobaga nan nan
41633,Lepidoptera,Butterfly,Pieridae,Delias,Delias catocausta,Delias catocausta,,Lepidoptera Butterfly Pieridae Delias catocausta nan nan
41658,Lepidoptera,Butterfly,Pieridae,Delias,Delias albertisi,Delias albertisi,,Lepidoptera Butterfly Pieridae Delias albertisi nan nan
41664,Lepidoptera,Butterfly,Pieridae,Delias,Delias discus,Delias discus,,Lepidoptera Butterfly Pieridae Delias discus nan nan
41674,Lepidoptera,Butterfly,Pieridae,Delias,Delias callima,Delias callima,,Lepidoptera Butterfly Pieridae Delias callima nan nan
41678,Lepidoptera,Butterfly,Pieridae,Delias,Delias caroli,Delias caroli,,Lepidoptera Butterfly Pieridae Delias caroli nan nan
41703,Lepidoptera,Butterfly,Pieridae,Delias,Delias kristianiae,Delias kristianiae,,Lepidoptera Butterfly Pieridae Delias kristianiae nan nan
41706,Lepidoptera,Butterfly,Pieridae,Delias,Delias papuana,Delias papuana,,Lepidoptera Butterfly Pieridae Delias papuana nan nan
41707,Lepidoptera,Butterfly,Pieridae,Delias,Delias hypomelas,Delias hypomelas,,Lepidoptera Butterfly Pieridae Delias hypomelas nan nan
41716,Lepidoptera,Butterfly,Pieridae,Delias,Delias sphenodiscus,Delias sphenodiscus,,Lepidoptera Butterfly Pieridae Delias sphenodiscus nan nan
41721,Lepidoptera,Butterfly,Papilionidae,Losaria,Losaria neptunus,Losaria neptunus dacasini,,Lepidoptera Butterfly Papilionidae Losaria neptunus dacasini nan
41725,Lepidoptera,Butterfly,Papilionidae,Losaria,Losaria neptunus,Losaria neptunus doris,,Lepidoptera Butterfly Papilionidae Losaria neptunus doris nan
41726,Lepidoptera,Butterfly,Papilionidae,Losaria,Losaria neptunus,Losaria neptunus fehri,,Lepidoptera Butterfly Papilionidae Losaria neptunus fehri nan
41728,Lepidoptera,Butterfly,Papilionidae,Losaria,Losaria neptunus,Losaria neptunus fehri,Losaria neptunus fehri male,Lepidoptera Butterfly Papilionidae Losaria neptunus fehri male
41738,Lepidoptera,Butterfly,Pieridae,Appias,Appias clementina,Appias clementina,,Lepidoptera Butterfly Pieridae Appias clementina nan nan
41818,Lepidoptera,Butterfly,Papilionidae,Ornithoptera,Ornithoptera tithonus,Ornithoptera tithonus misresiana,,Lepidoptera Butterfly Papilionidae Ornithoptera tithonus misresiana nan
41820,Lepidoptera,Butterfly,Papilionidae,Ornithoptera,Ornithoptera goliath,Ornithoptera goliath,,Lepidoptera Butterfly Papilionidae Ornithoptera goliath nan nan
41827,Lepidoptera,Butterfly,Papilionidae,Ornithoptera,Ornithoptera paradisea,Ornithoptera paradisea,,Lepidoptera Butterfly Papilionidae Ornithoptera paradisea nan nan
41831,Lepidoptera,Butterfly,Papilionidae,Ornithoptera,Ornithoptera paradisea,Ornithoptera paradisea flavescens,,Lepidoptera Butterfly Papilionidae Ornithoptera paradisea flavescens nan
41838,Lepidoptera,Butterfly,Papilionidae,Ornithoptera,Ornithoptera paradisea,Ornithoptera paradisea chrysanthemum,,Lepidoptera Butterfly Papilionidae Ornithoptera paradisea chrysanthemum nan
41856,Lepidoptera,Butterfly,Papilionidae,Ornithoptera,Ornithoptera chimaera,Ornithoptera chimaera chimaera,,Lepidoptera Butterfly Papilionidae Ornithoptera chimaera chimaera nan
41906,Lepidoptera,Butterfly,Papilionidae,Graphium,Graphium wallacei,Graphium wallacei wallacei,,Lepidoptera Butterfly Papilionidae Graphium wallacei wallacei nan
42243,Lepidoptera,Butterfly,Nymphalidae,Idea,Idea tambusisiana,Idea tambusisiana,,Lepidoptera Butterfly Nymphalidae Idea tambusisiana nan nan
42245,Lepidoptera,Butterfly,Nymphalidae,Idea,Idea agamarschana,Idea agamarschana cadelli,,Lepidoptera Butterfly Nymphalidae Idea agamarschana cadelli nan
42252,Lepidoptera,Butterfly,Nymphalidae,Idea,Idea agamarschana,Idea agamarschana hadeni,,Lepidoptera Butterfly Nymphalidae Idea agamarschana hadeni nan
42400,Lepidoptera,Butterfly,Nymphalidae,Idea,Idea stolli,Idea stolli bintanga,,Lepidoptera Butterfly Nymphalidae Idea stolli bintanga nan
42420,Lepidoptera,Butterfly,Nymphalidae,Idea,Idea lynceus,Idea lynceus niasica,,Lepidoptera Butterfly Nymphalidae Idea lynceus niasica nan
42433,Lepidoptera,Butterfly,Nymphalidae,Idea,Idea lynceus,Idea lynceus lynceus,,Lepidoptera Butterfly Nymphalidae Idea lynceus lynceus nan
42452,Lepidoptera,Butterfly,Nymphalidae,Idea,Idea lynceus,Idea lynceus fumata,,Lepidoptera Butterfly Nymphalidae Idea lynceus fumata nan
42504,Lepidoptera,Butterfly,Nymphalidae,Idea,Idea durvillei,Idea durvillei durvillei,,Lepidoptera Butterfly Nymphalidae Idea durvillei durvillei nan
42717,Lepidoptera,Butterfly,Nymphalidae,Idea,Idea blanchardii,Idea blanchardii garunda,,Lepidoptera Butterfly Nymphalidae Idea blanchardii garunda nan
42718,Lepidoptera,Butterfly,Nymphalidae,Idea,Idea blanchardii,Idea blanchardii blanchardii,,Lepidoptera Butterfly Nymphalidae Idea blanchardii blanchardii nan
42749,Lepidoptera,Butterfly,Nymphalidae,Idea,Idea leuconoe,Idea leuconoe javana,,Lepidoptera Butterfly Nymphalidae Idea leuconoe javana nan
42750,Lepidoptera,Butterfly,Nymphalidae,Idea,Idea leuconoe,Idea leuconoe karimondjawae,,Lepidoptera Butterfly Nymphalidae Idea leuconoe karimondjawae nan
42755,Lepidoptera,Butterfly,Nymphalidae,Idea,Idea leuconoe,Idea leuconoe godmani,,Lepidoptera Butterfly Nymphalidae Idea leuconoe godmani nan
42771,Lepidoptera,Butterfly,Nymphalidae,Idea,Idea leuconoe,Idea leuconoe engania,,Lepidoptera Butterfly Nymphalidae Idea leuconoe engania nan
42790,Lepidoptera,Butterfly,Nymphalidae,Idea,Idea leuconoe,Idea leuconoe lasiaka,,Lepidoptera Butterfly Nymphalidae Idea leuconoe lasiaka nan
42795,Lepidoptera,Butterfly,Nymphalidae,Idea,Idea leuconoe,Idea leuconoe natunensis,,Lepidoptera Butterfly Nymphalidae Idea leuconoe natunensis nan
42808,Lepidoptera,Butterfly,Nymphalidae,Idea,Idea leuconoe,Idea leuconoe chersonesia,,Lepidoptera Butterfly Nymphalidae Idea leuconoe chersonesia nan
42826,Lepidoptera,Butterfly,Nymphalidae,Idea,Idea leuconoe,Idea leuconoe nigriana,,Lepidoptera Butterfly Nymphalidae Idea leuconoe nigriana nan
42831,Lepidoptera,Butterfly,Nymphalidae,Idea,Idea leuconoe,Idea leuconoe obscura,,Lepidoptera Butterfly Nymphalidae Idea leuconoe obscura nan
42900,Lepidoptera,Butterfly,Nymphalidae,Euploea,Euploea phaenareta,Euploea phaenareta callithoe,,Lepidoptera Butterfly Nymphalidae Euploea phaenareta callithoe nan
42906,Lepidoptera,Butterfly,Nymphalidae,Euploea,Euploea phaenareta,Euploea phaenareta irma,,Lepidoptera Butterfly Nymphalidae Euploea phaenareta irma nan
42910,Lepidoptera,Butterfly,Nymphalidae,Euploea,Euploea phaenareta,Euploea phaenareta phaenareta,,Lepidoptera Butterfly Nymphalidae Euploea phaenareta phaenareta nan
42911,Lepidoptera,Butterfly,Nymphalidae,Euploea,Euploea phaenareta,Euploea phaenareta hollandi,,Lepidoptera Butterfly Nymphalidae Euploea phaenareta hollandi nan
42915,Lepidoptera,Butterfly,Nymphalidae,Euploea,Euploea leucostictos,Euploea leucostictos eustachius,,Lepidoptera Butterfly Nymphalidae Euploea leucostictos eustachius nan
42917,Lepidoptera,Butterfly,Nymphalidae,Euploea,Euploea usipetes,Euploea usipetes rezia,,Lepidoptera Butterfly Nymphalidae Euploea usipetes rezia nan
42925,Lepidoptera,Butterfly,Nymphalidae,Euploea,Euploea leucostictos,Euploea leucostictos herbsti,,Lepidoptera Butterfly Nymphalidae Euploea leucostictos herbsti nan
42935,Lepidoptera,Butterfly,Nymphalidae,Euploea,Euploea wallacei,Euploea wallacei melia,,Lepidoptera Butterfly Nymphalidae Euploea wallacei melia nan
42987,Lepidoptera,Butterfly,Nymphalidae,Euploea,Euploea leucostictos,Euploea leucostictos oculata,,Lepidoptera Butterfly Nymphalidae Euploea leucostictos oculata nan
42988,Lepidoptera,Butterfly,Nymphalidae,Euploea,Euploea leucostictos,Euploea leucostictos syra,,Lepidoptera Butterfly Nymphalidae Euploea leucostictos syra nan
42994,Lepidoptera,Butterfly,Nymphalidae,Euploea,Euploea midamus,Euploea midamus clorinde,,Lepidoptera Butterfly Nymphalidae Euploea midamus clorinde nan
42999,Lepidoptera,Butterfly,Nymphalidae,Euploea,Euploea midamus,Euploea midamus ochsenheimeri,,Lepidoptera Butterfly Nymphalidae Euploea midamus ochsenheimeri nan
43013,Lepidoptera,Butterfly,Nymphalidae,Euploea,Euploea midamus,Euploea midamus sophia,,Lepidoptera Butterfly Nymphalidae Euploea midamus sophia nan
43020,Lepidoptera,Butterfly,Nymphalidae,Euploea,Euploea phaenareta,Euploea phaenareta statius,,Lepidoptera Butterfly Nymphalidae Euploea phaenareta statius nan
43044,Lepidoptera,Butterfly,Nymphalidae,Euploea,Euploea phaenareta,Euploea phaenareta castelnaui,,Lepidoptera Butterfly Nymphalidae Euploea phaenareta castelnaui nan
43079,Lepidoptera,Butterfly,Nymphalidae,Euploea,Euploea tulliolus,Euploea tulliolus nocturna,,Lepidoptera Butterfly Nymphalidae Euploea tulliolus nocturna nan
43098,Lepidoptera,Butterfly,Nymphalidae,Euploea,Euploea mulciber,Euploea mulciber elwesi,,Lepidoptera Butterfly Nymphalidae Euploea mulciber elwesi nan
43244,Lepidoptera,Butterfly,Nymphalidae,Euploea,Euploea mulciber,Euploea mulciber mulciber,,Lepidoptera Butterfly Nymphalidae Euploea mulciber mulciber nan
43250,Lepidoptera,Butterfly,Nymphalidae,Euploea,Euploea mulciber,Euploea mulciber barsine,,Lepidoptera Butterfly Nymphalidae Euploea mulciber barsine nan
43252,Lepidoptera,Butterfly,Nymphalidae,Euploea,Euploea radamanthus,Euploea radamanthus alcidice,,Lepidoptera Butterfly Nymphalidae Euploea radamanthus alcidice nan
43263,Lepidoptera,Butterfly,Nymphalidae,Euploea,Euploea radamanthus,Euploea radamanthus lowei,,Lepidoptera Butterfly Nymphalidae Euploea radamanthus lowei nan
43279,Lepidoptera,Butterfly,Nymphalidae,Euploea,Euploea sylvester,Euploea sylvester watsoni,,Lepidoptera Butterfly Nymphalidae Euploea sylvester watsoni nan
43282,Lepidoptera,Butterfly,Nymphalidae,Euploea,Euploea sylvester,Euploea sylvester schlegeli,,Lepidoptera Butterfly Nymphalidae Euploea sylvester schlegeli nan
43285,Lepidoptera,Butterfly,Nymphalidae,Euploea,Euploea sylvester,Euploea sylvester laetifica,,Lepidoptera Butterfly Nymphalidae Euploea sylvester laetifica nan
43300,Lepidoptera,Butterfly,Nymphalidae,Euploea,Euploea sylvester,Euploea sylvester agema,,Lepidoptera Butterfly Nymphalidae Euploea sylvester agema nan
43304,Lepidoptera,Butterfly,Nymphalidae,Euploea,Euploea sylvester,Euploea sylvester inaequalis,,Lepidoptera Butterfly Nymphalidae Euploea sylvester inaequalis nan
43323,Lepidoptera,Butterfly,Nymphalidae,Euploea,Euploea sylvester,Euploea sylvester mithrenes,,Lepidoptera Butterfly Nymphalidae Euploea sylvester mithrenes nan
43324,Lepidoptera,Butterfly,Nymphalidae,Euploea,Euploea eurianassa,Euploea eurianassa eurianassa,,Lepidoptera Butterfly Nymphalidae Euploea eurianassa eurianassa nan
43338,Lepidoptera,Butterfly,Nymphalidae,Euploea,Euploea dalmanii,Euploea dalmanii dalmanii,,Lepidoptera Butterfly Nymphalidae Euploea dalmanii dalmanii nan
43345,Lepidoptera,Butterfly,Nymphalidae,Euploea,Euploea westwoodii,Euploea westwoodii viola,,Lepidoptera Butterfly Nymphalidae Euploea westwoodii viola nan
43393,Lepidoptera,Butterfly,Nymphalidae,Euploea,Euploea netscheri,Euploea netscheri netscheri,,Lepidoptera Butterfly Nymphalidae Euploea netscheri netscheri nan
43401,Lepidoptera,Butterfly,Nymphalidae,Euploea,Euploea netscheri,Euploea netscheri numantia,,Lepidoptera Butterfly Nymphalidae Euploea netscheri numantia nan
43403,Lepidoptera,Butterfly,Nymphalidae,Euploea,Euploea eyndhovii,Euploea eyndhovii eyndhovii,,Lepidoptera Butterfly Nymphalidae Euploea eyndhovii eyndhovii nan
43421,Lepidoptera,Butterfly,Nymphalidae,Euploea,Euploea eyndhovii,Euploea eyndhovii vonara,,Lepidoptera Butterfly Nymphalidae Euploea eyndhovii vonara nan
43438,Lepidoptera,Butterfly,Nymphalidae,Euploea,Euploea algea,Euploea algea cissia,,Lepidoptera Butterfly Nymphalidae Euploea algea cissia nan
43440,Lepidoptera,Butterfly,Nymphalidae,Euploea,Euploea algea,Euploea algea algea,,Lepidoptera Butterfly Nymphalidae Euploea algea algea nan
43454,Lepidoptera,Butterfly,Nymphalidae,Euploea,Euploea core,Euploea core haworthii,,Lepidoptera Butterfly Nymphalidae Euploea core haworthii nan
43467,Lepidoptera,Butterfly,Nymphalidae,Euploea,Euploea core,Euploea core distanti,,Lepidoptera Butterfly Nymphalidae Euploea core distanti nan
43474,Lepidoptera,Butterfly,Nymphalidae,Euploea,Euploea algea,Euploea algea buitendijki,,Lepidoptera Butterfly Nymphalidae Euploea algea buitendijki nan
43481,Lepidoptera,Butterfly,Nymphalidae,Euploea,Euploea algea,Euploea algea wallengreni,,Lepidoptera Butterfly Nymphalidae Euploea algea wallengreni nan
43488,Lepidoptera,Butterfly,Nymphalidae,Euploea,Euploea algea,Euploea algea transpectus,,Lepidoptera Butterfly Nymphalidae Euploea algea transpectus nan
43491,Lepidoptera,Butterfly,Nymphalidae,Euploea,Euploea algea,Euploea algea menetriesii,,Lepidoptera Butterfly Nymphalidae Euploea algea menetriesii nan
43500,Lepidoptera,Butterfly,Nymphalidae,Euploea,Euploea magou,Euploea magou,,Lepidoptera Butterfly Nymphalidae Euploea magou nan nan
43511,Lepidoptera,Butterfly,Nymphalidae,Euploea,Euploea algea,Euploea algea wiskotti,,Lepidoptera Butterfly Nymphalidae Euploea algea wiskotti nan
43513,Lepidoptera,Butterfly,Nymphalidae,Euploea,Euploea algea,Euploea algea kirbyi,,Lepidoptera Butterfly Nymphalidae Euploea algea kirbyi nan
43516,Lepidoptera,Butterfly,Nymphalidae,Euploea,Euploea algea,Euploea algea orope,,Lepidoptera Butterfly Nymphalidae Euploea algea orope nan
43518,Lepidoptera,Butterfly,Nymphalidae,Euploea,Euploea algea,Euploea algea menodice,,Lepidoptera Butterfly Nymphalidae Euploea algea menodice nan
43522,Lepidoptera,Butterfly,Nymphalidae,Euploea,Euploea algea,Euploea algea wallengrenii,,Lepidoptera Butterfly Nymphalidae Euploea algea wallengrenii nan
43538,Lepidoptera,Butterfly,Nymphalidae,Euploea,Euploea tripunctata,Euploea tripunctata,,Lepidoptera Butterfly Nymphalidae Euploea tripunctata nan nan
43545,Lepidoptera,Butterfly,Nymphalidae,Euploea,Euploea alcathoe,Euploea alcathoe coffea,,Lepidoptera Butterfly Nymphalidae Euploea alcathoe coffea nan
43578,Lepidoptera,Butterfly,Nymphalidae,Euploea,Euploea redtenbacheri,Euploea redtenbacheri redtenbacheri,,Lepidoptera Butterfly Nymphalidae Euploea redtenbacheri redtenbacheri nan
43583,Lepidoptera,Butterfly,Nymphalidae,Euploea,Euploea camaralzeman,Euploea camaralzeman claudina,,Lepidoptera Butterfly Nymphalidae Euploea camaralzeman claudina nan
43584,Lepidoptera,Butterfly,Nymphalidae,Euploea,Euploea camaralzeman,Euploea camaralzeman hypanis,,Lepidoptera Butterfly Nymphalidae Euploea camaralzeman hypanis nan
43592,Lepidoptera,Butterfly,Nymphalidae,Euploea,Euploea crameri,Euploea crameri lanista,,Lepidoptera Butterfly Nymphalidae Euploea crameri lanista nan
43629,Lepidoptera,Butterfly,Nymphalidae,Euploea,Euploea crameri,Euploea crameri javanica,,Lepidoptera Butterfly Nymphalidae Euploea crameri javanica nan
43658,Lepidoptera,Butterfly,Nymphalidae,Euploea,Euploea crameri,Euploea crameri crameri,,Lepidoptera Butterfly Nymphalidae Euploea crameri crameri nan
43688,Lepidoptera,Butterfly,Nymphalidae,Euploea,Euploea camaralzeman,Euploea camaralzeman scudderii,,Lepidoptera Butterfly Nymphalidae Euploea camaralzeman scudderii nan
43704,Lepidoptera,Butterfly,Nymphalidae,Euploea,Euploea albicosta,Euploea albicosta,,Lepidoptera Butterfly Nymphalidae Euploea albicosta nan nan
43713,Lepidoptera,Butterfly,Nymphalidae,Euploea,Euploea modesta,Euploea modesta ainoae,,Lepidoptera Butterfly Nymphalidae Euploea modesta ainoae nan
43722,Lepidoptera,Butterfly,Nymphalidae,Euploea,Euploea climena,Euploea climena climena,,Lepidoptera Butterfly Nymphalidae Euploea climena climena nan
43744,Lepidoptera,Butterfly,Nymphalidae,Euploea,Euploea climena,Euploea climena valeriana,,Lepidoptera Butterfly Nymphalidae Euploea climena valeriana nan
43746,Lepidoptera,Butterfly,Nymphalidae,Euploea,Euploea climena,Euploea climena terissa,,Lepidoptera Butterfly Nymphalidae Euploea climena terissa nan
43765,Lepidoptera,Butterfly,Nymphalidae,Euploea,Euploea modesta,Euploea modesta cerberus,,Lepidoptera Butterfly Nymphalidae Euploea modesta cerberus nan
43830,Lepidoptera,Butterfly,Nymphalidae,Euploea,Euploea eupator,Euploea eupator thrasetes,,Lepidoptera Butterfly Nymphalidae Euploea eupator thrasetes nan
43890,Lepidoptera,Butterfly,Nymphalidae,Euploea,Euploea radamanthus,Euploea radamanthus schreiberi,,Lepidoptera Butterfly Nymphalidae Euploea radamanthus schreiberi nan
43995,Lepidoptera,Butterfly,Nymphalidae,Euploea,Euploea radamanthus,Euploea radamanthus aerithus,,Lepidoptera Butterfly Nymphalidae Euploea radamanthus aerithus nan
44025,Lepidoptera,Butterfly,Nymphalidae,Euploea,Euploea midamus,Euploea midamus lippus,,Lepidoptera Butterfly Nymphalidae Euploea midamus lippus nan
44028,Lepidoptera,Butterfly,Nymphalidae,Euploea,Euploea midamus,Euploea midamus iduna,,Lepidoptera Butterfly Nymphalidae Euploea midamus iduna nan
44031,Lepidoptera,Butterfly,Nymphalidae,Euploea,Euploea midamus,Euploea midamus rafflesi,,Lepidoptera Butterfly Nymphalidae Euploea midamus rafflesi nan
44063,Lepidoptera,Butterfly,Nymphalidae,Euploea,Euploea midamus,Euploea midamus sticheli,,Lepidoptera Butterfly Nymphalidae Euploea midamus sticheli nan
44065,Lepidoptera,Butterfly,Nymphalidae,Euploea,Euploea midamus,Euploea midamus staudingeri,,Lepidoptera Butterfly Nymphalidae Euploea midamus staudingeri nan
44100,Lepidoptera,Butterfly,Nymphalidae,Euploea,Euploea midamus,Euploea midamus singapura,,Lepidoptera Butterfly Nymphalidae Euploea midamus singapura nan
44111,Lepidoptera,Butterfly,Nymphalidae,Euploea,Euploea martinii,Euploea martinii martinii,,Lepidoptera Butterfly Nymphalidae Euploea martinii martinii nan
44151,Lepidoptera,Butterfly,Nymphalidae,Euploea,Euploea treitschkei,Euploea treitschkei jessica,,Lepidoptera Butterfly Nymphalidae Euploea treitschkei jessica nan
44159,Lepidoptera,Butterfly,Nymphalidae,Euploea,Euploea treitschkei,Euploea treitschkei ursula,,Lepidoptera Butterfly Nymphalidae Euploea treitschkei ursula nan
44163,Lepidoptera,Butterfly,Nymphalidae,Euploea,Euploea treitschkei,Euploea treitschkei viridis,,Lepidoptera Butterfly Nymphalidae Euploea treitschkei viridis nan
44215,Lepidoptera,Butterfly,Nymphalidae,Euploea,Euploea leucostictos,Euploea leucostictos nepos,,Lepidoptera Butterfly Nymphalidae Euploea leucostictos nepos nan
44222,Lepidoptera,Butterfly,Nymphalidae,Euploea,Euploea leucostictos,Euploea leucostictos bandaensis,,Lepidoptera Butterfly Nymphalidae Euploea leucostictos bandaensis nan
44269,Lepidoptera,Butterfly,Nymphalidae,Euploea,Euploea usipetes,Euploea usipetes usipetes,,Lepidoptera Butterfly Nymphalidae Euploea usipetes usipetes nan
44279,Lepidoptera,Butterfly,Nymphalidae,Euploea,Euploea leucostictos,Euploea leucostictos iphianassa,,Lepidoptera Butterfly Nymphalidae Euploea leucostictos iphianassa nan
44280,Lepidoptera,Butterfly,Nymphalidae,Euploea,Euploea leucostictos,Euploea leucostictos polymela,,Lepidoptera Butterfly Nymphalidae Euploea leucostictos polymela nan
44282,Lepidoptera,Butterfly,Nymphalidae,Euploea,Euploea leucostictos,Euploea leucostictos perdita,,Lepidoptera Butterfly Nymphalidae Euploea leucostictos perdita nan
44322,Lepidoptera,Butterfly,Nymphalidae,Euploea,Euploea leucostictos,Euploea leucostictos staintoni,,Lepidoptera Butterfly Nymphalidae Euploea leucostictos staintoni nan
44410,Lepidoptera,Butterfly,Nymphalidae,Euploea,Euploea leucostictos,Euploea leucostictos lykeia,,Lepidoptera Butterfly Nymphalidae Euploea leucostictos lykeia nan
44424,Lepidoptera,Butterfly,Nymphalidae,Euploea,Euploea westwoodii,Euploea westwoodii bangkaiensis,,Lepidoptera Butterfly Nymphalidae Euploea westwoodii bangkaiensis nan
44427,Lepidoptera,Butterfly,Nymphalidae,Euploea,Euploea westwoodii,Euploea westwoodii westwoodii,,Lepidoptera Butterfly Nymphalidae Euploea westwoodii westwoodii nan
44448,Lepidoptera,Butterfly,Nymphalidae,Euploea,Euploea leucostictos,Euploea leucostictos kandaon,,Lepidoptera Butterfly Nymphalidae Euploea leucostictos kandaon nan
44450,Lepidoptera,Butterfly,Nymphalidae,Euploea,Euploea leucostictos,Euploea leucostictos timaius,,Lepidoptera Butterfly Nymphalidae Euploea leucostictos timaius nan
44517,Lepidoptera,Butterfly,Nymphalidae,Euploea,Euploea eunice,Euploea eunice phane,,Lepidoptera Butterfly Nymphalidae Euploea eunice phane nan
44520,Lepidoptera,Butterfly,Nymphalidae,Euploea,Euploea eunice,Euploea eunice juno,,Lepidoptera Butterfly Nymphalidae Euploea eunice juno nan
44576,Lepidoptera,Butterfly,Nymphalidae,Euploea,Euploea eleusina,Euploea eleusina aganor,,Lepidoptera Butterfly Nymphalidae Euploea eleusina aganor nan
44581,Lepidoptera,Butterfly,Nymphalidae,Euploea,Euploea eleusina,Euploea eleusina anitra,,Lepidoptera Butterfly Nymphalidae Euploea eleusina anitra nan
44625,Lepidoptera,Butterfly,Nymphalidae,Euploea,Euploea phaenareta,Euploea phaenareta eucala,,Lepidoptera Butterfly Nymphalidae Euploea phaenareta eucala nan
44626,Lepidoptera,Butterfly,Nymphalidae,Euploea,Euploea phaenareta,Euploea phaenareta euthoe,,Lepidoptera Butterfly Nymphalidae Euploea phaenareta euthoe nan
44651,Lepidoptera,Butterfly,Nymphalidae,Euploea,Euploea phaenareta,Euploea phaenareta heurippa,,Lepidoptera Butterfly Nymphalidae Euploea phaenareta heurippa nan
44716,Lepidoptera,Butterfly,Nymphalidae,Euploea,Euploea phaenareta,Euploea phaenareta althaea,,Lepidoptera Butterfly Nymphalidae Euploea phaenareta althaea nan
44719,Lepidoptera,Butterfly,Nymphalidae,Euploea,Euploea phaenareta,Euploea phaenareta juvia,,Lepidoptera Butterfly Nymphalidae Euploea phaenareta juvia nan
44720,Lepidoptera,Butterfly,Nymphalidae,Euploea,Euploea phaenareta,Euploea phaenareta salvini,,Lepidoptera Butterfly Nymphalidae Euploea phaenareta salvini nan
44721,Lepidoptera,Butterfly,Nymphalidae,Euploea,Euploea phaenareta,Euploea phaenareta nikrion,,Lepidoptera Butterfly Nymphalidae Euploea phaenareta nikrion nan
44725,Lepidoptera,Butterfly,Nymphalidae,Euploea,Euploea phaenareta,Euploea phaenareta micronesia,,Lepidoptera Butterfly Nymphalidae Euploea phaenareta micronesia nan
44739,Lepidoptera,Butterfly,Nymphalidae,Euploea,Euploea phaenareta,Euploea phaenareta phaeretena,,Lepidoptera Butterfly Nymphalidae Euploea phaenareta phaeretena nan
44778,Lepidoptera,Butterfly,Nymphalidae,Euploea,Euploea stephensii,Euploea stephensii kirschi,,Lepidoptera Butterfly Nymphalidae Euploea stephensii kirschi nan
44785,Lepidoptera,Butterfly,Nymphalidae,Euploea,Euploea stephensii,Euploea stephensii garcila,,Lepidoptera Butterfly Nymphalidae Euploea stephensii garcila nan
44786,Lepidoptera,Butterfly,Nymphalidae,Euploea,Euploea stephensii,Euploea stephensii jamesi,,Lepidoptera Butterfly Nymphalidae Euploea stephensii jamesi nan
44807,Lepidoptera,Butterfly,Nymphalidae,Euploea,Euploea stephensii,Euploea stephensii salpingoides,,Lepidoptera Butterfly Nymphalidae Euploea stephensii salpingoides nan
44851,Lepidoptera,Butterfly,Nymphalidae,Euploea,Euploea darchia,Euploea darchia ornata,,Lepidoptera Butterfly Nymphalidae Euploea darchia ornata nan
44856,Lepidoptera,Butterfly,Nymphalidae,Euploea,Euploea tulliolus,Euploea tulliolus forsteri,,Lepidoptera Butterfly Nymphalidae Euploea tulliolus forsteri nan
44857,Lepidoptera,Butterfly,Nymphalidae,Euploea,Euploea tulliolus,Euploea tulliolus offaka,,Lepidoptera Butterfly Nymphalidae Euploea tulliolus offaka nan
44880,Lepidoptera,Butterfly,Nymphalidae,Euploea,Euploea tulliolus,Euploea tulliolus mardonia,,Lepidoptera Butterfly Nymphalidae Euploea tulliolus mardonia nan
44884,Lepidoptera,Butterfly,Nymphalidae,Euploea,Euploea tulliolus,Euploea tulliolus saundersii,,Lepidoptera Butterfly Nymphalidae Euploea tulliolus saundersii nan
44892,Lepidoptera,Butterfly,Nymphalidae,Euploea,Euploea tulliolus,Euploea tulliolus monilis,,Lepidoptera Butterfly Nymphalidae Euploea tulliolus monilis nan
44894,Lepidoptera,Butterfly,Nymphalidae,Euploea,Euploea tulliolus,Euploea tulliolus aristotelis,,Lepidoptera Butterfly Nymphalidae Euploea tulliolus aristotelis nan
44900,Lepidoptera,Butterfly,Nymphalidae,Euploea,Euploea tulliolus,Euploea tulliolus natunensis,,Lepidoptera Butterfly Nymphalidae Euploea tulliolus natunensis nan
44984,Lepidoptera,Butterfly,Nymphalidae,Euploea,Euploea tulliolus,Euploea tulliolus eunus,,Lepidoptera Butterfly Nymphalidae Euploea tulliolus eunus nan
45001,Lepidoptera,Butterfly,Nymphalidae,Euploea,Euploea configurata,Euploea configurata configurata,,Lepidoptera Butterfly Nymphalidae Euploea configurata configurata nan
45020,Lepidoptera,Butterfly,Nymphalidae,Euploea,Euploea mulciber,Euploea mulciber mindanensis,,Lepidoptera Butterfly Nymphalidae Euploea mulciber mindanensis nan
45054,Lepidoptera,Butterfly,Nymphalidae,Euploea,Euploea mulciber,Euploea mulciber babina,,Lepidoptera Butterfly Nymphalidae Euploea mulciber babina nan
45181,Lepidoptera,Butterfly,Nymphalidae,Euploea,Euploea mulciber,Euploea mulciber malakoni,,Lepidoptera Butterfly Nymphalidae Euploea mulciber malakoni nan
45305,Lepidoptera,Butterfly,Nymphalidae,Euploea,Euploea sylvester,Euploea sylvester pelor,,Lepidoptera Butterfly Nymphalidae Euploea sylvester pelor nan
45307,Lepidoptera,Butterfly,Nymphalidae,Euploea,Euploea sylvester,Euploea sylvester jacobseni,,Lepidoptera Butterfly Nymphalidae Euploea sylvester jacobseni nan
45353,Lepidoptera,Butterfly,Nymphalidae,Euploea,Euploea abjecta,Euploea abjecta abjecta,,Lepidoptera Butterfly Nymphalidae Euploea abjecta abjecta nan
45356,Lepidoptera,Butterfly,Nymphalidae,Euploea,Euploea sylvester,Euploea sylvester swinhoei,,Lepidoptera Butterfly Nymphalidae Euploea sylvester swinhoei nan
45399,Lepidoptera,Butterfly,Nymphalidae,Euploea,Euploea sylvester,Euploea sylvester nica,,Lepidoptera Butterfly Nymphalidae Euploea sylvester nica nan
45410,Lepidoptera,Butterfly,Nymphalidae,Euploea,Euploea sylvester,Euploea sylvester harrisii,,Lepidoptera Butterfly Nymphalidae Euploea sylvester harrisii nan
45417,Lepidoptera,Butterfly,Nymphalidae,Euploea,Euploea sylvester,Euploea sylvester coreta,,Lepidoptera Butterfly Nymphalidae Euploea sylvester coreta nan
45460,Lepidoptera,Butterfly,Nymphalidae,Euploea,Euploea nechos,Euploea nechos,,Lepidoptera Butterfly Nymphalidae Euploea nechos nan nan
45509,Lepidoptera,Butterfly,Nymphalidae,Euploea,Euploea core,Euploea core illudens,,Lepidoptera Butterfly Nymphalidae Euploea core illudens nan
45520,Lepidoptera,Butterfly,Nymphalidae,Euploea,Euploea algea,Euploea algea amycus,,Lepidoptera Butterfly Nymphalidae Euploea algea amycus nan
45541,Lepidoptera,Butterfly,Nymphalidae,Euploea,Euploea boisduvali,Euploea boisduvali boisduvali,,Lepidoptera Butterfly Nymphalidae Euploea boisduvali boisduvali nan
45556,Lepidoptera,Butterfly,Nymphalidae,Euploea,Euploea algea,Euploea algea ancile,,Lepidoptera Butterfly Nymphalidae Euploea algea ancile nan
45655,Lepidoptera,Butterfly,Nymphalidae,Euploea,Euploea swainson,Euploea swainson lucasi,,Lepidoptera Butterfly Nymphalidae Euploea swainson lucasi nan
45659,Lepidoptera,Butterfly,Nymphalidae,Euploea,Euploea swainson,Euploea swainson swainson,,Lepidoptera Butterfly Nymphalidae Euploea swainson swainson nan
45664,Lepidoptera,Butterfly,Nymphalidae,Euploea,Euploea algea,Euploea algea cyllene,,Lepidoptera Butterfly Nymphalidae Euploea algea cyllene nan
45677,Lepidoptera,Butterfly,Nymphalidae,Euploea,Euploea algea,Euploea algea sapitana,,Lepidoptera Butterfly Nymphalidae Euploea algea sapitana nan
45708,Lepidoptera,Butterfly,Nymphalidae,Euploea,Euploea algea,Euploea algea kheili,,Lepidoptera Butterfly Nymphalidae Euploea algea kheili nan
45753,Lepidoptera,Butterfly,Nymphalidae,Euploea,Euploea algea,Euploea algea limborgii,,Lepidoptera Butterfly Nymphalidae Euploea algea limborgii nan
45771,Lepidoptera,Butterfly,Nymphalidae,Euploea,Euploea alcathoe,Euploea alcathoe alcathoe,,Lepidoptera Butterfly Nymphalidae Euploea alcathoe alcathoe nan
45791,Lepidoptera,Butterfly,Nymphalidae,Euploea,Euploea core,Euploea core bauermanni,,Lepidoptera Butterfly Nymphalidae Euploea core bauermanni nan
45793,Lepidoptera,Butterfly,Nymphalidae,Euploea,Euploea core,Euploea core haworthi,,Lepidoptera Butterfly Nymphalidae Euploea core haworthi nan
45824,Lepidoptera,Butterfly,Nymphalidae,Euploea,Euploea core,Euploea core andamanensis,,Lepidoptera Butterfly Nymphalidae Euploea core andamanensis nan
45832,Lepidoptera,Butterfly,Nymphalidae,Euploea,Euploea core,Euploea core scherzeri,,Lepidoptera Butterfly Nymphalidae Euploea core scherzeri nan
45869,Lepidoptera,Butterfly,Nymphalidae,Euploea,Euploea core,Euploea core core,,Lepidoptera Butterfly Nymphalidae Euploea core core nan
45873,Lepidoptera,Butterfly,Nymphalidae,Euploea,Euploea lewinii,Euploea lewinii eschscholtzii,,Lepidoptera Butterfly Nymphalidae Euploea lewinii eschscholtzii nan
45874,Lepidoptera,Butterfly,Nymphalidae,Euploea,Euploea algea,Euploea algea helcita,,Lepidoptera Butterfly Nymphalidae Euploea algea helcita nan
45909,Lepidoptera,Butterfly,Nymphalidae,Euploea,Euploea alcathoe,Euploea alcathoe alecto,,Lepidoptera Butterfly Nymphalidae Euploea alcathoe alecto nan
45937,Lepidoptera,Butterfly,Nymphalidae,Euploea,Euploea wallacei,Euploea wallacei confusa,,Lepidoptera Butterfly Nymphalidae Euploea wallacei confusa nan
45948,Lepidoptera,Butterfly,Nymphalidae,Euploea,Euploea wallacei,Euploea wallacei grayi,,Lepidoptera Butterfly Nymphalidae Euploea wallacei grayi nan
45977,Lepidoptera,Butterfly,Nymphalidae,Euploea,Euploea batesii,Euploea batesii publilia,,Lepidoptera Butterfly Nymphalidae Euploea batesii publilia nan
45987,Lepidoptera,Butterfly,Nymphalidae,Euploea,Euploea batesii,Euploea batesii mimica,,Lepidoptera Butterfly Nymphalidae Euploea batesii mimica nan
45993,Lepidoptera,Butterfly,Nymphalidae,Euploea,Euploea modesta,Euploea modesta deheeri,,Lepidoptera Butterfly Nymphalidae Euploea modesta deheeri nan
46000,Lepidoptera,Butterfly,Nymphalidae,Euploea,Euploea modesta,Euploea modesta modesta,,Lepidoptera Butterfly Nymphalidae Euploea modesta modesta nan
46003,Lepidoptera,Butterfly,Nymphalidae,Euploea,Euploea camaralzeman,Euploea camaralzeman scudderi,,Lepidoptera Butterfly Nymphalidae Euploea camaralzeman scudderi nan
46084,Lepidoptera,Butterfly,Nymphalidae,Euploea,Euploea latifasciata,Euploea latifasciata latifasciata,,Lepidoptera Butterfly Nymphalidae Euploea latifasciata latifasciata nan
46093,Lepidoptera,Butterfly,Nymphalidae,Euploea,Euploea crameri,Euploea crameri frauenfeldi,,Lepidoptera Butterfly Nymphalidae Euploea crameri frauenfeldi nan
46094,Lepidoptera,Butterfly,Nymphalidae,Euploea,Euploea crameri,Euploea crameri mentawica,,Lepidoptera Butterfly Nymphalidae Euploea crameri mentawica nan
46190,Lepidoptera,Butterfly,Nymphalidae,Euploea,Euploea crameri,Euploea crameri pagenstecheri,,Lepidoptera Butterfly Nymphalidae Euploea crameri pagenstecheri nan
46192,Lepidoptera,Butterfly,Nymphalidae,Euploea,Euploea crameri,Euploea crameri kaloensis,,Lepidoptera Butterfly Nymphalidae Euploea crameri kaloensis nan
46205,Lepidoptera,Butterfly,Nymphalidae,Euploea,Euploea crameri,Euploea crameri tenggerensis,,Lepidoptera Butterfly Nymphalidae Euploea crameri tenggerensis nan
46250,Lepidoptera,Butterfly,Nymphalidae,Euploea,Euploea batesii,Euploea batesii honesta,,Lepidoptera Butterfly Nymphalidae Euploea batesii honesta nan
46251,Lepidoptera,Butterfly,Nymphalidae,Euploea,Euploea crameri,Euploea crameri oceanis,,Lepidoptera Butterfly Nymphalidae Euploea crameri oceanis nan
46252,Lepidoptera,Butterfly,Nymphalidae,Euploea,Euploea modesta,Euploea modesta lugens,,Lepidoptera Butterfly Nymphalidae Euploea modesta lugens nan
46288,Lepidoptera,Butterfly,Nymphalidae,Euploea,Euploea climena,Euploea climena sobrina,,Lepidoptera Butterfly Nymphalidae Euploea climena sobrina nan
46344,Lepidoptera,Butterfly,Nymphalidae,Euploea,Euploea climena,Euploea climena enganensis,,Lepidoptera Butterfly Nymphalidae Euploea climena enganensis nan
46356,Lepidoptera,Butterfly,Nymphalidae,Tirumala,Tirumala choaspes,Tirumala choaspes kroeseni,,Lepidoptera Butterfly Nymphalidae Tirumala choaspes kroeseni nan
46358,Lepidoptera,Butterfly,Nymphalidae,Tirumala,Tirumala limniace,Tirumala limniace limniace,,Lepidoptera Butterfly Nymphalidae Tirumala limniace limniace nan
46360,Lepidoptera,Butterfly,Nymphalidae,Tirumala,Tirumala hamata,Tirumala hamata leucoptera,,Lepidoptera Butterfly Nymphalidae Tirumala hamata leucoptera nan
46362,Lepidoptera,Butterfly,Nymphalidae,Tirumala,Tirumala septentrionis,Tirumala septentrionis musikanos,,Lepidoptera Butterfly Nymphalidae Tirumala septentrionis musikanos nan
46371,Lepidoptera,Butterfly,Nymphalidae,Ideopsis,Ideopsis vitrea,Ideopsis vitrea inuncta,,Lepidoptera Butterfly Nymphalidae Ideopsis vitrea inuncta nan
46391,Lepidoptera,Butterfly,Nymphalidae,Ideopsis,Ideopsis vulgaris,Ideopsis vulgaris vulgaris,,Lepidoptera Butterfly Nymphalidae Ideopsis vulgaris vulgaris nan
46751,Lepidoptera,Butterfly,Nymphalidae,Danaus,Danaus melanippus,Danaus melanippus celebensis,,Lepidoptera Butterfly Nymphalidae Danaus melanippus celebensis nan
46831,Lepidoptera,Butterfly,Nymphalidae,Danaus,Danaus melanippus,Danaus melanippus edwardi,,Lepidoptera Butterfly Nymphalidae Danaus melanippus edwardi nan
46834,Lepidoptera,Butterfly,Nymphalidae,Danaus,Danaus melanippus,Danaus melanippus pietersi,,Lepidoptera Butterfly Nymphalidae Danaus melanippus pietersi nan
46855,Lepidoptera,Butterfly,Nymphalidae,Danaus,Danaus melanippus,Danaus melanippus eurydice,,Lepidoptera Butterfly Nymphalidae Danaus melanippus eurydice nan
46920,Lepidoptera,Butterfly,Nymphalidae,Danaus,Danaus melanippus,Danaus melanippus insularis,,Lepidoptera Butterfly Nymphalidae Danaus melanippus insularis nan
47122,Lepidoptera,Butterfly,Nymphalidae,Danaus,Danaus affinis,Danaus affinis tualana,,Lepidoptera Butterfly Nymphalidae Danaus affinis tualana nan
48464,Lepidoptera,Butterfly,Nymphalidae,Tirumala,Tirumala choaspes,Tirumala choaspes kalawara,,Lepidoptera Butterfly Nymphalidae Tirumala choaspes kalawara nan
48484,Lepidoptera,Butterfly,Nymphalidae,Tirumala,Tirumala euploeomorpha,Tirumala euploeomorpha,,Lepidoptera Butterfly Nymphalidae Tirumala euploeomorpha nan nan
48485,Lepidoptera,Butterfly,Nymphalidae,Tirumala,Tirumala gautama,Tirumala gautama gautama,,Lepidoptera Butterfly Nymphalidae Tirumala gautama gautama nan
48486,Lepidoptera,Butterfly,Nymphalidae,Ideopsis,Ideopsis hewitsonii,Ideopsis hewitsonii hewitsonii,,Lepidoptera Butterfly Nymphalidae Ideopsis hewitsonii hewitsonii nan
48499,Lepidoptera,Butterfly,Nymphalidae,Ideopsis,Ideopsis vitrea,Ideopsis vitrea serena,,Lepidoptera Butterfly Nymphalidae Ideopsis vitrea serena nan
48540,Lepidoptera,Butterfly,Nymphalidae,Ideopsis,Ideopsis vitrea,Ideopsis vitrea iza,,Lepidoptera Butterfly Nymphalidae Ideopsis vitrea iza nan
48542,Lepidoptera,Butterfly,Nymphalidae,Ideopsis,Ideopsis vitrea,Ideopsis vitrea ribbei,,Lepidoptera Butterfly Nymphalidae Ideopsis vitrea ribbei nan
48597,Lepidoptera,Butterfly,Nymphalidae,Ideopsis,Ideopsis gaura,Ideopsis gaura anapina,,Lepidoptera Butterfly Nymphalidae Ideopsis gaura anapina nan
48600,Lepidoptera,Butterfly,Nymphalidae,Ideopsis,Ideopsis gaura,Ideopsis gaura anapis,,Lepidoptera Butterfly Nymphalidae Ideopsis gaura anapis nan
48695,Lepidoptera,Butterfly,Nymphalidae,Ideopsis,Ideopsis gaura,Ideopsis gaura costalis,,Lepidoptera Butterfly Nymphalidae Ideopsis gaura costalis nan
48919,Lepidoptera,Butterfly,Pieridae,Delias,Delias eumolpe,Delias eumolpe,,Lepidoptera Butterfly Pieridae Delias eumolpe nan nan
49209,Lepidoptera,Butterfly,Nymphalidae,Ideopsis,Ideopsis juventa,Ideopsis juventa georgina,,Lepidoptera Butterfly Nymphalidae Ideopsis juventa georgina nan
49217,Lepidoptera,Butterfly,Nymphalidae,Ideopsis,Ideopsis juventa,Ideopsis juventa eugenia,,Lepidoptera Butterfly Nymphalidae Ideopsis juventa eugenia nan
49225,Lepidoptera,Butterfly,Nymphalidae,Ideopsis,Ideopsis juventa,Ideopsis juventa kolleri,,Lepidoptera Butterfly Nymphalidae Ideopsis juventa kolleri nan
49230,Lepidoptera,Butterfly,Nymphalidae,Ideopsis,Ideopsis juventa,Ideopsis juventa bosnika,,Lepidoptera Butterfly Nymphalidae Ideopsis juventa bosnika nan
49425,Lepidoptera,Butterfly,Nymphalidae,Ideopsis,Ideopsis juventa,Ideopsis juventa ellida,,Lepidoptera Butterfly Nymphalidae Ideopsis juventa ellida nan
49487,Lepidoptera,Butterfly,Nymphalidae,Ideopsis,Ideopsis juventa,Ideopsis juventa sequana,,Lepidoptera Butterfly Nymphalidae Ideopsis juventa sequana nan
49524,Lepidoptera,Butterfly,Nymphalidae,Ideopsis,Ideopsis juventa,Ideopsis juventa lirungensis,,Lepidoptera Butterfly Nymphalidae Ideopsis juventa lirungensis nan
49644,Lepidoptera,Butterfly,Nymphalidae,Ideopsis,Ideopsis juventa,Ideopsis juventa sapana,,Lepidoptera Butterfly Nymphalidae Ideopsis juventa sapana nan
49645,Lepidoptera,Butterfly,Nymphalidae,Ideopsis,Ideopsis juventa,Ideopsis juventa mincia,,Lepidoptera Butterfly Nymphalidae Ideopsis juventa mincia nan
49730,Lepidoptera,Butterfly,Nymphalidae,Ideopsis,Ideopsis juventa,Ideopsis juventa scrobia,,Lepidoptera Butterfly Nymphalidae Ideopsis juventa scrobia nan
49769,Lepidoptera,Butterfly,Nymphalidae,Ideopsis,Ideopsis juventa,Ideopsis juventa sitah,,Lepidoptera Butterfly Nymphalidae Ideopsis juventa sitah nan
49863,Lepidoptera,Butterfly,Nymphalidae,Ideopsis,Ideopsis juventa,Ideopsis juventa pseudosimilis,,Lepidoptera Butterfly Nymphalidae Ideopsis juventa pseudosimilis nan
49874,Lepidoptera,Butterfly,Nymphalidae,Parantica,Parantica rotundata,Parantica rotundata,,Lepidoptera Butterfly Nymphalidae Parantica rotundata nan nan
49885,Lepidoptera,Butterfly,Nymphalidae,Parantica,Parantica hypowattan,Parantica hypowattan,,Lepidoptera Butterfly Nymphalidae Parantica hypowattan nan nan
49889,Lepidoptera,Butterfly,Nymphalidae,Parantica,Parantica dabrerai,Parantica dabrerai,,Lepidoptera Butterfly Nymphalidae Parantica dabrerai nan nan
49896,Lepidoptera,Butterfly,Nymphalidae,Parantica,Parantica kuekenthali,Parantica kuekenthali,,Lepidoptera Butterfly Nymphalidae Parantica kuekenthali nan nan
49901,Lepidoptera,Butterfly,Nymphalidae,Parantica,Parantica toxopei,Parantica toxopei,,Lepidoptera Butterfly Nymphalidae Parantica toxopei nan nan
50074,Lepidoptera,Butterfly,Nymphalidae,Parantica,Parantica tityoides,Parantica tityoides,,Lepidoptera Butterfly Nymphalidae Parantica tityoides nan nan
50088,Lepidoptera,Butterfly,Nymphalidae,Parantica,Parantica sulewattan,Parantica sulewattan,,Lepidoptera Butterfly Nymphalidae Parantica sulewattan nan nan
50092,Lepidoptera,Butterfly,Nymphalidae,Parantica,Parantica nilgiriensis,Parantica nilgiriensis,,Lepidoptera Butterfly Nymphalidae Parantica nilgiriensis nan nan
50093,Lepidoptera,Butterfly,Nymphalidae,Parantica,Parantica taprobana,Parantica taprobana,,Lepidoptera Butterfly Nymphalidae Parantica taprobana nan nan
50100,Lepidoptera,Butterfly,Papilionidae,Papilio,Papilio deiphobus,Papilio deiphobus deiphobus,,Lepidoptera Butterfly Papilionidae Papilio deiphobus deiphobus nan
50151,Lepidoptera,Butterfly,Papilionidae,Ornithoptera,Ornithoptera alexandrae,Ornithoptera alexandrae,,Lepidoptera Butterfly Papilionidae Ornithoptera alexandrae nan nan
50152,Lepidoptera,Butterfly,Papilionidae,Papilio,Papilio euchenor,Papilio euchenor misimanus,,Lepidoptera Butterfly Papilionidae Papilio euchenor misimanus nan
50223,Lepidoptera,Butterfly,Papilionidae,Papilio,Papilio euchenor,Papilio euchenor misolensis,,Lepidoptera Butterfly Papilionidae Papilio euchenor misolensis nan
50225,Lepidoptera,Butterfly,Papilionidae,Papilio,Papilio euchenor,Papilio euchenor comma,,Lepidoptera Butterfly Papilionidae Papilio euchenor comma nan
50229,Lepidoptera,Butterfly,Papilionidae,Papilio,Papilio gigon,Papilio gigon mangolinus,,Lepidoptera Butterfly Papilionidae Papilio gigon mangolinus nan
50530,Lepidoptera,Butterfly,Papilionidae,Papilio,Papilio memnon,Papilio memnon lowii,,Lepidoptera Butterfly Papilionidae Papilio memnon lowii nan
50565,Lepidoptera,Butterfly,Papilionidae,Papilio,Papilio memnon,Papilio memnon subclathratus,,Lepidoptera Butterfly Papilionidae Papilio memnon subclathratus nan
50576,Lepidoptera,Butterfly,Papilionidae,Papilio,Papilio memnon,Papilio memnon perlucidus,,Lepidoptera Butterfly Papilionidae Papilio memnon perlucidus nan
50579,Lepidoptera,Butterfly,Papilionidae,Papilio,Papilio memnon,Papilio memnon merapu,,Lepidoptera Butterfly Papilionidae Papilio memnon merapu nan
50582,Lepidoptera,Butterfly,Papilionidae,Papilio,Papilio memnon,Papilio memnon oceani,,Lepidoptera Butterfly Papilionidae Papilio memnon oceani nan
50591,Lepidoptera,Butterfly,Papilionidae,Papilio,Papilio memnon,Papilio memnon memnon,,Lepidoptera Butterfly Papilionidae Papilio memnon memnon nan
50613,Lepidoptera,Butterfly,Papilionidae,Papilio,Papilio memnon,Papilio memnon agenor,,Lepidoptera Butterfly Papilionidae Papilio memnon agenor nan
50692,Lepidoptera,Butterfly,Papilionidae,Papilio,Papilio helenus,Papilio helenus biseriatus,,Lepidoptera Butterfly Papilionidae Papilio helenus biseriatus nan
51018,Lepidoptera,Butterfly,Nymphalidae,Parantica,Parantica sita,Parantica sita,,Lepidoptera Butterfly Nymphalidae Parantica sita nan nan
51028,Lepidoptera,Butterfly,Nymphalidae,Parantica,Parantica cleona,Parantica cleona,,Lepidoptera Butterfly Nymphalidae Parantica cleona nan nan
51662,Lepidoptera,Butterfly,Hesperiidae,Choaspes,Choaspes hemixanthus,Choaspes hemixanthus hemixanthus,,Lepidoptera Butterfly Hesperiidae Choaspes hemixanthus hemixanthus nan
51665,Lepidoptera,Butterfly,Hesperiidae,Choaspes,Choaspes hemixanthus,Choaspes hemixanthus,,Lepidoptera Butterfly Hesperiidae Choaspes hemixanthus nan nan
51669,Lepidoptera,Butterfly,Hesperiidae,Choaspes,Choaspes subcaudata,Choaspes subcaudata subcaudata,,Lepidoptera Butterfly Hesperiidae Choaspes subcaudata subcaudata nan
51686,Lepidoptera,Butterfly,Hesperiidae,Choaspes,Choaspes subcaudata,Choaspes subcaudata crawfurdi,,Lepidoptera Butterfly Hesperiidae Choaspes subcaudata crawfurdi nan
51696,Lepidoptera,Butterfly,Hesperiidae,Choaspes,Choaspes plateni,Choaspes plateni visaya,,Lepidoptera Butterfly Hesperiidae Choaspes plateni visaya nan
51703,Lepidoptera,Butterfly,Hesperiidae,Choaspes,Choaspes plateni,Choaspes plateni adhara,,Lepidoptera Butterfly Hesperiidae Choaspes plateni adhara nan
51711,Lepidoptera,Butterfly,Hesperiidae,Choaspes,Choaspes plateni,Choaspes plateni plateni,,Lepidoptera Butterfly Hesperiidae Choaspes plateni plateni nan
51719,Lepidoptera,Butterfly,Hesperiidae,Choaspes,Choaspes plateni,Choaspes plateni,,Lepidoptera Butterfly Hesperiidae Choaspes plateni nan nan
51750,Lepidoptera,Butterfly,Hesperiidae,Choaspes,Choaspes plateni,Choaspes plateni caudata,,Lepidoptera Butterfly Hesperiidae Choaspes plateni caudata nan
51772,Lepidoptera,Butterfly,Hesperiidae,Badamia,Badamia exclamationis,Badamia exclamationis,,Lepidoptera Butterfly Hesperiidae Badamia exclamationis nan nan
51780,Lepidoptera,Butterfly,Hesperiidae,Hasora,Hasora thridas,Hasora thridas thridas,,Lepidoptera Butterfly Hesperiidae Hasora thridas thridas nan
51782,Lepidoptera,Butterfly,Hesperiidae,Hasora,Hasora leucospila,Hasora leucospila leucospila,,Lepidoptera Butterfly Hesperiidae Hasora leucospila leucospila nan
51799,Lepidoptera,Butterfly,Hesperiidae,Hasora,Hasora vitta,Hasora vitta proximata,,Lepidoptera Butterfly Hesperiidae Hasora vitta proximata nan
51822,Lepidoptera,Butterfly,Hesperiidae,Hasora,Hasora vitta,Hasora vitta sula,,Lepidoptera Butterfly Hesperiidae Hasora vitta sula nan
51894,Lepidoptera,Butterfly,Hesperiidae,Hasora,Hasora subcaelestis,Hasora subcaelestis,,Lepidoptera Butterfly Hesperiidae Hasora subcaelestis nan nan
51895,Lepidoptera,Butterfly,Hesperiidae,Hasora,Hasora quadripunctata,Hasora quadripunctata quadripunctata,,Lepidoptera Butterfly Hesperiidae Hasora quadripunctata quadripunctata nan
51896,Lepidoptera,Butterfly,Hesperiidae,Hasora,Hasora quadripunctata,Hasora quadripunctata celebica,,Lepidoptera Butterfly Hesperiidae Hasora quadripunctata celebica nan
51902,Lepidoptera,Butterfly,Hesperiidae,Hasora,Hasora quadripunctata,Hasora quadripunctata gnaeus,,Lepidoptera Butterfly Hesperiidae Hasora quadripunctata gnaeus nan
51912,Lepidoptera,Butterfly,Hesperiidae,Hasora,Hasora badra,Hasora badra badra,,Lepidoptera Butterfly Hesperiidae Hasora badra badra nan
52040,Lepidoptera,Butterfly,Hesperiidae,Hasora,Hasora mixta,Hasora mixta simplicissima,,Lepidoptera Butterfly Hesperiidae Hasora mixta simplicissima nan
52077,Lepidoptera,Butterfly,Hesperiidae,Hasora,Hasora mixta,Hasora mixta fenestrata,,Lepidoptera Butterfly Hesperiidae Hasora mixta fenestrata nan
52079,Lepidoptera,Butterfly,Hesperiidae,Hasora,Hasora mixta,Hasora mixta prabha,,Lepidoptera Butterfly Hesperiidae Hasora mixta prabha nan
52103,Lepidoptera,Butterfly,Hesperiidae,Hasora,Hasora mixta,Hasora mixta mixta,,Lepidoptera Butterfly Hesperiidae Hasora mixta mixta nan
52132,Lepidoptera,Butterfly,Hesperiidae,Hasora,Hasora schoenherr,Hasora schoenherr schoenherr,,Lepidoptera Butterfly Hesperiidae Hasora schoenherr schoenherr nan
52182,Lepidoptera,Butterfly,Hesperiidae,Hasora,Hasora schoenherr,Hasora schoenherr chuza,,Lepidoptera Butterfly Hesperiidae Hasora schoenherr chuza nan
52211,Lepidoptera,Butterfly,Hesperiidae,Hasora,Hasora hurama,Hasora hurama,,Lepidoptera Butterfly Hesperiidae Hasora hurama nan nan
52224,Lepidoptera,Butterfly,Hesperiidae,Hasora,Hasora hurama,Hasora hurama hurama,,Lepidoptera Butterfly Hesperiidae Hasora hurama hurama nan
52267,Lepidoptera,Butterfly,Hesperiidae,Hasora,Hasora taminatus,Hasora taminatus dipama,,Lepidoptera Butterfly Hesperiidae Hasora taminatus dipama nan
52268,Lepidoptera,Butterfly,Hesperiidae,Hasora,Hasora taminatus,Hasora taminatus padma,,Lepidoptera Butterfly Hesperiidae Hasora taminatus padma nan
52296,Lepidoptera,Butterfly,Hesperiidae,Hasora,Hasora taminatus,Hasora taminatus amboinensis,,Lepidoptera Butterfly Hesperiidae Hasora taminatus amboinensis nan
52329,Lepidoptera,Butterfly,Hesperiidae,Hasora,Hasora taminatus,Hasora taminatus attenuata,,Lepidoptera Butterfly Hesperiidae Hasora taminatus attenuata nan
52341,Lepidoptera,Butterfly,Hesperiidae,Hasora,Hasora taminatus,Hasora taminatus malayana,,Lepidoptera Butterfly Hesperiidae Hasora taminatus malayana nan
52388,Lepidoptera,Butterfly,Hesperiidae,Hasora,Hasora chromus,Hasora chromus chromus,,Lepidoptera Butterfly Hesperiidae Hasora chromus chromus nan
52398,Lepidoptera,Butterfly,Hesperiidae,Hasora,Hasora borneensis,Hasora borneensis luza,,Lepidoptera Butterfly Hesperiidae Hasora borneensis luza nan
52399,Lepidoptera,Butterfly,Hesperiidae,Hasora,Hasora discolor,Hasora discolor,,Lepidoptera Butterfly Hesperiidae Hasora discolor nan nan
52410,Lepidoptera,Butterfly,Hesperiidae,Hasora,Hasora discolor,Hasora discolor discolor,,Lepidoptera Butterfly Hesperiidae Hasora discolor discolor nan
52414,Lepidoptera,Butterfly,Hesperiidae,Hasora,Hasora myra,Hasora myra myra,,Lepidoptera Butterfly Hesperiidae Hasora myra myra nan
52453,Lepidoptera,Butterfly,Hesperiidae,Hasora,Hasora proxissima,Hasora proxissima siva,,Lepidoptera Butterfly Hesperiidae Hasora proxissima siva nan
52457,Lepidoptera,Butterfly,Hesperiidae,Hasora,Hasora takwa,Hasora takwa,,Lepidoptera Butterfly Hesperiidae Hasora takwa nan nan
52459,Lepidoptera,Butterfly,Hesperiidae,Hasora,Hasora lizetta,Hasora lizetta,,Lepidoptera Butterfly Hesperiidae Hasora lizetta nan nan
52474,Lepidoptera,Butterfly,Hesperiidae,Hasora,Hasora mus,Hasora mus pahanga,,Lepidoptera Butterfly Hesperiidae Hasora mus pahanga nan
52475,Lepidoptera,Butterfly,Hesperiidae,Hasora,Hasora alta,Hasora alta,,Lepidoptera Butterfly Hesperiidae Hasora alta nan nan
52476,Lepidoptera,Butterfly,Hesperiidae,Allora,Allora major,Allora major,,Lepidoptera Butterfly Hesperiidae Allora major nan nan
52493,Lepidoptera,Butterfly,Hesperiidae,Allora,Allora major,Allora major major,,Lepidoptera Butterfly Hesperiidae Allora major major nan
52507,Lepidoptera,Butterfly,Hesperiidae,Allora,Allora doleschalii,Allora doleschalii albertisi,,Lepidoptera Butterfly Hesperiidae Allora doleschalii albertisi nan
52536,Lepidoptera,Butterfly,Hesperiidae,Allora,Allora doleschalii,Allora doleschalii doleschalii,,Lepidoptera Butterfly Hesperiidae Allora doleschalii doleschalii nan
52557,Lepidoptera,Butterfly,Hesperiidae,Allora,Allora doleschalii,Allora doleschalii viridicans,,Lepidoptera Butterfly Hesperiidae Allora doleschalii viridicans nan
52568,Lepidoptera,Butterfly,Hesperiidae,Allora,Allora doleschalii,Allora doleschalii gazaka,,Lepidoptera Butterfly Hesperiidae Allora doleschalii gazaka nan
52585,Lepidoptera,Butterfly,Hesperiidae,Bibasis,Bibasis sena,Bibasis sena palawana,,Lepidoptera Butterfly Hesperiidae Bibasis sena palawana nan
52598,Lepidoptera,Butterfly,Hesperiidae,Bibasis,Bibasis sena,Bibasis sena senata,,Lepidoptera Butterfly Hesperiidae Bibasis sena senata nan
52605,Lepidoptera,Butterfly,Hesperiidae,Bibasis,Bibasis sena,Bibasis sena uniformis,,Lepidoptera Butterfly Hesperiidae Bibasis sena uniformis nan
52643,Lepidoptera,Butterfly,Hesperiidae,Bibasis,Bibasis iluska,Bibasis iluska iluska,,Lepidoptera Butterfly Hesperiidae Bibasis iluska iluska nan
52646,Lepidoptera,Butterfly,Hesperiidae,Bibasis,Bibasis iluska,Bibasis iluska nestor,,Lepidoptera Butterfly Hesperiidae Bibasis iluska nestor nan
52662,Lepidoptera,Butterfly,Hesperiidae,Bibasis,Bibasis gomata,Bibasis gomata lorquini,,Lepidoptera Butterfly Hesperiidae Bibasis gomata lorquini nan
52675,Lepidoptera,Butterfly,Hesperiidae,Bibasis,Bibasis gomota,Bibasis gomota lalita,,Lepidoptera Butterfly Hesperiidae Bibasis gomota lalita nan
52676,Lepidoptera,Butterfly,Hesperiidae,Bibasis,Bibasis gomata,Bibasis gomata radiosa,,Lepidoptera Butterfly Hesperiidae Bibasis gomata radiosa nan
52733,Lepidoptera,Butterfly,Hesperiidae,Bibasis,Bibasis harisa,Bibasis harisa grandis,,Lepidoptera Butterfly Hesperiidae Bibasis harisa grandis nan
52735,Lepidoptera,Butterfly,Hesperiidae,Bibasis,Bibasis harisa,Bibasis harisa,,Lepidoptera Butterfly Hesperiidae Bibasis harisa nan nan
52797,Lepidoptera,Butterfly,Hesperiidae,Bibasis,Bibasis imperialis,Bibasis imperialis,,Lepidoptera Butterfly Hesperiidae Bibasis imperialis nan nan
52808,Lepidoptera,Butterfly,Hesperiidae,Bibasis,Bibasis etelka,Bibasis etelka,,Lepidoptera Butterfly Hesperiidae Bibasis etelka nan nan
52819,Lepidoptera,Butterfly,Hesperiidae,Bibasis,Bibasis oedipodea,Bibasis oedipodea,,Lepidoptera Butterfly Hesperiidae Bibasis oedipodea nan nan
52822,Lepidoptera,Butterfly,Hesperiidae,Bibasis,Bibasis oedipodea,Bibasis oedipodea paltra,,Lepidoptera Butterfly Hesperiidae Bibasis oedipodea paltra nan
52824,Lepidoptera,Butterfly,Hesperiidae,Bibasis,Bibasis oedipodea,Bibasis oedipodea excellens,,Lepidoptera Butterfly Hesperiidae Bibasis oedipodea excellens nan
52830,Lepidoptera,Butterfly,Hesperiidae,Bibasis,Bibasis oedipodea,Bibasis oedipodea oedipodea,,Lepidoptera Butterfly Hesperiidae Bibasis oedipodea oedipodea nan
53025,Lepidoptera,Butterfly,Papilionidae,Graphium,Graphium antiphates,Graphium antiphates javanicus,,Lepidoptera Butterfly Papilionidae Graphium antiphates javanicus nan
53205,Lepidoptera,Butterfly,Papilionidae,Graphium,Graphium macareus,Graphium macareus,,Lepidoptera Butterfly Papilionidae Graphium macareus nan nan
53299,Lepidoptera,Butterfly,Papilionidae,Losaria,Losaria coon,Losaria coon,,Lepidoptera Butterfly Papilionidae Losaria coon nan nan
53364,Lepidoptera,Butterfly,Papilionidae,Troides,Troides vandepolli,Troides vandepolli,,Lepidoptera Butterfly Papilionidae Troides vandepolli nan nan
53417,Lepidoptera,Butterfly,Papilionidae,Atrophaneura,Atrophaneura luchti,Atrophaneura luchti,,Lepidoptera Butterfly Papilionidae Atrophaneura luchti nan nan
53419,Lepidoptera,Butterfly,Papilionidae,Atrophaneura,Atrophaneura priapus,Atrophaneura priapus dilutus,,Lepidoptera Butterfly Papilionidae Atrophaneura priapus dilutus nan
53446,Lepidoptera,Butterfly,Papilionidae,Atrophaneura,Atrophaneura priapus,Atrophaneura priapus,,Lepidoptera Butterfly Papilionidae Atrophaneura priapus nan nan
53553,Lepidoptera,Butterfly,Papilionidae,Papilio,Papilio paradoxa,Papilio paradoxa paradoxa,,Lepidoptera Butterfly Papilionidae Papilio paradoxa paradoxa nan
53591,Lepidoptera,Butterfly,Papilionidae,Papilio,Papilio paradoxa,Papilio paradoxa,,Lepidoptera Butterfly Papilionidae Papilio paradoxa nan nan
53942,Lepidoptera,Butterfly,Papilionidae,Papilio,Papilio paris,Papilio paris tenggerensis,,Lepidoptera Butterfly Papilionidae Papilio paris tenggerensis nan
53959,Lepidoptera,Butterfly,Papilionidae,Papilio,Papilio nephelus,Papilio nephelus nephelus,,Lepidoptera Butterfly Papilionidae Papilio nephelus nephelus nan
54000,Lepidoptera,Butterfly,Papilionidae,Papilio,Papilio karna,Papilio karna,,Lepidoptera Butterfly Papilionidae Papilio karna nan nan
54095,Lepidoptera,Butterfly,Papilionidae,Meandrusa,Meandrusa payeni,Meandrusa payeni,,Lepidoptera Butterfly Papilionidae Meandrusa payeni nan nan
54372,Lepidoptera,Butterfly,Papilionidae,Papilio,Papilio nephelus,Papilio nephelus,,Lepidoptera Butterfly Papilionidae Papilio nephelus nan nan
54401,Lepidoptera,Butterfly,Papilionidae,Papilio,Papilio lampsacus,Papilio lampsacus,,Lepidoptera Butterfly Papilionidae Papilio lampsacus nan nan
54666,Lepidoptera,Butterfly,Papilionidae,Papilio,Papilio alphenor,Papilio alphenor alphenor,,Lepidoptera Butterfly Papilionidae Papilio alphenor alphenor nan
54704,Lepidoptera,Butterfly,Nymphalidae,Protoploea,Protoploea apatela,Protoploea apatela,,Lepidoptera Butterfly Nymphalidae Protoploea apatela nan nan
54723,Lepidoptera,Butterfly,Pieridae,Aoa,Aoa affinis,Aoa affinis,Aoa affinis Male,Lepidoptera Butterfly Pieridae Aoa affinis nan Male
54724,Lepidoptera,Butterfly,Pieridae,Appias,Appias ada,Appias ada,Appias ada Male,Lepidoptera Butterfly Pieridae Appias ada nan Male
54725,Lepidoptera,Butterfly,Pieridae,Appias,Appias indra,Appias indra,Appias indra Female,Lepidoptera Butterfly Pieridae Appias indra nan Female
54727,Lepidoptera,Butterfly,Pieridae,Appias,Appias indra,Appias indra,Appias indra Male,Lepidoptera Butterfly Pieridae Appias indra nan Male
54733,Lepidoptera,Butterfly,Pieridae,Appias,Appias olferna,Appias olferna,Appias olferna Female,Lepidoptera Butterfly Pieridae Appias olferna nan Female
54737,Lepidoptera,Butterfly,Pieridae,Appias,Appias olferna,Appias olferna,Appias olferna Male,Lepidoptera Butterfly Pieridae Appias olferna nan Male
54738,Lepidoptera,Butterfly,Pieridae,Appias,Appias pandione,Appias pandione,Appias pandione Male,Lepidoptera Butterfly Pieridae Appias pandione nan Male
54739,Lepidoptera,Butterfly,Pieridae,Appias,Appias paulina,Appias paulina,Appias paulina Female,Lepidoptera Butterfly Pieridae Appias paulina nan Female
54748,Lepidoptera,Butterfly,Pieridae,Appias,Appias paulina,Appias paulina,Appias paulina Male,Lepidoptera Butterfly Pieridae Appias paulina nan Male
54753,Lepidoptera,Butterfly,Pieridae,Appias,Appias zarinda,Appias zarinda,Appias zarinda Male,Lepidoptera Butterfly Pieridae Appias zarinda nan Male
54755,Lepidoptera,Butterfly,Pieridae,Belenois,Belenois java,Belenois java,Belenois java Female,Lepidoptera Butterfly Pieridae Belenois java nan Female
54760,Lepidoptera,Butterfly,Pieridae,Belenois,Belenois java,Belenois java,Belenois java Male,Lepidoptera Butterfly Pieridae Belenois java nan Male
54769,Lepidoptera,Butterfly,Pieridae,Catopsilia,Catopsilia pomona,Catopsilia pomona,Catopsilia pomona Female,Lepidoptera Butterfly Pieridae Catopsilia pomona nan Female
54770,Lepidoptera,Butterfly,Pieridae,Delias,Delias periboea,Delias periboea,Delias periboea Female,Lepidoptera Butterfly Pieridae Delias periboea nan Female
54772,Lepidoptera,Butterfly,Pieridae,Delias,Delias periboea,Delias periboea,Delias periboea Male,Lepidoptera Butterfly Pieridae Delias periboea nan Male
54777,Lepidoptera,Butterfly,Pieridae,Delias,Delias timorensis,Delias timorensis,Delias timorensis Male,Lepidoptera Butterfly Pieridae Delias timorensis nan Male
54778,Lepidoptera,Butterfly,Pieridae,Delias,Delias wollastoni,Delias wollastoni,Delias wollastoni Male,Lepidoptera Butterfly Pieridae Delias wollastoni nan Male
54779,Lepidoptera,Butterfly,Pieridae,Elodina,Elodina hypatia,Elodina hypatia,Elodina hypatia Male,Lepidoptera Butterfly Pieridae Elodina hypatia nan Male
54781,Lepidoptera,Butterfly,Pieridae,Elodina,Elodina pura,Elodina pura,Elodina pura Female,Lepidoptera Butterfly Pieridae Elodina pura nan Female
54782,Lepidoptera,Butterfly,Pieridae,Gandaca,Gandaca butyrosa,Gandaca butyrosa,Gandaca butyrosa Male,Lepidoptera Butterfly Pieridae Gandaca butyrosa nan Male
54787,Lepidoptera,Butterfly,Pieridae,Gandaca,Gandaca harina,Gandaca harina,Gandaca harina Male,Lepidoptera Butterfly Pieridae Gandaca harina nan Male
54790,Lepidoptera,Butterfly,Papilionidae,Graphium,Graphium agamemnon,Graphium agamemnon,Graphium agamemnon Female,Lepidoptera Butterfly Papilionidae Graphium agamemnon nan Female
54814,Lepidoptera,Butterfly,Papilionidae,Graphium,Graphium agamemnon,Graphium agamemnon,Graphium agamemnon Male,Lepidoptera Butterfly Papilionidae Graphium agamemnon nan Male
54847,Lepidoptera,Butterfly,Papilionidae,Graphium,Graphium agetes,Graphium agetes,Graphium agetes Male,Lepidoptera Butterfly Papilionidae Graphium agetes nan Male
54860,Lepidoptera,Butterfly,Papilionidae,Graphium,Graphium aristeus,Graphium aristeus,Graphium aristeus Female,Lepidoptera Butterfly Papilionidae Graphium aristeus nan Female
54862,Lepidoptera,Butterfly,Papilionidae,Graphium,Graphium aristeus,Graphium aristeus,Graphium aristeus Male,Lepidoptera Butterfly Papilionidae Graphium aristeus nan Male
54868,Lepidoptera,Butterfly,Papilionidae,Graphium,Graphium bathycles,Graphium bathycles,Graphium bathycles Male,Lepidoptera Butterfly Papilionidae Graphium bathycles nan Male
54871,Lepidoptera,Butterfly,Papilionidae,Graphium,Graphium delesserti,Graphium delesserti,Graphium delesserti Male,Lepidoptera Butterfly Papilionidae Graphium delesserti nan Male
54874,Lepidoptera,Butterfly,Papilionidae,Graphium,Graphium eurypylus,Graphium eurypylus,Graphium eurypylus Female,Lepidoptera Butterfly Papilionidae Graphium eurypylus nan Female
54876,Lepidoptera,Butterfly,Papilionidae,Graphium,Graphium eurypylus,Graphium eurypylus,Graphium eurypylus Male,Lepidoptera Butterfly Papilionidae Graphium eurypylus nan Male
54894,Lepidoptera,Butterfly,Papilionidae,Graphium,Graphium evemon,Graphium evemon,Graphium evemon Male,Lepidoptera Butterfly Papilionidae Graphium evemon nan Male
54907,Lepidoptera,Butterfly,Papilionidae,Graphium,Graphium macareus,Graphium macareus,Graphium macareus Female,Lepidoptera Butterfly Papilionidae Graphium macareus nan Female
54908,Lepidoptera,Butterfly,Papilionidae,Graphium,Graphium macareus,Graphium macareus,Graphium macareus Male,Lepidoptera Butterfly Papilionidae Graphium macareus nan Male
54909,Lepidoptera,Butterfly,Papilionidae,Graphium,Graphium milon,Graphium milon,,Lepidoptera Butterfly Papilionidae Graphium milon nan nan
54910,Lepidoptera,Butterfly,Papilionidae,Graphium,Graphium milon,Graphium milon,Graphium milon Female,Lepidoptera Butterfly Papilionidae Graphium milon nan Female
54911,Lepidoptera,Butterfly,Papilionidae,Graphium,Graphium milon,Graphium milon,Graphium milon Male,Lepidoptera Butterfly Papilionidae Graphium milon nan Male
54918,Lepidoptera,Butterfly,Papilionidae,Graphium,Graphium sarpedon,Graphium sarpedon,Graphium sarpedon Male,Lepidoptera Butterfly Papilionidae Graphium sarpedon nan Male
54919,Lepidoptera,Butterfly,Pieridae,Leuciacria,Leuciacria acuta,Leuciacria acuta,Leuciacria acuta Male,Lepidoptera Butterfly Pieridae Leuciacria acuta nan Male
54920,Lepidoptera,Butterfly,Papilionidae,Pachliopta,Pachliopta adamas,Pachliopta adamas,Pachliopta adamas Male,Lepidoptera Butterfly Papilionidae Pachliopta adamas nan Male
54921,Lepidoptera,Butterfly,Papilionidae,Pachliopta,Pachliopta polyphontes,Pachliopta polyphontes,Pachliopta polyphontes Male,Lepidoptera Butterfly Papilionidae Pachliopta polyphontes nan Male
54922,Lepidoptera,Butterfly,Papilionidae,Papilio,Papilio memnon,Papilio memnon,Papilio memnon Female,Lepidoptera Butterfly Papilionidae Papilio memnon nan Female
54923,Lepidoptera,Butterfly,Papilionidae,Troides,Troides criton,Troides criton,Troides criton Female,Lepidoptera Butterfly Papilionidae Troides criton nan Female
54964,Lepidoptera,Butterfly,Pieridae,Catopsilia,Catopsilia pomona,Catopsilia pomona,Catopsilia pomona Male,Lepidoptera Butterfly Pieridae Catopsilia pomona nan Male
55003,Lepidoptera,Butterfly,Pieridae,Catopsilia,Catopsilia pyranthe,Catopsilia pyranthe,Catopsilia pyranthe Female,Lepidoptera Butterfly Pieridae Catopsilia pyranthe nan Female
55006,Lepidoptera,Butterfly,Pieridae,Catopsilia,Catopsilia pyranthe,Catopsilia pyranthe,Catopsilia pyranthe Male,Lepidoptera Butterfly Pieridae Catopsilia pyranthe nan Male
55009,Lepidoptera,Butterfly,Pieridae,Catopsilia,Catopsilia scylla,Catopsilia scylla,Catopsilia scylla Female,Lepidoptera Butterfly Pieridae Catopsilia scylla nan Female
55022,Lepidoptera,Butterfly,Pieridae,Catopsilia,Catopsilia scylla,Catopsilia scylla,Catopsilia scylla Male,Lepidoptera Butterfly Pieridae Catopsilia scylla nan Male
55042,Lepidoptera,Butterfly,Pieridae,Cepora,Cepora iudith,Cepora iudith,Cepora iudith Female,Lepidoptera Butterfly Pieridae Cepora iudith nan Female
55048,Lepidoptera,Butterfly,Pieridae,Cepora,Cepora iudith,Cepora iudith,Cepora iudith Male,Lepidoptera Butterfly Pieridae Cepora iudith nan Male
55057,Lepidoptera,Butterfly,Pieridae,Cepora,Cepora nerissa,Cepora nerissa,Cepora nerissa Female,Lepidoptera Butterfly Pieridae Cepora nerissa nan Female
55059,Lepidoptera,Butterfly,Pieridae,Cepora,Cepora nerissa,Cepora nerissa,Cepora nerissa Male,Lepidoptera Butterfly Pieridae Cepora nerissa nan Male
55063,Lepidoptera,Butterfly,Pieridae,Delias,Delias belisama,Delias belisama,Delias belisama Female,Lepidoptera Butterfly Pieridae Delias belisama nan Female
55078,Lepidoptera,Butterfly,Pieridae,Delias,Delias belisama,Delias belisama,Delias belisama Male,Lepidoptera Butterfly Pieridae Delias belisama nan Male
55090,Lepidoptera,Butterfly,Pieridae,Delias,Delias ceneus,Delias ceneus,Delias ceneus Male,Lepidoptera Butterfly Pieridae Delias ceneus nan Male
55091,Lepidoptera,Butterfly,Pieridae,Delias,Delias crithoe,Delias crithoe,Delias crithoe Female,Lepidoptera Butterfly Pieridae Delias crithoe nan Female
55104,Lepidoptera,Butterfly,Pieridae,Delias,Delias crithoe,Delias crithoe,Delias crithoe Male,Lepidoptera Butterfly Pieridae Delias crithoe nan Male
55122,Lepidoptera,Butterfly,Pieridae,Delias,Delias chrysomelaena,Delias chrysomelaena,Delias chrysomelaena Female,Lepidoptera Butterfly Pieridae Delias chrysomelaena nan Female
55124,Lepidoptera,Butterfly,Pieridae,Delias,Delias hyparete,Delias hyparete,Delias hyparete Female,Lepidoptera Butterfly Pieridae Delias hyparete nan Female
55133,Lepidoptera,Butterfly,Pieridae,Delias,Delias hyparete,Delias hyparete,Delias hyparete Male,Lepidoptera Butterfly Pieridae Delias hyparete nan Male
55145,Lepidoptera,Butterfly,Pieridae,Delias,Delias isse,Delias isse,Delias isse Male,Lepidoptera Butterfly Pieridae Delias isse nan Male
55146,Lepidoptera,Butterfly,Pieridae,Delias,Delias leucias,Delias leucias,Delias leucias Male,Lepidoptera Butterfly Pieridae Delias leucias nan Male
55147,Lepidoptera,Butterfly,Pieridae,Delias,Delias luctuosa,Delias luctuosa,Delias luctuosa Male,Lepidoptera Butterfly Pieridae Delias luctuosa nan Male
55148,Lepidoptera,Butterfly,Pieridae,Delias,Delias manuselensis,Delias manuselensis,Delias manuselensis Male,Lepidoptera Butterfly Pieridae Delias manuselensis nan Male
55149,Lepidoptera,Butterfly,Pieridae,Delias,Delias momea,Delias momea,Delias momea Male,Lepidoptera Butterfly Pieridae Delias momea nan Male
55150,Lepidoptera,Butterfly,Pieridae,Delias,Delias mysis,Delias mysis,Delias mysis Male,Lepidoptera Butterfly Pieridae Delias mysis nan Male
55151,Lepidoptera,Butterfly,Pieridae,Delias,Delias ninus,Delias ninus,Delias ninus Female,Lepidoptera Butterfly Pieridae Delias ninus nan Female
55152,Lepidoptera,Butterfly,Pieridae,Delias,Delias ninus,Delias ninus,Delias ninus Male,Lepidoptera Butterfly Pieridae Delias ninus nan Male
55153,Lepidoptera,Butterfly,Pieridae,Delias,Delias pasithoe,Delias pasithoe,Delias pasithoe Female,Lepidoptera Butterfly Pieridae Delias pasithoe nan Female
55157,Lepidoptera,Butterfly,Pieridae,Delias,Delias pasithoe,Delias pasithoe,Delias pasithoe Male,Lepidoptera Butterfly Pieridae Delias pasithoe nan Male
55165,Lepidoptera,Butterfly,Papilionidae,Atrophaneura,Atrophaneura nox,Atrophaneura nox nox,Atrophaneura nox nox unkown,Lepidoptera Butterfly Papilionidae Atrophaneura nox nox unkown
55245,Lepidoptera,Butterfly,Pieridae,Delias,Delias rileyi,Delias rileyi,Delias rileyi unkown,Lepidoptera Butterfly Pieridae Delias rileyi nan unkown
55299,Lepidoptera,Butterfly,Pieridae,Delias,Delias rileyi,Delias rileyi yofona,Delias rileyi yofona unkown,Lepidoptera Butterfly Pieridae Delias rileyi yofona unkown
55318,Lepidoptera,Butterfly,Papilionidae,Pachliopta,Pachliopta aristolochiae,Pachliopta aristolochiae goniopeltis,Pachliopta aristolochiae goniopeltis unkown,Lepidoptera Butterfly Papilionidae Pachliopta aristolochiae goniopeltis unkown
55319,Lepidoptera,Butterfly,Papilionidae,Pachliopta,Pachliopta polydorus,Pachliopta polydorus polydorus,Pachliopta polydorus polydorus unkown,Lepidoptera Butterfly Papilionidae Pachliopta polydorus polydorus unkown
55323,Lepidoptera,Butterfly,Papilionidae,Papilio,Papilio alphenor,Papilio alphenor polycritos,Papilio alphenor polycritos unkown,Lepidoptera Butterfly Papilionidae Papilio alphenor polycritos unkown
55349,Lepidoptera,Butterfly,Papilionidae,Papilio,Papilio fuscus,Papilio fuscus langeni,Papilio fuscus langeni unkown,Lepidoptera Butterfly Papilionidae Papilio fuscus langeni unkown
55357,Lepidoptera,Butterfly,Papilionidae,Papilio,Papilio memnon,Papilio memnon,Papilio memnon unkown,Lepidoptera Butterfly Papilionidae Papilio memnon nan unkown
55380,Lepidoptera,Butterfly,Papilionidae,Papilio,Papilio polytes,Papilio polytes,Papilio polytes unkown,Lepidoptera Butterfly Papilionidae Papilio polytes nan unkown
55401,Lepidoptera,Butterfly,Papilionidae,Troides,Troides amphrysus,Troides amphrysus ruficollis,Troides amphrysus ruficollis unkown,Lepidoptera Butterfly Papilionidae Troides amphrysus ruficollis unkown
55404,Lepidoptera,Butterfly,Papilionidae,Troides,Troides helena,Troides helena helena,Troides helena helena unkown,Lepidoptera Butterfly Papilionidae Troides helena helena unkown
55409,Lepidoptera,Butterfly,Papilionidae,Troides,Troides vandepolli,Troides vandepolli vandepolli,Troides vandepolli vandepolli unkown,Lepidoptera Butterfly Papilionidae Troides vandepolli vandepolli unkown
55418,Lepidoptera,Butterfly,Papilionidae,Troides,Troides ritsemae,Troides ritsemae,Troides ritsemae unkown,Lepidoptera Butterfly Papilionidae Troides ritsemae nan unkown
55419,Lepidoptera,Butterfly,Papilionidae,Troides,Troides oblongomaculatus,Troides oblongomaculatus papuensis,Troides oblongomaculatus papuensis unkown,Lepidoptera Butterfly Papilionidae Troides oblongomaculatus papuensis unkown
55424,Lepidoptera,Butterfly,Papilionidae,Pachliopta,Pachliopta antiphus,Pachliopta antiphus,Pachliopta antiphus unkown,Lepidoptera Butterfly Papilionidae Pachliopta antiphus nan unkown
55450,Lepidoptera,Butterfly,Pieridae,Eurema,Eurema alitha,Eurema alitha lorquini,,Lepidoptera Butterfly Pieridae Eurema alitha lorquini nan
55456,Lepidoptera,Butterfly,Papilionidae,Troides,Troides brookiana,Troides brookiana albescens,Troides brookiana albescens male,Lepidoptera Butterfly Papilionidae Troides brookiana albescens male
55457,Lepidoptera,Butterfly,Nymphalidae,Cyrestis,Cyrestis acilia,Cyrestis acilia maforensis,,Lepidoptera Butterfly Nymphalidae Cyrestis acilia maforensis nan
55458,Lepidoptera,Butterfly,Nymphalidae,Phaedyma,Phaedyma shepherdi,Phaedyma shepherdi damia,,Lepidoptera Butterfly Nymphalidae Phaedyma shepherdi damia nan
55459,Lepidoptera,Butterfly,Nymphalidae,Phaedyma,Phaedyma shepherdi,Phaedyma shepherdi damia,Phaedyma shepherdi damia male,Lepidoptera Butterfly Nymphalidae Phaedyma shepherdi damia male
55460,Lepidoptera,Butterfly,Nymphalidae,Neptis,Neptis clinia,Neptis clinia apharea,,Lepidoptera Butterfly Nymphalidae Neptis clinia apharea nan
55461,Lepidoptera,Butterfly,Nymphalidae,Prothoe,Prothoe franckii,Prothoe franckii semperi,,Lepidoptera Butterfly Nymphalidae Prothoe franckii semperi nan
55462,Lepidoptera,Butterfly,Nymphalidae,Tanaecia,Tanaecia godartii,Tanaecia godartii,,Lepidoptera Butterfly Nymphalidae Tanaecia godartii nan nan
55463,Lepidoptera,Butterfly,Nymphalidae,Lexias,Lexias aeropa,Lexias aeropa eutychius,Lexias aeropa eutychius male,Lepidoptera Butterfly Nymphalidae Lexias aeropa eutychius male
55466,Lepidoptera,Butterfly,Nymphalidae,Lexias,Lexias aeropa,Lexias aeropa eutychius,Lexias aeropa eutychius female,Lepidoptera Butterfly Nymphalidae Lexias aeropa eutychius female
55467,Lepidoptera,Butterfly,Nymphalidae,Lexias,Lexias aeropa,Lexias aeropa eutychius,,Lepidoptera Butterfly Nymphalidae Lexias aeropa eutychius nan
55515,Lepidoptera,Butterfly,Nymphalidae,Lexias,Lexias perdix,Lexias perdix,Lexias perdix female,Lepidoptera Butterfly Nymphalidae Lexias perdix nan female
55516,Lepidoptera,Butterfly,Nymphalidae,Lexias,Lexias aeetes,Lexias aeetes ignifgra,Lexias aeetes ignifgra female,Lepidoptera Butterfly Nymphalidae Lexias aeetes ignifgra female
55517,Lepidoptera,Butterfly,Nymphalidae,Lexias,Lexias aeropa,Lexias aeropa eporidorix,Lexias aeropa eporidorix male,Lepidoptera Butterfly Nymphalidae Lexias aeropa eporidorix male
55522,Lepidoptera,Butterfly,Nymphalidae,Lexias,Lexias aeropa,Lexias aeropa eporidorix,,Lepidoptera Butterfly Nymphalidae Lexias aeropa eporidorix nan
55524,Lepidoptera,Butterfly,Nymphalidae,Lexias,Lexias aeropa,Lexias aeropa paisandrus,,Lepidoptera Butterfly Nymphalidae Lexias aeropa paisandrus nan
55525,Lepidoptera,Butterfly,Nymphalidae,Lexias,Lexias aeropa,Lexias aeropa helvidius,Lexias aeropa helvidius male,Lepidoptera Butterfly Nymphalidae Lexias aeropa helvidius male
55529,Lepidoptera,Butterfly,Nymphalidae,Lexias,Lexias aeropa,Lexias aeropa helvidius,Lexias aeropa helvidius female,Lepidoptera Butterfly Nymphalidae Lexias aeropa helvidius female
55531,Lepidoptera,Butterfly,Nymphalidae,Vindula,Vindula dejone,Vindula dejone dajakorum,Vindula dejone dajakorum male,Lepidoptera Butterfly Nymphalidae Vindula dejone dajakorum male
55532,Lepidoptera,Butterfly,Lycaenidae,Dodona,Dodona adonira,Dodona adonira windu,,Lepidoptera Butterfly Lycaenidae Dodona adonira windu nan
55533,Lepidoptera,Butterfly,Nymphalidae,Euthaliopsis,Euthaliopsis aetion,Euthaliopsis aetion plateni,Euthaliopsis aetion plateni male,Lepidoptera Butterfly Nymphalidae Euthaliopsis aetion plateni male
55535,Lepidoptera,Butterfly,Nymphalidae,Euthaliopsis,Euthaliopsis aetion,Euthaliopsis aetion plateni,,Lepidoptera Butterfly Nymphalidae Euthaliopsis aetion plateni nan
55540,Lepidoptera,Butterfly,Nymphalidae,Vindula,Vindula dejone,Vindula dejone javana,,Lepidoptera Butterfly Nymphalidae Vindula dejone javana nan
55542,Lepidoptera,Butterfly,Nymphalidae,Moduza,Moduza procris,Moduza procris aemonia,Moduza procris aemonia male,Lepidoptera Butterfly Nymphalidae Moduza procris aemonia male
55543,Lepidoptera,Butterfly,Nymphalidae,Moduza,Moduza procris,Moduza procris aemonia,,Lepidoptera Butterfly Nymphalidae Moduza procris aemonia nan
55545,Lepidoptera,Butterfly,Nymphalidae,Athyma,Athyma glora,Athyma glora,Athyma glora female,Lepidoptera Butterfly Nymphalidae Athyma glora nan female
55546,Lepidoptera,Butterfly,Nymphalidae,Athyma,Athyma glora,Athyma glora,Athyma glora male,Lepidoptera Butterfly Nymphalidae Athyma glora nan male
55548,Lepidoptera,Butterfly,Nymphalidae,Athyma,Athyma glora,Athyma glora,,Lepidoptera Butterfly Nymphalidae Athyma glora nan nan
55549,Lepidoptera,Butterfly,Nymphalidae,Parasarpa,Parasarpa dudu,Parasarpa dudu bockii,,Lepidoptera Butterfly Nymphalidae Parasarpa dudu bockii nan
55551,Lepidoptera,Butterfly,Nymphalidae,Neptis,Neptis venilia,Neptis venilia,,Lepidoptera Butterfly Nymphalidae Neptis venilia nan nan
55552,Lepidoptera,Butterfly,Nymphalidae,Tanaecia,Tanaecia godartii,Tanaecia godartii phlegethon,,Lepidoptera Butterfly Nymphalidae Tanaecia godartii phlegethon nan
55553,Lepidoptera,Butterfly,Nymphalidae,Tanaecia,Tanaecia godartii,Tanaecia godartii javana,Tanaecia godartii javana male,Lepidoptera Butterfly Nymphalidae Tanaecia godartii javana male
55554,Lepidoptera,Butterfly,Nymphalidae,Tanaecia,Tanaecia godartii,Tanaecia godartii javana,Tanaecia godartii javana female,Lepidoptera Butterfly Nymphalidae Tanaecia godartii javana female
55557,Lepidoptera,Butterfly,Nymphalidae,Tanaecia,Tanaecia iapis,Tanaecia iapis sakyamuni,,Lepidoptera Butterfly Nymphalidae Tanaecia iapis sakyamuni nan
55561,Lepidoptera,Butterfly,Nymphalidae,Tanaecia,Tanaecia iapis,Tanaecia iapis sakyamuni,Tanaecia iapis sakyamuni female,Lepidoptera Butterfly Nymphalidae Tanaecia iapis sakyamuni female
55565,Lepidoptera,Butterfly,Nymphalidae,Tanaecia,Tanaecia iapis,Tanaecia iapis blumei,,Lepidoptera Butterfly Nymphalidae Tanaecia iapis blumei nan
55568,Lepidoptera,Butterfly,Nymphalidae,Prothoe,Prothoe australis,Prothoe australis mafalda,,Lepidoptera Butterfly Nymphalidae Prothoe australis mafalda nan
55586,Lepidoptera,Butterfly,Nymphalidae,Rohana,Rohana tonkiniana,Rohana tonkiniana siamensis,,Lepidoptera Butterfly Nymphalidae Rohana tonkiniana siamensis nan
55588,Lepidoptera,Butterfly,Nymphalidae,Neptis,Neptis venilia,Neptis venilia,Neptis venilia male,Lepidoptera Butterfly Nymphalidae Neptis venilia nan male
55597,Lepidoptera,Butterfly,Nymphalidae,Algia,Algia fasciata,Algia fasciata ortopla,,Lepidoptera Butterfly Nymphalidae Algia fasciata ortopla nan
55606,Lepidoptera,Butterfly,Nymphalidae,Cethosia,Cethosia cydippe,Cethosia cydippe obiana,Cethosia cydippe obiana male,Lepidoptera Butterfly Nymphalidae Cethosia cydippe obiana male
55607,Lepidoptera,Butterfly,Nymphalidae,Vindula,Vindula dejone,Vindula dejone dajakorum,,Lepidoptera Butterfly Nymphalidae Vindula dejone dajakorum nan
55614,Lepidoptera,Butterfly,Nymphalidae,Vindula,Vindula dejone,Vindula dejone dajakorum,Vindula dejone dajakorum female,Lepidoptera Butterfly Nymphalidae Vindula dejone dajakorum female
55615,Lepidoptera,Butterfly,Nymphalidae,Vindula,Vindula erota,Vindula erota cycnia,Vindula erota cycnia male,Lepidoptera Butterfly Nymphalidae Vindula erota cycnia male
55627,Lepidoptera,Butterfly,Nymphalidae,Cethosia,Cethosia cydippe,Cethosia cydippe damasippe,Cethosia cydippe damasippe female,Lepidoptera Butterfly Nymphalidae Cethosia cydippe damasippe female
55636,Lepidoptera,Butterfly,Nymphalidae,Cethosia,Cethosia cydippe,Cethosia cydippe damasippe,,Lepidoptera Butterfly Nymphalidae Cethosia cydippe damasippe nan
55639,Lepidoptera,Butterfly,Nymphalidae,Cyrestis,Cyrestis acilia,Cyrestis acilia ceramensis,,Lepidoptera Butterfly Nymphalidae Cyrestis acilia ceramensis nan
55640,Lepidoptera,Butterfly,Nymphalidae,Vindula,Vindula arsinoe,Vindula arsinoe rebeli,Vindula arsinoe rebeli male,Lepidoptera Butterfly Nymphalidae Vindula arsinoe rebeli male
55641,Lepidoptera,Butterfly,Nymphalidae,Ariadne,Ariadne obscura,Ariadne obscura buruensis,Ariadne obscura buruensis male,Lepidoptera Butterfly Nymphalidae Ariadne obscura buruensis male
55643,Lepidoptera,Butterfly,Nymphalidae,Ariadne,Ariadne obscura,Ariadne obscura buruensis,Ariadne obscura buruensis female,Lepidoptera Butterfly Nymphalidae Ariadne obscura buruensis female
55644,Lepidoptera,Butterfly,Nymphalidae,Vindula,Vindula erota,Vindula erota cycnia,Vindula erota cycnia female,Lepidoptera Butterfly Nymphalidae Vindula erota cycnia female
55645,Lepidoptera,Butterfly,Nymphalidae,Vindula,Vindula erota,Vindula erota cycnia,,Lepidoptera Butterfly Nymphalidae Vindula erota cycnia nan
55658,Lepidoptera,Butterfly,Nymphalidae,Penthema,Penthema formosanum,Penthema formosanum,,Lepidoptera Butterfly Nymphalidae Penthema formosanum nan nan
55660,Lepidoptera,Butterfly,Nymphalidae,Penthema,Penthema formosanum,Penthema formosanum,Penthema formosanum male,Lepidoptera Butterfly Nymphalidae Penthema formosanum nan male
55668,Lepidoptera,Butterfly,Nymphalidae,Vindula,Vindula arsinoe,Vindula arsinoe rebeli,Vindula arsinoe rebeli female,Lepidoptera Butterfly Nymphalidae Vindula arsinoe rebeli female
55669,Lepidoptera,Butterfly,Nymphalidae,Algia,Algia satyrina,Algia satyrina sibylla,,Lepidoptera Butterfly Nymphalidae Algia satyrina sibylla nan
55675,Lepidoptera,Butterfly,Nymphalidae,Algia,Algia fasciata,Algia fasciata bilbilis,Algia fasciata bilbilis male,Lepidoptera Butterfly Nymphalidae Algia fasciata bilbilis male
55676,Lepidoptera,Butterfly,Nymphalidae,Algia,Algia fasciata,Algia fasciata bilbilis,,Lepidoptera Butterfly Nymphalidae Algia fasciata bilbilis nan
55683,Lepidoptera,Butterfly,Nymphalidae,Algia,Algia fasciata,Algia fasciata bilbilis,Algia fasciata bilbilis female,Lepidoptera Butterfly Nymphalidae Algia fasciata bilbilis female
55686,Lepidoptera,Butterfly,Nymphalidae,Taenaris,Taenaris onolaus,Taenaris onolaus saturatior,Taenaris onolaus saturatior male,Lepidoptera Butterfly Nymphalidae Taenaris onolaus saturatior male
55692,Lepidoptera,Butterfly,Nymphalidae,Vindula,Vindula dejone,Vindula dejone dorokusuna,,Lepidoptera Butterfly Nymphalidae Vindula dejone dorokusuna nan
55695,Lepidoptera,Butterfly,Nymphalidae,Cethosia,Cethosia cydippe,Cethosia cydippe cyrene,,Lepidoptera Butterfly Nymphalidae Cethosia cydippe cyrene nan
55696,Lepidoptera,Butterfly,Nymphalidae,Bassarona,Bassarona dunnya,Bassarona dunnya mahara,Bassarona dunnya mahara male,Lepidoptera Butterfly Nymphalidae Bassarona dunnya mahara male
55697,Lepidoptera,Butterfly,Nymphalidae,Bassarona,Bassarona dunnya,Bassarona dunnya mahara,Bassarona dunnya mahara female,Lepidoptera Butterfly Nymphalidae Bassarona dunnya mahara female
55730,Lepidoptera,Butterfly,Nymphalidae,Phaedyma,Phaedyma shepherdi,Phaedyma shepherdi damia,Phaedyma shepherdi damia female,Lepidoptera Butterfly Nymphalidae Phaedyma shepherdi damia female
55742,Lepidoptera,Butterfly,Nymphalidae,Vindula,Vindula arsinoe,Vindula arsinoe ada,,Lepidoptera Butterfly Nymphalidae Vindula arsinoe ada nan
55743,Lepidoptera,Butterfly,Nymphalidae,Vindula,Vindula arsinoe,Vindula arsinoe ada,Vindula arsinoe ada male,Lepidoptera Butterfly Nymphalidae Vindula arsinoe ada male
55745,Lepidoptera,Butterfly,Nymphalidae,Vindula,Vindula arsinoe,Vindula arsinoe rebeli,,Lepidoptera Butterfly Nymphalidae Vindula arsinoe rebeli nan
55756,Lepidoptera,Butterfly,Nymphalidae,Vindula,Vindula sapor,Vindula sapor obscura,Vindula sapor obscura male,Lepidoptera Butterfly Nymphalidae Vindula sapor obscura male
55757,Lepidoptera,Butterfly,Nymphalidae,Vindula,Vindula erota,Vindula erota asela,Vindula erota asela male,Lepidoptera Butterfly Nymphalidae Vindula erota asela male
55758,Lepidoptera,Butterfly,Nymphalidae,Parantica,Parantica schenkii,Parantica schenkii distrata,Parantica schenkii distrata female,Lepidoptera Butterfly Nymphalidae Parantica schenkii distrata female
55764,Lepidoptera,Butterfly,Nymphalidae,Cethosia,Cethosia cydippe,Cethosia cydippe cydalima,,Lepidoptera Butterfly Nymphalidae Cethosia cydippe cydalima nan
55766,Lepidoptera,Butterfly,Nymphalidae,Cethosia,Cethosia cydippe,Cethosia cydippe damasippe,Cethosia cydippe damasippe male,Lepidoptera Butterfly Nymphalidae Cethosia cydippe damasippe male
55805,Lepidoptera,Butterfly,Nymphalidae,Cethosia,Cethosia cydippe,Cethosia cydippe obiana,,Lepidoptera Butterfly Nymphalidae Cethosia cydippe obiana nan
55806,Lepidoptera,Butterfly,Nymphalidae,Cethosia,Cethosia cydippe,Cethosia cydippe obiana,Cethosia cydippe obiana female,Lepidoptera Butterfly Nymphalidae Cethosia cydippe obiana female
55810,Lepidoptera,Butterfly,Nymphalidae,Cethosia,Cethosia chrysippe,Cethosia chrysippe iphigenia,Cethosia chrysippe iphigenia male,Lepidoptera Butterfly Nymphalidae Cethosia chrysippe iphigenia male
55813,Lepidoptera,Butterfly,Nymphalidae,Cethosia,Cethosia chrysippe,Cethosia chrysippe iphigenia,Cethosia chrysippe iphigenia female,Lepidoptera Butterfly Nymphalidae Cethosia chrysippe iphigenia female
55829,Lepidoptera,Butterfly,Nymphalidae,Parantica,Parantica schenkii,Parantica schenkii distrata,Parantica schenkii distrata male,Lepidoptera Butterfly Nymphalidae Parantica schenkii distrata male
55835,Lepidoptera,Butterfly,Nymphalidae,Parantica,Parantica schenkii,Parantica schenkii periphas,Parantica schenkii periphas female,Lepidoptera Butterfly Nymphalidae Parantica schenkii periphas female
55836,Lepidoptera,Butterfly,Nymphalidae,Ideopsis,Ideopsis juventa,Ideopsis juventa kolleri,Ideopsis juventa kolleri male,Lepidoptera Butterfly Nymphalidae Ideopsis juventa kolleri male
55837,Lepidoptera,Butterfly,Nymphalidae,Ideopsis,Ideopsis juventa,Ideopsis juventa kolleri,Ideopsis juventa kolleri female,Lepidoptera Butterfly Nymphalidae Ideopsis juventa kolleri female
55840,Lepidoptera,Butterfly,Nymphalidae,Danaus,Danaus affinis,Danaus affinis ferruginea,,Lepidoptera Butterfly Nymphalidae Danaus affinis ferruginea nan
55842,Lepidoptera,Butterfly,Nymphalidae,Danaus,Danaus affinis,Danaus affinis bonguensis,,Lepidoptera Butterfly Nymphalidae Danaus affinis bonguensis nan
55843,Lepidoptera,Butterfly,Nymphalidae,Tirumala,Tirumala hamata,Tirumala hamata subnubila,,Lepidoptera Butterfly Nymphalidae Tirumala hamata subnubila nan
55844,Lepidoptera,Butterfly,Lycaenidae,Abisara,Abisara echerius,Abisara echerius mindanensis,Abisara echerius mindanensis female,Lepidoptera Butterfly Lycaenidae Abisara echerius mindanensis female
55852,Lepidoptera,Butterfly,Nymphalidae,Parantica,Parantica schenkii,Parantica schenkii distrata,,Lepidoptera Butterfly Nymphalidae Parantica schenkii distrata nan
55874,Lepidoptera,Butterfly,Nymphalidae,Euploea,Euploea sylvester,Euploea sylvester schlegeli,Euploea sylvester schlegeli female,Lepidoptera Butterfly Nymphalidae Euploea sylvester schlegeli female
55876,Lepidoptera,Butterfly,Nymphalidae,Euploea,Euploea sylvester,Euploea sylvester schlegeli,Euploea sylvester schlegeli male,Lepidoptera Butterfly Nymphalidae Euploea sylvester schlegeli male
55882,Lepidoptera,Butterfly,Nymphalidae,Euploea,Euploea phaenareta,Euploea phaenareta callithoe,Euploea phaenareta callithoe male,Lepidoptera Butterfly Nymphalidae Euploea phaenareta callithoe male
55883,Lepidoptera,Butterfly,Nymphalidae,Euploea,Euploea eunice,Euploea eunice meizon,Euploea eunice meizon male,Lepidoptera Butterfly Nymphalidae Euploea eunice meizon male
55887,Lepidoptera,Butterfly,Nymphalidae,Euploea,Euploea eunice,Euploea eunice meizon,Euploea eunice meizon female,Lepidoptera Butterfly Nymphalidae Euploea eunice meizon female
55899,Lepidoptera,Butterfly,Nymphalidae,Euploea,Euploea alcathoe,Euploea alcathoe coffea,Euploea alcathoe coffea male,Lepidoptera Butterfly Nymphalidae Euploea alcathoe coffea male
55908,Lepidoptera,Butterfly,Nymphalidae,Euploea,Euploea westwoodii,Euploea westwoodii viola,Euploea westwoodii viola male,Lepidoptera Butterfly Nymphalidae Euploea westwoodii viola male
55919,Lepidoptera,Butterfly,Nymphalidae,Danaus,Danaus melanippus,Danaus melanippus indicus,Danaus melanippus indicus male,Lepidoptera Butterfly Nymphalidae Danaus melanippus indicus male
55921,Lepidoptera,Butterfly,Nymphalidae,Danaus,Danaus affinis,Danaus affinis ferruginea,Danaus affinis ferruginea female,Lepidoptera Butterfly Nymphalidae Danaus affinis ferruginea female
55922,Lepidoptera,Butterfly,Nymphalidae,Danaus,Danaus affinis,Danaus affinis bonguensis,Danaus affinis bonguensis male,Lepidoptera Butterfly Nymphalidae Danaus affinis bonguensis male
55929,Lepidoptera,Butterfly,Lycaenidae,Dodona,Dodona adonira,Dodona adonira,Dodona adonira male,Lepidoptera Butterfly Lycaenidae Dodona adonira nan male
55960,Lepidoptera,Butterfly,Lycaenidae,Dodona,Dodona adonira,Dodona adonira,Dodona adonira female,Lepidoptera Butterfly Lycaenidae Dodona adonira nan female
55966,Lepidoptera,Butterfly,Nymphalidae,Euploea,Euploea camaralzeman,Euploea camaralzeman hypanis,Euploea camaralzeman hypanis male,Lepidoptera Butterfly Nymphalidae Euploea camaralzeman hypanis male
55967,Lepidoptera,Butterfly,Nymphalidae,Euploea,Euploea wallacei,Euploea wallacei confusa,Euploea wallacei confusa male,Lepidoptera Butterfly Nymphalidae Euploea wallacei confusa male
55973,Lepidoptera,Butterfly,Nymphalidae,Euploea,Euploea leucostictos,Euploea leucostictos eustachius,Euploea leucostictos eustachius female,Lepidoptera Butterfly Nymphalidae Euploea leucostictos eustachius female
55974,Lepidoptera,Butterfly,Nymphalidae,Euploea,Euploea camaralzeman,Euploea camaralzeman scudderi,Euploea camaralzeman scudderi male,Lepidoptera Butterfly Nymphalidae Euploea camaralzeman scudderi male
55980,Lepidoptera,Butterfly,Nymphalidae,Euploea,Euploea radamanthus,Euploea radamanthus alcidice,Euploea radamanthus alcidice male,Lepidoptera Butterfly Nymphalidae Euploea radamanthus alcidice male
55983,Lepidoptera,Butterfly,Nymphalidae,Euploea,Euploea radamanthus,Euploea radamanthus alcidice,Euploea radamanthus alcidice female,Lepidoptera Butterfly Nymphalidae Euploea radamanthus alcidice female
55985,Lepidoptera,Butterfly,Nymphalidae,Euploea,Euploea radamanthus,Euploea radamanthus schreiberi,Euploea radamanthus schreiberi male,Lepidoptera Butterfly Nymphalidae Euploea radamanthus schreiberi male
55994,Lepidoptera,Butterfly,Nymphalidae,Tirumala,Tirumala tumanana,Tirumala tumanana,,Lepidoptera Butterfly Nymphalidae Tirumala tumanana nan nan
55996,Lepidoptera,Butterfly,Nymphalidae,Tirumala,Tirumala hamata,Tirumala hamata obscurata,,Lepidoptera Butterfly Nymphalidae Tirumala hamata obscurata nan
55999,Lepidoptera,Butterfly,Nymphalidae,Euploea,Euploea darchia,Euploea darchia catilina,,Lepidoptera Butterfly Nymphalidae Euploea darchia catilina nan
56000,Lepidoptera,Butterfly,Nymphalidae,Euploea,Euploea darchia,Euploea darchia catilina,Euploea darchia catilina female,Lepidoptera Butterfly Nymphalidae Euploea darchia catilina female
56009,Lepidoptera,Butterfly,Nymphalidae,Euploea,Euploea phaenareta,Euploea phaenareta heurippa,Euploea phaenareta heurippa male,Lepidoptera Butterfly Nymphalidae Euploea phaenareta heurippa male
56014,Lepidoptera,Butterfly,Nymphalidae,Euploea,Euploea phaenareta,Euploea phaenareta heurippa,Euploea phaenareta heurippa female,Lepidoptera Butterfly Nymphalidae Euploea phaenareta heurippa female
56025,Lepidoptera,Butterfly,Nymphalidae,Euploea,Euploea phaenareta,Euploea phaenareta callithoe,Euploea phaenareta callithoe female,Lepidoptera Butterfly Nymphalidae Euploea phaenareta callithoe female
56026,Lepidoptera,Butterfly,Nymphalidae,Euploea,Euploea phaenareta,Euploea phaenareta euthoe,Euploea phaenareta euthoe male,Lepidoptera Butterfly Nymphalidae Euploea phaenareta euthoe male
56027,Lepidoptera,Butterfly,Nymphalidae,Euploea,Euploea usipetes,Euploea usipetes rezia,Euploea usipetes rezia male,Lepidoptera Butterfly Nymphalidae Euploea usipetes rezia male
56036,Lepidoptera,Butterfly,Nymphalidae,Euploea,Euploea leucostictos,Euploea leucostictos eustachius,Euploea leucostictos eustachius male,Lepidoptera Butterfly Nymphalidae Euploea leucostictos eustachius male
56038,Lepidoptera,Butterfly,Nymphalidae,Euploea,Euploea leucostictos,Euploea leucostictos herbsti,Euploea leucostictos herbsti male,Lepidoptera Butterfly Nymphalidae Euploea leucostictos herbsti male
56047,Lepidoptera,Butterfly,Nymphalidae,Euploea,Euploea stephensii,Euploea stephensii jamesi,Euploea stephensii jamesi male,Lepidoptera Butterfly Nymphalidae Euploea stephensii jamesi male
56048,Lepidoptera,Butterfly,Nymphalidae,Euploea,Euploea leucostictos,Euploea leucostictos staintoni,Euploea leucostictos staintoni female,Lepidoptera Butterfly Nymphalidae Euploea leucostictos staintoni female
56049,Lepidoptera,Butterfly,Nymphalidae,Euploea,Euploea leucostictos,Euploea leucostictos polymela,Euploea leucostictos polymela male,Lepidoptera Butterfly Nymphalidae Euploea leucostictos polymela male
56050,Lepidoptera,Butterfly,Nymphalidae,Euploea,Euploea leucostictos,Euploea leucostictos perdita,Euploea leucostictos perdita male,Lepidoptera Butterfly Nymphalidae Euploea leucostictos perdita male
56053,Lepidoptera,Butterfly,Nymphalidae,Euploea,Euploea leucostictos,Euploea leucostictos iphianassa,Euploea leucostictos iphianassa male,Lepidoptera Butterfly Nymphalidae Euploea leucostictos iphianassa male
56054,Lepidoptera,Butterfly,Nymphalidae,Euploea,Euploea euphon,Euploea euphon baudiniana,Euploea euphon baudiniana male,Lepidoptera Butterfly Nymphalidae Euploea euphon baudiniana male
56056,Lepidoptera,Butterfly,Nymphalidae,Euploea,Euploea euphon,Euploea euphon baudiniana,Euploea euphon baudiniana female,Lepidoptera Butterfly Nymphalidae Euploea euphon baudiniana female
56058,Lepidoptera,Butterfly,Nymphalidae,Euploea,Euploea stephensii,Euploea stephensii jamesi,Euploea stephensii jamesi female,Lepidoptera Butterfly Nymphalidae Euploea stephensii jamesi female
56062,Lepidoptera,Butterfly,Nymphalidae,Euploea,Euploea eunice,Euploea eunice phane,Euploea eunice phane female,Lepidoptera Butterfly Nymphalidae Euploea eunice phane female
56066,Lepidoptera,Butterfly,Nymphalidae,Euploea,Euploea leucostictos,Euploea leucostictos staintoni,Euploea leucostictos staintoni male,Lepidoptera Butterfly Nymphalidae Euploea leucostictos staintoni male
56070,Lepidoptera,Butterfly,Nymphalidae,Idea,Idea stolli,Idea stolli logari,Idea stolli logari male,Lepidoptera Butterfly Nymphalidae Idea stolli logari male
56071,Lepidoptera,Butterfly,Papilionidae,Pachliopta,Pachliopta agleoides,Pachliopta agleoides furius,,Lepidoptera Butterfly Papilionidae Pachliopta agleoides furius nan
56086,Lepidoptera,Butterfly,Nymphalidae,Euploea,Euploea wallacei,Euploea wallacei melia,Euploea wallacei melia male,Lepidoptera Butterfly Nymphalidae Euploea wallacei melia male
56087,Lepidoptera,Butterfly,Nymphalidae,Euploea,Euploea algea,Euploea algea menetriesii,Euploea algea menetriesii male,Lepidoptera Butterfly Nymphalidae Euploea algea menetriesii male
56089,Lepidoptera,Butterfly,Nymphalidae,Euploea,Euploea core,Euploea core godarti,,Lepidoptera Butterfly Nymphalidae Euploea core godarti nan
56092,Lepidoptera,Butterfly,Nymphalidae,Euploea,Euploea usipetes,Euploea usipetes rezia,Euploea usipetes rezia female,Lepidoptera Butterfly Nymphalidae Euploea usipetes rezia female
56094,Lepidoptera,Butterfly,Nymphalidae,Euploea,Euploea wallacei,Euploea wallacei confusa,Euploea wallacei confusa female,Lepidoptera Butterfly Nymphalidae Euploea wallacei confusa female
56100,Lepidoptera,Butterfly,Nymphalidae,Tellervo,Tellervo zoilus,Tellervo zoilus antipatrus,,Lepidoptera Butterfly Nymphalidae Tellervo zoilus antipatrus nan
56111,Lepidoptera,Butterfly,Nymphalidae,Tellervo,Tellervo nedusia,Tellervo nedusia mysoriensis,,Lepidoptera Butterfly Nymphalidae Tellervo nedusia mysoriensis nan
56118,Lepidoptera,Butterfly,Nymphalidae,Tellervo,Tellervo zoilus,Tellervo zoilus antipatrus,Tellervo zoilus antipatrus male,Lepidoptera Butterfly Nymphalidae Tellervo zoilus antipatrus male
56129,Lepidoptera,Butterfly,Nymphalidae,Euploea,Euploea algea,Euploea algea abjecta,Euploea algea abjecta male,Lepidoptera Butterfly Nymphalidae Euploea algea abjecta male
56130,Lepidoptera,Butterfly,Nymphalidae,Euploea,Euploea treitschkei,Euploea treitschkei viridis,Euploea treitschkei viridis male,Lepidoptera Butterfly Nymphalidae Euploea treitschkei viridis male
56131,Lepidoptera,Butterfly,Nymphalidae,Euploea,Euploea treitschkei,Euploea treitschkei viridis,Euploea treitschkei viridis female,Lepidoptera Butterfly Nymphalidae Euploea treitschkei viridis female
56136,Lepidoptera,Butterfly,Nymphalidae,Euploea,Euploea eunice,Euploea eunice juno,Euploea eunice juno male,Lepidoptera Butterfly Nymphalidae Euploea eunice juno male
56137,Lepidoptera,Butterfly,Nymphalidae,Euploea,Euploea eunice,Euploea eunice juno,Euploea eunice juno female,Lepidoptera Butterfly Nymphalidae Euploea eunice juno female
56140,Lepidoptera,Butterfly,Nymphalidae,Euploea,Euploea eunice,Euploea eunice phane,Euploea eunice phane male,Lepidoptera Butterfly Nymphalidae Euploea eunice phane male
56146,Lepidoptera,Butterfly,Nymphalidae,Euploea,Euploea westwoodii,Euploea westwoodii viola,Euploea westwoodii viola female,Lepidoptera Butterfly Nymphalidae Euploea westwoodii viola female
56159,Lepidoptera,Butterfly,Nymphalidae,Danaus,Danaus affinis,Danaus affinis ferruginea,Danaus affinis ferruginea male,Lepidoptera Butterfly Nymphalidae Danaus affinis ferruginea male
56171,Lepidoptera,Butterfly,Nymphalidae,Euploea,Euploea alcathoe,Euploea alcathoe coffea,Euploea alcathoe coffea female,Lepidoptera Butterfly Nymphalidae Euploea alcathoe coffea female
56175,Lepidoptera,Butterfly,Nymphalidae,Euploea,Euploea camaralzeman,Euploea camaralzeman scudderi,Euploea camaralzeman scudderi female,Lepidoptera Butterfly Nymphalidae Euploea camaralzeman scudderi female
56180,Lepidoptera,Butterfly,Nymphalidae,Euploea,Euploea stephensii,Euploea stephensii phokion,Euploea stephensii phokion female,Lepidoptera Butterfly Nymphalidae Euploea stephensii phokion female
56181,Lepidoptera,Butterfly,Nymphalidae,Euploea,Euploea stephensii,Euploea stephensii phokion,Euploea stephensii phokion male,Lepidoptera Butterfly Nymphalidae Euploea stephensii phokion male
56183,Lepidoptera,Butterfly,Nymphalidae,Euploea,Euploea core,Euploea core distanti,Euploea core distanti female,Lepidoptera Butterfly Nymphalidae Euploea core distanti female
56187,Lepidoptera,Butterfly,Nymphalidae,Euploea,Euploea radamanthus,Euploea radamanthus ramsayi,Euploea radamanthus ramsayi female,Lepidoptera Butterfly Nymphalidae Euploea radamanthus ramsayi female
56188,Lepidoptera,Butterfly,Nymphalidae,Euploea,Euploea darchia,Euploea darchia ornata,Euploea darchia ornata male,Lepidoptera Butterfly Nymphalidae Euploea darchia ornata male
56191,Lepidoptera,Butterfly,Lycaenidae,Dodona,Dodona vanleeuwenii,Dodona vanleeuwenii,,Lepidoptera Butterfly Lycaenidae Dodona vanleeuwenii nan nan
56198,Lepidoptera,Butterfly,Nymphalidae,Euploea,Euploea radamanthus,Euploea radamanthus aerithus,Euploea radamanthus aerithus male,Lepidoptera Butterfly Nymphalidae Euploea radamanthus aerithus male
56203,Lepidoptera,Butterfly,Nymphalidae,Euploea,Euploea leucostictos,Euploea leucostictos herbsti,Euploea leucostictos herbsti female,Lepidoptera Butterfly Nymphalidae Euploea leucostictos herbsti female
56209,Lepidoptera,Butterfly,Nymphalidae,Miriamica,Miriamica weiskei,Miriamica weiskei,,Lepidoptera Butterfly Nymphalidae Miriamica weiskei nan nan
56350,Lepidoptera,Butterfly,Nymphalidae,Euploea,Euploea wallacei,Euploea wallacei melia,Euploea wallacei melia female,Lepidoptera Butterfly Nymphalidae Euploea wallacei melia female
56441,Lepidoptera,Butterfly,Nymphalidae,Euploea,Euploea algea,Euploea algea menetriesii,Euploea algea menetriesii female,Lepidoptera Butterfly Nymphalidae Euploea algea menetriesii female
56443,Lepidoptera,Butterfly,Nymphalidae,Euploea,Euploea Euploea algea,Euploea Euploea algea Euploea algea megaera,Euploea Euploea algea Euploea algea megaera male,Lepidoptera Butterfly Nymphalidae Euploea Euploea algea Euploea algea megaera male
56450,Lepidoptera,Butterfly,Nymphalidae,Libythea,Libythea celtis,Libythea celtis formosana,,Lepidoptera Butterfly Nymphalidae Libythea celtis formosana nan
56458,Lepidoptera,Butterfly,Papilionidae,Parides,Parides sesostris,Parides sesostris sesostris,Parides sesostris sesostris male,Lepidoptera Butterfly Papilionidae Parides sesostris sesostris male
56459,Lepidoptera,Butterfly,Papilionidae,Parides,Parides montezuma,Parides montezuma,Parides montezuma female,Lepidoptera Butterfly Papilionidae Parides montezuma nan female
56460,Lepidoptera,Butterfly,Papilionidae,Parides,Parides erithalion,Parides erithalion polyzelus,Parides erithalion polyzelus male,Lepidoptera Butterfly Papilionidae Parides erithalion polyzelus male
56461,Lepidoptera,Butterfly,Papilionidae,Parides,Parides eurimedes,Parides eurimedes mylotes,Parides eurimedes mylotes male,Lepidoptera Butterfly Papilionidae Parides eurimedes mylotes male
56462,Lepidoptera,Butterfly,Papilionidae,Parides,Parides eurimedes,Parides eurimedes mylotes,Parides eurimedes mylotes female,Lepidoptera Butterfly Papilionidae Parides eurimedes mylotes female
56463,Lepidoptera,Butterfly,Papilionidae,Parides,Parides,Parides,Parides male,Lepidoptera Butterfly Papilionidae Parides nan nan male
56464,Lepidoptera,Butterfly,Papilionidae,Parides,Parides neophilus,Parides neophilus consus,Parides neophilus consus male,Lepidoptera Butterfly Papilionidae Parides neophilus consus male
56465,Lepidoptera,Butterfly,Papilionidae,Parides,Parides anchises,Parides anchises etias,Parides anchises etias male,Lepidoptera Butterfly Papilionidae Parides anchises etias male
56466,Lepidoptera,Butterfly,Papilionidae,Parides,Parides erithalion,Parides erithalion erlaces,Parides erithalion erlaces male,Lepidoptera Butterfly Papilionidae Parides erithalion erlaces male
56467,Lepidoptera,Butterfly,Papilionidae,Pachliopta,Pachliopta antiphus,Pachliopta antiphus acuta,Pachliopta antiphus acuta female,Lepidoptera Butterfly Papilionidae Pachliopta antiphus acuta female
56468,Lepidoptera,Butterfly,Papilionidae,Pachliopta,Pachliopta antiphus,Pachliopta antiphus acuta,Pachliopta antiphus acuta male,Lepidoptera Butterfly Papilionidae Pachliopta antiphus acuta male
56471,Lepidoptera,Butterfly,Papilionidae,Parides,Parides orellana,Parides orellana,Parides orellana female,Lepidoptera Butterfly Papilionidae Parides orellana nan female
56472,Lepidoptera,Butterfly,Papilionidae,Parides,Parides quadratus,Parides quadratus spoliatus,Parides quadratus spoliatus male,Lepidoptera Butterfly Papilionidae Parides quadratus spoliatus male
56473,Lepidoptera,Butterfly,Papilionidae,Parides,Parides proneus,Parides proneus,Parides proneus female,Lepidoptera Butterfly Papilionidae Parides proneus nan female
56474,Lepidoptera,Butterfly,Papilionidae,Parides,Parides vertumnus,Parides vertumnus diceros,Parides vertumnus diceros male,Lepidoptera Butterfly Papilionidae Parides vertumnus diceros male
56475,Lepidoptera,Butterfly,Papilionidae,Parides,Parides tros,Parides tros tros,Parides tros tros male,Lepidoptera Butterfly Papilionidae Parides tros tros male
56476,Lepidoptera,Butterfly,Papilionidae,Parides,Parides anchises,Parides anchises nephalion,Parides anchises nephalion male,Lepidoptera Butterfly Papilionidae Parides anchises nephalion male
56477,Lepidoptera,Butterfly,Papilionidae,Parides,Parides anchises,Parides anchises nephalion,Parides anchises nephalion female,Lepidoptera Butterfly Papilionidae Parides anchises nephalion female
56479,Lepidoptera,Butterfly,Papilionidae,Parides,Parides agavus,Parides agavus,Parides agavus male,Lepidoptera Butterfly Papilionidae Parides agavus nan male
56480,Lepidoptera,Butterfly,Papilionidae,Parides,Parides proneus,Parides proneus,Parides proneus male,Lepidoptera Butterfly Papilionidae Parides proneus nan male
56483,Lepidoptera,Butterfly,Papilionidae,Parides,Parides neophilus,Parides neophilus ecbolius,Parides neophilus ecbolius male,Lepidoptera Butterfly Papilionidae Parides neophilus ecbolius male
56485,Lepidoptera,Butterfly,Papilionidae,Parides,Parides neophilus,Parides neophilus ecbolius,Parides neophilus ecbolius female,Lepidoptera Butterfly Papilionidae Parides neophilus ecbolius female
56487,Lepidoptera,Butterfly,Papilionidae,Parides,Parides echemon,Parides echemon echemon,Parides echemon echemon male,Lepidoptera Butterfly Papilionidae Parides echemon echemon male
56488,Lepidoptera,Butterfly,Papilionidae,Parides,Parides echemon,Parides echemon echemon,Parides echemon echemon female,Lepidoptera Butterfly Papilionidae Parides echemon echemon female
56489,Lepidoptera,Butterfly,Papilionidae,Parides,Parides vertumnus,Parides vertumnus diceros,Parides vertumnus diceros female,Lepidoptera Butterfly Papilionidae Parides vertumnus diceros female
56493,Lepidoptera,Butterfly,Papilionidae,Parides,Parides echemon,Parides echemon ergeteles,Parides echemon ergeteles male,Lepidoptera Butterfly Papilionidae Parides echemon ergeteles male
56496,Lepidoptera,Butterfly,Papilionidae,Parides,Parides agavus,Parides agavus,Parides agavus female,Lepidoptera Butterfly Papilionidae Parides agavus nan female
56497,Lepidoptera,Butterfly,Papilionidae,Parides,Parides zacynthus,Parides zacynthus polymetus,Parides zacynthus polymetus male,Lepidoptera Butterfly Papilionidae Parides zacynthus polymetus male
56499,Lepidoptera,Butterfly,Papilionidae,Parides,Parides tros,Parides tros tros,Parides tros tros female,Lepidoptera Butterfly Papilionidae Parides tros tros female
56500,Lepidoptera,Butterfly,Papilionidae,Parides,Parides ascanius,Parides ascanius,Parides ascanius female,Lepidoptera Butterfly Papilionidae Parides ascanius nan female
56503,Lepidoptera,Butterfly,Papilionidae,Parides,Parides bunichus,Parides bunichus bunichus,Parides bunichus bunichus male,Lepidoptera Butterfly Papilionidae Parides bunichus bunichus male
56504,Lepidoptera,Butterfly,Papilionidae,Parides,Parides bunichus,Parides bunichus bunichus,Parides bunichus bunichus female,Lepidoptera Butterfly Papilionidae Parides bunichus bunichus female
56512,Lepidoptera,Butterfly,Papilionidae,Parides,Parides ascanius,Parides ascanius,Parides ascanius male,Lepidoptera Butterfly Papilionidae Parides ascanius nan male
56514,Lepidoptera,Butterfly,Papilionidae,Parides,Parides zacynthus,Parides zacynthus zacynthus,Parides zacynthus zacynthus male,Lepidoptera Butterfly Papilionidae Parides zacynthus zacynthus male
56518,Lepidoptera,Butterfly,Papilionidae,Parides,Parides bunichus,Parides bunichus chamissonia,Parides bunichus chamissonia male,Lepidoptera Butterfly Papilionidae Parides bunichus chamissonia male
56520,Lepidoptera,Butterfly,Papilionidae,Parides,Parides bunichus,Parides bunichus damocrates,Parides bunichus damocrates female,Lepidoptera Butterfly Papilionidae Parides bunichus damocrates female
56523,Lepidoptera,Butterfly,Papilionidae,Parides,Parides lysander,Parides lysander lysander,Parides lysander lysander female,Lepidoptera Butterfly Papilionidae Parides lysander lysander female
56524,Lepidoptera,Butterfly,Papilionidae,Parides,Parides lysander,Parides lysander lysander,Parides lysander lysander male,Lepidoptera Butterfly Papilionidae Parides lysander lysander male
56525,Lepidoptera,Butterfly,Papilionidae,Parides,Parides chabrias,Parides chabrias ygdrasilla,Parides chabrias ygdrasilla male,Lepidoptera Butterfly Papilionidae Parides chabrias ygdrasilla male
56526,Lepidoptera,Butterfly,Papilionidae,Parides,Parides sesostris,Parides sesostris sesostris,Parides sesostris sesostris female,Lepidoptera Butterfly Papilionidae Parides sesostris sesostris female
56527,Lepidoptera,Butterfly,Papilionidae,Parides,Parides vertumnus,Parides vertumnus vertumnus,Parides vertumnus vertumnus male,Lepidoptera Butterfly Papilionidae Parides vertumnus vertumnus male
56529,Lepidoptera,Butterfly,Papilionidae,Parides,Parides neophilus,Parides neophilus olivencius,Parides neophilus olivencius male,Lepidoptera Butterfly Papilionidae Parides neophilus olivencius male
56530,Lepidoptera,Butterfly,Papilionidae,Parides,Parides eurimedes,Parides eurimedes arriphus,Parides eurimedes arriphus male,Lepidoptera Butterfly Papilionidae Parides eurimedes arriphus male
56536,Lepidoptera,Butterfly,Papilionidae,Parides,Parides eurimedes,Parides eurimedes arriphus,Parides eurimedes arriphus female,Lepidoptera Butterfly Papilionidae Parides eurimedes arriphus female
56538,Lepidoptera,Butterfly,Papilionidae,Parides,Parides eurimedes,Parides eurimedes antheas,Parides eurimedes antheas male,Lepidoptera Butterfly Papilionidae Parides eurimedes antheas male
56539,Lepidoptera,Butterfly,Papilionidae,Parides,Parides erithalion,Parides erithalion erithalion,Parides erithalion erithalion male,Lepidoptera Butterfly Papilionidae Parides erithalion erithalion male
56548,Lepidoptera,Butterfly,Papilionidae,Parides,Parides erithalion,Parides erithalion browni,Parides erithalion browni male,Lepidoptera Butterfly Papilionidae Parides erithalion browni male
56560,Lepidoptera,Butterfly,Papilionidae,Parides,Parides erithalion,Parides erithalion erithalion,Parides erithalion erithalion female,Lepidoptera Butterfly Papilionidae Parides erithalion erithalion female
56568,Lepidoptera,Butterfly,Papilionidae,Parides,Parides childrenae,Parides childrenae latifasciata,Parides childrenae latifasciata male,Lepidoptera Butterfly Papilionidae Parides childrenae latifasciata male
56570,Lepidoptera,Butterfly,Papilionidae,Parides,Parides panares,Parides panares erythrus,Parides panares erythrus male,Lepidoptera Butterfly Papilionidae Parides panares erythrus male
56571,Lepidoptera,Butterfly,Papilionidae,Parides,Parides sesostris,Parides sesostris tarquinius,Parides sesostris tarquinius male,Lepidoptera Butterfly Papilionidae Parides sesostris tarquinius male
56575,Lepidoptera,Butterfly,Papilionidae,Parides,Parides panares,Parides panares erythrus,Parides panares erythrus female,Lepidoptera Butterfly Papilionidae Parides panares erythrus female
56582,Lepidoptera,Butterfly,Papilionidae,Parides,Parides erithalion,Parides erithalion cauca,Parides erithalion cauca male,Lepidoptera Butterfly Papilionidae Parides erithalion cauca male
56583,Lepidoptera,Butterfly,Papilionidae,Parides,Parides erithalion,Parides erithalion zeuxis,Parides erithalion zeuxis male,Lepidoptera Butterfly Papilionidae Parides erithalion zeuxis male
56586,Lepidoptera,Butterfly,Papilionidae,Parides,Parides iphidamas,Parides iphidamas elatos,Parides iphidamas elatos male,Lepidoptera Butterfly Papilionidae Parides iphidamas elatos male
56589,Lepidoptera,Butterfly,Papilionidae,Parides,Parides iphidamas,Parides iphidamas phalias,Parides iphidamas phalias male,Lepidoptera Butterfly Papilionidae Parides iphidamas phalias male
56590,Lepidoptera,Butterfly,Papilionidae,Parides,Parides childrenae,Parides childrenae latifasciata,Parides childrenae latifasciata female,Lepidoptera Butterfly Papilionidae Parides childrenae latifasciata female
56593,Lepidoptera,Butterfly,Papilionidae,Parides,Parides anchises,Parides anchises alyattes,Parides anchises alyattes male,Lepidoptera Butterfly Papilionidae Parides anchises alyattes male
56596,Lepidoptera,Butterfly,Papilionidae,Parides,Parides erithalion,Parides erithalion keithi,Parides erithalion keithi female,Lepidoptera Butterfly Papilionidae Parides erithalion keithi female
56603,Lepidoptera,Butterfly,Papilionidae,Pachliopta,Pachliopta aristolochiae,Pachliopta aristolochiae ceylonica,Pachliopta aristolochiae ceylonica male,Lepidoptera Butterfly Papilionidae Pachliopta aristolochiae ceylonica male
56606,Lepidoptera,Butterfly,Papilionidae,Parides,Parides erithalion,Parides erithalion browni,Parides erithalion browni female,Lepidoptera Butterfly Papilionidae Parides erithalion browni female
56616,Lepidoptera,Butterfly,Papilionidae,Parides,Parides sesostris,Parides sesostris zestos,Parides sesostris zestos female,Lepidoptera Butterfly Papilionidae Parides sesostris zestos female
56617,Lepidoptera,Butterfly,Papilionidae,Parides,Parides childrenae,Parides childrenae childrenae,Parides childrenae childrenae male,Lepidoptera Butterfly Papilionidae Parides childrenae childrenae male
56618,Lepidoptera,Butterfly,Papilionidae,Parides,Parides iphidamas,Parides iphidamas iphidamas,Parides iphidamas iphidamas female,Lepidoptera Butterfly Papilionidae Parides iphidamas iphidamas female
56619,Lepidoptera,Butterfly,Papilionidae,Parides,Parides gundlachianus,Parides gundlachianus gundlachianus,Parides gundlachianus gundlachianus male,Lepidoptera Butterfly Papilionidae Parides gundlachianus gundlachianus male
56622,Lepidoptera,Butterfly,Papilionidae,Parides,Parides aeneas,Parides aeneas lucasi,Parides aeneas lucasi female,Lepidoptera Butterfly Papilionidae Parides aeneas lucasi female
56625,Lepidoptera,Butterfly,Papilionidae,Parides,Parides childrenae,Parides childrenae unimacula,Parides childrenae unimacula male,Lepidoptera Butterfly Papilionidae Parides childrenae unimacula male
56626,Lepidoptera,Butterfly,Papilionidae,Parides,Parides vertumnus,Parides vertumnus bogotanus,Parides vertumnus bogotanus male,Lepidoptera Butterfly Papilionidae Parides vertumnus bogotanus male
56628,Lepidoptera,Butterfly,Papilionidae,Parides,Parides anchises,Parides anchises drucei,Parides anchises drucei male,Lepidoptera Butterfly Papilionidae Parides anchises drucei male
56631,Lepidoptera,Butterfly,Papilionidae,Parides,Parides anchises,Parides anchises drucei,Parides anchises drucei female,Lepidoptera Butterfly Papilionidae Parides anchises drucei female
56637,Lepidoptera,Butterfly,Papilionidae,Parides,Parides vertumnus,Parides vertumnus vertumnus,Parides vertumnus vertumnus female,Lepidoptera Butterfly Papilionidae Parides vertumnus vertumnus female
56638,Lepidoptera,Butterfly,Papilionidae,Parides,Parides chabrias,Parides chabrias ygdrasilla,Parides chabrias ygdrasilla female,Lepidoptera Butterfly Papilionidae Parides chabrias ygdrasilla female
56640,Lepidoptera,Butterfly,Papilionidae,Parides,Parides aeneas,Parides aeneas lucasi,Parides aeneas lucasi male,Lepidoptera Butterfly Papilionidae Parides aeneas lucasi male
56642,Lepidoptera,Butterfly,Papilionidae,Parides,Parides montezuma,Parides montezuma,Parides montezuma male,Lepidoptera Butterfly Papilionidae Parides montezuma nan male
56644,Lepidoptera,Butterfly,Papilionidae,Parides,Parides eurimedes,Parides eurimedes antheas,Parides eurimedes antheas female,Lepidoptera Butterfly Papilionidae Parides eurimedes antheas female
56645,Lepidoptera,Butterfly,Papilionidae,Parides,Parides panthonus,Parides panthonus panthonus,Parides panthonus panthonus female,Lepidoptera Butterfly Papilionidae Parides panthonus panthonus female
56646,Lepidoptera,Butterfly,Papilionidae,Parides,Parides panthonus,Parides panthonus panthonus,Parides panthonus panthonus male,Lepidoptera Butterfly Papilionidae Parides panthonus panthonus male
56647,Lepidoptera,Butterfly,Papilionidae,Parides,Parides aeneas,Parides aeneas aeneas,Parides aeneas aeneas male,Lepidoptera Butterfly Papilionidae Parides aeneas aeneas male
56659,Lepidoptera,Butterfly,Papilionidae,Parides,Parides bunichus,Parides bunichus chamissonia,Parides bunichus chamissonia female,Lepidoptera Butterfly Papilionidae Parides bunichus chamissonia female
56660,Lepidoptera,Butterfly,Papilionidae,Parides,Parides zacynthus,Parides zacynthus zacynthus,Parides zacynthus zacynthus female,Lepidoptera Butterfly Papilionidae Parides zacynthus zacynthus female
56679,Lepidoptera,Butterfly,Papilionidae,Parides,Parides iphidamas,Parides iphidamas iphidamas,Parides iphidamas iphidamas male,Lepidoptera Butterfly Papilionidae Parides iphidamas iphidamas male
56712,Lepidoptera,Butterfly,Papilionidae,Parides,Parides photinus,Parides photinus,Parides photinus male,Lepidoptera Butterfly Papilionidae Parides photinus nan male
56717,Lepidoptera,Butterfly,Papilionidae,Parides,Parides photinus,Parides photinus,Parides photinus female,Lepidoptera Butterfly Papilionidae Parides photinus nan female
56727,Lepidoptera,Butterfly,Papilionidae,Parides,Parides erithalion,Parides erithalion polyzelus,Parides erithalion polyzelus female,Lepidoptera Butterfly Papilionidae Parides erithalion polyzelus female
56735,Lepidoptera,Butterfly,Papilionidae,Parides,Parides chabrias,Parides chabrias chabrias,Parides chabrias chabrias female,Lepidoptera Butterfly Papilionidae Parides chabrias chabrias female
56736,Lepidoptera,Butterfly,Papilionidae,Parides,Parides chabrias,Parides chabrias chabrias,Parides chabrias chabrias male,Lepidoptera Butterfly Papilionidae Parides chabrias chabrias male
56737,Lepidoptera,Butterfly,Papilionidae,Pachliopta,Pachliopta aristolochiae,Pachliopta aristolochiae aristolochiae,Pachliopta aristolochiae aristolochiae female,Lepidoptera Butterfly Papilionidae Pachliopta aristolochiae aristolochiae female
56739,Lepidoptera,Butterfly,Papilionidae,Parides,Parides panares,Parides panares,Parides panares male,Lepidoptera Butterfly Papilionidae Parides panares nan male
56749,Lepidoptera,Butterfly,Papilionidae,Parides,Parides aeneas,Parides aeneas marcius,Parides aeneas marcius male,Lepidoptera Butterfly Papilionidae Parides aeneas marcius male
56754,Lepidoptera,Butterfly,Papilionidae,Parides,Parides,Parides,Parides female,Lepidoptera Butterfly Papilionidae Parides nan nan female
56760,Lepidoptera,Butterfly,Papilionidae,Parides,Parides eurimedes,Parides eurimedes mycale,Parides eurimedes mycale female,Lepidoptera Butterfly Papilionidae Parides eurimedes mycale female
56768,Lepidoptera,Butterfly,Papilionidae,Parides,Parides vertumnus,Parides vertumnus autumnus,Parides vertumnus autumnus male,Lepidoptera Butterfly Papilionidae Parides vertumnus autumnus male
56776,Lepidoptera,Butterfly,Papilionidae,Parides,Parides aeneas,Parides aeneas tucha,Parides aeneas tucha female,Lepidoptera Butterfly Papilionidae Parides aeneas tucha female
56779,Lepidoptera,Butterfly,Papilionidae,Parides,Parides aeneas,Parides aeneas bolivar,Parides aeneas bolivar male,Lepidoptera Butterfly Papilionidae Parides aeneas bolivar male
56780,Lepidoptera,Butterfly,Papilionidae,Parides,Parides erithalion,Parides erithalion yaminahua,Parides erithalion yaminahua male,Lepidoptera Butterfly Papilionidae Parides erithalion yaminahua male
56787,Lepidoptera,Butterfly,Papilionidae,Parides,Parides erithalion,Parides erithalion lacydes,Parides erithalion lacydes female,Lepidoptera Butterfly Papilionidae Parides erithalion lacydes female
56788,Lepidoptera,Butterfly,Papilionidae,Parides,Parides panares,Parides panares lycimenes,Parides panares lycimenes male,Lepidoptera Butterfly Papilionidae Parides panares lycimenes male
56789,Lepidoptera,Butterfly,Papilionidae,Parides,Parides eurimedes,Parides eurimedes mycale,Parides eurimedes mycale male,Lepidoptera Butterfly Papilionidae Parides eurimedes mycale male
56798,Lepidoptera,Butterfly,Papilionidae,Parides,Parides neophilus,Parides neophilus neophilus,Parides neophilus neophilus male,Lepidoptera Butterfly Papilionidae Parides neophilus neophilus male
56817,Lepidoptera,Butterfly,Papilionidae,Parides,Parides lysander,Parides lysander lysander,,Lepidoptera Butterfly Papilionidae Parides lysander lysander nan
56822,Lepidoptera,Butterfly,Papilionidae,Parides,Parides bunichus,Parides bunichus damocrates,Parides bunichus damocrates male,Lepidoptera Butterfly Papilionidae Parides bunichus damocrates male
56825,Lepidoptera,Butterfly,Papilionidae,Pachliopta,Pachliopta aristolochiae,Pachliopta aristolochiae goniopeltis,Pachliopta aristolochiae goniopeltis female,Lepidoptera Butterfly Papilionidae Pachliopta aristolochiae goniopeltis female
56826,Lepidoptera,Butterfly,Papilionidae,Parides,Parides neophilus,Parides neophilus parianus,Parides neophilus parianus male,Lepidoptera Butterfly Papilionidae Parides neophilus parianus male
56827,Lepidoptera,Butterfly,Papilionidae,Parides,Parides neophilus,Parides neophilus parianus,Parides neophilus parianus female,Lepidoptera Butterfly Papilionidae Parides neophilus parianus female
56838,Lepidoptera,Butterfly,Papilionidae,Parides,Parides anchises,Parides anchises cymochles,Parides anchises cymochles male,Lepidoptera Butterfly Papilionidae Parides anchises cymochles male
56841,Lepidoptera,Butterfly,Papilionidae,Parides,Parides anchises,Parides anchises cymochles,Parides anchises cymochles female,Lepidoptera Butterfly Papilionidae Parides anchises cymochles female
56843,Lepidoptera,Butterfly,Papilionidae,Parides,Parides sesostris,Parides sesostris trinitensis,Parides sesostris trinitensis male,Lepidoptera Butterfly Papilionidae Parides sesostris trinitensis male
56846,Lepidoptera,Butterfly,Papilionidae,Parides,Parides sesostris,Parides sesostris trinitensis,Parides sesostris trinitensis female,Lepidoptera Butterfly Papilionidae Parides sesostris trinitensis female
56876,Lepidoptera,Butterfly,Papilionidae,Parides,Parides,Parides,,Lepidoptera Butterfly Papilionidae Parides nan nan nan
56908,Lepidoptera,Butterfly,Pieridae,Delias,Delias ladas,Delias ladas,,Lepidoptera Butterfly Pieridae Delias ladas nan nan
56966,Lepidoptera,Butterfly,Pieridae,Delias,Delias carstenziana,Delias carstenziana,,Lepidoptera Butterfly Pieridae Delias carstenziana nan nan
57039,Lepidoptera,Butterfly,Pieridae,Delias,Delias rosamontana,Delias rosamontana,,Lepidoptera Butterfly Pieridae Delias rosamontana nan nan
57056,Lepidoptera,Butterfly,Pieridae,Delias,Delias flavistriga,Delias flavistriga,,Lepidoptera Butterfly Pieridae Delias flavistriga nan nan
57117,Lepidoptera,Butterfly,Pieridae,Delias,Delias meeki,Delias meeki hypochrysis,,Lepidoptera Butterfly Pieridae Delias meeki hypochrysis nan
57120,Lepidoptera,Butterfly,Pieridae,Delias,Delias campbelli,Delias campbelli microleuca,,Lepidoptera Butterfly Pieridae Delias campbelli microleuca nan
57121,Lepidoptera,Butterfly,Lycaenidae,Monodontides,Monodontides argioloides,Monodontides argioloides,,Lepidoptera Butterfly Lycaenidae Monodontides argioloides nan nan
57133,Lepidoptera,Butterfly,Lycaenidae,Anthene,Anthene,Anthene,,Lepidoptera Butterfly Lycaenidae Anthene nan nan nan
57140,Lepidoptera,Butterfly,Lycaenidae,Jamides,Jamides,Jamides,,Lepidoptera Butterfly Lycaenidae Jamides nan nan nan
57147,Lepidoptera,Butterfly,Lycaenidae,Jamides,Jamides coritus,Jamides coritus,,Lepidoptera Butterfly Lycaenidae Jamides coritus nan nan
57151,Lepidoptera,Butterfly,Lycaenidae,Jamides,Jamides celeno,Jamides celeno,,Lepidoptera Butterfly Lycaenidae Jamides celeno nan nan
57160,Lepidoptera,Butterfly,Lycaenidae,Paraduba,Paraduba metriodes,Paraduba metriodes,,Lepidoptera Butterfly Lycaenidae Paraduba metriodes nan nan
57304,Lepidoptera,Butterfly,Lycaenidae,Nacaduba,Nacaduba,Nacaduba,,Lepidoptera Butterfly Lycaenidae Nacaduba nan nan nan
57314,Lepidoptera,Butterfly,Lycaenidae,Erysichton,Erysichton lineata,Erysichton lineata,,Lepidoptera Butterfly Lycaenidae Erysichton lineata nan nan
57335,Lepidoptera,Butterfly,Lycaenidae,Nacaduba,Nacaduba kurava,Nacaduba kurava,,Lepidoptera Butterfly Lycaenidae Nacaduba kurava nan nan
57460,Lepidoptera,Butterfly,Lycaenidae,Lampides,Lampides boeticus,Lampides boeticus,,Lepidoptera Butterfly Lycaenidae Lampides boeticus nan nan
57540,Lepidoptera,Butterfly,Lycaenidae,Zizina,Zizina labradus,Zizina labradus,,Lepidoptera Butterfly Lycaenidae Zizina labradus nan nan
57541,Lepidoptera,Butterfly,Lycaenidae,Nacaduba,Nacaduba ruficirca,Nacaduba ruficirca,,Lepidoptera Butterfly Lycaenidae Nacaduba ruficirca nan nan
57544,Lepidoptera,Butterfly,Lycaenidae,Zizula,Zizula hylax,Zizula hylax,,Lepidoptera Butterfly Lycaenidae Zizula hylax nan nan
57620,Lepidoptera,Butterfly,Lycaenidae,Pseudodipsas,Pseudodipsas eone,Pseudodipsas eone,,Lepidoptera Butterfly Lycaenidae Pseudodipsas eone nan nan
57621,Lepidoptera,Butterfly,Lycaenidae,Catochrysops,Catochrysops panormus,Catochrysops panormus,,Lepidoptera Butterfly Lycaenidae Catochrysops panormus nan nan
57696,Lepidoptera,Butterfly,Lycaenidae,Udara,Udara rona,Udara rona,,Lepidoptera Butterfly Lycaenidae Udara rona nan nan
57706,Lepidoptera,Butterfly,Lycaenidae,Udara,Udara,Udara,,Lepidoptera Butterfly Lycaenidae Udara nan nan nan
57810,Lepidoptera,Butterfly,Lycaenidae,Petrelaea,Petrelaea tombugensis,Petrelaea tombugensis,,Lepidoptera Butterfly Lycaenidae Petrelaea tombugensis nan nan
57878,Lepidoptera,Butterfly,Papilionidae,Graphium,Graphium sarpedon,Graphium sarpedon agusyantoei,,Lepidoptera Butterfly Papilionidae Graphium sarpedon agusyantoei nan
57891,Lepidoptera,Butterfly,Papilionidae,Graphium,Graphium,Graphium,,Lepidoptera Butterfly Papilionidae Graphium nan nan nan
57969,Lepidoptera,Butterfly,Nymphalidae,Euploea,Euploea,Euploea,,Lepidoptera Butterfly Nymphalidae Euploea nan nan nan
57974,Lepidoptera,Butterfly,Nymphalidae,Parantica,Parantica,Parantica,,Lepidoptera Butterfly Nymphalidae Parantica nan nan nan
58037,Lepidoptera,Butterfly,Papilionidae,Pachliopta,Pachliopta adamas,Pachliopta adamas adamas,,Lepidoptera Butterfly Papilionidae Pachliopta adamas adamas nan
58104,Lepidoptera,Butterfly,Papilionidae,Graphium,Graphium doson,Graphium doson vulso,,Lepidoptera Butterfly Papilionidae Graphium doson vulso nan
58317,Lepidoptera,Butterfly,Papilionidae,Graphium,Graphium bathycles,Graphium bathycles bathycles,,Lepidoptera Butterfly Papilionidae Graphium bathycles bathycles nan
58428,Lepidoptera,Butterfly,Pieridae,Appias,Appias albina,Appias albina semperi,,Lepidoptera Butterfly Pieridae Appias albina semperi nan
58430,Lepidoptera,Butterfly,Pieridae,Appias,Appias nero,Appias nero palawanica,,Lepidoptera Butterfly Pieridae Appias nero palawanica nan
58432,Lepidoptera,Butterfly,Pieridae,Cepora,Cepora aspasia,Cepora aspasia olga,,Lepidoptera Butterfly Pieridae Cepora aspasia olga nan
58435,Lepidoptera,Butterfly,Pieridae,Appias,Appias indra,Appias indra massilia,,Lepidoptera Butterfly Pieridae Appias indra massilia nan
58436,Lepidoptera,Butterfly,Pieridae,Saletara,Saletara panda,Saletara panda erebina,,Lepidoptera Butterfly Pieridae Saletara panda erebina nan
58437,Lepidoptera,Butterfly,Pieridae,Gandaca,Gandaca harina,Gandaca harina palawanica,,Lepidoptera Butterfly Pieridae Gandaca harina palawanica nan
58441,Lepidoptera,Butterfly,Pieridae,Pareronia,Pareronia valeria,Pareronia valeria palawana,,Lepidoptera Butterfly Pieridae Pareronia valeria palawana nan
58458,Lepidoptera,Butterfly,Pieridae,Eurema,Eurema sari,Eurema sari obucola,,Lepidoptera Butterfly Pieridae Eurema sari obucola nan
58459,Lepidoptera,Butterfly,Pieridae,Appias,Appias aegis,Appias aegis caepia,,Lepidoptera Butterfly Pieridae Appias aegis caepia nan
58462,Lepidoptera,Butterfly,Pieridae,Appias,Appias nero,Appias nero domitia,,Lepidoptera Butterfly Pieridae Appias nero domitia nan
58473,Lepidoptera,Butterfly,Pieridae,Leptosia,Leptosia nina,Leptosia nina terentia,,Lepidoptera Butterfly Pieridae Leptosia nina terentia nan
58499,Lepidoptera,Butterfly,Pieridae,Pareronia,Pareronia boebera,Pareronia boebera boebera,,Lepidoptera Butterfly Pieridae Pareronia boebera boebera nan
58512,Lepidoptera,Butterfly,Pieridae,Eurema,Eurema,Eurema,,Lepidoptera Butterfly Pieridae Eurema nan nan nan
58524,Lepidoptera,Butterfly,Pieridae,Appias,Appias aegis,Appias aegis illana,,Lepidoptera Butterfly Pieridae Appias aegis illana nan
58536,Lepidoptera,Butterfly,Papilionidae,Graphium,Graphium euphrates,Graphium euphrates,,Lepidoptera Butterfly Papilionidae Graphium euphrates nan nan
58538,Lepidoptera,Butterfly,Papilionidae,Papilio,Papilio daedalus,Papilio daedalus daedalus,,Lepidoptera Butterfly Papilionidae Papilio daedalus daedalus nan
58541,Lepidoptera,Butterfly,Papilionidae,Pachliopta,Pachliopta mariae,Pachliopta mariae camarines,,Lepidoptera Butterfly Papilionidae Pachliopta mariae camarines nan
58542,Lepidoptera,Butterfly,Papilionidae,Papilio,Papilio deiphobus,Papilio deiphobus rumanzovia,,Lepidoptera Butterfly Papilionidae Papilio deiphobus rumanzovia nan
58547,Lepidoptera,Butterfly,Papilionidae,Pachliopta,Pachliopta kotzebuea,Pachliopta kotzebuea,,Lepidoptera Butterfly Papilionidae Pachliopta kotzebuea nan nan
58559,Lepidoptera,Butterfly,Papilionidae,Atrophaneura,Atrophaneura semperi,Atrophaneura semperi sorsogona,,Lepidoptera Butterfly Papilionidae Atrophaneura semperi sorsogona nan
58612,Lepidoptera,Butterfly,Papilionidae,Troides,Troides hypolitus,Troides hypolitus cellularis,,Lepidoptera Butterfly Papilionidae Troides hypolitus cellularis nan
58630,Lepidoptera,Butterfly,Papilionidae,Papilio,Papilio fuscus,Papilio fuscus beccarii,,Lepidoptera Butterfly Papilionidae Papilio fuscus beccarii nan
58640,Lepidoptera,Butterfly,Papilionidae,Pachliopta,Pachliopta,Pachliopta,,Lepidoptera Butterfly Papilionidae Pachliopta nan nan nan
58692,Lepidoptera,Butterfly,Papilionidae,Papilio,Papilio karna,Papilio karna karna,,Lepidoptera Butterfly Papilionidae Papilio karna karna nan
58701,Lepidoptera,Butterfly,Papilionidae,Trogonoptera,Trogonoptera trojana,Trogonoptera trojana,,Lepidoptera Butterfly Papilionidae Trogonoptera trojana nan nan
58714,Lepidoptera,Butterfly,Pieridae,Delias,Delias benasu,Delias benasu benasu,,Lepidoptera Butterfly Pieridae Delias benasu benasu nan
58719,Lepidoptera,Butterfly,Pieridae,Delias,Delias surprisa,Delias surprisa,,Lepidoptera Butterfly Pieridae Delias surprisa nan nan
58720,Lepidoptera,Butterfly,Papilionidae,Atrophaneura,Atrophaneura kuehni,Atrophaneura kuehni kuehni,,Lepidoptera Butterfly Papilionidae Atrophaneura kuehni kuehni nan
58734,Lepidoptera,Butterfly,Papilionidae,Graphium,Graphium empedovana,Graphium empedovana empedovana,,Lepidoptera Butterfly Papilionidae Graphium empedovana empedovana nan
58743,Lepidoptera,Butterfly,Nymphalidae,Polyura,Polyura,Polyura,,Lepidoptera Butterfly Nymphalidae Polyura nan nan nan
58749,Lepidoptera,Butterfly,Pieridae,Appias,Appias indra,Appias indra myndus,,Lepidoptera Butterfly Pieridae Appias indra myndus nan
58764,Lepidoptera,Butterfly,Pieridae,Cepora,Cepora iudith,Cepora iudith amalia,,Lepidoptera Butterfly Pieridae Cepora iudith amalia nan
58774,Lepidoptera,Butterfly,Pieridae,Dercas,Dercas gobrias,Dercas gobrias herodorus,,Lepidoptera Butterfly Pieridae Dercas gobrias herodorus nan
58825,Lepidoptera,Butterfly,Pieridae,Eurema,Eurema simulatrix,Eurema simulatrix tecmessa,,Lepidoptera Butterfly Pieridae Eurema simulatrix tecmessa nan
58835,Lepidoptera,Butterfly,Pieridae,Cepora,Cepora nerissa,Cepora nerissa sumatrana,,Lepidoptera Butterfly Pieridae Cepora nerissa sumatrana nan
58838,Lepidoptera,Butterfly,Lycaenidae,Drupadia,Drupadia ravindra,Drupadia ravindra ravindra,,Lepidoptera Butterfly Lycaenidae Drupadia ravindra ravindra nan
58845,Lepidoptera,Butterfly,Pieridae,Appias,Appias lyncida,Appias lyncida hippona,,Lepidoptera Butterfly Pieridae Appias lyncida hippona nan
58851,Lepidoptera,Butterfly,Papilionidae,Graphium,Graphium delesserti,Graphium delesserti delesserti,,Lepidoptera Butterfly Papilionidae Graphium delesserti delesserti nan
58867,Lepidoptera,Butterfly,Hesperiidae,Telicota,Telicota,Telicota,,Lepidoptera Butterfly Hesperiidae Telicota nan nan nan
58870,Lepidoptera,Butterfly,Lycaenidae,Arhopala,Arhopala,Arhopala,,Lepidoptera Butterfly Lycaenidae Arhopala nan nan nan
58871,Lepidoptera,Butterfly,Lycaenidae,Loxura,Loxura,Loxura,,Lepidoptera Butterfly Lycaenidae Loxura nan nan nan
58873,Lepidoptera,Butterfly,Pieridae,Catopsilia,Catopsilia scylla,Catopsilia scylla cornelia,,Lepidoptera Butterfly Pieridae Catopsilia scylla cornelia nan
58877,Lepidoptera,Butterfly,Lycaenidae,Discolampa,Discolampa ethion,Discolampa ethion,,Lepidoptera Butterfly Lycaenidae Discolampa ethion nan nan
58883,Lepidoptera,Butterfly,Papilionidae,Graphium,Graphium eurypylus,Graphium eurypylus eurypylus,,Lepidoptera Butterfly Papilionidae Graphium eurypylus eurypylus nan
58904,Lepidoptera,Butterfly,Papilionidae,Pachliopta,Pachliopta schadenbergi,Pachliopta schadenbergi schadenbergi,,Lepidoptera Butterfly Papilionidae Pachliopta schadenbergi schadenbergi nan
58906,Lepidoptera,Butterfly,Papilionidae,Troides,Troides prattorum,Troides prattorum,,Lepidoptera Butterfly Papilionidae Troides prattorum nan nan
58909,Lepidoptera,Butterfly,Papilionidae,Ornithoptera,Ornithoptera aesacus,Ornithoptera aesacus,,Lepidoptera Butterfly Papilionidae Ornithoptera aesacus nan nan
58910,Lepidoptera,Butterfly,Papilionidae,Atrophaneura,Atrophaneura semperi,Atrophaneura semperi melanotus,,Lepidoptera Butterfly Papilionidae Atrophaneura semperi melanotus nan
58915,Lepidoptera,Butterfly,Papilionidae,Papilio,Papilio antonio,Papilio antonio antonio,,Lepidoptera Butterfly Papilionidae Papilio antonio antonio nan
58917,Lepidoptera,Butterfly,Papilionidae,Papilio,Papilio hipponous,Papilio hipponous gamay,,Lepidoptera Butterfly Papilionidae Papilio hipponous gamay nan
58920,Lepidoptera,Butterfly,Lycaenidae,Deudorix,Deudorix,Deudorix,,Lepidoptera Butterfly Lycaenidae Deudorix nan nan nan
58921,Lepidoptera,Butterfly,Lycaenidae,Caleta,Caleta mindarus,Caleta mindarus,,Lepidoptera Butterfly Lycaenidae Caleta mindarus nan nan
58922,Lepidoptera,Butterfly,Lycaenidae,Candalides,Candalides,Candalides,,Lepidoptera Butterfly Lycaenidae Candalides nan nan nan
58923,Lepidoptera,Butterfly,Lycaenidae,Jamides,Jamides nemophila,Jamides nemophila,,Lepidoptera Butterfly Lycaenidae Jamides nemophila nan nan
58927,Lepidoptera,Butterfly,Lycaenidae,Philiris,Philiris,Philiris,,Lepidoptera Butterfly Lycaenidae Philiris nan nan nan
58928,Lepidoptera,Butterfly,Lycaenidae,Allotinus,Allotinus,Allotinus,,Lepidoptera Butterfly Lycaenidae Allotinus nan nan nan
58929,Lepidoptera,Butterfly,Lycaenidae,Rapala,Rapala,Rapala,,Lepidoptera Butterfly Lycaenidae Rapala nan nan nan
58931,Lepidoptera,Butterfly,Lycaenidae,Prosotas,Prosotas dubiosa,Prosotas dubiosa,,Lepidoptera Butterfly Lycaenidae Prosotas dubiosa nan nan
58933,Lepidoptera,Butterfly,Lycaenidae,Miletus,Miletus,Miletus,,Lepidoptera Butterfly Lycaenidae Miletus nan nan nan
58935,Lepidoptera,Butterfly,Lycaenidae,Hypolycaena,Hypolycaena amabilis,Hypolycaena amabilis,,Lepidoptera Butterfly Lycaenidae Hypolycaena amabilis nan nan
58936,Lepidoptera,Butterfly,Lycaenidae,Pseudodipsas,Pseudodipsas,Pseudodipsas,,Lepidoptera Butterfly Lycaenidae Pseudodipsas nan nan nan
58938,Lepidoptera,Butterfly,Lycaenidae,Pithecops,Pithecops,Pithecops,,Lepidoptera Butterfly Lycaenidae Pithecops nan nan nan
58941,Lepidoptera,Butterfly,Lycaenidae,Drupadia,Drupadia ravindra,Drupadia ravindra,,Lepidoptera Butterfly Lycaenidae Drupadia ravindra nan nan
58944,Lepidoptera,Butterfly,Lycaenidae,Megisba,Megisba strongyle,Megisba strongyle orientalis,,Lepidoptera Butterfly Lycaenidae Megisba strongyle orientalis nan
58946,Lepidoptera,Butterfly,Lycaenidae,Hypolycaena,Hypolycaena amasa,Hypolycaena amasa maximinianus,,Lepidoptera Butterfly Lycaenidae Hypolycaena amasa maximinianus nan
58958,Lepidoptera,Butterfly,Lycaenidae,Euchrysops,Euchrysops cnejus,Euchrysops cnejus,,Lepidoptera Butterfly Lycaenidae Euchrysops cnejus nan nan
58959,Lepidoptera,Butterfly,Pieridae,Belenois,Belenois java,Belenois java anita,,Lepidoptera Butterfly Pieridae Belenois java anita nan
58960,Lepidoptera,Butterfly,Lycaenidae,Catochrysops,Catochrysops strabo,Catochrysops strabo,,Lepidoptera Butterfly Lycaenidae Catochrysops strabo nan nan
58965,Lepidoptera,Butterfly,Papilionidae,Trogonoptera,Trogonoptera brookeana,Trogonoptera brookeana albescens,,Lepidoptera Butterfly Papilionidae Trogonoptera brookeana albescens nan
58973,Lepidoptera,Butterfly,Lycaenidae,Castalius,Castalius rosimon,Castalius rosimon,,Lepidoptera Butterfly Lycaenidae Castalius rosimon nan nan
58981,Lepidoptera,Butterfly,Lycaenidae,Zizina,Zizina otis,Zizina otis,,Lepidoptera Butterfly Lycaenidae Zizina otis nan nan
58992,Lepidoptera,Butterfly,Papilionidae,Lamproptera,Lamproptera,Lamproptera,,Lepidoptera Butterfly Papilionidae Lamproptera nan nan nan
59027,Lepidoptera,Butterfly,Lycaenidae,Prosotas,Prosotas,Prosotas,,Lepidoptera Butterfly Lycaenidae Prosotas nan nan nan
59028,Lepidoptera,Butterfly,Lycaenidae,Caleta,Caleta roxus,Caleta roxus,,Lepidoptera Butterfly Lycaenidae Caleta roxus nan nan
59034,Lepidoptera,Butterfly,Lycaenidae,Pithecops,Pithecops corvus,Pithecops corvus,,Lepidoptera Butterfly Lycaenidae Pithecops corvus nan nan
59046,Lepidoptera,Butterfly,Lycaenidae,Eooxylides,Eooxylides tharis,Eooxylides tharis,,Lepidoptera Butterfly Lycaenidae Eooxylides tharis nan nan
59056,Lepidoptera,Butterfly,Lycaenidae,Hypolycaena,Hypolycaena amasa,Hypolycaena amasa,,Lepidoptera Butterfly Lycaenidae Hypolycaena amasa nan nan
59077,Lepidoptera,Butterfly,Papilionidae,Papilio,Papilio aegeus,Papilio aegeus keianus,,Lepidoptera Butterfly Papilionidae Papilio aegeus keianus nan
59083,Lepidoptera,Butterfly,Papilionidae,Graphium,Graphium milon,Graphium milon milon,,Lepidoptera Butterfly Papilionidae Graphium milon milon nan
59105,Lepidoptera,Butterfly,Papilionidae,Graphium,Graphium delesserti,Graphium delesserti,,Lepidoptera Butterfly Papilionidae Graphium delesserti nan nan
59156,Lepidoptera,Butterfly,Pieridae,Delias,Delias aroae,Delias aroae aroae,,Lepidoptera Butterfly Pieridae Delias aroae aroae nan
59159,Lepidoptera,Butterfly,Pieridae,Appias,Appias indra,Appias indra,,Lepidoptera Butterfly Pieridae Appias indra nan nan
59170,Lepidoptera,Butterfly,Pieridae,Elodina,Elodina,Elodina,,Lepidoptera Butterfly Pieridae Elodina nan nan nan
59172,Lepidoptera,Butterfly,Pieridae,Appias,Appias,Appias,,Lepidoptera Butterfly Pieridae Appias nan nan nan
59185,Lepidoptera,Butterfly,Pieridae,Delias,Delias microsticha,Delias microsticha serratula,,Lepidoptera Butterfly Pieridae Delias microsticha serratula nan
59199,Lepidoptera,Butterfly,Pieridae,Delias,Delias klossi,Delias klossi chrysanthemum,,Lepidoptera Butterfly Pieridae Delias klossi chrysanthemum nan
59214,Lepidoptera,Butterfly,Pieridae,Delias,Delias leucias,Delias leucias leucias,,Lepidoptera Butterfly Pieridae Delias leucias leucias nan
59230,Lepidoptera,Butterfly,Pieridae,Eurema,Eurema blanda,Eurema blanda biformis,,Lepidoptera Butterfly Pieridae Eurema blanda biformis nan
59249,Lepidoptera,Butterfly,Pieridae,Eurema,Eurema brigitta,Eurema brigitta lerna,,Lepidoptera Butterfly Pieridae Eurema brigitta lerna nan
59284,Lepidoptera,Butterfly,Papilionidae,Papilio,Papilio,Papilio,,Lepidoptera Butterfly Papilionidae Papilio nan nan nan
59362,Lepidoptera,Butterfly,Pieridae,Delias,Delias isocharis,Delias isocharis,,Lepidoptera Butterfly Pieridae Delias isocharis nan nan
59363,Lepidoptera,Butterfly,Pieridae,Delias,Delias,Delias,,Lepidoptera Butterfly Pieridae Delias nan nan nan
59364,Lepidoptera,Butterfly,Nymphalidae,Taenaris,Taenaris horsfieldi,Taenaris horsfieldi,,Lepidoptera Butterfly Nymphalidae Taenaris horsfieldi nan nan
59372,Lepidoptera,Butterfly,Nymphalidae,Neptis,Neptis,Neptis,,Lepidoptera Butterfly Nymphalidae Neptis nan nan nan
59374,Lepidoptera,Butterfly,Nymphalidae,Danaus,Danaus,Danaus,,Lepidoptera Butterfly Nymphalidae Danaus nan nan nan
59418,Lepidoptera,Butterfly,Papilionidae,Graphium,Graphium codrus,Graphium codrus medon,,Lepidoptera Butterfly Papilionidae Graphium codrus medon nan
59488,Lepidoptera,Butterfly,Nymphalidae,Junonia,Junonia atlites,Junonia atlites,,Lepidoptera Butterfly Nymphalidae Junonia atlites nan nan
59489,Lepidoptera,Butterfly,Nymphalidae,Junonia,Junonia intermedia,Junonia intermedia,,Lepidoptera Butterfly Nymphalidae Junonia intermedia nan nan
59490,Lepidoptera,Butterfly,Nymphalidae,Ypthima,Ypthima gavalisi,Ypthima gavalisi,,Lepidoptera Butterfly Nymphalidae Ypthima gavalisi nan nan
59491,Lepidoptera,Butterfly,Nymphalidae,Junonia,Junonia almana,Junonia almana,,Lepidoptera Butterfly Nymphalidae Junonia almana nan nan
59498,Lepidoptera,Butterfly,Nymphalidae,Junonia,Junonia erigone,Junonia erigone,,Lepidoptera Butterfly Nymphalidae Junonia erigone nan nan
59525,Lepidoptera,Butterfly,Nymphalidae,Junonia,Junonia orithya,Junonia orithya,,Lepidoptera Butterfly Nymphalidae Junonia orithya nan nan
59547,Lepidoptera,Butterfly,Papilionidae,Graphium,Graphium adonarensis,Graphium adonarensis lycianus,,Lepidoptera Butterfly Papilionidae Graphium adonarensis lycianus nan
59649,Lepidoptera,Butterfly,Papilionidae,Graphium,Graphium anthedon,Graphium anthedon monticolus,,Lepidoptera Butterfly Papilionidae Graphium anthedon monticolus nan
59791,Lepidoptera,Butterfly,Papilionidae,Papilio,Papilio sycorax,Papilio sycorax,,Lepidoptera Butterfly Papilionidae Papilio sycorax nan nan
59920,Lepidoptera,Butterfly,Papilionidae,Troides,Troides,Troides,,Lepidoptera Butterfly Papilionidae Troides nan nan nan
59938,Lepidoptera,Butterfly,Papilionidae,Papilio,Papilio albinus,Papilio albinus,,Lepidoptera Butterfly Papilionidae Papilio albinus nan nan
59948,Lepidoptera,Butterfly,Papilionidae,Graphium,Graphium sarpedon,Graphium sarpedon imparilis,,Lepidoptera Butterfly Papilionidae Graphium sarpedon imparilis nan
60114,Lepidoptera,Butterfly,Pieridae,Delias,Delias microsticha,Delias microsticha,,Lepidoptera Butterfly Pieridae Delias microsticha nan nan
60483,Lepidoptera,Butterfly,Pieridae,Delias,Delias phippsi,Delias phippsi,,Lepidoptera Butterfly Pieridae Delias phippsi nan nan
61098,Lepidoptera,Butterfly,Pieridae,Delias,Delias wollastoni,Delias wollastoni,,Lepidoptera Butterfly Pieridae Delias wollastoni nan nan
61099,Lepidoptera,Butterfly,Pieridae,Delias,Delias catisa,Delias catisa,,Lepidoptera Butterfly Pieridae Delias catisa nan nan
61397,Lepidoptera,Butterfly,Pieridae,Delias,Delias crithoe,Delias crithoe,,Lepidoptera Butterfly Pieridae Delias crithoe nan nan
61422,Lepidoptera,Butterfly,Pieridae,Pareronia,Pareronia,Pareronia,,Lepidoptera Butterfly Pieridae Pareronia nan nan nan
61429,Lepidoptera,Butterfly,Pieridae,Delias,Delias ligata,Delias ligata interpolata,,Lepidoptera Butterfly Pieridae Delias ligata interpolata nan
61463,Lepidoptera,Butterfly,Pieridae,Delias,Delias wollastoni,Delias wollastoni bryophilea,,Lepidoptera Butterfly Pieridae Delias wollastoni bryophilea nan
61510,Lepidoptera,Butterfly,Pieridae,Catopsilia,Catopsilia,Catopsilia,,Lepidoptera Butterfly Pieridae Catopsilia nan nan nan
61514,Lepidoptera,Butterfly,Pieridae,Gandaca,Gandaca,Gandaca,,Lepidoptera Butterfly Pieridae Gandaca nan nan nan
61524,Lepidoptera,Butterfly,Pieridae,Delias,Delias pasithoe,Delias pasithoe parthenope,,Lepidoptera Butterfly Pieridae Delias pasithoe parthenope nan
61533,Lepidoptera,Butterfly,Lycaenidae,Curetis,Curetis,Curetis,,Lepidoptera Butterfly Lycaenidae Curetis nan nan nan
61552,Lepidoptera,Butterfly,Pieridae,Eurema,Eurema blanda,Eurema blanda odinia,,Lepidoptera Butterfly Pieridae Eurema blanda odinia nan
61614,Lepidoptera,Butterfly,Lycaenidae,Danis,Danis phroso,Danis phroso,,Lepidoptera Butterfly Lycaenidae Danis phroso nan nan
61637,Lepidoptera,Butterfly,Pieridae,Delias,Delias ladas,Delias ladas wamenaensis,,Lepidoptera Butterfly Pieridae Delias ladas wamenaensis nan
61829,Lepidoptera,Butterfly,Nymphalidae,Taenaris,Taenaris,Taenaris,,Lepidoptera Butterfly Nymphalidae Taenaris nan nan nan
61983,Lepidoptera,Butterfly,Nymphalidae,Parthenos,Parthenos tigrina,Parthenos tigrina,,Lepidoptera Butterfly Nymphalidae Parthenos tigrina nan nan
62354,Lepidoptera,Butterfly,Nymphalidae,Mycalesis,Mycalesis,Mycalesis,,Lepidoptera Butterfly Nymphalidae Mycalesis nan nan nan
63567,Lepidoptera,Butterfly,Nymphalidae,Charaxes,Charaxes,Charaxes,,Lepidoptera Butterfly Nymphalidae Charaxes nan nan nan
63569,Lepidoptera,Butterfly,Nymphalidae,Charaxes,Charaxes borneensis,Charaxes borneensis,,Lepidoptera Butterfly Nymphalidae Charaxes borneensis nan nan
63570,Lepidoptera,Butterfly,Nymphalidae,Charaxes,Charaxes latona,Charaxes latona,,Lepidoptera Butterfly Nymphalidae Charaxes latona nan nan
63578,Lepidoptera,Butterfly,Nymphalidae,Polyura,Polyura moori,Polyura moori,,Lepidoptera Butterfly Nymphalidae Polyura moori nan nan
63587,Lepidoptera,Butterfly,Nymphalidae,Polyura,Polyura pyrrhus,Polyura pyrrhus,,Lepidoptera Butterfly Nymphalidae Polyura pyrrhus nan nan
63595,Lepidoptera,Butterfly,Nymphalidae,Charaxes,Charaxes durnfordi,Charaxes durnfordi,,Lepidoptera Butterfly Nymphalidae Charaxes durnfordi nan nan
63609,Lepidoptera,Butterfly,Nymphalidae,Polyura,Polyura cognatus,Polyura cognatus,,Lepidoptera Butterfly Nymphalidae Polyura cognatus nan nan
63619,Lepidoptera,Butterfly,Nymphalidae,Charaxes,Charaxes mars,Charaxes mars,,Lepidoptera Butterfly Nymphalidae Charaxes mars nan nan
63631,Lepidoptera,Butterfly,Nymphalidae,Charaxes,Charaxes nitebis,Charaxes nitebis,,Lepidoptera Butterfly Nymphalidae Charaxes nitebis nan nan
63637,Lepidoptera,Butterfly,Nymphalidae,Charaxes,Charaxes ocellatus,Charaxes ocellatus,,Lepidoptera Butterfly Nymphalidae Charaxes ocellatus nan nan
63638,Lepidoptera,Butterfly,Nymphalidae,Charaxes,Charaxes affinis,Charaxes affinis,,Lepidoptera Butterfly Nymphalidae Charaxes affinis nan nan
63641,Lepidoptera,Butterfly,Nymphalidae,Charaxes,Charaxes setan,Charaxes setan,,Lepidoptera Butterfly Nymphalidae Charaxes setan nan nan
63649,Lepidoptera,Butterfly,Nymphalidae,Charaxes,Charaxes eurialus,Charaxes eurialus,,Lepidoptera Butterfly Nymphalidae Charaxes eurialus nan nan
63651,Lepidoptera,Butterfly,Nymphalidae,Charaxes,Charaxes solon,Charaxes solon,,Lepidoptera Butterfly Nymphalidae Charaxes solon nan nan
63675,Lepidoptera,Butterfly,Nymphalidae,Charaxes,Charaxes distanti,Charaxes distanti,,Lepidoptera Butterfly Nymphalidae Charaxes distanti nan nan
63683,Lepidoptera,Butterfly,Papilionidae,Papilio,Papilio tydeus,Papilio tydeus,,Lepidoptera Butterfly Papilionidae Papilio tydeus nan nan
63685,Lepidoptera,Butterfly,Nymphalidae,Euthalia,Euthalia,Euthalia,,Lepidoptera Butterfly Nymphalidae Euthalia nan nan nan
63686,Lepidoptera,Butterfly,Nymphalidae,Yoma,Yoma sabina,Yoma sabina,,Lepidoptera Butterfly Nymphalidae Yoma sabina nan nan
63687,Lepidoptera,Butterfly,Nymphalidae,Doleschallia,Doleschallia,Doleschallia,,Lepidoptera Butterfly Nymphalidae Doleschallia nan nan nan
63688,Lepidoptera,Butterfly,Nymphalidae,Mynes,Mynes geoffroyii,Mynes geoffroyii,,Lepidoptera Butterfly Nymphalidae Mynes geoffroyii nan nan
63689,Lepidoptera,Butterfly,Papilionidae,Papilio,Papilio hipponous,Papilio hipponous,,Lepidoptera Butterfly Papilionidae Papilio hipponous nan nan
63700,Lepidoptera,Moth,Noctuidae,Feliniopsis,Feliniopsis distans,Feliniopsis distans,,Lepidoptera Moth Noctuidae Feliniopsis distans nan nan
63736,Lepidoptera,Moth,Noctuidae,Axylia,Axylia putris,Axylia putris,,Lepidoptera Moth Noctuidae Axylia putris nan nan
63755,Lepidoptera,Moth,Erebidae,Spilarctia,Spilarctia rhodochroa,Spilarctia rhodochroa,,Lepidoptera Moth Erebidae Spilarctia rhodochroa nan nan
63776,Lepidoptera,Moth,Erebidae,Ghoria,Ghoria albocinerea,Ghoria albocinerea,,Lepidoptera Moth Erebidae Ghoria albocinerea nan nan
63802,Lepidoptera,Moth,Erebidae,Ericeia,Ericeia inangulata,Ericeia inangulata,,Lepidoptera Moth Erebidae Ericeia inangulata nan nan
63831,Lepidoptera,Moth,Sphingidae,Ambulyx,Ambulyx obliterata,Ambulyx obliterata,,Lepidoptera Moth Sphingidae Ambulyx obliterata nan nan
63888,Lepidoptera,Butterfly,Nymphalidae,Parantica,Parantica aspasia,Parantica aspasia aspasia,,Lepidoptera Butterfly Nymphalidae Parantica aspasia aspasia nan
63946,Lepidoptera,Butterfly,Nymphalidae,Parantica,Parantica melaneus,Parantica melaneus,,Lepidoptera Butterfly Nymphalidae Parantica melaneus nan nan
63956,Lepidoptera,Butterfly,Nymphalidae,Cyrestis,Cyrestis,Cyrestis,,Lepidoptera Butterfly Nymphalidae Cyrestis nan nan nan
63959,Lepidoptera,Butterfly,Pieridae,Cepora,Cepora,Cepora,,Lepidoptera Butterfly Pieridae Cepora nan nan nan
63960,Lepidoptera,Butterfly,Nymphalidae,Cyrestis,Cyrestis lutea,Cyrestis lutea,,Lepidoptera Butterfly Nymphalidae Cyrestis lutea nan nan
63971,Lepidoptera,Butterfly,Nymphalidae,Stibochiona,Stibochiona coresia,Stibochiona coresia,,Lepidoptera Butterfly Nymphalidae Stibochiona coresia nan nan
63978,Lepidoptera,Butterfly,Nymphalidae,Lethe,Lethe confusa,Lethe confusa,,Lepidoptera Butterfly Nymphalidae Lethe confusa nan nan
63994,Lepidoptera,Butterfly,Nymphalidae,Hypolimnas,Hypolimnas bolina,Hypolimnas bolina,,Lepidoptera Butterfly Nymphalidae Hypolimnas bolina nan nan
63995,Lepidoptera,Butterfly,Nymphalidae,Elymnias,Elymnias,Elymnias,,Lepidoptera Butterfly Nymphalidae Elymnias nan nan nan
64012,Lepidoptera,Butterfly,Nymphalidae,Kallima,Kallima paralekta,Kallima paralekta,,Lepidoptera Butterfly Nymphalidae Kallima paralekta nan nan
64018,Lepidoptera,Butterfly,Nymphalidae,Vagrans,Vagrans,Vagrans,,Lepidoptera Butterfly Nymphalidae Vagrans nan nan nan
64026,Lepidoptera,Moth,Erebidae,Utetheisa,Utetheisa,Utetheisa,,Lepidoptera Moth Erebidae Utetheisa nan nan nan
64057,Lepidoptera,Butterfly,Nymphalidae,Junonia,Junonia hedonia,Junonia hedonia,,Lepidoptera Butterfly Nymphalidae Junonia hedonia nan nan
64070,Lepidoptera,Butterfly,Nymphalidae,Ypthima,Ypthima,Ypthima,,Lepidoptera Butterfly Nymphalidae Ypthima nan nan nan
64071,Lepidoptera,Butterfly,Nymphalidae,Erites,Erites,Erites,,Lepidoptera Butterfly Nymphalidae Erites nan nan nan
64113,Lepidoptera,Butterfly,Nymphalidae,Lethe,Lethe,Lethe,,Lepidoptera Butterfly Nymphalidae Lethe nan nan nan
64224,Lepidoptera,Butterfly,Pieridae,Appias,Appias indra,Appias indra lucasii,,Lepidoptera Butterfly Pieridae Appias indra lucasii nan
64252,Lepidoptera,Butterfly,Papilionidae,Graphium,Graphium macareus,Graphium macareus macareus,,Lepidoptera Butterfly Papilionidae Graphium macareus macareus nan
64575,Lepidoptera,Butterfly,Papilionidae,Graphium,Graphium eurypylus,Graphium eurypylus daton,,Lepidoptera Butterfly Papilionidae Graphium eurypylus daton nan
64787,Lepidoptera,Butterfly,Papilionidae,Losaria,Losaria coon,Losaria coon palembanganus,,Lepidoptera Butterfly Papilionidae Losaria coon palembanganus nan
64798,Lepidoptera,Butterfly,Nymphalidae,Ideopsis,Ideopsis,Ideopsis,,Lepidoptera Butterfly Nymphalidae Ideopsis nan nan nan
65940,Lepidoptera,Butterfly,Nymphalidae,Polyura,Polyura hebe,Polyura hebe,,Lepidoptera Butterfly Nymphalidae Polyura hebe nan nan
65946,Lepidoptera,Butterfly,Nymphalidae,Stibochiona,Stibochiona coresia,Stibochiona coresia coresia,,Lepidoptera Butterfly Nymphalidae Stibochiona coresia coresia nan
65959,Lepidoptera,Butterfly,Nymphalidae,Junonia,Junonia hedonia,Junonia hedonia ida,,Lepidoptera Butterfly Nymphalidae Junonia hedonia ida nan
65982,Lepidoptera,Butterfly,Nymphalidae,Vindula,Vindula erota,Vindula erota gedeana,,Lepidoptera Butterfly Nymphalidae Vindula erota gedeana nan
66460,Lepidoptera,Moth,Geometridae,Dysphania,Dysphania cuprina,Dysphania cuprina,,Lepidoptera Moth Geometridae Dysphania cuprina nan nan
66477,Lepidoptera,Butterfly,Nymphalidae,Tanaecia,Tanaecia,Tanaecia,,Lepidoptera Butterfly Nymphalidae Tanaecia nan nan nan
66631,Lepidoptera,Butterfly,Nymphalidae,Zeuxidia,Zeuxidia,Zeuxidia,,Lepidoptera Butterfly Nymphalidae Zeuxidia nan nan nan
66653,Lepidoptera,Butterfly,Nymphalidae,Cyrestis,Cyrestis nivea,Cyrestis nivea nivea,,Lepidoptera Butterfly Nymphalidae Cyrestis nivea nivea nan
66670,Lepidoptera,Butterfly,Nymphalidae,Hypolimnas,Hypolimnas misippus,Hypolimnas misippus,,Lepidoptera Butterfly Nymphalidae Hypolimnas misippus nan nan
66740,Lepidoptera,Butterfly,Nymphalidae,Tanaecia,Tanaecia trigerta,Tanaecia trigerta,,Lepidoptera Butterfly Nymphalidae Tanaecia trigerta nan nan
69827,Lepidoptera,Butterfly,Nymphalidae,Amathusia,Amathusia,Amathusia,,Lepidoptera Butterfly Nymphalidae Amathusia nan nan nan
69968,Lepidoptera,Butterfly,Nymphalidae,Junonia,Junonia,Junonia,,Lepidoptera Butterfly Nymphalidae Junonia nan nan nan
70750,Lepidoptera,Butterfly,Nymphalidae,Idea,Idea,Idea,,Lepidoptera Butterfly Nymphalidae Idea nan nan nan
70910,Lepidoptera,Butterfly,Papilionidae,Graphium,Graphium meyeri,Graphium meyeri meyeri,,Lepidoptera Butterfly Papilionidae Graphium meyeri meyeri nan
71676,Lepidoptera,Butterfly,Nymphalidae,Vindula,Vindula,Vindula,,Lepidoptera Butterfly Nymphalidae Vindula nan nan nan
71679,Lepidoptera,Moth,Erebidae,Nyctemera,Nyctemera coleta,Nyctemera coleta,,Lepidoptera Moth Erebidae Nyctemera coleta nan nan
71848,Lepidoptera,Butterfly,Nymphalidae,Junonia,Junonia nero,Junonia nero,,Lepidoptera Butterfly Nymphalidae Junonia nero nan nan
71920,Lepidoptera,Butterfly,Nymphalidae,Ragadia,Ragadia,Ragadia,,Lepidoptera Butterfly Nymphalidae Ragadia nan nan nan
71923,Lepidoptera,Butterfly,Nymphalidae,Cethosia,Cethosia,Cethosia,,Lepidoptera Butterfly Nymphalidae Cethosia nan nan nan
71955,Lepidoptera,Butterfly,Nymphalidae,Melanitis,Melanitis,Melanitis,,Lepidoptera Butterfly Nymphalidae Melanitis nan nan nan
71957,Lepidoptera,Moth,Erebidae,Creatonotos,Creatonotos gangis,Creatonotos gangis,,Lepidoptera Moth Erebidae Creatonotos gangis nan nan
71958,Lepidoptera,Butterfly,Nymphalidae,Kallima,Kallima,Kallima,,Lepidoptera Butterfly Nymphalidae Kallima nan nan nan
71959,Lepidoptera,Moth,Geometridae,Eumelea,Eumelea rosalia,Eumelea rosalia,,Lepidoptera Moth Geometridae Eumelea rosalia nan nan
71962,Lepidoptera,Butterfly,Nymphalidae,Bassarona,Bassarona dunya,Bassarona dunya mahara,,Lepidoptera Butterfly Nymphalidae Bassarona dunya mahara nan
71984,Lepidoptera,Butterfly,Nymphalidae,Acraea,Acraea,Acraea,,Lepidoptera Butterfly Nymphalidae Acraea nan nan nan
72028,Lepidoptera,Butterfly,Nymphalidae,Limenitis,Limenitis,Limenitis,,Lepidoptera Butterfly Nymphalidae Limenitis nan nan nan
72074,Lepidoptera,Butterfly,Nymphalidae,Rhinopalpa,Rhinopalpa,Rhinopalpa,,Lepidoptera Butterfly Nymphalidae Rhinopalpa nan nan nan
72109,Lepidoptera,Butterfly,Hesperiidae,Odontoptilum,Odontoptilum,Odontoptilum,,Lepidoptera Butterfly Hesperiidae Odontoptilum nan nan nan
72165,Lepidoptera,Butterfly,Nymphalidae,Lethe,Lethe minerva,Lethe minerva minerva,,Lepidoptera Butterfly Nymphalidae Lethe minerva minerva nan
72167,Lepidoptera,Butterfly,Nymphalidae,Lethe,Lethe manthara,Lethe manthara manthara,,Lepidoptera Butterfly Nymphalidae Lethe manthara manthara nan
72173,Lepidoptera,Butterfly,Hesperiidae,Coeliades,Coeliades,Coeliades,,Lepidoptera Butterfly Hesperiidae Coeliades nan nan nan
72176,Lepidoptera,Butterfly,Hesperiidae,Plastingia,Plastingia,Plastingia,,Lepidoptera Butterfly Hesperiidae Plastingia nan nan nan
72557,Lepidoptera,Butterfly,Nymphalidae,Hypolimnas,Hypolimnas,Hypolimnas,,Lepidoptera Butterfly Nymphalidae Hypolimnas nan nan nan
73193,Lepidoptera,Butterfly,Papilionidae,Graphium,Graphium eurypylus,Graphium eurypylus pamphilus,,Lepidoptera Butterfly Papilionidae Graphium eurypylus pamphilus nan
73322,Lepidoptera,Butterfly,Papilionidae,Graphium,Graphium monticolus,Graphium monticolus,,Lepidoptera Butterfly Papilionidae Graphium monticolus nan nan
73407,Lepidoptera,Butterfly,Pieridae,Appias,Appias zarinda,Appias zarinda zarinda,,Lepidoptera Butterfly Pieridae Appias zarinda zarinda nan
73420,Lepidoptera,Butterfly,Papilionidae,Papilio,Papilio polytes,Papilio polytes sotira,,Lepidoptera Butterfly Papilionidae Papilio polytes sotira nan
73502,Lepidoptera,Butterfly,Hesperiidae,Celaenorrhinus,Celaenorrhinus,Celaenorrhinus,,Lepidoptera Butterfly Hesperiidae Celaenorrhinus nan nan nan
73503,Lepidoptera,Butterfly,Hesperiidae,Erionota,Erionota thrax,Erionota thrax,,Lepidoptera Butterfly Hesperiidae Erionota thrax nan nan
73504,Lepidoptera,Butterfly,Lycaenidae,Deudorix,Deudorix epijarbas,Deudorix epijarbas,,Lepidoptera Butterfly Lycaenidae Deudorix epijarbas nan nan
73505,Lepidoptera,Butterfly,Hesperiidae,Iambrix,Iambrix distanti,Iambrix distanti,,Lepidoptera Butterfly Hesperiidae Iambrix distanti nan nan
73508,Lepidoptera,Butterfly,Lycaenidae,Luthrodes,Luthrodes pandava,Luthrodes pandava,,Lepidoptera Butterfly Lycaenidae Luthrodes pandava nan nan
73509,Lepidoptera,Butterfly,Hesperiidae,Tagiades,Tagiades litigiosa,Tagiades litigiosa tubulus,,Lepidoptera Butterfly Hesperiidae Tagiades litigiosa tubulus nan
73510,Lepidoptera,Butterfly,Hesperiidae,Potanthus,Potanthus,Potanthus,,Lepidoptera Butterfly Hesperiidae Potanthus nan nan nan
73514,Lepidoptera,Butterfly,Lycaenidae,Acytolepis,Acytolepis puspa,Acytolepis puspa puspa,,Lepidoptera Butterfly Lycaenidae Acytolepis puspa puspa nan
73516,Lepidoptera,Butterfly,Hesperiidae,Parnara,Parnara apostata,Parnara apostata,,Lepidoptera Butterfly Hesperiidae Parnara apostata nan nan
73517,Lepidoptera,Butterfly,Hesperiidae,Notocrypta,Notocrypta curvifascia,Notocrypta curvifascia chimaera,,Lepidoptera Butterfly Hesperiidae Notocrypta curvifascia chimaera nan
73521,Lepidoptera,Butterfly,Lycaenidae,Spalgis,Spalgis epius,Spalgis epius,,Lepidoptera Butterfly Lycaenidae Spalgis epius nan nan
73523,Lepidoptera,Butterfly,Hesperiidae,Gangara,Gangara thyrsis,Gangara thyrsis,,Lepidoptera Butterfly Hesperiidae Gangara thyrsis nan nan
73531,Lepidoptera,Butterfly,Hesperiidae,Iambrix,Iambrix,Iambrix,,Lepidoptera Butterfly Hesperiidae Iambrix nan nan nan
73537,Lepidoptera,Butterfly,Lycaenidae,Surendra,Surendra vivarna,Surendra vivarna,,Lepidoptera Butterfly Lycaenidae Surendra vivarna nan nan
73542,Lepidoptera,Butterfly,Hesperiidae,Koruthaialos,Koruthaialos rubecula,Koruthaialos rubecula,,Lepidoptera Butterfly Hesperiidae Koruthaialos rubecula nan nan
73550,Lepidoptera,Butterfly,Hesperiidae,Taractrocera,Taractrocera aliena,Taractrocera aliena,,Lepidoptera Butterfly Hesperiidae Taractrocera aliena nan nan
73553,Lepidoptera,Butterfly,Hesperiidae,Notocrypta,Notocrypta curvifascia,Notocrypta curvifascia,,Lepidoptera Butterfly Hesperiidae Notocrypta curvifascia nan nan
73570,Lepidoptera,Butterfly,Hesperiidae,Ampittia,Ampittia dioscorides,Ampittia dioscorides,,Lepidoptera Butterfly Hesperiidae Ampittia dioscorides nan nan
73581,Lepidoptera,Butterfly,Hesperiidae,Halpe,Halpe zola,Halpe zola,,Lepidoptera Butterfly Hesperiidae Halpe zola nan nan
73593,Lepidoptera,Butterfly,Hesperiidae,Oriens,Oriens,Oriens,,Lepidoptera Butterfly Hesperiidae Oriens nan nan nan
73597,Lepidoptera,Butterfly,Hesperiidae,Koruthaialos,Koruthaialos conjuncta,Koruthaialos conjuncta,,Lepidoptera Butterfly Hesperiidae Koruthaialos conjuncta nan nan
73602,Lepidoptera,Butterfly,Lycaenidae,Sinthusa,Sinthusa malika,Sinthusa malika,,Lepidoptera Butterfly Lycaenidae Sinthusa malika nan nan
73606,Lepidoptera,Butterfly,Hesperiidae,Caltoris,Caltoris brunnea,Caltoris brunnea,,Lepidoptera Butterfly Hesperiidae Caltoris brunnea nan nan
73610,Lepidoptera,Butterfly,Lycaenidae,Arhopala,Arhopala apidanus,Arhopala apidanus,,Lepidoptera Butterfly Lycaenidae Arhopala apidanus nan nan
73615,Lepidoptera,Butterfly,Hesperiidae,Ge,Ge geta,Ge geta,,Lepidoptera Butterfly Hesperiidae Ge geta nan nan
73618,Lepidoptera,Butterfly,Lycaenidae,Heliophorus,Heliophorus epicles,Heliophorus epicles,,Lepidoptera Butterfly Lycaenidae Heliophorus epicles nan nan
73625,Lepidoptera,Butterfly,Hesperiidae,Halpe,Halpe,Halpe,,Lepidoptera Butterfly Hesperiidae Halpe nan nan nan
73637,Lepidoptera,Butterfly,Hesperiidae,Psolos,Psolos fuligo,Psolos fuligo,,Lepidoptera Butterfly Hesperiidae Psolos fuligo nan nan
73638,Lepidoptera,Butterfly,Lycaenidae,Poritia,Poritia,Poritia,,Lepidoptera Butterfly Lycaenidae Poritia nan nan nan
73659,Lepidoptera,Butterfly,Lycaenidae,Arhopala,Arhopala centaurus,Arhopala centaurus,,Lepidoptera Butterfly Lycaenidae Arhopala centaurus nan nan
73680,Lepidoptera,Butterfly,Lycaenidae,Cupido,Cupido lacturnus,Cupido lacturnus,,Lepidoptera Butterfly Lycaenidae Cupido lacturnus nan nan
73684,Lepidoptera,Butterfly,Hesperiidae,Oriens,Oriens gola,Oriens gola,,Lepidoptera Butterfly Hesperiidae Oriens gola nan nan
73690,Lepidoptera,Butterfly,Lycaenidae,Horaga,Horaga,Horaga,,Lepidoptera Butterfly Lycaenidae Horaga nan nan nan
73718,Lepidoptera,Butterfly,Hesperiidae,Pelopidas,Pelopidas,Pelopidas,,Lepidoptera Butterfly Hesperiidae Pelopidas nan nan nan
73731,Lepidoptera,Butterfly,Lycaenidae,Logania,Logania,Logania,,Lepidoptera Butterfly Lycaenidae Logania nan nan nan
73743,Lepidoptera,Butterfly,Hesperiidae,Ancistroides,Ancistroides nigrita,Ancistroides nigrita,,Lepidoptera Butterfly Hesperiidae Ancistroides nigrita nan nan
73767,Lepidoptera,Butterfly,Lycaenidae,Pithecops,Pithecops corvus,Pithecops corvus corax,,Lepidoptera Butterfly Lycaenidae Pithecops corvus corax nan
73779,Lepidoptera,Butterfly,Lycaenidae,Heliophorus,Heliophorus,Heliophorus,,Lepidoptera Butterfly Lycaenidae Heliophorus nan nan nan
73962,Lepidoptera,Butterfly,Lycaenidae,Acytolepis,Acytolepis puspa,Acytolepis puspa,,Lepidoptera Butterfly Lycaenidae Acytolepis puspa nan nan
73964,Lepidoptera,Butterfly,Lycaenidae,Dacalana,Dacalana,Dacalana,,Lepidoptera Butterfly Lycaenidae Dacalana nan nan nan
73996,Lepidoptera,Butterfly,Lycaenidae,Caleta,Caleta,Caleta,,Lepidoptera Butterfly Lycaenidae Caleta nan nan nan
74007,Lepidoptera,Butterfly,Hesperiidae,Tagiades,Tagiades,Tagiades,,Lepidoptera Butterfly Hesperiidae Tagiades nan nan nan
74020,Lepidoptera,Butterfly,Lycaenidae,Surendra,Surendra quercetorum,Surendra quercetorum,,Lepidoptera Butterfly Lycaenidae Surendra quercetorum nan nan
74047,Lepidoptera,Butterfly,Lycaenidae,Hypolycaena,Hypolycaena erylus,Hypolycaena erylus erylus,,Lepidoptera Butterfly Lycaenidae Hypolycaena erylus erylus nan
74049,Lepidoptera,Butterfly,Hesperiidae,Pelopidas,Pelopidas mathias,Pelopidas mathias,,Lepidoptera Butterfly Hesperiidae Pelopidas mathias nan nan
74054,Lepidoptera,Butterfly,Hesperiidae,Parnara,Parnara,Parnara,,Lepidoptera Butterfly Hesperiidae Parnara nan nan nan
74108,Lepidoptera,Butterfly,Lycaenidae,Psychonotis,Psychonotis,Psychonotis,,Lepidoptera Butterfly Lycaenidae Psychonotis nan nan nan
74111,Lepidoptera,Butterfly,Lycaenidae,Psychonotis,Psychonotis piepersii,Psychonotis piepersii,,Lepidoptera Butterfly Lycaenidae Psychonotis piepersii nan nan
74116,Lepidoptera,Butterfly,Lycaenidae,Hypolycaena,Hypolycaena sipylus,Hypolycaena sipylus,,Lepidoptera Butterfly Lycaenidae Hypolycaena sipylus nan nan
74117,Lepidoptera,Butterfly,Lycaenidae,Arhopala,Arhopala acetes,Arhopala acetes,,Lepidoptera Butterfly Lycaenidae Arhopala acetes nan nan
74131,Lepidoptera,Butterfly,Lycaenidae,Caleta,Caleta elna,Caleta elna,,Lepidoptera Butterfly Lycaenidae Caleta elna nan nan
74140,Lepidoptera,Butterfly,Pieridae,Gandaca,Gandaca harina,Gandaca harina harina,,Lepidoptera Butterfly Pieridae Gandaca harina harina nan
74149,Lepidoptera,Butterfly,Lycaenidae,Plautella,Plautella,Plautella,,Lepidoptera Butterfly Lycaenidae Plautella nan nan nan
74174,Lepidoptera,Butterfly,Lycaenidae,Acytolepis,Acytolepis,Acytolepis,,Lepidoptera Butterfly Lycaenidae Acytolepis nan nan nan
74190,Lepidoptera,Butterfly,Lycaenidae,Pithecops,Pithecops dionisius,Pithecops dionisius,,Lepidoptera Butterfly Lycaenidae Pithecops dionisius nan nan
74191,Lepidoptera,Butterfly,Lycaenidae,Danis,Danis danis,Danis danis,,Lepidoptera Butterfly Lycaenidae Danis danis nan nan
74195,Lepidoptera,Butterfly,Lycaenidae,Psychonotis,Psychonotis caelius,Psychonotis caelius,,Lepidoptera Butterfly Lycaenidae Psychonotis caelius nan nan
74217,Lepidoptera,Butterfly,Lycaenidae,Nacaduba,Nacaduba cyanea,Nacaduba cyanea,,Lepidoptera Butterfly Lycaenidae Nacaduba cyanea nan nan
74287,Lepidoptera,Butterfly,Pieridae,Delias,Delias pasithoe,Delias pasithoe,,Lepidoptera Butterfly Pieridae Delias pasithoe nan nan
74315,Lepidoptera,Butterfly,Nymphalidae,Lexias,Lexias,Lexias,,Lepidoptera Butterfly Nymphalidae Lexias nan nan nan
74354,Lepidoptera,Butterfly,Hesperiidae,Notocrypta,Notocrypta,Notocrypta,,Lepidoptera Butterfly Hesperiidae Notocrypta nan nan nan
74731,Lepidoptera,Butterfly,Papilionidae,Byasa,Byasa polyeuctes,Byasa polyeuctes,,Lepidoptera Butterfly Papilionidae Byasa polyeuctes nan nan
74742,Lepidoptera,Butterfly,Papilionidae,Atrophaneura,Atrophaneura polyeuctes,Atrophaneura polyeuctes,,Lepidoptera Butterfly Papilionidae Atrophaneura polyeuctes nan nan
74743,Lepidoptera,Butterfly,Nymphalidae,Taenaris,Taenaris onolaus,Taenaris onolaus saturatior,,Lepidoptera Butterfly Nymphalidae Taenaris onolaus saturatior nan
74750,Lepidoptera,Butterfly,Nymphalidae,Taenaris,Taenaris myops,Taenaris myops,,Lepidoptera Butterfly Nymphalidae Taenaris myops nan nan
74761,Lepidoptera,Butterfly,Nymphalidae,Lamprolenis,Lamprolenis nitida,Lamprolenis nitida,,Lepidoptera Butterfly Nymphalidae Lamprolenis nitida nan nan
74764,Lepidoptera,Butterfly,Nymphalidae,Taenaris,Taenaris montana,Taenaris montana,,Lepidoptera Butterfly Nymphalidae Taenaris montana nan nan
74766,Lepidoptera,Butterfly,Nymphalidae,Taenaris,Taenaris chionides,Taenaris chionides aroana,,Lepidoptera Butterfly Nymphalidae Taenaris chionides aroana nan
74768,Lepidoptera,Butterfly,Nymphalidae,Hyantis,Hyantis,Hyantis,,Lepidoptera Butterfly Nymphalidae Hyantis nan nan nan
74770,Lepidoptera,Butterfly,Nymphalidae,Taenaris,Taenaris onolaus,Taenaris onolaus,,Lepidoptera Butterfly Nymphalidae Taenaris onolaus nan nan
74771,Lepidoptera,Butterfly,Papilionidae,Papilio,Papilio jordani,Papilio jordani,,Lepidoptera Butterfly Papilionidae Papilio jordani nan nan
74772,Lepidoptera,Butterfly,Nymphalidae,Taenaris,Taenaris myops,Taenaris myops misolensis,,Lepidoptera Butterfly Nymphalidae Taenaris myops misolensis nan
74807,Lepidoptera,Moth,Erebidae,Buzara,Buzara feneratrix,Buzara feneratrix,,Lepidoptera Moth Erebidae Buzara feneratrix nan nan
74815,Lepidoptera,Moth,Erebidae,Baroa,Baroa siamica,Baroa siamica,,Lepidoptera Moth Erebidae Baroa siamica nan nan
74830,Lepidoptera,Moth,Erebidae,Lacera,Lacera alope,Lacera alope,,Lepidoptera Moth Erebidae Lacera alope nan nan
74842,Lepidoptera,Moth,Noctuidae,Phlogophora,Phlogophora albifrons,Phlogophora albifrons,,Lepidoptera Moth Noctuidae Phlogophora albifrons nan nan
74863,Lepidoptera,Moth,Erebidae,Lemyra,Lemyra maculifascia,Lemyra maculifascia,,Lepidoptera Moth Erebidae Lemyra maculifascia nan nan
74873,Lepidoptera,Moth,Noctuidae,Mythimna,Mythimna decisissima,Mythimna decisissima,,Lepidoptera Moth Noctuidae Mythimna decisissima nan nan
74890,Lepidoptera,Moth,Erebidae,Nyctemera,Nyctemera scalarium,Nyctemera scalarium,,Lepidoptera Moth Erebidae Nyctemera scalarium nan nan
74996,Lepidoptera,Butterfly,Nymphalidae,Mycalesis,Mycalesis phidon,Mycalesis phidon phidon,,Lepidoptera Butterfly Nymphalidae Mycalesis phidon phidon nan
75277,Lepidoptera,Butterfly,Nymphalidae,Mycalesis,Mycalesis patiana,Mycalesis patiana,,Lepidoptera Butterfly Nymphalidae Mycalesis patiana nan nan
75284,Lepidoptera,Butterfly,Nymphalidae,Pandita,Pandita sinope,Pandita sinope,,Lepidoptera Butterfly Nymphalidae Pandita sinope nan nan
75293,Lepidoptera,Butterfly,Nymphalidae,Lexias,Lexias pardalis,Lexias pardalis,,Lepidoptera Butterfly Nymphalidae Lexias pardalis nan nan
75296,Lepidoptera,Butterfly,Nymphalidae,Elymnias,Elymnias penanga,Elymnias penanga,,Lepidoptera Butterfly Nymphalidae Elymnias penanga nan nan
75299,Lepidoptera,Butterfly,Nymphalidae,Terinos,Terinos terpander,Terinos terpander,,Lepidoptera Butterfly Nymphalidae Terinos terpander nan nan
75300,Lepidoptera,Butterfly,Nymphalidae,Lasippa,Lasippa tiga,Lasippa tiga,,Lepidoptera Butterfly Nymphalidae Lasippa tiga nan nan
75313,Lepidoptera,Butterfly,Lycaenidae,Allotinus,Allotinus nivalis,Allotinus nivalis,,Lepidoptera Butterfly Lycaenidae Allotinus nivalis nan nan
75318,Lepidoptera,Butterfly,Nymphalidae,Ypthima,Ypthima fasciata,Ypthima fasciata,,Lepidoptera Butterfly Nymphalidae Ypthima fasciata nan nan
75327,Lepidoptera,Butterfly,Nymphalidae,Euthalia,Euthalia alpheda,Euthalia alpheda,,Lepidoptera Butterfly Nymphalidae Euthalia alpheda nan nan
75337,Lepidoptera,Butterfly,Nymphalidae,Pantoporia,Pantoporia aurelia,Pantoporia aurelia,,Lepidoptera Butterfly Nymphalidae Pantoporia aurelia nan nan
75343,Lepidoptera,Butterfly,Nymphalidae,Eulaceura,Eulaceura osteria,Eulaceura osteria,,Lepidoptera Butterfly Nymphalidae Eulaceura osteria nan nan
75357,Lepidoptera,Butterfly,Nymphalidae,Chersonesia,Chersonesia intermedia,Chersonesia intermedia,,Lepidoptera Butterfly Nymphalidae Chersonesia intermedia nan nan
75368,Lepidoptera,Butterfly,Nymphalidae,Lebadea,Lebadea martha,Lebadea martha,,Lepidoptera Butterfly Nymphalidae Lebadea martha nan nan
75374,Lepidoptera,Butterfly,Lycaenidae,Arhopala,Arhopala epimuta,Arhopala epimuta,,Lepidoptera Butterfly Lycaenidae Arhopala epimuta nan nan
75377,Lepidoptera,Butterfly,Nymphalidae,Zeuxidia,Zeuxidia ameythystus,Zeuxidia ameythystus,,Lepidoptera Butterfly Nymphalidae Zeuxidia ameythystus nan nan
75391,Lepidoptera,Butterfly,Hesperiidae,Baoris,Baoris oceia,Baoris oceia,,Lepidoptera Butterfly Hesperiidae Baoris oceia nan nan
75398,Lepidoptera,Butterfly,Nymphalidae,Zeuxidia,Zeuxidia doubledaii,Zeuxidia doubledaii,,Lepidoptera Butterfly Nymphalidae Zeuxidia doubledaii nan nan
75402,Lepidoptera,Butterfly,Nymphalidae,Moduza,Moduza procris,Moduza procris,,Lepidoptera Butterfly Nymphalidae Moduza procris nan nan
75407,Lepidoptera,Butterfly,Nymphalidae,Pantoporia,Pantoporia dindinga,Pantoporia dindinga,,Lepidoptera Butterfly Nymphalidae Pantoporia dindinga nan nan
75427,Lepidoptera,Butterfly,Nymphalidae,Cirrochroa,Cirrochroa satellita,Cirrochroa satellita,,Lepidoptera Butterfly Nymphalidae Cirrochroa satellita nan nan
75445,Lepidoptera,Butterfly,Nymphalidae,Prothoe,Prothoe franck,Prothoe franck,,Lepidoptera Butterfly Nymphalidae Prothoe franck nan nan
75473,Lepidoptera,Butterfly,Lycaenidae,Arhopala,Arhopala moorei,Arhopala moorei,,Lepidoptera Butterfly Lycaenidae Arhopala moorei nan nan
75477,Lepidoptera,Butterfly,Lycaenidae,Arhopala,Arhopala pseudomuta,Arhopala pseudomuta,,Lepidoptera Butterfly Lycaenidae Arhopala pseudomuta nan nan
75484,Lepidoptera,Butterfly,Lycaenidae,Allotinus,Allotinus leogoron,Allotinus leogoron,,Lepidoptera Butterfly Lycaenidae Allotinus leogoron nan nan
75495,Lepidoptera,Butterfly,Lycaenidae,Arhopala,Arhopala elopura,Arhopala elopura,,Lepidoptera Butterfly Lycaenidae Arhopala elopura nan nan
75532,Lepidoptera,Butterfly,Lycaenidae,Allotinus,Allotinus corbeti,Allotinus corbeti,,Lepidoptera Butterfly Lycaenidae Allotinus corbeti nan nan
75534,Lepidoptera,Butterfly,Lycaenidae,Arhopala,Arhopala democritus,Arhopala democritus,,Lepidoptera Butterfly Lycaenidae Arhopala democritus nan nan
75571,Lepidoptera,Butterfly,Lycaenidae,Prosotas,Prosotas gracilis,Prosotas gracilis,,Lepidoptera Butterfly Lycaenidae Prosotas gracilis nan nan
75572,Lepidoptera,Butterfly,Lycaenidae,Nacaduba,Nacaduba calauria,Nacaduba calauria,,Lepidoptera Butterfly Lycaenidae Nacaduba calauria nan nan
75573,Lepidoptera,Butterfly,Hesperiidae,Halpe,Halpe ormenes,Halpe ormenes,,Lepidoptera Butterfly Hesperiidae Halpe ormenes nan nan
75574,Lepidoptera,Butterfly,Hesperiidae,Pyroneura,Pyroneura callineura,Pyroneura callineura,,Lepidoptera Butterfly Hesperiidae Pyroneura callineura nan nan
75575,Lepidoptera,Butterfly,Lycaenidae,Miletus,Miletus symethus,Miletus symethus,,Lepidoptera Butterfly Lycaenidae Miletus symethus nan nan
75576,Lepidoptera,Butterfly,Lycaenidae,Catopyrops,Catopyrops ancyra,Catopyrops ancyra,,Lepidoptera Butterfly Lycaenidae Catopyrops ancyra nan nan
75580,Lepidoptera,Butterfly,Hesperiidae,Caltoris,Caltoris plebeia,Caltoris plebeia,,Lepidoptera Butterfly Hesperiidae Caltoris plebeia nan nan
75587,Lepidoptera,Butterfly,Lycaenidae,Megisba,Megisba malaya,Megisba malaya,,Lepidoptera Butterfly Lycaenidae Megisba malaya nan nan
75588,Lepidoptera,Butterfly,Hesperiidae,Caltoris,Caltoris malaya,Caltoris malaya,,Lepidoptera Butterfly Hesperiidae Caltoris malaya nan nan
75591,Lepidoptera,Butterfly,Hesperiidae,Iambrix,Iambrix stellifer,Iambrix stellifer,,Lepidoptera Butterfly Hesperiidae Iambrix stellifer nan nan
75592,Lepidoptera,Butterfly,Hesperiidae,Notocrypta,Notocrypta paralysos,Notocrypta paralysos,,Lepidoptera Butterfly Hesperiidae Notocrypta paralysos nan nan
75593,Lepidoptera,Butterfly,Hesperiidae,Hasora,Hasora quadripunctata,Hasora quadripunctata,,Lepidoptera Butterfly Hesperiidae Hasora quadripunctata nan nan
75594,Lepidoptera,Butterfly,Hesperiidae,Matapa,Matapa druna,Matapa druna,,Lepidoptera Butterfly Hesperiidae Matapa druna nan nan
75595,Lepidoptera,Butterfly,Hesperiidae,Salanoemia,Salanoemia sala,Salanoemia sala,,Lepidoptera Butterfly Hesperiidae Salanoemia sala nan nan
75599,Lepidoptera,Butterfly,Lycaenidae,Miletus,Miletus drucei,Miletus drucei,,Lepidoptera Butterfly Lycaenidae Miletus drucei nan nan
75602,Lepidoptera,Butterfly,Lycaenidae,Nacaduba,Nacaduba normani,Nacaduba normani,,Lepidoptera Butterfly Lycaenidae Nacaduba normani nan nan
75603,Lepidoptera,Butterfly,Lycaenidae,Miletus,Miletus biggsii,Miletus biggsii,,Lepidoptera Butterfly Lycaenidae Miletus biggsii nan nan
75604,Lepidoptera,Butterfly,Lycaenidae,Nacaduba,Nacaduba berenice,Nacaduba berenice,,Lepidoptera Butterfly Lycaenidae Nacaduba berenice nan nan
75606,Lepidoptera,Butterfly,Lycaenidae,Rapala,Rapala dieneces,Rapala dieneces,,Lepidoptera Butterfly Lycaenidae Rapala dieneces nan nan
75608,Lepidoptera,Butterfly,Lycaenidae,Miletus,Miletus gopara,Miletus gopara,,Lepidoptera Butterfly Lycaenidae Miletus gopara nan nan
75614,Lepidoptera,Butterfly,Hesperiidae,Capila,Capila phanaeus,Capila phanaeus,,Lepidoptera Butterfly Hesperiidae Capila phanaeus nan nan
75615,Lepidoptera,Butterfly,Hesperiidae,Hasora,Hasora taminatus,Hasora taminatus,,Lepidoptera Butterfly Hesperiidae Hasora taminatus nan nan
75616,Lepidoptera,Butterfly,Hesperiidae,Eetion,Eetion elia,Eetion elia,,Lepidoptera Butterfly Hesperiidae Eetion elia nan nan
75617,Lepidoptera,Butterfly,Hesperiidae,Plastingia,Plastingia pellonia,Plastingia pellonia,,Lepidoptera Butterfly Hesperiidae Plastingia pellonia nan nan
75619,Lepidoptera,Butterfly,Lycaenidae,Arhopala,Arhopala corinda,Arhopala corinda,,Lepidoptera Butterfly Lycaenidae Arhopala corinda nan nan
75625,Lepidoptera,Butterfly,Hesperiidae,Zela,Zela elioti,Zela elioti,,Lepidoptera Butterfly Hesperiidae Zela elioti nan nan
75628,Lepidoptera,Butterfly,Nymphalidae,Neptis,Neptis magadha,Neptis magadha,,Lepidoptera Butterfly Nymphalidae Neptis magadha nan nan
75629,Lepidoptera,Butterfly,Lycaenidae,Flos,Flos anniella,Flos anniella,,Lepidoptera Butterfly Lycaenidae Flos anniella nan nan
75630,Lepidoptera,Butterfly,Lycaenidae,Arhopala,Arhopala major,Arhopala major,,Lepidoptera Butterfly Lycaenidae Arhopala major nan nan
75632,Lepidoptera,Butterfly,Lycaenidae,Arhopala,Arhopala aurea,Arhopala aurea,,Lepidoptera Butterfly Lycaenidae Arhopala aurea nan nan
75635,Lepidoptera,Butterfly,Lycaenidae,Arhopala,Arhopala atosia,Arhopala atosia,,Lepidoptera Butterfly Lycaenidae Arhopala atosia nan nan
75647,Lepidoptera,Butterfly,Lycaenidae,Lycaenopsis,Lycaenopsis haraldus,Lycaenopsis haraldus,,Lepidoptera Butterfly Lycaenidae Lycaenopsis haraldus nan nan
75649,Lepidoptera,Butterfly,Lycaenidae,Arhopala,Arhopala borneensis,Arhopala borneensis,,Lepidoptera Butterfly Lycaenidae Arhopala borneensis nan nan
75653,Lepidoptera,Butterfly,Lycaenidae,Arhopala,Arhopala kinabala,Arhopala kinabala,,Lepidoptera Butterfly Lycaenidae Arhopala kinabala nan nan
75658,Lepidoptera,Butterfly,Lycaenidae,Arhopala,Arhopala hypomuta,Arhopala hypomuta,,Lepidoptera Butterfly Lycaenidae Arhopala hypomuta nan nan
75659,Lepidoptera,Butterfly,Lycaenidae,Arhopala,Arhopala phanda,Arhopala phanda,,Lepidoptera Butterfly Lycaenidae Arhopala phanda nan nan
75661,Lepidoptera,Butterfly,Lycaenidae,Arhopala,Arhopala similis,Arhopala similis,,Lepidoptera Butterfly Lycaenidae Arhopala similis nan nan
75662,Lepidoptera,Butterfly,Lycaenidae,Allotinus,Allotinus subviolaceus,Allotinus subviolaceus,,Lepidoptera Butterfly Lycaenidae Allotinus subviolaceus nan nan
75672,Lepidoptera,Butterfly,Lycaenidae,Allotinus,Allotinus unicolor,Allotinus unicolor,,Lepidoptera Butterfly Lycaenidae Allotinus unicolor nan nan
75677,Lepidoptera,Butterfly,Lycaenidae,Jamides,Jamides puloensis,Jamides puloensis,,Lepidoptera Butterfly Lycaenidae Jamides puloensis nan nan
75682,Lepidoptera,Butterfly,Lycaenidae,Arhopala,Arhopala agesias,Arhopala agesias,,Lepidoptera Butterfly Lycaenidae Arhopala agesias nan nan
75683,Lepidoptera,Butterfly,Lycaenidae,Arhopala,Arhopala abseus,Arhopala abseus,,Lepidoptera Butterfly Lycaenidae Arhopala abseus nan nan
75694,Lepidoptera,Butterfly,Hesperiidae,Ancistroides,Ancistroides gemmifer,Ancistroides gemmifer,,Lepidoptera Butterfly Hesperiidae Ancistroides gemmifer nan nan
75712,Lepidoptera,Butterfly,Lycaenidae,Nacaduba,Nacaduba asaga,Nacaduba asaga,,Lepidoptera Butterfly Lycaenidae Nacaduba asaga nan nan
75713,Lepidoptera,Butterfly,Lycaenidae,Jamides,Jamides virgulatus,Jamides virgulatus,,Lepidoptera Butterfly Lycaenidae Jamides virgulatus nan nan
75716,Lepidoptera,Butterfly,Lycaenidae,Arhopala,Arhopala antimuta,Arhopala antimuta,,Lepidoptera Butterfly Lycaenidae Arhopala antimuta nan nan
75724,Lepidoptera,Butterfly,Lycaenidae,Logania,Logania malayica,Logania malayica,,Lepidoptera Butterfly Lycaenidae Logania malayica nan nan
75732,Lepidoptera,Butterfly,Lycaenidae,Anthene,Anthene emolus,Anthene emolus,,Lepidoptera Butterfly Lycaenidae Anthene emolus nan nan
75739,Lepidoptera,Butterfly,Lycaenidae,Nacaduba,Nacaduba hermus,Nacaduba hermus,,Lepidoptera Butterfly Lycaenidae Nacaduba hermus nan nan
75751,Lepidoptera,Butterfly,Hesperiidae,Notocrypta,Notocrypta pria,Notocrypta pria,,Lepidoptera Butterfly Hesperiidae Notocrypta pria nan nan
75754,Lepidoptera,Butterfly,Hesperiidae,Tagiades,Tagiades gana,Tagiades gana,,Lepidoptera Butterfly Hesperiidae Tagiades gana nan nan
75759,Lepidoptera,Butterfly,Lycaenidae,Arhopala,Arhopala evansi,Arhopala evansi,,Lepidoptera Butterfly Lycaenidae Arhopala evansi nan nan
75766,Lepidoptera,Butterfly,Lycaenidae,Arhopala,Arhopala achelous,Arhopala achelous,,Lepidoptera Butterfly Lycaenidae Arhopala achelous nan nan
75772,Lepidoptera,Butterfly,Lycaenidae,Arhopala,Arhopala alaconia,Arhopala alaconia,,Lepidoptera Butterfly Lycaenidae Arhopala alaconia nan nan
75777,Lepidoptera,Butterfly,Hesperiidae,Zographetus,Zographetus doxus,Zographetus doxus,,Lepidoptera Butterfly Hesperiidae Zographetus doxus nan nan
75784,Lepidoptera,Butterfly,Lycaenidae,Jamides,Jamides alecto,Jamides alecto,,Lepidoptera Butterfly Lycaenidae Jamides alecto nan nan
75786,Lepidoptera,Butterfly,Lycaenidae,Jamides,Jamides talinga,Jamides talinga,,Lepidoptera Butterfly Lycaenidae Jamides talinga nan nan
75789,Lepidoptera,Butterfly,Hesperiidae,Oerane,Oerane microthyrus,Oerane microthyrus,,Lepidoptera Butterfly Hesperiidae Oerane microthyrus nan nan
75791,Lepidoptera,Butterfly,Lycaenidae,Petrelaea,Petrelaea dana,Petrelaea dana,,Lepidoptera Butterfly Lycaenidae Petrelaea dana nan nan
75793,Lepidoptera,Butterfly,Lycaenidae,Sithon,Sithon nedymond,Sithon nedymond,,Lepidoptera Butterfly Lycaenidae Sithon nedymond nan nan
75795,Lepidoptera,Butterfly,Hesperiidae,Potanthus,Potanthus ganda,Potanthus ganda,,Lepidoptera Butterfly Hesperiidae Potanthus ganda nan nan
75798,Lepidoptera,Butterfly,Hesperiidae,Polytremis,Polytremis lubricans,Polytremis lubricans,,Lepidoptera Butterfly Hesperiidae Polytremis lubricans nan nan
75803,Lepidoptera,Butterfly,Lycaenidae,Allotinus,Allotinus horsfieldi,Allotinus horsfieldi,,Lepidoptera Butterfly Lycaenidae Allotinus horsfieldi nan nan
75808,Lepidoptera,Butterfly,Hesperiidae,Pemara,Pemara pugnans,Pemara pugnans,,Lepidoptera Butterfly Hesperiidae Pemara pugnans nan nan
75812,Lepidoptera,Butterfly,Hesperiidae,Potanthus,Potanthus omaha,Potanthus omaha,,Lepidoptera Butterfly Hesperiidae Potanthus omaha nan nan
75821,Lepidoptera,Butterfly,Hesperiidae,Halpe,Halpe zema,Halpe zema,,Lepidoptera Butterfly Hesperiidae Halpe zema nan nan
75824,Lepidoptera,Butterfly,Lycaenidae,Nacaduba,Nacaduba beroe,Nacaduba beroe,,Lepidoptera Butterfly Lycaenidae Nacaduba beroe nan nan
75830,Lepidoptera,Butterfly,Hesperiidae,Taractrocera,Taractrocera ardonia,Taractrocera ardonia,,Lepidoptera Butterfly Hesperiidae Taractrocera ardonia nan nan
75839,Lepidoptera,Butterfly,Lycaenidae,Cigaritis,Cigaritis lohita,Cigaritis lohita,,Lepidoptera Butterfly Lycaenidae Cigaritis lohita nan nan
75840,Lepidoptera,Butterfly,Lycaenidae,Callenya,Callenya lenya,Callenya lenya,,Lepidoptera Butterfly Lycaenidae Callenya lenya nan nan
75848,Lepidoptera,Butterfly,Lycaenidae,Drupadia,Drupadia theda,Drupadia theda,,Lepidoptera Butterfly Lycaenidae Drupadia theda nan nan
75852,Lepidoptera,Butterfly,Nymphalidae,Xanthotaenia,Xanthotaenia busiris,Xanthotaenia busiris,,Lepidoptera Butterfly Nymphalidae Xanthotaenia busiris nan nan
75854,Lepidoptera,Butterfly,Lycaenidae,Arhopala,Arhopala zambra,Arhopala zambra,,Lepidoptera Butterfly Lycaenidae Arhopala zambra nan nan
75862,Lepidoptera,Butterfly,Lycaenidae,Logania,Logania distanti,Logania distanti,,Lepidoptera Butterfly Lycaenidae Logania distanti nan nan
75863,Lepidoptera,Butterfly,Nymphalidae,Mycalesis,Mycalesis anapita,Mycalesis anapita,,Lepidoptera Butterfly Nymphalidae Mycalesis anapita nan nan
75864,Lepidoptera,Butterfly,Lycaenidae,Hypolycaena,Hypolycaena merguia,Hypolycaena merguia,,Lepidoptera Butterfly Lycaenidae Hypolycaena merguia nan nan
75871,Lepidoptera,Butterfly,Lycaenidae,Arhopala,Arhopala anthelus,Arhopala anthelus,,Lepidoptera Butterfly Lycaenidae Arhopala anthelus nan nan
75875,Lepidoptera,Butterfly,Lycaenidae,Neopithecops,Neopithecops zalmora,Neopithecops zalmora,,Lepidoptera Butterfly Lycaenidae Neopithecops zalmora nan nan
75878,Lepidoptera,Butterfly,Hesperiidae,Pirdana,Pirdana distanti,Pirdana distanti,,Lepidoptera Butterfly Hesperiidae Pirdana distanti nan nan
75885,Lepidoptera,Butterfly,Lycaenidae,Curetis,Curetis tagalica,Curetis tagalica,,Lepidoptera Butterfly Lycaenidae Curetis tagalica nan nan
75893,Lepidoptera,Butterfly,Hesperiidae,Isma,Isma bononia,Isma bononia,,Lepidoptera Butterfly Hesperiidae Isma bononia nan nan
75906,Lepidoptera,Butterfly,Lycaenidae,Curetis,Curetis felderi,Curetis felderi,,Lepidoptera Butterfly Lycaenidae Curetis felderi nan nan
75910,Lepidoptera,Butterfly,Lycaenidae,Allotinus,Allotinus strigatus,Allotinus strigatus,,Lepidoptera Butterfly Lycaenidae Allotinus strigatus nan nan
75929,Lepidoptera,Butterfly,Lycaenidae,Allotinus,Allotinus apries,Allotinus apries,,Lepidoptera Butterfly Lycaenidae Allotinus apries nan nan
75959,Lepidoptera,Butterfly,Lycaenidae,Nacaduba,Nacaduba solta,Nacaduba solta,,Lepidoptera Butterfly Lycaenidae Nacaduba solta nan nan
75960,Lepidoptera,Butterfly,Nymphalidae,Chersonesia,Chersonesia peraka,Chersonesia peraka,,Lepidoptera Butterfly Nymphalidae Chersonesia peraka nan nan
75962,Lepidoptera,Butterfly,Hesperiidae,Darpa,Darpa striata,Darpa striata,,Lepidoptera Butterfly Hesperiidae Darpa striata nan nan
75966,Lepidoptera,Butterfly,Lycaenidae,Arhopala,Arhopala silhetensis,Arhopala silhetensis,,Lepidoptera Butterfly Lycaenidae Arhopala silhetensis nan nan
75983,Lepidoptera,Butterfly,Lycaenidae,Arhopala,Arhopala metamuta,Arhopala metamuta,,Lepidoptera Butterfly Lycaenidae Arhopala metamuta nan nan
75998,Lepidoptera,Butterfly,Hesperiidae,Celaenorrhinus,Celaenorrhinus ficulnea,Celaenorrhinus ficulnea,,Lepidoptera Butterfly Hesperiidae Celaenorrhinus ficulnea nan nan
76000,Lepidoptera,Butterfly,Lycaenidae,Rapala,Rapala pheretima,Rapala pheretima,,Lepidoptera Butterfly Lycaenidae Rapala pheretima nan nan
76032,Lepidoptera,Butterfly,Lycaenidae,Arhopala,Arhopala moolaiana,Arhopala moolaiana,,Lepidoptera Butterfly Lycaenidae Arhopala moolaiana nan nan
76040,Lepidoptera,Butterfly,Lycaenidae,Iraota,Iraota distanti,Iraota distanti,,Lepidoptera Butterfly Lycaenidae Iraota distanti nan nan
76064,Lepidoptera,Butterfly,Lycaenidae,Zemeros,Zemeros emesoides,Zemeros emesoides,,Lepidoptera Butterfly Lycaenidae Zemeros emesoides nan nan
76088,Lepidoptera,Butterfly,Papilionidae,Losaria,Losaria neptunus,Losaria neptunus,,Lepidoptera Butterfly Papilionidae Losaria neptunus nan nan
76110,Lepidoptera,Butterfly,Nymphalidae,Bassarona,Bassarona dunya,Bassarona dunya,,Lepidoptera Butterfly Nymphalidae Bassarona dunya nan nan
76121,Lepidoptera,Butterfly,Lycaenidae,Paralaxita,Paralaxita hewitsoni,Paralaxita hewitsoni,,Lepidoptera Butterfly Lycaenidae Paralaxita hewitsoni nan nan
76134,Lepidoptera,Butterfly,Nymphalidae,Lexias,Lexias canescens,Lexias canescens,,Lepidoptera Butterfly Nymphalidae Lexias canescens nan nan
76184,Lepidoptera,Butterfly,Lycaenidae,Paralaxita,Paralaxita telesia,Paralaxita telesia,,Lepidoptera Butterfly Lycaenidae Paralaxita telesia nan nan
76195,Lepidoptera,Butterfly,Hesperiidae,Ancistroides,Ancistroides armatus,Ancistroides armatus,,Lepidoptera Butterfly Hesperiidae Ancistroides armatus nan nan
76214,Lepidoptera,Butterfly,Nymphalidae,Lasippa,Lasippa heliodore,Lasippa heliodore,,Lepidoptera Butterfly Nymphalidae Lasippa heliodore nan nan
76227,Lepidoptera,Butterfly,Nymphalidae,Mycalesis,Mycalesis thyateira,Mycalesis thyateira,,Lepidoptera Butterfly Nymphalidae Mycalesis thyateira nan nan
76229,Lepidoptera,Butterfly,Nymphalidae,Charaxes,Charaxes bernardus,Charaxes bernardus,,Lepidoptera Butterfly Nymphalidae Charaxes bernardus nan nan
76247,Lepidoptera,Butterfly,Lycaenidae,Poritia,Poritia erycinoides,Poritia erycinoides,,Lepidoptera Butterfly Lycaenidae Poritia erycinoides nan nan
76267,Lepidoptera,Butterfly,Nymphalidae,Neptis,Neptis harita,Neptis harita,,Lepidoptera Butterfly Nymphalidae Neptis harita nan nan
76273,Lepidoptera,Butterfly,Lycaenidae,Logania,Logania regina,Logania regina,,Lepidoptera Butterfly Lycaenidae Logania regina nan nan
76314,Lepidoptera,Butterfly,Lycaenidae,Surendra,Surendra florimel,Surendra florimel,,Lepidoptera Butterfly Lycaenidae Surendra florimel nan nan
76336,Lepidoptera,Butterfly,Lycaenidae,Simiskina,Simiskina pharyge,Simiskina pharyge,,Lepidoptera Butterfly Lycaenidae Simiskina pharyge nan nan
76370,Lepidoptera,Butterfly,Hesperiidae,Celaenorrhinus,Celaenorrhinus ladana,Celaenorrhinus ladana,,Lepidoptera Butterfly Hesperiidae Celaenorrhinus ladana nan nan
76373,Lepidoptera,Butterfly,Lycaenidae,Prosotas,Prosotas nora,Prosotas nora,,Lepidoptera Butterfly Lycaenidae Prosotas nora nan nan
76401,Lepidoptera,Butterfly,Nymphalidae,Cirrochroa,Cirrochroa orissa,Cirrochroa orissa,,Lepidoptera Butterfly Nymphalidae Cirrochroa orissa nan nan
76433,Lepidoptera,Butterfly,Lycaenidae,Jamides,Jamides elpis,Jamides elpis,,Lepidoptera Butterfly Lycaenidae Jamides elpis nan nan
76466,Lepidoptera,Butterfly,Lycaenidae,Curetis,Curetis santana,Curetis santana,,Lepidoptera Butterfly Lycaenidae Curetis santana nan nan
76474,Lepidoptera,Butterfly,Nymphalidae,Terinos,Terinos atlita,Terinos atlita,,Lepidoptera Butterfly Nymphalidae Terinos atlita nan nan
76491,Lepidoptera,Butterfly,Lycaenidae,Anthene,Anthene lycaenina,Anthene lycaenina,,Lepidoptera Butterfly Lycaenidae Anthene lycaenina nan nan
76567,Lepidoptera,Butterfly,Nymphalidae,Neptis,Neptis clinia,Neptis clinia,,Lepidoptera Butterfly Nymphalidae Neptis clinia nan nan
76625,Lepidoptera,Butterfly,Nymphalidae,Doleschallia,Doleschallia bisaltide,Doleschallia bisaltide,,Lepidoptera Butterfly Nymphalidae Doleschallia bisaltide nan nan
76627,Lepidoptera,Butterfly,Nymphalidae,Athyma,Athyma asura,Athyma asura,,Lepidoptera Butterfly Nymphalidae Athyma asura nan nan
76629,Lepidoptera,Butterfly,Pieridae,Cepora,Cepora pactolicus,Cepora pactolicus,,Lepidoptera Butterfly Pieridae Cepora pactolicus nan nan
76687,Lepidoptera,Butterfly,Nymphalidae,Mycalesis,Mycalesis fuscum,Mycalesis fuscum,,Lepidoptera Butterfly Nymphalidae Mycalesis fuscum nan nan
76731,Lepidoptera,Butterfly,Nymphalidae,Athyma,Athyma abiasa,Athyma abiasa adunora,,Lepidoptera Butterfly Nymphalidae Athyma abiasa adunora nan
76759,Lepidoptera,Butterfly,Nymphalidae,Euripus,Euripus nyctelius,Euripus nyctelius,,Lepidoptera Butterfly Nymphalidae Euripus nyctelius nan nan
76793,Lepidoptera,Butterfly,Nymphalidae,Mycalesis,Mycalesis mnasicles,Mycalesis mnasicles,,Lepidoptera Butterfly Nymphalidae Mycalesis mnasicles nan nan
76799,Lepidoptera,Butterfly,Lycaenidae,Acytolepis,Acytolepis ripte,Acytolepis ripte,,Lepidoptera Butterfly Lycaenidae Acytolepis ripte nan nan
76836,Lepidoptera,Butterfly,Nymphalidae,Euthalia,Euthalia anosia,Euthalia anosia,,Lepidoptera Butterfly Nymphalidae Euthalia anosia nan nan
76883,Lepidoptera,Butterfly,Hesperiidae,Potanthus,Potanthus trachala,Potanthus trachala,,Lepidoptera Butterfly Hesperiidae Potanthus trachala nan nan
76926,Lepidoptera,Butterfly,Hesperiidae,Acerbas,Acerbas duris,Acerbas duris,,Lepidoptera Butterfly Hesperiidae Acerbas duris nan nan
76934,Lepidoptera,Butterfly,Lycaenidae,Plautella,Plautella cossaea,Plautella cossaea,,Lepidoptera Butterfly Lycaenidae Plautella cossaea nan nan
76935,Lepidoptera,Butterfly,Nymphalidae,Lasippa,Lasippa viraja,Lasippa viraja,,Lepidoptera Butterfly Nymphalidae Lasippa viraja nan nan
76961,Lepidoptera,Butterfly,Hesperiidae,Hasora,Hasora schoenherr,Hasora schoenherr,,Lepidoptera Butterfly Hesperiidae Hasora schoenherr nan nan
77113,Lepidoptera,Butterfly,Papilionidae,Graphium,Graphium megarus,Graphium megarus,,Lepidoptera Butterfly Papilionidae Graphium megarus nan nan
77130,Lepidoptera,Butterfly,Lycaenidae,Sinthusa,Sinthusa privata,Sinthusa privata,,Lepidoptera Butterfly Lycaenidae Sinthusa privata nan nan
77146,Lepidoptera,Butterfly,Lycaenidae,Allotinus,Allotinus fabius,Allotinus fabius,,Lepidoptera Butterfly Lycaenidae Allotinus fabius nan nan
77166,Lepidoptera,Butterfly,Nymphalidae,Pantoporia,Pantoporia sandaka,Pantoporia sandaka,,Lepidoptera Butterfly Nymphalidae Pantoporia sandaka nan nan
77237,Lepidoptera,,,,,,,Lepidoptera nan nan nan nan nan nan
77479,Lepidoptera,Butterfly,Lycaenidae,,,,,Lepidoptera Butterfly Lycaenidae nan nan nan nan
79909,Lepidoptera,Butterfly,Nymphalidae,,,,,Lepidoptera Butterfly Nymphalidae nan nan nan nan
81392,Lepidoptera,Butterfly,Pieridae,,,,,Lepidoptera Butterfly Pieridae nan nan nan nan
81476,Lepidoptera,Moth,Erebidae,,,,,Lepidoptera Moth Erebidae nan nan nan nan
81618,Lepidoptera,Butterfly,Hesperiidae,,,,,Lepidoptera Butterfly Hesperiidae nan nan nan nan
81620,Lepidoptera,Moth,Psychidae,,,,,Lepidoptera Moth Psychidae nan nan nan nan
92391,Lepidoptera,Moth,Uraniidae,,,,,Lepidoptera Moth Uraniidae nan nan nan nan
96740,Lepidoptera,Moth,Noctuidae,,,,,Lepidoptera Moth Noctuidae nan nan nan nan
109192,Lepidoptera,Moth,Drepanidae,,,,,Lepidoptera Moth Drepanidae nan nan nan nan
128224,Lepidoptera,Butterfly,Papilionidae,,,,,Lepidoptera Butterfly Papilionidae nan nan nan nan
128917,Lepidoptera,Moth,Sphingidae,,,,,Lepidoptera Moth Sphingidae nan nan nan nan
129731,Lepidoptera,Moth,Sesiidae,,,,,Lepidoptera Moth Sesiidae nan nan nan nan
135733,Lepidoptera,Moth,Callidulidae,,,,,Lepidoptera Moth Callidulidae nan nan nan nan
135738,Lepidoptera,Moth,Geometridae,,,,,Lepidoptera Moth Geometridae nan nan nan nan
221867,Lepidoptera,Moth,Lasiocampidae,,,,,Lepidoptera Moth Lasiocampidae nan nan nan nan
