2025-12-30 21:54:41,297 instant_reclassification 2=1.0018761157989502
2025-12-30 21:54:41,327 instant_reclassification 3=1767128081.3274028
2025-12-30 21:54:41,327 state.version_for_recompute='N/A', result_set.entry.uid='24986c1695f83e18a45b740ad7a3c26b916c9f552f6afc5311b1a150',state.trained_for_version_previous=None
2025-12-30 21:54:42,427 instant_reclassification 4=2.131880521774292
2025-12-30 21:54:42,775 Loading kNN results from /mnt/big/Projects/diopsis_annotation_2/annflux/datarepo/resultset-20250826154331-24986c16/knn_results.npz
2025-12-30 21:54:43,501 Loading kNN results from /mnt/big/Projects/diopsis_annotation_2/annflux/datarepo/resultset-20250826154331-24986c16/knn_results_dp.npz
2025-12-30 21:54:43,618 new_labeled_uids={'304_20220902044659_33185', '294_20220618045438_32214', '345_20220824234244_47130', '292_20220828012610_61555', '307_20220725011750_13149', '319_20220828170952_63623', '265_20220901215742_71208', '294_20220814032812_117553', '293_20220825075353_229796', '273_20220628094205_224'}
2025-12-30 21:54:43,620 new_labeled_idx=Index([4422, 33676, 37759, 47444, 54960, 59504, 76561, 77648, 101727, 103904], dtype='int64')
2025-12-30 21:54:43,626 new_labeled_nn_idx=1096
2025-12-30 21:54:43,637 new_labeled_nn_uids=58        319_20220828171823_63632
76        305_20220731033327_23607
208        287_20220809231919_6961
292       265_20220831043603_67655
483        209_20220702194441_8272
                    ...           
111591    319_20220828173331_63647
111907      273_20220628053502_147
111942    294_20220617033622_30607
111955     318_20220718064909_6942
112203    305_20220804032009_27966
Name: uid, Length: 1096, dtype: object
2025-12-30 21:54:43,651 Using knn_rank_exponent=3
2025-12-30 21:54:43,651 labeled_indices_=10597
2025-12-30 21:54:43,654 quicker_updates: labeled_indices_ before test_indices=86
2025-12-30 21:54:43,655 quicker_updates: labeled_indices_=11310
2025-12-30 21:54:43,655 make_predictions: labeled_indices_=11310
2025-12-30 21:54:45,749 compute_near_labeled took=1.7831149101257324
2025-12-30 21:54:45,792 knn near_labeled=0.04128670692443848
2025-12-30 21:54:45,812 make_predictions: near_labeled_indices_=12232
2025-12-30 21:54:46,491 [TIMING] PCA data preparation took 0.07496881484985352 s
2025-12-30 21:54:47,214 pca analysis took=0.72
2026-01-01 16:50:07,626 instant_reclassification 2=0.7551438808441162
2026-01-01 16:50:07,628 instant_reclassification 3=1767282607.628265
2026-01-01 16:50:07,628 state.version_for_recompute='N/A', result_set.entry.uid='9dee45a1adfa4d241af4187c6adec73b4fd4bbdf56262da9b7096c3a',state.trained_for_version_previous=None
2026-01-01 16:50:07,697 instant_reclassification 4=0.8264646530151367
2026-01-01 16:50:08,441 estimate_duration: transitions=[(0, 1520.0, 9.0), (0, 1520.0, 9.0), (1, 1520.0, 9.0), (2, 1520.0, 9.0), (3, 1520.0, 9.0), (4, 1520.0, 9.0), (5, 1520.0, 9.0), (6, 1520.0, 9.0), (1, 1520.0, 18.0), (2, 1520.0, 18.0), (3, 1520.0, 18.0), (4, 1520.0, 18.0), (5, 1520.0, 18.0), (6, 1520.0, 18.0), (1, 1520.0, 27.0), (2, 1520.0, 27.0), (3, 1520.0, 27.0), (4, 1520.0, 27.0), (5, 1520.0, 27.0), (6, 1520.0, 27.0), (1, 1520.0, 36.0), (2, 1520.0, 36.0), (3, 1520.0, 36.0), (4, 1520.0, 36.0), (5, 1520.0, 36.0), (6, 1520.0, 36.0), (1, 1520.0, 44.0), (3, 1520.0, 44.0), (4, 1520.0, 44.0), (5, 1520.0, 44.0), (6, 1520.0, 44.0), (1, 1520.0, 52.0), (3, 1520.0, 52.0), (4, 1520.0, 52.0), (5, 1520.0, 52.0), (6, 1520.0, 52.0), (1, 1520.0, 59.0), (3, 1520.0, 59.0), (4, 1520.0, 59.0), (5, 1520.0, 59.0), (6, 1520.0, 59.0), (1, 1520.0, 67.0), (3, 1520.0, 67.0), (4, 1520.0, 67.0), (5, 1520.0, 67.0), (6, 1520.0, 67.0), (1, 1520.0, 75.0), (3, 1520.0, 75.0), (4, 1520.0, 75.0), (5, 1520.0, 75.0), (6, 1520.0, 75.0), (1, 1520.0, 83.0), (3, 1520.0, 83.0), (4, 1520.0, 83.0), (5, 1520.0, 83.0), (6, 1520.0, 83.0), (1, 1520.0, 92.0), (3, 1520.0, 92.0), (4, 1520.0, 92.0), (5, 1520.0, 92.0), (6, 1520.0, 92.0), (1, 1520.0, 100.0), (3, 1520.0, 100.0), (4, 1520.0, 100.0), (5, 1520.0, 100.0), (6, 1520.0, 100.0), (1, 1520.0, 108.0), (3, 1520.0, 108.0), (4, 1520.0, 108.0), (5, 1520.0, 108.0), (6, 1520.0, 108.0), (7, 1520.0, 108.0), (8, 1520.0, 108.0), (9, 1520.0, 108.0), (10, 1520.0, 108.0), (11, 1520.0, 108.0), (12, 1520.0, 108.0), (1, 1520.0, 108.0), (3, 1520.0, 108.0), (4, 1520.0, 108.0), (5, 1520.0, 108.0), (6, 1520.0, 108.0), (1, 1520.0, 117.0), (2, 1520.0, 117.0), (3, 1520.0, 117.0), (4, 1520.0, 117.0), (5, 1520.0, 117.0), (6, 1520.0, 117.0), (1, 1520.0, 126.0), (2, 1520.0, 126.0), (3, 1520.0, 126.0), (4, 1520.0, 126.0), (5, 1520.0, 126.0), (6, 1520.0, 126.0), (1, 1520.0, 134.0), (2, 1520.0, 134.0), (3, 1520.0, 134.0), (4, 1520.0, 134.0), (5, 1520.0, 134.0), (6, 1520.0, 134.0), (1, 1520.0, 143.0), (3, 1520.0, 143.0), (4, 1520.0, 143.0), (5, 1520.0, 143.0), (6, 1520.0, 143.0), (7, 1520.0, 152.0), (1, 1520.0, 152.0), (3, 1520.0, 152.0), (4, 1520.0, 152.0), (5, 1520.0, 152.0), (6, 1520.0, 152.0), (1, 1520.0, 161.0), (3, 1520.0, 161.0), (4, 1520.0, 161.0), (5, 1520.0, 161.0), (6, 1520.0, 161.0), (7, 1520.0, 161.0), (8, 1520.0, 161.0), (9, 1520.0, 161.0), (10, 1520.0, 161.0), (11, 1520.0, 161.0), (12, 1520.0, 161.0), (1, 1520.0, 161.0), (3, 1520.0, 161.0), (4, 1520.0, 161.0), (5, 1520.0, 161.0), (6, 1520.0, 161.0), (0, 15040.0, 170.0), (7, 15040.0, 170.0), (0, 15040.0, 170.0), (1, 15040.0, 170.0), (2, 15040.0, 170.0), (3, 15040.0, 170.0), (4, 15040.0, 170.0), (5, 15040.0, 170.0), (6, 15040.0, 170.0), (8, 15040.0, 170.0), (9, 15040.0, 170.0), (10, 15040.0, 170.0), (11, 15040.0, 170.0), (12, 15040.0, 170.0), (1, 15040.0, 170.0), (2, 15040.0, 170.0), (3, 15040.0, 170.0), (4, 15040.0, 170.0), (5, 15040.0, 170.0), (6, 15040.0, 170.0), (1, 15040.0, 179.0), (2, 15040.0, 179.0), (3, 15040.0, 179.0), (4, 15040.0, 179.0), (5, 15040.0, 179.0), (6, 15040.0, 179.0), (1, 15040.0, 188.0), (2, 15040.0, 188.0), (3, 15040.0, 188.0), (4, 15040.0, 188.0), (5, 15040.0, 188.0), (6, 15040.0, 188.0), (1, 15040.0, 237.0), (2, 15040.0, 237.0), (3, 15040.0, 237.0), (4, 15040.0, 237.0), (5, 15040.0, 237.0), (6, 15040.0, 237.0), (1, 15040.0, 285.0), (2, 15040.0, 285.0), (3, 15040.0, 285.0), (4, 15040.0, 285.0), (5, 15040.0, 285.0), (6, 15040.0, 285.0), (1, 15040.0, 334.0), (3, 15040.0, 334.0), (4, 15040.0, 334.0), (5, 15040.0, 334.0), (6, 15040.0, 334.0), (1, 15040.0, 383.0), (3, 15040.0, 383.0), (4, 15040.0, 383.0), (5, 15040.0, 383.0), (6, 15040.0, 383.0), (1, 15040.0, 432.0), (3, 15040.0, 432.0), (4, 15040.0, 432.0), (5, 15040.0, 432.0), (6, 15040.0, 432.0), (1, 15040.0, 481.0), (3, 15040.0, 481.0), (4, 15040.0, 481.0), (5, 15040.0, 481.0), (6, 15040.0, 481.0), (1, 15040.0, 500.0), (3, 15040.0, 500.0), (4, 15040.0, 500.0), (5, 15040.0, 500.0), (6, 15040.0, 500.0), (1, 15040.0, 519.0), (3, 15040.0, 519.0), (4, 15040.0, 519.0), (5, 15040.0, 519.0), (6, 15040.0, 519.0), (7, 15040.0, 519.0), (8, 15040.0, 519.0), (9, 15040.0, 519.0), (10, 15040.0, 519.0), (11, 15040.0, 519.0), (12, 15040.0, 519.0), (1, 15040.0, 519.0), (3, 15040.0, 519.0), (4, 15040.0, 519.0), (5, 15040.0, 519.0), (6, 15040.0, 519.0), (1, 15040.0, 538.0), (2, 15040.0, 538.0), (3, 15040.0, 538.0), (4, 15040.0, 538.0), (5, 15040.0, 538.0), (6, 15040.0, 538.0), (1, 15040.0, 557.0), (2, 15040.0, 557.0), (3, 15040.0, 557.0), (4, 15040.0, 557.0), (5, 15040.0, 557.0), (6, 15040.0, 557.0), (1, 15040.0, 576.0), (2, 15040.0, 576.0), (3, 15040.0, 576.0), (4, 15040.0, 576.0), (5, 15040.0, 576.0), (6, 15040.0, 576.0), (7, 15040.0, 576.0), (8, 15040.0, 576.0), (9, 15040.0, 576.0), (10, 15040.0, 576.0), (11, 15040.0, 576.0), (12, 15040.0, 576.0), (1, 15040.0, 576.0), (2, 15040.0, 576.0), (3, 15040.0, 576.0), (4, 15040.0, 576.0), (5, 15040.0, 576.0), (6, 15040.0, 576.0), (1, 15040.0, 595.0), (2, 15040.0, 595.0), (3, 15040.0, 595.0), (4, 15040.0, 595.0), (5, 15040.0, 595.0), (6, 15040.0, 595.0), (1, 15040.0, 614.0), (2, 15040.0, 614.0), (3, 15040.0, 614.0), (4, 15040.0, 614.0), (5, 15040.0, 614.0), (6, 15040.0, 614.0), (1, 15040.0, 633.0), (2, 15040.0, 633.0), (3, 15040.0, 633.0), (4, 15040.0, 633.0), (5, 15040.0, 633.0), (6, 15040.0, 633.0), (1, 15040.0, 652.0), (2, 15040.0, 652.0), (3, 15040.0, 652.0), (4, 15040.0, 652.0), (5, 15040.0, 652.0), (6, 15040.0, 652.0), (1, 15040.0, 671.0), (2, 15040.0, 671.0), (3, 15040.0, 671.0), (4, 15040.0, 671.0), (5, 15040.0, 671.0), (6, 15040.0, 671.0), (1, 15040.0, 690.0), (3, 15040.0, 690.0), (4, 15040.0, 690.0), (5, 15040.0, 690.0), (6, 15040.0, 690.0), (1, 15040.0, 709.0), (3, 15040.0, 709.0), (4, 15040.0, 709.0), (5, 15040.0, 709.0), (6, 15040.0, 709.0), (1, 15040.0, 728.0), (3, 15040.0, 728.0), (4, 15040.0, 728.0), (5, 15040.0, 728.0), (6, 15040.0, 728.0), (1, 15040.0, 746.0), (3, 15040.0, 746.0), (4, 15040.0, 746.0), (5, 15040.0, 746.0), (6, 15040.0, 746.0), (1, 15040.0, 764.0), (3, 15040.0, 764.0), (4, 15040.0, 764.0), (5, 15040.0, 764.0), (6, 15040.0, 764.0), (1, 15040.0, 783.0), (3, 15040.0, 783.0), (4, 15040.0, 783.0), (5, 15040.0, 783.0), (6, 15040.0, 783.0), (1, 15040.0, 801.0), (3, 15040.0, 801.0), (4, 15040.0, 801.0), (5, 15040.0, 801.0), (6, 15040.0, 801.0), (1, 15040.0, 819.0), (3, 15040.0, 819.0), (4, 15040.0, 819.0), (5, 15040.0, 819.0), (6, 15040.0, 819.0), (1, 15040.0, 837.0), (3, 15040.0, 837.0), (4, 15040.0, 837.0), (5, 15040.0, 837.0), (6, 15040.0, 837.0), (7, 15040.0, 837.0), (8, 15040.0, 837.0), (9, 15040.0, 837.0), (10, 15040.0, 837.0), (11, 15040.0, 837.0), (12, 15040.0, 837.0), (1, 15040.0, 837.0), (3, 15040.0, 837.0), (4, 15040.0, 837.0), (5, 15040.0, 837.0), (6, 15040.0, 837.0), (1, 15040.0, 856.0), (3, 15040.0, 856.0), (4, 15040.0, 856.0), (5, 15040.0, 856.0), (6, 15040.0, 856.0), (1, 15040.0, 865.0), (3, 15040.0, 865.0), (4, 15040.0, 865.0), (5, 15040.0, 865.0), (6, 15040.0, 865.0), (1, 15040.0, 874.0), (3, 15040.0, 874.0), (4, 15040.0, 874.0), (5, 15040.0, 874.0), (6, 15040.0, 874.0), (1, 15040.0, 883.0), (3, 15040.0, 883.0), (4, 15040.0, 883.0), (5, 15040.0, 883.0), (6, 15040.0, 883.0), (1, 15040.0, 892.0), (3, 15040.0, 892.0), (4, 15040.0, 892.0), (5, 15040.0, 892.0), (6, 15040.0, 892.0), (1, 15040.0, 901.0), (3, 15040.0, 901.0), (4, 15040.0, 901.0), (5, 15040.0, 901.0), (6, 15040.0, 901.0), (1, 15040.0, 910.0), (3, 15040.0, 910.0), (4, 15040.0, 910.0), (5, 15040.0, 910.0), (6, 15040.0, 910.0), (1, 15040.0, 919.0), (3, 15040.0, 919.0), (4, 15040.0, 919.0), (5, 15040.0, 919.0), (6, 15040.0, 919.0), (1, 15040.0, 928.0), (3, 15040.0, 928.0), (4, 15040.0, 928.0), (5, 15040.0, 928.0), (6, 15040.0, 928.0), (1, 15040.0, 928.0), (3, 15040.0, 928.0), (4, 15040.0, 928.0), (5, 15040.0, 928.0), (6, 15040.0, 928.0), (1, 15040.0, 928.0), (3, 15040.0, 928.0), (4, 15040.0, 928.0), (5, 15040.0, 928.0), (6, 15040.0, 928.0), (1, 15040.0, 928.0), (3, 15040.0, 928.0), (4, 15040.0, 928.0), (5, 15040.0, 928.0), (6, 15040.0, 928.0), (1, 15040.0, 937.0), (3, 15040.0, 937.0), (4, 15040.0, 937.0), (5, 15040.0, 937.0), (6, 15040.0, 937.0), (1, 15040.0, 946.0), (3, 15040.0, 946.0), (4, 15040.0, 946.0), (5, 15040.0, 946.0), (6, 15040.0, 946.0), (1, 15040.0, 955.0), (3, 15040.0, 955.0), (4, 15040.0, 955.0), (5, 15040.0, 955.0), (6, 15040.0, 955.0), (1, 15040.0, 977.0), (3, 15040.0, 977.0), (4, 15040.0, 977.0), (5, 15040.0, 977.0), (6, 15040.0, 977.0), (1, 15040.0, 986.0), (3, 15040.0, 986.0), (4, 15040.0, 986.0), (5, 15040.0, 986.0), (6, 15040.0, 986.0), (7, 15040.0, 986.0), (8, 15040.0, 986.0), (9, 15040.0, 986.0), (10, 15040.0, 986.0), (11, 15040.0, 986.0), (12, 15040.0, 986.0), (13, 15040.0, 986.0), (0, 15040.0, 986.0), (0, 15040.0, 986.0), (1, 15040.0, 986.0), (3, 15040.0, 986.0), (4, 15040.0, 986.0), (5, 15040.0, 986.0), (6, 15040.0, 986.0), (1, 15040.0, 995.0), (3, 15040.0, 995.0), (4, 15040.0, 995.0), (5, 15040.0, 995.0), (6, 15040.0, 995.0), (1, 15040.0, 1004.0), (3, 15040.0, 1004.0), (4, 15040.0, 1004.0), (5, 15040.0, 1004.0), (6, 15040.0, 1004.0), (1, 15040.0, 1013.0), (3, 15040.0, 1013.0), (4, 15040.0, 1013.0), (5, 15040.0, 1013.0), (6, 15040.0, 1013.0), (1, 15040.0, 1022.0), (3, 15040.0, 1022.0), (4, 15040.0, 1022.0), (5, 15040.0, 1022.0), (6, 15040.0, 1022.0), (1, 15040.0, 1031.0), (3, 15040.0, 1031.0), (4, 15040.0, 1031.0), (5, 15040.0, 1031.0), (6, 15040.0, 1031.0), (1, 15040.0, 1040.0), (3, 15040.0, 1040.0), (4, 15040.0, 1040.0), (5, 15040.0, 1040.0), (6, 15040.0, 1040.0), (1, 15040.0, 1049.0), (3, 15040.0, 1049.0), (4, 15040.0, 1049.0), (5, 15040.0, 1049.0), (6, 15040.0, 1049.0), (1, 15040.0, 1058.0), (3, 15040.0, 1058.0), (4, 15040.0, 1058.0), (5, 15040.0, 1058.0), (6, 15040.0, 1058.0), (1, 15040.0, 1067.0), (3, 15040.0, 1067.0), (4, 15040.0, 1067.0), (5, 15040.0, 1067.0), (6, 15040.0, 1067.0), (1, 15040.0, 1076.0), (3, 15040.0, 1076.0), (4, 15040.0, 1076.0), (5, 15040.0, 1076.0), (6, 15040.0, 1076.0), (1, 15040.0, 1085.0), (3, 15040.0, 1085.0), (4, 15040.0, 1085.0), (5, 15040.0, 1085.0), (6, 15040.0, 1085.0), (1, 15040.0, 1085.0), (3, 15040.0, 1085.0), (4, 15040.0, 1085.0), (5, 15040.0, 1085.0), (6, 15040.0, 1085.0), (1, 15040.0, 1085.0), (3, 15040.0, 1085.0), (4, 15040.0, 1085.0), (5, 15040.0, 1085.0), (6, 15040.0, 1085.0), (1, 15040.0, 1085.0), (3, 15040.0, 1085.0), (4, 15040.0, 1085.0), (5, 15040.0, 1085.0), (6, 15040.0, 1085.0), (1, 15040.0, 1085.0), (3, 15040.0, 1085.0), (4, 15040.0, 1085.0), (5, 15040.0, 1085.0), (6, 15040.0, 1085.0), (1, 15040.0, 1085.0), (3, 15040.0, 1085.0), (4, 15040.0, 1085.0), (5, 15040.0, 1085.0), (6, 15040.0, 1085.0), (1, 15040.0, 1085.0), (3, 15040.0, 1085.0), (4, 15040.0, 1085.0), (5, 15040.0, 1085.0), (6, 15040.0, 1085.0), (1, 15040.0, 1085.0), (3, 15040.0, 1085.0), (4, 15040.0, 1085.0), (5, 15040.0, 1085.0), (6, 15040.0, 1085.0), (1, 15040.0, 1085.0), (3, 15040.0, 1085.0), (4, 15040.0, 1085.0), (5, 15040.0, 1085.0), (6, 15040.0, 1085.0), (7, 15040.0, 1085.0), (13, 15040.0, 1085.0), (8, 15040.0, 1085.0), (9, 15040.0, 1085.0), (10, 15040.0, 1085.0), (11, 15040.0, 1085.0), (12, 15040.0, 1085.0), (13, 15040.0, 1085.0), (0, 15040.0, 1085.0), (0, 15040.0, 1085.0), (1, 15040.0, 1085.0), (3, 15040.0, 1085.0), (4, 15040.0, 1085.0), (5, 15040.0, 1085.0), (6, 15040.0, 1085.0), (1, 15040.0, 1085.0), (3, 15040.0, 1085.0), (4, 15040.0, 1085.0), (5, 15040.0, 1085.0), (6, 15040.0, 1085.0), (1, 15040.0, 1085.0), (3, 15040.0, 1085.0), (4, 15040.0, 1085.0), (5, 15040.0, 1085.0), (6, 15040.0, 1085.0), (1, 15040.0, 1085.0), (3, 15040.0, 1085.0), (4, 15040.0, 1085.0), (5, 15040.0, 1085.0), (6, 15040.0, 1085.0), (1, 15040.0, 1085.0), (3, 15040.0, 1085.0), (4, 15040.0, 1085.0), (5, 15040.0, 1085.0), (6, 15040.0, 1085.0), (1, 15040.0, 1094.0), (3, 15040.0, 1094.0), (4, 15040.0, 1094.0), (5, 15040.0, 1094.0), (6, 15040.0, 1094.0), (1, 15040.0, 1103.0), (3, 15040.0, 1103.0), (4, 15040.0, 1103.0), (5, 15040.0, 1103.0), (6, 15040.0, 1103.0), (1, 15040.0, 1112.0), (3, 15040.0, 1112.0), (4, 15040.0, 1112.0), (5, 15040.0, 1112.0), (6, 15040.0, 1112.0), (1, 15040.0, 1121.0), (3, 15040.0, 1121.0), (4, 15040.0, 1121.0), (5, 15040.0, 1121.0), (6, 15040.0, 1121.0), (1, 15040.0, 1130.0), (3, 15040.0, 1130.0), (4, 15040.0, 1130.0), (5, 15040.0, 1130.0), (6, 15040.0, 1130.0), (1, 15040.0, 1139.0), (3, 15040.0, 1139.0), (4, 15040.0, 1139.0), (5, 15040.0, 1139.0), (6, 15040.0, 1139.0), (1, 15040.0, 1148.0), (3, 15040.0, 1148.0), (4, 15040.0, 1148.0), (5, 15040.0, 1148.0), (6, 15040.0, 1148.0), (1, 15040.0, 1157.0), (3, 15040.0, 1157.0), (4, 15040.0, 1157.0), (5, 15040.0, 1157.0), (6, 15040.0, 1157.0), (1, 15040.0, 1166.0), (3, 15040.0, 1166.0), (4, 15040.0, 1166.0), (5, 15040.0, 1166.0), (6, 15040.0, 1166.0), (1, 15040.0, 1175.0), (3, 15040.0, 1175.0), (4, 15040.0, 1175.0), (5, 15040.0, 1175.0), (6, 15040.0, 1175.0), (1, 15040.0, 1194.0), (3, 15040.0, 1194.0), (4, 15040.0, 1194.0), (5, 15040.0, 1194.0), (6, 15040.0, 1194.0), (1, 15040.0, 1194.0), (3, 15040.0, 1194.0), (4, 15040.0, 1194.0), (5, 15040.0, 1194.0), (6, 15040.0, 1194.0), (1, 15040.0, 1194.0), (3, 15040.0, 1194.0), (4, 15040.0, 1194.0), (5, 15040.0, 1194.0), (6, 15040.0, 1194.0), (1, 15040.0, 1194.0), (3, 15040.0, 1194.0), (4, 15040.0, 1194.0), (5, 15040.0, 1194.0), (6, 15040.0, 1194.0), (1, 15040.0, 1194.0), (3, 15040.0, 1194.0), (4, 15040.0, 1194.0), (5, 15040.0, 1194.0), (6, 15040.0, 1194.0), (1, 15040.0, 1197.0), (3, 15040.0, 1197.0), (4, 15040.0, 1197.0), (5, 15040.0, 1197.0), (6, 15040.0, 1197.0), (1, 15040.0, 1203.0), (3, 15040.0, 1203.0), (4, 15040.0, 1203.0), (5, 15040.0, 1203.0), (6, 15040.0, 1203.0), (1, 15040.0, 1223.0), (3, 15040.0, 1223.0), (4, 15040.0, 1223.0), (5, 15040.0, 1223.0), (6, 15040.0, 1223.0), (7, 15040.0, 1223.0), (13, 15040.0, 1223.0), (8, 15040.0, 1223.0), (9, 15040.0, 1223.0), (10, 15040.0, 1223.0), (11, 15040.0, 1223.0), (12, 15040.0, 1223.0), (13, 15040.0, 1223.0), (0, 15040.0, 1223.0), (0, 15040.0, 1223.0), (1, 15040.0, 1223.0), (3, 15040.0, 1223.0), (4, 15040.0, 1223.0), (5, 15040.0, 1223.0), (6, 15040.0, 1223.0), (8, 46600.0, 1238.0), (9, 46600.0, 1238.0), (8, 46600.0, 1238.0), (9, 46600.0, 1245.0), (0, 46600.0, 1245.0), (0, 46600.0, 1245.0), (1, 46600.0, 1245.0), (3, 46600.0, 1245.0), (4, 46600.0, 1245.0), (5, 46600.0, 1245.0), (6, 46600.0, 1245.0), (1, 46600.0, 1252.0), (3, 46600.0, 1252.0), (4, 46600.0, 1252.0), (5, 46600.0, 1252.0), (6, 46600.0, 1252.0), (1, 46600.0, 1259.0), (3, 46600.0, 1259.0), (4, 46600.0, 1259.0), (5, 46600.0, 1259.0), (6, 46600.0, 1259.0), (1, 46600.0, 1267.0), (3, 46600.0, 1267.0), (4, 46600.0, 1267.0), (5, 46600.0, 1267.0), (6, 46600.0, 1267.0), (1, 46600.0, 1276.0), (3, 46600.0, 1276.0), (4, 46600.0, 1276.0), (5, 46600.0, 1276.0), (6, 46600.0, 1276.0), (1, 46600.0, 1283.0), (3, 46600.0, 1283.0), (4, 46600.0, 1283.0), (5, 46600.0, 1283.0), (6, 46600.0, 1283.0), (1, 46600.0, 1291.0), (3, 46600.0, 1291.0), (4, 46600.0, 1291.0), (5, 46600.0, 1291.0), (6, 46600.0, 1291.0), (1, 46600.0, 1299.0), (3, 46600.0, 1299.0), (4, 46600.0, 1299.0), (5, 46600.0, 1299.0), (6, 46600.0, 1299.0), (1, 46600.0, 1306.0), (3, 46600.0, 1306.0), (4, 46600.0, 1306.0), (5, 46600.0, 1306.0), (6, 46600.0, 1306.0), (1, 46600.0, 1350.0), (3, 46600.0, 1350.0), (4, 46600.0, 1350.0), (5, 46600.0, 1350.0), (6, 46600.0, 1350.0), (1, 46600.0, 1396.0), (3, 46600.0, 1396.0), (4, 46600.0, 1396.0), (5, 46600.0, 1396.0), (6, 46600.0, 1396.0), (1, 46600.0, 1412.0), (3, 46600.0, 1412.0), (4, 46600.0, 1412.0), (5, 46600.0, 1412.0), (6, 46600.0, 1412.0), (1, 46600.0, 1428.0), (3, 46600.0, 1428.0), (4, 46600.0, 1428.0), (5, 46600.0, 1428.0), (6, 46600.0, 1428.0), (1, 46600.0, 1428.0), (3, 46600.0, 1428.0), (4, 46600.0, 1428.0), (5, 46600.0, 1428.0), (6, 46600.0, 1428.0), (1, 46600.0, 1428.0), (3, 46600.0, 1428.0), (4, 46600.0, 1428.0), (5, 46600.0, 1428.0), (6, 46600.0, 1428.0), (1, 46600.0, 1428.0), (3, 46600.0, 1428.0), (4, 46600.0, 1428.0), (5, 46600.0, 1428.0), (6, 46600.0, 1428.0), (1, 46600.0, 1428.0), (3, 46600.0, 1428.0), (4, 46600.0, 1428.0), (5, 46600.0, 1428.0), (6, 46600.0, 1428.0), (1, 46600.0, 1428.0), (3, 46600.0, 1428.0), (4, 46600.0, 1428.0), (5, 46600.0, 1428.0), (6, 46600.0, 1428.0), (1, 46600.0, 1428.0), (3, 46600.0, 1428.0), (4, 46600.0, 1428.0), (5, 46600.0, 1428.0), (6, 46600.0, 1428.0), (1, 46600.0, 1428.0), (3, 46600.0, 1428.0), (4, 46600.0, 1428.0), (5, 46600.0, 1428.0), (6, 46600.0, 1428.0), (1, 46600.0, 1428.0), (3, 46600.0, 1428.0), (4, 46600.0, 1428.0), (5, 46600.0, 1428.0), (6, 46600.0, 1428.0), (1, 46600.0, 1428.0), (3, 46600.0, 1428.0), (4, 46600.0, 1428.0), (5, 46600.0, 1428.0), (6, 46600.0, 1428.0), (1, 46600.0, 1428.0), (3, 46600.0, 1428.0), (4, 46600.0, 1428.0), (5, 46600.0, 1428.0), (6, 46600.0, 1428.0), (1, 46600.0, 1437.0), (3, 46600.0, 1437.0), (4, 46600.0, 1437.0), (5, 46600.0, 1437.0), (6, 46600.0, 1437.0), (1, 46600.0, 1446.0), (3, 46600.0, 1446.0), (4, 46600.0, 1446.0), (5, 46600.0, 1446.0), (6, 46600.0, 1446.0), (1, 46600.0, 1454.0), (3, 46600.0, 1454.0), (4, 46600.0, 1454.0), (5, 46600.0, 1454.0), (6, 46600.0, 1454.0), (1, 46600.0, 1463.0), (3, 46600.0, 1463.0), (4, 46600.0, 1463.0), (5, 46600.0, 1463.0), (6, 46600.0, 1463.0), (1, 46600.0, 1471.0), (3, 46600.0, 1471.0), (4, 46600.0, 1471.0), (5, 46600.0, 1471.0), (6, 46600.0, 1471.0), (7, 46600.0, 1471.0), (13, 46600.0, 1471.0), (8, 46600.0, 1471.0), (9, 46600.0, 1471.0), (10, 46600.0, 1471.0), (11, 46600.0, 1471.0), (12, 46600.0, 1471.0), (13, 46600.0, 1471.0), (0, 46600.0, 1471.0), (0, 46600.0, 1471.0), (1, 46600.0, 1471.0), (3, 46600.0, 1471.0), (4, 46600.0, 1471.0), (5, 46600.0, 1471.0), (6, 46600.0, 1471.0), (1, 46600.0, 1479.0), (3, 46600.0, 1479.0), (4, 46600.0, 1479.0), (5, 46600.0, 1479.0), (6, 46600.0, 1479.0), (1, 46600.0, 1488.0), (3, 46600.0, 1488.0), (4, 46600.0, 1488.0), (5, 46600.0, 1488.0), (6, 46600.0, 1488.0), (7, 46600.0, 1488.0), (13, 46600.0, 1488.0), (8, 46600.0, 1488.0), (9, 46600.0, 1488.0), (10, 46600.0, 1488.0), (11, 46600.0, 1488.0), (12, 46600.0, 1488.0), (13, 46600.0, 1488.0), (0, 46600.0, 1488.0), (0, 46600.0, 1488.0), (1, 46600.0, 1488.0), (3, 46600.0, 1488.0), (4, 46600.0, 1488.0), (5, 46600.0, 1488.0), (6, 46600.0, 1488.0), (8, 46600.0, 1479.0), (7, 46600.0, 1479.0), (13, 46600.0, 1479.0), (8, 46600.0, 1479.0), (7, 46600.0, 1479.0), (13, 46600.0, 1479.0), (8, 46600.0, 1479.0), (7, 46600.0, 1479.0), (13, 46600.0, 1479.0), (8, 46600.0, 1479.0), (7, 46600.0, 1479.0), (13, 46600.0, 1479.0), (8, 46600.0, 1479.0), (7, 46600.0, 1479.0), (13, 46600.0, 1479.0), (8, 46600.0, 1479.0), (7, 46600.0, 1479.0), (13, 46600.0, 1479.0), (8, 46600.0, 1479.0), (7, 46600.0, 1479.0), (13, 46600.0, 1479.0), (8, 46600.0, 1479.0), (7, 46600.0, 1479.0), (13, 46600.0, 1479.0), (8, 46600.0, 1479.0), (7, 46600.0, 1479.0), (13, 46600.0, 1479.0), (8, 46600.0, 1479.0), (7, 46600.0, 1479.0), (13, 46600.0, 1479.0), (8, 46600.0, 1479.0), (7, 46600.0, 1479.0), (13, 46600.0, 1479.0), (8, 46600.0, 1479.0), (7, 46600.0, 1479.0), (13, 46600.0, 1479.0), (8, 46600.0, 1479.0), (7, 46600.0, 1479.0), (13, 46600.0, 1479.0), (8, 46600.0, 1479.0), (7, 46600.0, 1479.0), (13, 46600.0, 1479.0), (8, 46600.0, 1479.0), (7, 46600.0, 1479.0), (13, 46600.0, 1479.0), (8, 46600.0, 1479.0), (7, 46600.0, 1479.0), (13, 46600.0, 1479.0), (8, 46600.0, 1479.0), (7, 46600.0, 1479.0), (13, 46600.0, 1479.0), (8, 46600.0, 1479.0), (7, 46600.0, 1479.0), (13, 46600.0, 1479.0), (8, 46600.0, 1479.0), (7, 46600.0, 1479.0), (13, 46600.0, 1479.0), (8, 46600.0, 1479.0), (7, 46600.0, 1479.0), (13, 46600.0, 1479.0), (8, 46600.0, 1479.0), (7, 46600.0, 1479.0), (13, 46600.0, 1479.0), (8, 46600.0, 1479.0), (7, 46600.0, 1479.0), (13, 46600.0, 1479.0), (8, 46600.0, 1479.0), (7, 46600.0, 1479.0), (13, 46600.0, 1479.0), (8, 46600.0, 1479.0), (7, 46600.0, 1479.0), (13, 46600.0, 1479.0), (8, 46600.0, 1479.0), (7, 46600.0, 1479.0), (13, 46600.0, 1479.0), (8, 46600.0, 1479.0), (7, 46600.0, 1479.0), (13, 46600.0, 1479.0), (8, 46600.0, 1479.0), (7, 46600.0, 1479.0), (13, 46600.0, 1479.0), (8, 46600.0, 1479.0), (7, 46600.0, 1479.0), (13, 46600.0, 1479.0), (8, 46600.0, 1479.0), (7, 46600.0, 1479.0), (13, 46600.0, 1479.0), (8, 46600.0, 1479.0), (7, 46600.0, 1479.0), (13, 46600.0, 1479.0), (8, 46600.0, 1479.0), (7, 46600.0, 1479.0), (13, 46600.0, 1479.0), (8, 46600.0, 1479.0), (7, 46600.0, 1479.0), (13, 46600.0, 1479.0), (8, 46600.0, 1479.0), (7, 46600.0, 1479.0), (13, 46600.0, 1479.0), (8, 46600.0, 1479.0), (7, 46600.0, 1479.0), (13, 46600.0, 1479.0), (8, 46600.0, 1479.0), (7, 46600.0, 1479.0), (13, 46600.0, 1479.0), (8, 46600.0, 1479.0), (7, 46600.0, 1479.0), (13, 46600.0, 1479.0), (8, 46600.0, 1479.0), (7, 46600.0, 1479.0), (13, 46600.0, 1479.0), (8, 46600.0, 1479.0), (7, 46600.0, 1479.0), (13, 46600.0, 1479.0), (8, 46600.0, 1479.0), (7, 46600.0, 1479.0), (13, 46600.0, 1479.0), (8, 46600.0, 1479.0), (7, 46600.0, 1479.0), (13, 46600.0, 1479.0), (8, 46600.0, 1479.0), (7, 46600.0, 1479.0), (13, 46600.0, 1479.0), (8, 46600.0, 1479.0), (7, 46600.0, 1479.0), (13, 46600.0, 1479.0), (8, 46600.0, 1479.0), (7, 46600.0, 1479.0), (13, 46600.0, 1479.0), (8, 46600.0, 1479.0), (7, 46600.0, 1479.0), (13, 46600.0, 1479.0), (8, 46600.0, 1479.0), (7, 46600.0, 1479.0), (13, 46600.0, 1479.0), (8, 46600.0, 1479.0), (7, 46600.0, 1479.0), (13, 46600.0, 1479.0), (8, 46600.0, 1479.0), (7, 46600.0, 1479.0), (13, 46600.0, 1479.0), (8, 46600.0, 1479.0), (7, 46600.0, 1479.0), (13, 46600.0, 1479.0), (8, 46600.0, 1479.0), (7, 46600.0, 1479.0), (13, 46600.0, 1479.0), (8, 46600.0, 1479.0), (7, 46600.0, 1479.0), (13, 46600.0, 1479.0), (8, 46600.0, 1479.0), (7, 46600.0, 1479.0), (13, 46600.0, 1479.0), (8, 46600.0, 1479.0), (7, 46600.0, 1479.0), (13, 46600.0, 1479.0), (8, 46600.0, 1479.0), (7, 46600.0, 1479.0), (13, 46600.0, 1479.0), (8, 46600.0, 1479.0), (7, 46600.0, 1479.0), (13, 46600.0, 1479.0), (8, 46600.0, 1479.0), (7, 46600.0, 1479.0), (13, 46600.0, 1479.0), (8, 46600.0, 1479.0), (7, 46600.0, 1479.0), (13, 46600.0, 1479.0), (8, 46600.0, 1479.0), (7, 46600.0, 1479.0), (13, 46600.0, 1479.0), (8, 46600.0, 1479.0), (7, 46600.0, 1479.0), (13, 46600.0, 1479.0), (8, 46600.0, 1479.0), (7, 46600.0, 1479.0), (13, 46600.0, 1479.0), (8, 46600.0, 1479.0), (7, 46600.0, 1479.0), (13, 46600.0, 1479.0), (8, 46600.0, 1479.0), (7, 46600.0, 1479.0), (13, 46600.0, 1479.0), (8, 46600.0, 1479.0), (7, 46600.0, 1479.0), (13, 46600.0, 1479.0), (8, 46600.0, 1479.0), (7, 46600.0, 1479.0), (13, 46600.0, 1479.0), (8, 46600.0, 1479.0), (7, 46600.0, 1479.0), (13, 46600.0, 1479.0), (8, 46600.0, 1479.0), (7, 46600.0, 1479.0), (13, 46600.0, 1479.0), (8, 46600.0, 1479.0), (7, 46600.0, 1479.0), (13, 46600.0, 1479.0), (8, 46600.0, 1479.0), (7, 46600.0, 1479.0), (13, 46600.0, 1479.0), (8, 46600.0, 1479.0), (7, 46600.0, 1479.0), (13, 46600.0, 1479.0), (8, 46600.0, 1479.0), (7, 46600.0, 1479.0), (13, 46600.0, 1479.0), (8, 46600.0, 1479.0), (7, 46600.0, 1479.0), (13, 46600.0, 1479.0), (8, 46600.0, 1479.0), (7, 46600.0, 1479.0), (13, 46600.0, 1479.0), (8, 46600.0, 1479.0), (7, 46600.0, 1479.0), (13, 46600.0, 1479.0), (8, 46600.0, 1479.0), (7, 46600.0, 1479.0), (13, 46600.0, 1479.0), (8, 46600.0, 1479.0), (7, 46600.0, 1479.0), (13, 46600.0, 1479.0), (8, 46600.0, 1479.0), (7, 46600.0, 1479.0), (13, 46600.0, 1479.0), (8, 46600.0, 1479.0), (7, 46600.0, 1479.0), (13, 46600.0, 1479.0), (8, 46600.0, 1479.0), (7, 46600.0, 1479.0), (13, 46600.0, 1479.0), (8, 46600.0, 1479.0), (7, 46600.0, 1479.0), (13, 46600.0, 1479.0), (8, 46600.0, 1479.0), (7, 46600.0, 1479.0), (13, 46600.0, 1479.0), (8, 46600.0, 1479.0), (7, 46600.0, 1479.0), (13, 46600.0, 1479.0), (8, 46600.0, 1479.0), (7, 46600.0, 1479.0), (13, 46600.0, 1479.0), (8, 46600.0, 1479.0), (7, 46600.0, 1479.0), (13, 46600.0, 1479.0), (8, 46600.0, 1479.0), (7, 46600.0, 1479.0), (13, 46600.0, 1479.0), (8, 46600.0, 1479.0), (7, 46600.0, 1479.0), (13, 46600.0, 1479.0), (8, 46600.0, 1479.0), (7, 46600.0, 1479.0), (13, 46600.0, 1479.0), (8, 46600.0, 1479.0), (7, 46600.0, 1479.0), (13, 46600.0, 1479.0), (8, 46600.0, 1479.0), (7, 46600.0, 1479.0), (13, 46600.0, 1479.0), (8, 46600.0, 1479.0), (7, 46600.0, 1479.0), (13, 46600.0, 1479.0), (8, 46600.0, 1479.0), (7, 46600.0, 1479.0), (13, 46600.0, 1479.0), (8, 46600.0, 1479.0), (7, 46600.0, 1479.0), (13, 46600.0, 1479.0), (8, 46600.0, 1479.0), (7, 46600.0, 1479.0), (13, 46600.0, 1479.0), (8, 46600.0, 1479.0), (7, 46600.0, 1479.0), (13, 46600.0, 1479.0), (8, 46600.0, 1479.0), (7, 46600.0, 1479.0), (13, 46600.0, 1479.0), (8, 46600.0, 1479.0), (7, 46600.0, 1479.0), (13, 46600.0, 1479.0), (8, 46600.0, 1479.0), (7, 46600.0, 1479.0), (13, 46600.0, 1479.0), (8, 46600.0, 1479.0), (7, 46600.0, 1479.0), (13, 46600.0, 1479.0), (8, 46600.0, 1479.0), (7, 46600.0, 1479.0), (13, 46600.0, 1479.0), (8, 46600.0, 1479.0), (7, 46600.0, 1479.0), (13, 46600.0, 1479.0), (8, 46600.0, 1479.0), (7, 46600.0, 1479.0), (13, 46600.0, 1479.0), (8, 46600.0, 1479.0), (7, 46600.0, 1479.0), (13, 46600.0, 1479.0), (8, 46600.0, 1479.0), (7, 46600.0, 1479.0), (13, 46600.0, 1479.0), (8, 46600.0, 1479.0), (7, 46600.0, 1479.0), (13, 46600.0, 1479.0), (8, 46600.0, 1479.0), (7, 46600.0, 1479.0), (13, 46600.0, 1479.0), (8, 46600.0, 1479.0), (7, 46600.0, 1479.0), (13, 46600.0, 1479.0), (8, 46600.0, 1479.0), (7, 46600.0, 1479.0), (13, 46600.0, 1479.0), (8, 46600.0, 1479.0), (7, 46600.0, 1479.0), (13, 46600.0, 1479.0), (8, 46600.0, 1479.0), (7, 46600.0, 1479.0), (13, 46600.0, 1479.0), (8, 46600.0, 1479.0), (7, 46600.0, 1479.0), (13, 46600.0, 1479.0), (8, 46600.0, 1479.0), (7, 46600.0, 1479.0), (13, 46600.0, 1479.0), (8, 46600.0, 1479.0), (7, 46600.0, 1479.0), (13, 46600.0, 1479.0), (8, 46600.0, 1479.0), (7, 46600.0, 1479.0), (13, 46600.0, 1479.0), (8, 46600.0, 1479.0), (7, 46600.0, 1479.0), (13, 46600.0, 1479.0), (8, 46600.0, 1479.0), (7, 46600.0, 1479.0), (13, 46600.0, 1479.0), (8, 46600.0, 1479.0), (7, 46600.0, 1479.0), (13, 46600.0, 1479.0), (8, 46600.0, 1479.0), (7, 46600.0, 1479.0), (13, 46600.0, 1479.0), (8, 46600.0, 1479.0), (7, 46600.0, 1479.0), (13, 46600.0, 1479.0), (8, 46600.0, 1479.0), (7, 46600.0, 1479.0), (13, 46600.0, 1479.0), (8, 46600.0, 1479.0), (7, 46600.0, 1479.0), (13, 46600.0, 1479.0), (8, 46600.0, 1479.0), (7, 46600.0, 1479.0), (13, 46600.0, 1479.0), (8, 46600.0, 1479.0), (7, 46600.0, 1479.0), (13, 46600.0, 1479.0), (8, 46600.0, 1479.0), (7, 46600.0, 1479.0), (13, 46600.0, 1479.0), (8, 46600.0, 1479.0), (7, 46600.0, 1479.0), (13, 46600.0, 1479.0), (8, 46600.0, 1479.0), (7, 46600.0, 1479.0), (13, 46600.0, 1479.0), (8, 46600.0, 1479.0), (7, 46600.0, 1479.0), (13, 46600.0, 1479.0), (8, 46600.0, 1479.0), (7, 46600.0, 1479.0), (13, 46600.0, 1479.0), (8, 46600.0, 1479.0), (7, 46600.0, 1479.0), (13, 46600.0, 1479.0), (8, 46600.0, 1479.0), (7, 46600.0, 1479.0), (13, 46600.0, 1479.0), (8, 46600.0, 1479.0), (7, 46600.0, 1479.0), (13, 46600.0, 1479.0), (8, 46600.0, 1479.0), (7, 46600.0, 1479.0), (13, 46600.0, 1479.0), (8, 46600.0, 1479.0), (7, 46600.0, 1479.0), (13, 46600.0, 1479.0), (8, 46600.0, 1479.0), (7, 46600.0, 1479.0), (13, 46600.0, 1479.0), (8, 46600.0, 1479.0), (7, 46600.0, 1479.0), (13, 46600.0, 1479.0), (8, 46600.0, 1479.0), (7, 46600.0, 1479.0), (13, 46600.0, 1479.0), (8, 46600.0, 1479.0), (7, 46600.0, 1479.0), (13, 46600.0, 1479.0), (8, 46600.0, 1479.0), (7, 46600.0, 1479.0), (13, 46600.0, 1479.0), (8, 46600.0, 1479.0), (7, 46600.0, 1479.0), (13, 46600.0, 1479.0), (8, 46600.0, 1479.0), (7, 46600.0, 1479.0), (13, 46600.0, 1479.0), (8, 46600.0, 1479.0), (7, 46600.0, 1479.0), (13, 46600.0, 1479.0), (8, 46600.0, 1479.0), (7, 46600.0, 1479.0), (13, 46600.0, 1479.0), (8, 46600.0, 1479.0), (7, 46600.0, 1479.0), (13, 46600.0, 1479.0), (8, 46600.0, 1479.0), (7, 46600.0, 1479.0), (13, 46600.0, 1479.0), (8, 46600.0, 1479.0), (7, 46600.0, 1479.0), (13, 46600.0, 1479.0), (8, 46600.0, 1479.0), (7, 46600.0, 1479.0), (13, 46600.0, 1479.0), (8, 46600.0, 1479.0), (7, 46600.0, 1479.0), (13, 46600.0, 1479.0), (8, 46600.0, 1479.0), (7, 46600.0, 1479.0), (13, 46600.0, 1479.0), (8, 46600.0, 1479.0), (7, 46600.0, 1479.0), (13, 46600.0, 1479.0), (8, 46600.0, 1479.0), (7, 46600.0, 1479.0), (13, 46600.0, 1479.0), (8, 46600.0, 1479.0), (7, 46600.0, 1479.0), (13, 46600.0, 1479.0), (8, 46600.0, 1479.0), (7, 46600.0, 1479.0), (13, 46600.0, 1479.0), (8, 46600.0, 1479.0), (7, 46600.0, 1479.0), (13, 46600.0, 1479.0), (8, 46600.0, 1479.0), (7, 46600.0, 1479.0), (13, 46600.0, 1479.0), (8, 46600.0, 1479.0), (7, 46600.0, 1479.0), (13, 46600.0, 1479.0), (8, 46600.0, 1479.0), (7, 46600.0, 1479.0), (13, 46600.0, 1479.0), (8, 46600.0, 1479.0), (7, 46600.0, 1479.0), (13, 46600.0, 1479.0), (8, 46600.0, 1479.0), (7, 46600.0, 1479.0), (13, 46600.0, 1479.0), (8, 46600.0, 1479.0), (7, 46600.0, 1479.0), (13, 46600.0, 1479.0), (8, 46600.0, 1479.0), (7, 46600.0, 1479.0), (13, 46600.0, 1479.0), (8, 46600.0, 1479.0), (7, 46600.0, 1479.0), (13, 46600.0, 1479.0), (8, 46600.0, 1479.0), (7, 46600.0, 1479.0), (13, 46600.0, 1479.0), (8, 46600.0, 1479.0), (7, 46600.0, 1479.0), (13, 46600.0, 1479.0), (8, 46600.0, 1479.0), (7, 46600.0, 1479.0), (13, 46600.0, 1479.0), (8, 46600.0, 1479.0), (7, 46600.0, 1479.0), (13, 46600.0, 1479.0), (8, 46600.0, 1479.0), (7, 46600.0, 1479.0), (13, 46600.0, 1479.0), (8, 46600.0, 1479.0), (7, 46600.0, 1479.0), (13, 46600.0, 1479.0), (8, 46600.0, 1479.0), (7, 46600.0, 1479.0), (13, 46600.0, 1479.0), (8, 46600.0, 1479.0), (7, 46600.0, 1479.0), (13, 46600.0, 1479.0), (8, 46600.0, 1479.0), (7, 46600.0, 1479.0), (13, 46600.0, 1479.0), (8, 46600.0, 1479.0), (7, 46600.0, 1479.0), (13, 46600.0, 1479.0), (8, 46600.0, 1479.0), (7, 46600.0, 1479.0), (13, 46600.0, 1479.0), (8, 46600.0, 1479.0), (7, 46600.0, 1479.0), (13, 46600.0, 1479.0), (8, 46600.0, 1479.0), (7, 46600.0, 1479.0), (13, 46600.0, 1479.0), (8, 46600.0, 1479.0), (7, 46600.0, 1479.0), (13, 46600.0, 1479.0), (8, 46600.0, 1479.0), (7, 46600.0, 1479.0), (13, 46600.0, 1479.0), (8, 46600.0, 1479.0), (7, 46600.0, 1479.0), (13, 46600.0, 1479.0), (8, 46600.0, 1479.0), (7, 46600.0, 1479.0), (13, 46600.0, 1479.0), (8, 46600.0, 1479.0), (7, 46600.0, 1479.0), (13, 46600.0, 1479.0), (8, 46600.0, 1479.0), (7, 46600.0, 1479.0), (13, 46600.0, 1479.0), (8, 46600.0, 1479.0), (7, 46600.0, 1479.0), (13, 46600.0, 1479.0), (8, 46600.0, 1479.0), (7, 46600.0, 1479.0), (13, 46600.0, 1479.0), (8, 46600.0, 1479.0), (7, 46600.0, 1479.0), (13, 46600.0, 1479.0), (8, 46600.0, 1479.0), (7, 46600.0, 1479.0), (13, 46600.0, 1479.0), (8, 46600.0, 1479.0), (7, 46600.0, 1479.0), (13, 46600.0, 1479.0), (8, 46600.0, 1479.0), (7, 46600.0, 1479.0), (13, 46600.0, 1479.0), (8, 46600.0, 1479.0), (7, 46600.0, 1479.0), (13, 46600.0, 1479.0), (8, 46600.0, 1479.0), (7, 46600.0, 1479.0), (13, 46600.0, 1479.0), (8, 46600.0, 1479.0), (7, 46600.0, 1479.0), (13, 46600.0, 1479.0), (8, 46600.0, 1479.0), (7, 46600.0, 1479.0), (13, 46600.0, 1479.0), (8, 46600.0, 1479.0), (7, 46600.0, 1479.0), (13, 46600.0, 1479.0), (8, 46600.0, 1479.0), (7, 46600.0, 1479.0), (13, 46600.0, 1479.0), (8, 46600.0, 1479.0), (7, 46600.0, 1479.0), (13, 46600.0, 1479.0), (8, 46600.0, 1479.0), (7, 46600.0, 1479.0), (13, 46600.0, 1479.0), (8, 46600.0, 1479.0), (7, 46600.0, 1479.0), (13, 46600.0, 1479.0), (8, 46600.0, 1479.0), (7, 46600.0, 1479.0), (13, 46600.0, 1479.0), (8, 46600.0, 1479.0), (7, 46600.0, 1479.0), (13, 46600.0, 1479.0), (8, 46600.0, 1479.0), (7, 46600.0, 1479.0), (13, 46600.0, 1479.0), (8, 46600.0, 1479.0), (7, 46600.0, 1479.0), (13, 46600.0, 1479.0), (8, 46600.0, 1479.0), (7, 46600.0, 1479.0), (13, 46600.0, 1479.0), (8, 46600.0, 1479.0), (7, 46600.0, 1479.0), (13, 46600.0, 1479.0), (8, 46600.0, 1479.0), (7, 46600.0, 1479.0), (13, 46600.0, 1479.0), (8, 46600.0, 1479.0), (7, 46600.0, 1479.0), (13, 46600.0, 1479.0), (8, 46600.0, 1479.0), (7, 46600.0, 1479.0), (13, 46600.0, 1479.0), (8, 46600.0, 1479.0), (7, 46600.0, 1479.0), (13, 46600.0, 1479.0), (8, 46600.0, 1479.0), (7, 46600.0, 1479.0), (13, 46600.0, 1479.0), (8, 46600.0, 1479.0), (7, 46600.0, 1479.0), (13, 46600.0, 1479.0), (8, 46600.0, 1479.0), (7, 46600.0, 1479.0), (13, 46600.0, 1479.0), (8, 46600.0, 1479.0), (7, 46600.0, 1479.0), (13, 46600.0, 1479.0), (8, 46600.0, 1479.0), (7, 46600.0, 1479.0), (13, 46600.0, 1479.0), (8, 46600.0, 1479.0), (7, 46600.0, 1479.0), (13, 46600.0, 1479.0), (8, 46600.0, 1479.0), (7, 46600.0, 1479.0), (13, 46600.0, 1479.0), (8, 46600.0, 1479.0), (7, 46600.0, 1479.0), (13, 46600.0, 1479.0), (8, 46600.0, 1479.0), (7, 46600.0, 1479.0), (13, 46600.0, 1479.0), (8, 46600.0, 1479.0), (7, 46600.0, 1479.0), (13, 46600.0, 1479.0), (8, 46600.0, 1479.0), (7, 46600.0, 1479.0), (13, 46600.0, 1479.0), (8, 46600.0, 1479.0), (7, 46600.0, 1479.0), (13, 46600.0, 1479.0), (8, 46600.0, 1479.0), (7, 46600.0, 1479.0), (13, 46600.0, 1479.0), (8, 46600.0, 1479.0), (7, 46600.0, 1479.0), (13, 46600.0, 1479.0), (8, 46600.0, 1479.0), (7, 46600.0, 1479.0), (13, 46600.0, 1479.0), (8, 46600.0, 1479.0), (7, 46600.0, 1479.0), (13, 46600.0, 1479.0), (8, 46600.0, 1479.0), (7, 46600.0, 1479.0), (13, 46600.0, 1479.0), (8, 46600.0, 1479.0), (7, 46600.0, 1479.0), (13, 46600.0, 1479.0), (8, 46600.0, 1479.0), (7, 46600.0, 1479.0), (13, 46600.0, 1479.0), (8, 46600.0, 1479.0), (7, 46600.0, 1479.0), (13, 46600.0, 1479.0), (8, 46600.0, 1479.0), (7, 46600.0, 1479.0), (13, 46600.0, 1479.0), (8, 46600.0, 1479.0), (7, 46600.0, 1479.0), (13, 46600.0, 1479.0), (8, 46600.0, 1479.0), (7, 46600.0, 1479.0), (13, 46600.0, 1479.0), (8, 46600.0, 1479.0), (7, 46600.0, 1479.0), (13, 46600.0, 1479.0), (8, 46600.0, 1479.0), (7, 46600.0, 1479.0), (13, 46600.0, 1479.0), (8, 46600.0, 1479.0), (7, 46600.0, 1479.0), (13, 46600.0, 1479.0), (8, 46600.0, 1479.0), (7, 46600.0, 1479.0), (13, 46600.0, 1479.0), (8, 46600.0, 1479.0), (7, 46600.0, 1479.0), (13, 46600.0, 1479.0), (8, 46600.0, 1479.0), (7, 46600.0, 1479.0), (13, 46600.0, 1479.0), (8, 46600.0, 1479.0), (7, 46600.0, 1479.0), (13, 46600.0, 1479.0), (8, 46600.0, 1479.0), (7, 46600.0, 1479.0), (13, 46600.0, 1479.0), (8, 46600.0, 1479.0), (7, 46600.0, 1479.0), (13, 46600.0, 1479.0), (8, 46600.0, 1479.0), (7, 46600.0, 1479.0), (13, 46600.0, 1479.0), (8, 46600.0, 1479.0), (7, 46600.0, 1479.0), (13, 46600.0, 1479.0), (8, 46600.0, 1479.0), (7, 46600.0, 1479.0), (13, 46600.0, 1479.0), (8, 46600.0, 1479.0), (7, 46600.0, 1479.0), (13, 46600.0, 1479.0), (8, 46600.0, 1479.0), (7, 46600.0, 1479.0), (13, 46600.0, 1479.0), (8, 46600.0, 1479.0), (7, 46600.0, 1479.0), (13, 46600.0, 1479.0), (8, 46600.0, 1479.0), (7, 46600.0, 1479.0), (13, 46600.0, 1479.0), (8, 46600.0, 1479.0), (7, 46600.0, 1479.0), (13, 46600.0, 1479.0), (8, 46600.0, 1479.0), (7, 46600.0, 1479.0), (13, 46600.0, 1479.0), (8, 46600.0, 1479.0), (7, 46600.0, 1479.0), (13, 46600.0, 1479.0), (8, 46600.0, 1479.0), (7, 46600.0, 1479.0), (13, 46600.0, 1479.0), (8, 46600.0, 1479.0), (7, 46600.0, 1479.0), (13, 46600.0, 1479.0), (8, 46600.0, 1479.0), (7, 46600.0, 1479.0), (13, 46600.0, 1479.0), (8, 46600.0, 1479.0), (7, 46600.0, 1479.0), (13, 46600.0, 1479.0), (8, 46600.0, 1479.0), (7, 46600.0, 1479.0), (13, 46600.0, 1479.0), (8, 46600.0, 1479.0), (7, 46600.0, 1479.0), (13, 46600.0, 1479.0), (8, 46600.0, 1479.0), (7, 46600.0, 1479.0), (13, 46600.0, 1479.0), (8, 46600.0, 1479.0), (7, 46600.0, 1479.0), (13, 46600.0, 1479.0), (8, 46600.0, 1479.0), (7, 46600.0, 1479.0), (13, 46600.0, 1479.0), (8, 46600.0, 1479.0), (7, 46600.0, 1479.0), (13, 46600.0, 1479.0), (8, 46600.0, 1479.0), (7, 46600.0, 1479.0), (13, 46600.0, 1479.0), (8, 46600.0, 1479.0), (7, 46600.0, 1479.0), (13, 46600.0, 1479.0), (8, 46600.0, 1479.0), (7, 46600.0, 1479.0), (13, 46600.0, 1479.0), (8, 46600.0, 1479.0), (7, 46600.0, 1479.0), (13, 46600.0, 1479.0), (8, 46600.0, 1479.0), (7, 46600.0, 1479.0), (13, 46600.0, 1479.0), (8, 46600.0, 1479.0), (7, 46600.0, 1479.0), (13, 46600.0, 1479.0), (8, 46600.0, 1479.0), (7, 46600.0, 1479.0), (13, 8459.0, 1479.0), (7, 8459.0, 1479.0), (13, 8459.0, 1479.0), (7, 8459.0, 1479.0), (13, 8459.0, 1479.0), (7, 8459.0, 1479.0), (13, 8459.0, 1479.0), (7, 8459.0, 1479.0), (13, 8459.0, 1479.0), (7, 8459.0, 1479.0), (13, 8459.0, 1479.0), (7, 8459.0, 1479.0), (13, 8459.0, 1479.0), (7, 8459.0, 1479.0), (13, 8459.0, 1479.0), (7, 8459.0, 1479.0), (13, 8459.0, 1479.0), (7, 8459.0, 1479.0), (13, 8459.0, 1479.0), (7, 8459.0, 1479.0), (13, 8459.0, 1479.0), (7, 8459.0, 1479.0), (13, 8459.0, 1479.0), (7, 8459.0, 1479.0), (13, 8459.0, 1479.0), (7, 8459.0, 1479.0), (13, 8459.0, 1479.0), (7, 8459.0, 1479.0), (13, 8459.0, 1479.0), (7, 8459.0, 1479.0), (13, 8459.0, 1479.0), (7, 8459.0, 1479.0), (13, 8459.0, 1479.0), (7, 8459.0, 1479.0), (13, 8459.0, 1479.0), (7, 8459.0, 1479.0), (13, 8459.0, 1479.0), (7, 8459.0, 1479.0), (13, 8459.0, 1479.0), (7, 8459.0, 1479.0), (13, 8459.0, 1479.0), (7, 8459.0, 1479.0), (13, 8459.0, 1479.0), (7, 8459.0, 1479.0), (13, 8459.0, 1479.0), (7, 8459.0, 1479.0), (13, 8459.0, 1479.0), (7, 8459.0, 1479.0), (13, 8459.0, 1479.0), (7, 8459.0, 1479.0), (13, 8459.0, 1479.0), (7, 8459.0, 1479.0), (13, 8459.0, 1479.0), (7, 8459.0, 1479.0), (13, 8459.0, 1479.0), (7, 8459.0, 1479.0), (13, 8459.0, 1479.0), (7, 8459.0, 1479.0), (13, 8459.0, 1479.0), (7, 8459.0, 1479.0), (13, 8459.0, 1479.0), (7, 8459.0, 1479.0), (13, 8459.0, 1479.0), (7, 8459.0, 1479.0), (13, 8459.0, 1479.0), (7, 8459.0, 1479.0), (13, 8459.0, 1479.0), (7, 8459.0, 1479.0), (13, 8459.0, 1479.0), (7, 8459.0, 1479.0), (13, 8459.0, 1479.0), (7, 8459.0, 1479.0), (13, 8459.0, 1479.0), (7, 8459.0, 1479.0), (13, 8459.0, 1479.0), (7, 8459.0, 1479.0), (13, 8459.0, 1479.0), (7, 8459.0, 1479.0), (13, 8459.0, 1479.0), (7, 8459.0, 1479.0), (13, 8459.0, 1479.0), (7, 8459.0, 1479.0), (13, 8459.0, 1479.0), (7, 8459.0, 1479.0), (13, 8459.0, 1479.0), (7, 8459.0, 1479.0), (13, 8459.0, 1479.0), (7, 8459.0, 1479.0), (13, 8459.0, 1479.0), (7, 8459.0, 1479.0), (13, 8459.0, 1479.0), (7, 8459.0, 1479.0), (13, 8459.0, 1479.0), (7, 8459.0, 1479.0), (13, 8459.0, 1479.0), (7, 8459.0, 1479.0), (13, 8459.0, 1479.0), (7, 8459.0, 1479.0), (13, 8459.0, 1479.0), (7, 8459.0, 1479.0), (13, 8459.0, 1479.0), (7, 8459.0, 1479.0), (13, 8459.0, 1479.0), (7, 8459.0, 1479.0), (13, 8459.0, 1479.0), (7, 8459.0, 1479.0), (13, 8459.0, 1479.0), (7, 8459.0, 1479.0), (13, 8459.0, 1479.0), (7, 8459.0, 1479.0), (13, 8459.0, 1479.0), (7, 8459.0, 1479.0), (13, 8459.0, 1479.0), (7, 8459.0, 1479.0), (13, 8459.0, 1479.0), (7, 8459.0, 1479.0), (13, 8459.0, 1479.0), (7, 8459.0, 1479.0), (13, 8459.0, 1479.0), (7, 8459.0, 1479.0), (13, 8459.0, 1479.0), (7, 8459.0, 1479.0), (13, 8459.0, 1479.0), (7, 8459.0, 1479.0), (13, 8459.0, 1479.0), (7, 8459.0, 1479.0), (13, 8459.0, 1479.0), (7, 8459.0, 1479.0), (13, 8459.0, 1479.0), (7, 8459.0, 1479.0), (13, 8459.0, 1479.0), (7, 8459.0, 1479.0), (13, 8459.0, 1479.0), (7, 8459.0, 1479.0), (13, 8459.0, 1479.0), (7, 8459.0, 1479.0), (13, 8459.0, 1479.0), (7, 8459.0, 1479.0), (13, 8459.0, 1479.0), (7, 8459.0, 1479.0), (13, 8459.0, 1479.0), (7, 8459.0, 1479.0), (13, 8459.0, 1479.0), (7, 8459.0, 1479.0), (13, 8459.0, 1479.0), (7, 8459.0, 1479.0), (13, 8459.0, 1479.0), (7, 8459.0, 1479.0), (13, 8459.0, 1479.0), (7, 8459.0, 1479.0), (13, 8459.0, 1479.0), (7, 8459.0, 1479.0), (13, 8459.0, 1479.0), (7, 8459.0, 1479.0), (13, 8459.0, 1479.0), (7, 8459.0, 1479.0), (13, 8459.0, 1479.0), (7, 8459.0, 1479.0), (13, 8459.0, 1479.0), (7, 8459.0, 1479.0), (13, 8459.0, 1479.0), (7, 8459.0, 1479.0), (13, 8459.0, 1479.0), (7, 8459.0, 1479.0), (13, 8459.0, 1479.0), (7, 8459.0, 1479.0), (13, 8459.0, 1479.0), (7, 8459.0, 1479.0), (13, 8459.0, 1479.0), (7, 8459.0, 1479.0), (13, 8459.0, 1479.0), (7, 8459.0, 1479.0), (13, 8459.0, 1479.0), (7, 8459.0, 1479.0), (13, 8459.0, 1479.0), (7, 8459.0, 1479.0), (13, 8459.0, 1479.0), (7, 8459.0, 1479.0), (13, 8459.0, 1479.0), (7, 8459.0, 1479.0), (13, 8459.0, 1479.0), (7, 8459.0, 1479.0), (13, 8459.0, 1479.0), (7, 8459.0, 1479.0), (13, 8459.0, 1479.0), (7, 8459.0, 1479.0), (13, 8459.0, 1479.0), (7, 8459.0, 1479.0), (13, 8459.0, 1479.0), (7, 8459.0, 1479.0), (13, 8459.0, 1479.0), (7, 8459.0, 1479.0), (13, 8459.0, 1479.0), (7, 8459.0, 1479.0), (13, 8459.0, 1479.0), (7, 8459.0, 1479.0), (13, 8459.0, 1479.0), (7, 8459.0, 1479.0), (13, 8459.0, 1479.0), (7, 8459.0, 1479.0), (13, 8459.0, 1479.0), (7, 8459.0, 1479.0), (13, 8459.0, 1479.0), (7, 8459.0, 1479.0), (13, 8459.0, 1479.0), (7, 8459.0, 1479.0), (13, 8459.0, 1479.0), (7, 8459.0, 1479.0), (13, 8459.0, 1479.0), (7, 8459.0, 1479.0), (13, 8459.0, 1479.0), (7, 8459.0, 1479.0), (13, 8459.0, 1479.0), (7, 8459.0, 1479.0), (13, 8459.0, 1479.0), (7, 8459.0, 1479.0), (13, 8459.0, 1479.0), (7, 8459.0, 1479.0), (13, 8459.0, 1479.0), (7, 8459.0, 1479.0), (13, 8459.0, 1479.0), (7, 8459.0, 1479.0), (13, 8459.0, 1479.0), (7, 8459.0, 1479.0), (13, 8459.0, 1479.0), (7, 8459.0, 1479.0), (13, 8459.0, 1479.0), (7, 8459.0, 1479.0), (13, 8459.0, 1479.0), (7, 8459.0, 1479.0), (13, 8459.0, 1479.0), (7, 8459.0, 1479.0), (13, 8459.0, 1479.0), (7, 8459.0, 1479.0), (13, 8459.0, 1479.0), (7, 8459.0, 1479.0), (13, 8459.0, 1479.0), (7, 8459.0, 1479.0), (13, 8459.0, 1479.0), (7, 8459.0, 1479.0), (13, 8459.0, 1479.0), (7, 8459.0, 1479.0), (13, 8459.0, 1479.0), (7, 8459.0, 1479.0), (13, 8459.0, 1479.0), (7, 8459.0, 1479.0), (13, 8459.0, 1479.0), (7, 8459.0, 1479.0), (13, 8459.0, 1479.0), (7, 8459.0, 1479.0), (13, 8459.0, 1479.0), (7, 8459.0, 1479.0), (13, 8459.0, 1479.0), (7, 8459.0, 1479.0), (13, 8459.0, 1479.0), (7, 8459.0, 1479.0), (13, 8459.0, 1479.0), (7, 8459.0, 1479.0), (13, 8459.0, 1479.0), (7, 8459.0, 1479.0), (13, 8459.0, 1479.0), (7, 8459.0, 1479.0), (13, 8459.0, 1479.0), (7, 8459.0, 1479.0), (13, 8459.0, 1479.0), (7, 8459.0, 1479.0), (13, 8459.0, 1479.0), (7, 8459.0, 1479.0), (13, 8459.0, 1479.0), (7, 8459.0, 1479.0), (13, 8459.0, 1479.0), (7, 8459.0, 1479.0), (13, 8459.0, 1479.0), (7, 8459.0, 1479.0), (13, 8459.0, 1479.0), (7, 8459.0, 1479.0), (13, 8459.0, 1479.0), (7, 8459.0, 1479.0), (13, 8459.0, 1479.0), (7, 8459.0, 1479.0), (13, 8459.0, 1479.0), (7, 8459.0, 1479.0), (13, 8459.0, 1479.0), (7, 8459.0, 1479.0), (13, 8459.0, 1479.0), (7, 8459.0, 1479.0), (13, 8459.0, 1479.0), (7, 8459.0, 1479.0), (13, 8459.0, 1479.0), (7, 8459.0, 1479.0), (13, 8459.0, 1479.0), (7, 8459.0, 1479.0), (13, 8459.0, 1479.0), (7, 8459.0, 1479.0), (13, 8459.0, 1479.0), (7, 8459.0, 1479.0), (13, 8459.0, 1479.0), (7, 8459.0, 1479.0), (13, 8459.0, 1479.0), (7, 8459.0, 1479.0), (13, 8459.0, 1479.0), (7, 8459.0, 1479.0), (13, 8459.0, 1479.0), (7, 8459.0, 1479.0), (13, 8459.0, 1479.0), (7, 8459.0, 1479.0), (13, 8459.0, 1479.0), (7, 8459.0, 1479.0), (13, 8459.0, 1479.0), (7, 8459.0, 1479.0), (13, 8459.0, 1479.0), (7, 8459.0, 1479.0), (13, 8459.0, 1479.0), (7, 8459.0, 1479.0), (13, 8459.0, 1479.0), (7, 8459.0, 1479.0), (13, 8459.0, 1479.0), (7, 8459.0, 1479.0), (13, 8459.0, 1479.0), (7, 8459.0, 1479.0), (13, 8459.0, 1479.0), (7, 8459.0, 1479.0), (13, 8459.0, 1479.0), (7, 8459.0, 1479.0), (13, 8459.0, 1479.0), (7, 8459.0, 1479.0), (13, 8459.0, 1479.0), (7, 8459.0, 1479.0), (13, 8459.0, 1479.0), (7, 8459.0, 1479.0), (13, 8459.0, 1479.0), (7, 8459.0, 1479.0), (13, 8459.0, 1479.0), (7, 8459.0, 1479.0), (13, 8459.0, 1479.0), (7, 8459.0, 1479.0), (13, 8459.0, 1479.0), (7, 8459.0, 1479.0), (13, 8459.0, 1479.0), (7, 8459.0, 1479.0), (13, 8459.0, 1479.0), (7, 8459.0, 1479.0), (13, 8459.0, 1479.0), (7, 8459.0, 1479.0), (13, 8459.0, 1479.0), (7, 8459.0, 1479.0), (13, 8459.0, 1479.0), (7, 8459.0, 1479.0), (13, 8459.0, 1479.0), (7, 8459.0, 1479.0), (13, 8459.0, 1479.0), (7, 8459.0, 1479.0), (13, 8459.0, 1479.0), (7, 8459.0, 1479.0), (13, 8459.0, 1479.0), (7, 8459.0, 1479.0), (13, 8459.0, 1479.0), (7, 8459.0, 1479.0), (13, 8459.0, 1479.0), (7, 8459.0, 1479.0), (13, 8459.0, 1479.0), (7, 8459.0, 1479.0), (13, 8459.0, 1479.0), (7, 8459.0, 1479.0), (13, 8459.0, 1479.0), (7, 8459.0, 1479.0), (13, 8459.0, 1479.0), (7, 8459.0, 1479.0), (13, 8459.0, 1479.0), (7, 8459.0, 1479.0), (13, 8459.0, 1479.0), (7, 8459.0, 1479.0), (13, 8459.0, 1479.0), (7, 8459.0, 1479.0), (13, 8459.0, 1479.0), (7, 8459.0, 1479.0), (13, 8459.0, 1479.0), (7, 8459.0, 1479.0), (13, 8459.0, 1479.0), (7, 8459.0, 1479.0), (13, 8459.0, 1479.0), (7, 8459.0, 1479.0), (13, 8459.0, 1479.0), (7, 8459.0, 1479.0), (13, 8459.0, 1479.0), (7, 8459.0, 1479.0), (13, 8459.0, 1479.0), (7, 8459.0, 1479.0), (13, 8459.0, 1479.0), (7, 8459.0, 1479.0), (13, 8459.0, 1479.0), (7, 8459.0, 1479.0), (13, 8459.0, 1479.0), (7, 8459.0, 1479.0), (13, 8459.0, 1479.0), (7, 8459.0, 1479.0), (13, 8459.0, 1479.0), (7, 8459.0, 1479.0), (13, 8459.0, 1479.0), (7, 8459.0, 1479.0), (13, 8459.0, 1479.0), (7, 8459.0, 1479.0), (13, 8459.0, 1479.0), (7, 8459.0, 1479.0), (13, 8459.0, 1479.0), (7, 8459.0, 1479.0), (13, 8459.0, 1479.0), (7, 8459.0, 1479.0), (13, 8459.0, 1479.0), (7, 8459.0, 1479.0), (13, 8459.0, 1479.0), (7, 8459.0, 1479.0), (13, 8459.0, 1479.0), (7, 8459.0, 1479.0), (13, 8459.0, 1479.0), (7, 8459.0, 1479.0), (13, 8459.0, 1479.0), (7, 8459.0, 1479.0), (13, 8459.0, 1479.0), (7, 8459.0, 1479.0), (13, 8459.0, 1479.0), (7, 8459.0, 1479.0), (13, 8459.0, 1479.0), (7, 8459.0, 1479.0), (13, 8459.0, 1479.0), (7, 8459.0, 1479.0), (13, 8459.0, 1479.0), (7, 8459.0, 1479.0), (13, 8459.0, 1479.0), (7, 8459.0, 1479.0), (13, 8459.0, 1479.0), (7, 8459.0, 1479.0), (13, 8459.0, 1479.0), (7, 8459.0, 1479.0), (13, 8459.0, 1479.0), (7, 8459.0, 1479.0), (13, 8459.0, 1479.0), (7, 8459.0, 1479.0), (13, 8459.0, 1479.0), (7, 8459.0, 1479.0), (13, 8459.0, 1479.0), (7, 8459.0, 1479.0), (13, 8459.0, 1479.0), (7, 8459.0, 1479.0), (13, 8459.0, 1479.0), (7, 8459.0, 1479.0), (13, 8459.0, 1479.0), (7, 8459.0, 1479.0), (13, 8459.0, 1479.0), (7, 8459.0, 1479.0), (13, 8459.0, 1479.0), (7, 8459.0, 1479.0), (13, 8459.0, 1479.0), (7, 8459.0, 1479.0), (13, 8459.0, 1479.0), (7, 8459.0, 1479.0), (13, 8459.0, 1479.0), (7, 8459.0, 1479.0), (13, 8459.0, 1479.0), (7, 8459.0, 1479.0), (13, 8459.0, 1479.0), (7, 8459.0, 1479.0), (13, 8459.0, 1479.0), (7, 8459.0, 1479.0), (13, 8459.0, 1479.0), (7, 8459.0, 1479.0), (13, 8459.0, 1479.0), (7, 8459.0, 1479.0), (13, 8459.0, 1479.0), (7, 8459.0, 1479.0), (13, 8459.0, 1479.0), (7, 8459.0, 1479.0), (13, 8459.0, 1479.0), (7, 8459.0, 1479.0), (13, 8459.0, 1479.0), (7, 8459.0, 1479.0), (13, 8459.0, 1479.0), (7, 8459.0, 1479.0), (13, 8459.0, 1479.0), (7, 8459.0, 1479.0), (13, 8459.0, 1479.0), (7, 8459.0, 1479.0), (13, 8459.0, 1479.0), (7, 8459.0, 1479.0), (13, 8459.0, 1479.0), (7, 8459.0, 1479.0), (13, 8459.0, 1479.0), (7, 8459.0, 1479.0), (13, 8459.0, 1479.0), (7, 8459.0, 1479.0), (13, 8459.0, 1479.0), (7, 8459.0, 1479.0), (13, 8459.0, 1479.0), (7, 8459.0, 1479.0), (13, 8459.0, 1479.0), (7, 8459.0, 1479.0), (13, 8459.0, 1479.0), (7, 8459.0, 1479.0), (13, 8459.0, 1479.0), (7, 8459.0, 1479.0), (13, 8459.0, 1479.0), (7, 8459.0, 1479.0), (13, 8459.0, 1479.0), (7, 8459.0, 1479.0), (13, 8459.0, 1479.0), (7, 8459.0, 1479.0), (13, 8459.0, 1479.0), (7, 8459.0, 1479.0), (13, 8459.0, 1479.0), (7, 8459.0, 1479.0), (13, 8459.0, 1479.0), (7, 8459.0, 1479.0), (13, 8459.0, 1479.0), (7, 8459.0, 1479.0), (13, 8459.0, 1479.0), (7, 8459.0, 1479.0), (13, 8459.0, 1479.0), (7, 8459.0, 1479.0), (13, 8459.0, 1479.0), (7, 8459.0, 1479.0), (13, 8459.0, 1479.0), (7, 8459.0, 1479.0), (13, 8459.0, 1479.0), (7, 8459.0, 1479.0), (13, 8459.0, 1479.0), (7, 8459.0, 1479.0), (13, 8459.0, 1479.0), (7, 8459.0, 1479.0), (13, 8459.0, 1479.0), (7, 8459.0, 1479.0), (13, 8459.0, 1479.0), (7, 8459.0, 1479.0), (13, 8459.0, 1479.0), (7, 8459.0, 1479.0), (13, 8459.0, 1479.0), (7, 8459.0, 1479.0), (13, 8459.0, 1479.0), (7, 8459.0, 1479.0), (13, 8459.0, 1479.0), (7, 8459.0, 1479.0), (13, 8459.0, 1479.0), (7, 8459.0, 1479.0), (13, 8459.0, 1479.0), (7, 8459.0, 1479.0), (13, 8459.0, 1479.0), (7, 8459.0, 1479.0), (13, 8459.0, 1479.0), (7, 8459.0, 1479.0), (13, 8459.0, 1479.0), (7, 8459.0, 1479.0), (13, 8459.0, 1479.0), (7, 8459.0, 1479.0), (13, 8459.0, 1479.0), (7, 8459.0, 1479.0), (13, 8459.0, 1479.0), (7, 8459.0, 1479.0), (13, 8459.0, 1479.0), (7, 8459.0, 1479.0), (13, 8459.0, 1479.0), (7, 8459.0, 1479.0), (13, 8459.0, 1479.0), (7, 8459.0, 1479.0), (13, 8459.0, 1479.0), (7, 8459.0, 1479.0), (13, 8459.0, 1479.0), (7, 8459.0, 1479.0), (13, 8459.0, 1479.0), (7, 8459.0, 1479.0), (13, 8459.0, 1479.0), (7, 8459.0, 1479.0), (13, 8459.0, 1479.0), (7, 8459.0, 1479.0), (13, 8459.0, 1479.0), (7, 8459.0, 1479.0), (13, 8459.0, 1479.0), (7, 8459.0, 1479.0), (13, 8459.0, 1479.0), (7, 8459.0, 1479.0), (13, 8459.0, 1479.0), (7, 8459.0, 1479.0), (13, 8459.0, 1479.0), (7, 8459.0, 1479.0), (13, 8459.0, 1479.0), (7, 8459.0, 1479.0), (13, 8459.0, 1479.0), (7, 8459.0, 1479.0), (13, 8459.0, 1479.0), (7, 8459.0, 1479.0), (13, 8459.0, 1479.0), (7, 8459.0, 1479.0), (13, 8459.0, 1479.0), (7, 8459.0, 1479.0), (13, 8459.0, 1479.0), (7, 8459.0, 1479.0), (13, 8459.0, 1479.0), (7, 8459.0, 1479.0), (13, 8459.0, 1479.0), (7, 8459.0, 1479.0), (13, 8459.0, 1479.0), (7, 8459.0, 1479.0), (13, 8459.0, 1479.0), (7, 8459.0, 1479.0), (13, 8459.0, 1479.0), (7, 8459.0, 1479.0), (13, 8459.0, 1479.0), (7, 8459.0, 1479.0), (13, 8459.0, 1479.0), (7, 8459.0, 1479.0), (13, 8459.0, 1479.0), (7, 8459.0, 1479.0), (13, 8459.0, 1479.0), (7, 8459.0, 1479.0), (13, 8459.0, 1479.0), (7, 8459.0, 1479.0), (13, 8459.0, 1479.0), (7, 8459.0, 1479.0), (13, 8459.0, 1479.0), (7, 8459.0, 1479.0), (13, 8459.0, 1479.0), (7, 8459.0, 1479.0), (13, 8459.0, 1479.0), (7, 8459.0, 1479.0), (13, 8459.0, 1479.0), (7, 8459.0, 1479.0), (13, 8459.0, 1479.0), (7, 8459.0, 1479.0), (13, 8459.0, 1479.0), (7, 8459.0, 1479.0), (13, 8459.0, 1479.0), (7, 8459.0, 1479.0), (13, 8459.0, 1479.0), (7, 8459.0, 1479.0), (13, 8459.0, 1479.0), (7, 8459.0, 1479.0), (13, 8459.0, 1479.0), (7, 8459.0, 1479.0), (13, 8459.0, 1479.0), (7, 8459.0, 1479.0), (13, 8459.0, 1479.0), (7, 8459.0, 1479.0), (13, 8459.0, 1479.0), (7, 8459.0, 1479.0), (13, 8459.0, 1479.0), (7, 8459.0, 1479.0), (13, 8459.0, 1479.0), (7, 8459.0, 1479.0), (13, 8459.0, 1479.0), (7, 8459.0, 1479.0), (13, 8459.0, 1479.0), (7, 8459.0, 1479.0), (13, 8459.0, 1479.0), (7, 8459.0, 1479.0), (13, 8459.0, 1479.0), (7, 8459.0, 1479.0), (13, 8459.0, 1479.0), (7, 8459.0, 1479.0), (13, 8459.0, 1479.0), (7, 8459.0, 1479.0), (13, 8459.0, 1479.0), (7, 8459.0, 1479.0), (13, 8459.0, 1479.0), (7, 8459.0, 1479.0), (13, 8459.0, 1479.0), (7, 8459.0, 1479.0), (13, 8459.0, 1479.0), (7, 8459.0, 1479.0), (13, 8459.0, 1479.0), (7, 8459.0, 1479.0), (13, 8459.0, 1479.0), (7, 8459.0, 1479.0), (13, 8459.0, 1479.0), (7, 8459.0, 1479.0), (13, 8459.0, 1479.0), (7, 8459.0, 1479.0), (13, 8459.0, 1479.0), (7, 8459.0, 1479.0), (13, 8459.0, 1479.0), (7, 8459.0, 1479.0), (13, 8459.0, 1479.0), (7, 8459.0, 1479.0), (13, 8459.0, 1479.0), (7, 8459.0, 1479.0), (13, 8459.0, 1479.0), (7, 8459.0, 1479.0), (13, 8459.0, 1479.0), (7, 8459.0, 1479.0), (13, 8459.0, 1479.0), (7, 8459.0, 1479.0), (13, 8459.0, 1479.0), (7, 8459.0, 1479.0), (13, 8459.0, 1479.0), (7, 8459.0, 1479.0), (13, 8459.0, 1479.0), (7, 8459.0, 1479.0), (13, 8459.0, 1479.0), (7, 8459.0, 1479.0), (13, 8459.0, 1479.0), (7, 8459.0, 1479.0), (13, 8459.0, 1479.0), (7, 8459.0, 1479.0), (13, 8459.0, 1479.0), (7, 8459.0, 1479.0), (13, 8459.0, 1479.0), (7, 8459.0, 1479.0), (13, 8459.0, 1479.0), (7, 8459.0, 1479.0), (13, 8459.0, 1479.0), (7, 8459.0, 1479.0), (13, 8459.0, 1479.0), (7, 8459.0, 1479.0), (13, 8459.0, 1479.0), (7, 8459.0, 1479.0), (13, 8459.0, 1479.0), (7, 8459.0, 1479.0), (13, 8459.0, 1479.0), (7, 8459.0, 1479.0), (13, 8459.0, 1479.0), (7, 8459.0, 1479.0), (13, 8459.0, 1479.0), (7, 8459.0, 1479.0), (13, 8459.0, 1479.0), (7, 8459.0, 1479.0), (13, 8459.0, 1479.0), (7, 8459.0, 1479.0), (13, 8459.0, 1479.0), (7, 8459.0, 1479.0), (13, 8459.0, 1479.0), (7, 8459.0, 1479.0), (13, 8459.0, 1479.0), (7, 8459.0, 1479.0), (13, 8459.0, 1479.0), (7, 8459.0, 1479.0), (13, 8459.0, 1479.0), (7, 8459.0, 1479.0), (13, 8459.0, 1479.0), (7, 8459.0, 1479.0), (13, 8459.0, 1479.0), (7, 8459.0, 1479.0), (13, 8459.0, 1479.0), (7, 8459.0, 1479.0), (13, 8459.0, 1479.0), (7, 8459.0, 1479.0), (13, 8459.0, 1479.0), (7, 8459.0, 1479.0), (13, 8459.0, 1479.0), (7, 8459.0, 1479.0), (13, 8459.0, 1479.0), (7, 8459.0, 1479.0), (13, 8459.0, 1479.0), (7, 8459.0, 1479.0), (13, 8459.0, 1479.0), (7, 8459.0, 1479.0), (13, 8459.0, 1479.0), (7, 8459.0, 1479.0), (13, 8459.0, 1479.0), (7, 8459.0, 1479.0), (13, 8459.0, 1479.0), (7, 8459.0, 1479.0), (13, 8459.0, 1479.0), (7, 8459.0, 1479.0), (13, 8459.0, 1479.0), (7, 8459.0, 1479.0), (13, 8459.0, 1479.0), (7, 8459.0, 1479.0), (13, 8459.0, 1479.0), (7, 8459.0, 1479.0), (13, 8459.0, 1479.0), (7, 8459.0, 1479.0), (13, 8459.0, 1479.0), (7, 8459.0, 1479.0), (13, 8459.0, 1479.0), (7, 8459.0, 1479.0), (13, 8459.0, 1479.0), (7, 8459.0, 1479.0), (13, 8459.0, 1479.0), (7, 8459.0, 1479.0), (13, 8459.0, 1479.0), (7, 8459.0, 1479.0), (13, 8459.0, 1479.0), (7, 8459.0, 1479.0), (13, 8459.0, 1479.0), (7, 8459.0, 1479.0), (13, 8459.0, 1479.0), (7, 8459.0, 1479.0), (13, 8459.0, 1479.0), (7, 8459.0, 1479.0), (13, 8459.0, 1479.0), (7, 8459.0, 1479.0), (13, 8459.0, 1479.0), (7, 8459.0, 1479.0), (13, 8459.0, 1479.0), (7, 8459.0, 1479.0), (13, 8459.0, 1479.0), (7, 8459.0, 1479.0), (13, 8459.0, 1479.0), (7, 8459.0, 1479.0), (13, 8459.0, 1479.0), (7, 8459.0, 1479.0), (13, 8459.0, 1479.0), (7, 8459.0, 1479.0), (13, 8459.0, 1479.0), (7, 8459.0, 1479.0), (13, 8459.0, 1479.0), (7, 8459.0, 1479.0), (13, 8459.0, 1479.0), (7, 8459.0, 1479.0), (13, 8459.0, 1479.0), (7, 8459.0, 1479.0), (13, 8459.0, 1479.0), (7, 8459.0, 1479.0), (13, 8459.0, 1479.0), (7, 8459.0, 1479.0), (13, 8459.0, 1479.0), (7, 8459.0, 1479.0), (13, 8459.0, 1479.0), (7, 8459.0, 1479.0), (13, 8459.0, 1479.0), (7, 8459.0, 1479.0), (13, 8459.0, 1479.0), (7, 8459.0, 1479.0), (13, 8459.0, 1479.0), (7, 8459.0, 1479.0), (13, 8459.0, 1479.0), (7, 8459.0, 1479.0), (13, 8459.0, 1479.0), (7, 8459.0, 1479.0), (13, 8459.0, 1479.0), (7, 8459.0, 1479.0), (13, 8459.0, 1479.0), (7, 8459.0, 1479.0), (13, 8459.0, 1479.0), (7, 8459.0, 1479.0), (13, 8459.0, 1479.0), (7, 8459.0, 1479.0), (13, 8459.0, 1479.0), (7, 8459.0, 1479.0), (13, 8459.0, 1479.0), (7, 8459.0, 1479.0), (13, 8459.0, 1479.0), (7, 8459.0, 1479.0), (13, 8459.0, 1479.0), (7, 8459.0, 1479.0), (13, 8459.0, 1479.0), (7, 8459.0, 1479.0), (13, 8459.0, 1479.0), (7, 8459.0, 1479.0), (13, 8459.0, 1479.0), (7, 8459.0, 1479.0), (13, 8459.0, 1479.0), (7, 8459.0, 1479.0), (13, 8459.0, 1479.0), (7, 8459.0, 1479.0), (13, 8459.0, 1479.0), (7, 8459.0, 1479.0), (13, 8459.0, 1479.0), (7, 8459.0, 1479.0), (13, 8459.0, 1479.0), (7, 8459.0, 1479.0), (13, 8459.0, 1479.0), (7, 8459.0, 1479.0), (13, 8459.0, 1479.0), (7, 8459.0, 1479.0), (13, 8459.0, 1479.0), (7, 8459.0, 1479.0), (13, 8459.0, 1479.0), (7, 8459.0, 1479.0), (13, 8459.0, 1479.0), (7, 8459.0, 1479.0), (13, 8459.0, 1479.0), (7, 8459.0, 1479.0), (13, 8459.0, 1479.0), (7, 8459.0, 1479.0), (13, 8459.0, 1479.0), (7, 8459.0, 1479.0), (13, 8459.0, 1479.0), (7, 8459.0, 1479.0), (13, 8459.0, 1479.0), (7, 8459.0, 1479.0), (13, 8459.0, 1479.0), (7, 8459.0, 1479.0), (13, 8459.0, 1479.0), (7, 8459.0, 1479.0), (13, 8459.0, 1479.0), (7, 8459.0, 1479.0), (13, 8459.0, 1479.0), (7, 8459.0, 1479.0), (13, 8459.0, 1479.0), (7, 8459.0, 1479.0), (13, 8459.0, 1479.0), (7, 8459.0, 1479.0), (13, 8459.0, 1479.0), (7, 8459.0, 1479.0), (13, 8459.0, 1479.0), (7, 8459.0, 1479.0), (13, 8459.0, 1479.0), (7, 8459.0, 1479.0), (13, 8459.0, 1479.0), (7, 8459.0, 1479.0), (13, 8459.0, 1479.0), (7, 8459.0, 1479.0), (13, 8459.0, 1479.0), (7, 8459.0, 1479.0), (13, 8459.0, 1479.0), (7, 8459.0, 1479.0), (13, 8459.0, 1479.0), (7, 8459.0, 1479.0), (13, 8459.0, 1479.0), (7, 8459.0, 1479.0), (13, 8459.0, 1479.0), (7, 8459.0, 1479.0), (13, 8459.0, 1479.0), (7, 8459.0, 1479.0), (13, 8459.0, 1479.0), (7, 8459.0, 1479.0), (13, 8459.0, 1479.0), (7, 8459.0, 1479.0), (13, 8459.0, 1479.0), (7, 8459.0, 1479.0), (13, 8459.0, 1479.0), (7, 8459.0, 1479.0), (13, 8459.0, 1479.0), (7, 8459.0, 1479.0), (13, 8459.0, 1479.0), (7, 8459.0, 1479.0), (13, 8459.0, 1479.0), (7, 8459.0, 1479.0), (13, 8459.0, 1479.0), (7, 8459.0, 1479.0), (13, 8459.0, 1479.0), (7, 8459.0, 1479.0), (13, 8459.0, 1479.0), (7, 8459.0, 1479.0), (13, 8459.0, 1479.0), (7, 8459.0, 1479.0), (13, 8459.0, 1479.0), (7, 8459.0, 1479.0), (13, 8459.0, 1479.0), (7, 8459.0, 1479.0), (13, 8459.0, 1479.0), (7, 8459.0, 1479.0), (13, 8459.0, 1479.0), (7, 8459.0, 1479.0), (13, 8459.0, 1479.0), (7, 8459.0, 1479.0), (13, 8459.0, 1479.0), (7, 8459.0, 1479.0), (13, 8459.0, 1479.0), (7, 8459.0, 1479.0), (13, 8459.0, 1479.0), (7, 8459.0, 1479.0), (13, 8459.0, 1479.0), (7, 8459.0, 1479.0), (13, 8459.0, 1479.0), (7, 8459.0, 1479.0), (13, 8459.0, 1479.0), (7, 8459.0, 1479.0), (13, 8459.0, 1479.0), (7, 8459.0, 1479.0), (13, 8459.0, 1479.0), (7, 8459.0, 1479.0), (13, 8459.0, 1479.0), (7, 8459.0, 1479.0), (13, 8459.0, 1479.0), (7, 8459.0, 1479.0), (13, 8459.0, 1479.0), (7, 8459.0, 1479.0), (13, 8459.0, 1479.0), (7, 8459.0, 1479.0), (13, 8459.0, 1479.0), (7, 8459.0, 1479.0), (13, 8459.0, 1479.0), (7, 8459.0, 1479.0), (13, 8459.0, 1479.0), (7, 8459.0, 1479.0), (13, 8459.0, 1479.0), (7, 8459.0, 1479.0), (13, 8459.0, 1479.0), (7, 8459.0, 1479.0), (13, 8459.0, 1479.0), (7, 8459.0, 1479.0), (13, 8459.0, 1479.0), (7, 8459.0, 1479.0), (13, 8459.0, 1479.0), (7, 8459.0, 1479.0), (13, 8459.0, 1479.0), (7, 8459.0, 1479.0), (13, 8459.0, 1479.0), (7, 8459.0, 1479.0), (13, 8459.0, 1479.0), (7, 8459.0, 1479.0), (13, 8459.0, 1479.0), (7, 8459.0, 1479.0), (13, 8459.0, 1479.0), (7, 8459.0, 1479.0), (13, 8459.0, 1479.0), (7, 8459.0, 1479.0), (13, 8459.0, 1479.0), (7, 8459.0, 1479.0), (13, 8459.0, 1479.0), (7, 8459.0, 1479.0), (13, 8459.0, 1479.0), (7, 8459.0, 1479.0), (13, 8459.0, 1479.0), (7, 8459.0, 1479.0), (13, 8459.0, 1479.0), (7, 8459.0, 1479.0), (13, 8459.0, 1479.0), (7, 8459.0, 1479.0), (13, 8459.0, 1479.0), (7, 8459.0, 1479.0), (13, 8459.0, 1479.0), (7, 8459.0, 1479.0), (13, 8459.0, 1479.0), (7, 8459.0, 1479.0), (13, 8459.0, 1479.0), (7, 8459.0, 1479.0), (13, 8459.0, 1479.0), (7, 8459.0, 1479.0), (13, 8459.0, 1479.0), (7, 8459.0, 1479.0), (13, 8459.0, 1479.0), (7, 8459.0, 1479.0), (13, 8459.0, 1479.0), (7, 8459.0, 1479.0), (13, 8459.0, 1479.0), (7, 8459.0, 1479.0), (13, 8459.0, 1479.0), (7, 8459.0, 1479.0), (13, 8459.0, 1479.0), (7, 8459.0, 1479.0), (13, 8459.0, 1479.0), (7, 8459.0, 1479.0), (13, 8459.0, 1479.0), (7, 8459.0, 1479.0), (13, 8459.0, 1479.0), (7, 8459.0, 1479.0), (13, 8459.0, 1479.0), (7, 8459.0, 1479.0), (13, 8459.0, 1479.0), (7, 8459.0, 1479.0), (13, 8459.0, 1479.0), (7, 8459.0, 1479.0), (13, 8459.0, 1479.0), (7, 8459.0, 1479.0), (13, 8459.0, 1479.0), (7, 8459.0, 1479.0), (13, 8459.0, 1479.0), (7, 8459.0, 1479.0), (13, 8459.0, 1479.0), (7, 8459.0, 1479.0), (13, 8459.0, 1479.0), (7, 8459.0, 1479.0), (13, 8459.0, 1479.0), (7, 8459.0, 1479.0), (13, 8459.0, 1479.0), (7, 8459.0, 1479.0), (13, 8459.0, 1479.0), (7, 8459.0, 1479.0), (13, 8459.0, 1479.0), (7, 8459.0, 1479.0), (13, 8459.0, 1479.0), (7, 8459.0, 1479.0), (13, 8459.0, 1479.0), (7, 8459.0, 1479.0), (13, 8459.0, 1479.0), (7, 8459.0, 1479.0), (13, 8459.0, 1479.0), (7, 8459.0, 1479.0), (13, 8459.0, 1479.0), (7, 8459.0, 1479.0), (13, 8459.0, 1479.0), (7, 8459.0, 1479.0), (13, 8459.0, 1479.0), (7, 8459.0, 1479.0), (13, 8459.0, 1479.0), (7, 8459.0, 1479.0), (13, 8459.0, 1479.0), (7, 8459.0, 1479.0), (13, 8459.0, 1479.0), (7, 8459.0, 1479.0), (13, 8459.0, 1479.0), (7, 8459.0, 1479.0), (13, 8459.0, 1479.0), (7, 8459.0, 1479.0), (13, 8459.0, 1479.0), (7, 8459.0, 1479.0), (13, 8459.0, 1479.0), (7, 8459.0, 1479.0), (13, 8459.0, 1479.0), (7, 8459.0, 1479.0), (13, 8459.0, 1479.0), (7, 8459.0, 1479.0), (13, 8459.0, 1479.0), (7, 8459.0, 1479.0), (13, 8459.0, 1479.0), (7, 8459.0, 1479.0), (13, 8459.0, 1479.0), (7, 8459.0, 1479.0), (13, 8459.0, 1479.0), (7, 8459.0, 1479.0), (13, 8459.0, 1479.0), (7, 8459.0, 1479.0), (13, 8459.0, 1479.0), (7, 8459.0, 1479.0), (13, 8459.0, 1479.0), (7, 8459.0, 1479.0), (13, 8459.0, 1479.0), (7, 8459.0, 1479.0), (13, 8459.0, 1479.0), (7, 8459.0, 1479.0), (13, 8459.0, 1479.0), (7, 8459.0, 1479.0), (13, 8459.0, 1479.0), (7, 8459.0, 1479.0), (13, 8459.0, 1479.0), (7, 8459.0, 1479.0), (13, 8459.0, 1479.0), (7, 8459.0, 1479.0), (13, 8459.0, 1479.0), (7, 8459.0, 1479.0), (13, 8459.0, 1479.0), (7, 8459.0, 1479.0), (13, 8459.0, 1479.0), (7, 8459.0, 1479.0), (13, 8459.0, 1479.0), (7, 8459.0, 1479.0), (13, 8459.0, 1479.0), (7, 8459.0, 1479.0), (13, 8459.0, 1479.0), (7, 8459.0, 1479.0), (13, 8459.0, 1479.0), (7, 8459.0, 1479.0), (13, 8459.0, 1479.0), (7, 8459.0, 1479.0), (13, 8459.0, 1479.0), (7, 8459.0, 1479.0), (13, 8459.0, 1479.0), (7, 8459.0, 1479.0), (13, 8459.0, 1479.0), (7, 8459.0, 1479.0), (13, 8459.0, 1479.0), (7, 8459.0, 1479.0), (13, 8459.0, 1479.0), (7, 8459.0, 1479.0), (13, 8459.0, 1479.0), (7, 8459.0, 1479.0), (13, 8459.0, 1479.0), (7, 8459.0, 1479.0), (13, 8459.0, 1479.0), (7, 8459.0, 1479.0), (13, 8459.0, 1479.0), (7, 8459.0, 1479.0), (13, 8459.0, 1479.0), (7, 8459.0, 1479.0), (13, 8459.0, 1479.0), (7, 8459.0, 1479.0), (13, 8459.0, 1479.0), (7, 8459.0, 1479.0), (13, 8459.0, 1479.0), (7, 8459.0, 1479.0), (13, 8459.0, 1479.0), (7, 8459.0, 1479.0), (13, 8459.0, 1479.0), (7, 8459.0, 1479.0), (13, 8459.0, 1479.0), (7, 8459.0, 1479.0), (13, 8459.0, 1479.0), (7, 8459.0, 1479.0), (13, 8459.0, 1479.0), (7, 8459.0, 1479.0), (13, 8459.0, 1479.0), (7, 8459.0, 1479.0), (13, 8459.0, 1479.0), (7, 8459.0, 1479.0), (13, 8459.0, 1479.0), (7, 8459.0, 1479.0), (13, 8459.0, 1479.0), (7, 8459.0, 1479.0), (13, 8459.0, 1479.0), (7, 8459.0, 1479.0), (13, 8459.0, 1479.0), (7, 8459.0, 1479.0), (13, 8459.0, 1479.0), (7, 8459.0, 1479.0), (13, 8459.0, 1479.0), (7, 8459.0, 1479.0), (13, 8459.0, 1479.0), (7, 8459.0, 1479.0), (13, 8459.0, 1479.0), (7, 8459.0, 1479.0), (13, 8459.0, 1479.0), (7, 8459.0, 1479.0), (13, 8459.0, 1479.0), (7, 8459.0, 1479.0), (13, 8459.0, 1479.0), (7, 8459.0, 1479.0), (13, 8459.0, 1479.0), (7, 8459.0, 1479.0), (13, 8459.0, 1479.0), (7, 8459.0, 1479.0), (13, 8459.0, 1479.0), (7, 8459.0, 1479.0), (13, 8459.0, 1479.0), (7, 8459.0, 1479.0), (13, 8459.0, 1479.0), (7, 8459.0, 1479.0), (13, 8459.0, 1479.0), (7, 8459.0, 1479.0), (13, 8459.0, 1479.0), (7, 8459.0, 1479.0), (13, 8459.0, 1479.0), (7, 8459.0, 1479.0), (13, 8459.0, 1479.0), (7, 8459.0, 1479.0), (13, 8459.0, 1479.0), (7, 8459.0, 1479.0), (13, 8459.0, 1479.0), (7, 8459.0, 1479.0), (13, 8459.0, 1479.0), (7, 8459.0, 1479.0), (13, 8459.0, 1479.0), (7, 8459.0, 1479.0), (13, 8459.0, 1479.0), (7, 8459.0, 1479.0), (13, 8459.0, 1479.0), (7, 8459.0, 1479.0), (13, 8459.0, 1479.0), (7, 8459.0, 1479.0), (13, 8459.0, 1479.0), (7, 8459.0, 1479.0), (13, 8459.0, 1479.0), (7, 8459.0, 1479.0), (13, 8459.0, 1479.0), (7, 8459.0, 1479.0), (13, 8459.0, 1479.0), (7, 8459.0, 1479.0), (13, 8459.0, 1479.0), (7, 8459.0, 1479.0), (13, 8459.0, 1479.0), (7, 8459.0, 1479.0), (13, 8459.0, 1479.0), (7, 8459.0, 1479.0), (13, 8459.0, 1479.0), (7, 8459.0, 1479.0), (13, 8459.0, 1479.0), (7, 8459.0, 1479.0), (13, 8459.0, 1479.0), (7, 8459.0, 1479.0), (13, 8459.0, 1479.0), (7, 8459.0, 1479.0), (13, 8459.0, 1479.0), (7, 8459.0, 1479.0), (13, 8459.0, 1479.0), (7, 8459.0, 1479.0), (13, 8459.0, 1479.0), (7, 8459.0, 1479.0), (13, 8459.0, 1479.0), (7, 8459.0, 1479.0), (13, 8459.0, 1479.0), (7, 8459.0, 1479.0), (13, 8459.0, 1479.0), (7, 8459.0, 1479.0), (13, 8459.0, 1479.0), (7, 8459.0, 1479.0), (13, 8459.0, 1479.0), (7, 8459.0, 1479.0), (13, 8459.0, 1479.0), (7, 8459.0, 1479.0), (13, 8459.0, 1479.0), (7, 8459.0, 1479.0), (13, 8459.0, 1479.0), (7, 8459.0, 1479.0), (13, 8459.0, 1479.0), (7, 8459.0, 1479.0), (13, 8459.0, 1479.0), (7, 8459.0, 1479.0), (13, 8459.0, 1479.0), (7, 8459.0, 1479.0), (13, 8459.0, 1479.0), (7, 8459.0, 1479.0), (13, 8459.0, 1479.0), (7, 8459.0, 1479.0), (13, 8459.0, 1479.0), (7, 8459.0, 1479.0), (13, 8459.0, 1479.0), (7, 8459.0, 1479.0), (13, 8459.0, 1479.0), (7, 8459.0, 1479.0), (13, 8459.0, 1479.0), (7, 8459.0, 1479.0), (13, 8459.0, 1479.0), (7, 8459.0, 1479.0), (13, 8459.0, 1479.0), (7, 8459.0, 1479.0), (13, 8459.0, 1479.0), (7, 8459.0, 1479.0), (13, 8459.0, 1479.0), (7, 8459.0, 1479.0), (13, 8459.0, 1479.0), (7, 8459.0, 1479.0), (13, 8459.0, 1479.0), (7, 8459.0, 1479.0), (13, 8459.0, 1479.0), (7, 8459.0, 1479.0), (13, 8459.0, 1479.0), (7, 8459.0, 1479.0), (13, 8459.0, 1479.0), (7, 8459.0, 1479.0), (13, 8459.0, 1479.0), (7, 8459.0, 1479.0), (13, 8459.0, 1479.0), (7, 8459.0, 1479.0), (13, 8459.0, 1479.0), (7, 8459.0, 1479.0), (13, 8459.0, 1479.0), (7, 8459.0, 1479.0), (13, 8459.0, 1479.0), (7, 8459.0, 1479.0), (13, 8459.0, 1479.0), (7, 8459.0, 1479.0), (13, 8459.0, 1479.0), (7, 8459.0, 1479.0), (13, 8459.0, 1479.0), (7, 8459.0, 1479.0), (13, 8459.0, 1479.0), (7, 8459.0, 1479.0), (13, 8459.0, 1479.0), (7, 8459.0, 1479.0), (13, 8459.0, 1479.0), (7, 8459.0, 1479.0), (13, 8459.0, 1479.0), (7, 8459.0, 1479.0), (13, 8459.0, 1479.0), (7, 8459.0, 1479.0), (13, 8459.0, 1479.0), (7, 8459.0, 1479.0), (13, 8459.0, 1479.0), (7, 8459.0, 1479.0), (13, 8459.0, 1479.0), (7, 8459.0, 1479.0), (13, 8459.0, 1479.0), (7, 8459.0, 1479.0), (13, 8459.0, 1479.0), (7, 8459.0, 1479.0), (13, 8459.0, 1479.0), (7, 8459.0, 1479.0), (13, 8459.0, 1479.0), (7, 8459.0, 1479.0), (13, 8459.0, 1479.0), (7, 8459.0, 1479.0), (13, 8459.0, 1479.0), (7, 8459.0, 1479.0), (13, 8459.0, 1479.0), (7, 8459.0, 1479.0), (13, 8459.0, 1479.0), (7, 8459.0, 1479.0), (13, 8459.0, 1479.0), (7, 8459.0, 1479.0), (13, 8459.0, 1479.0), (7, 8459.0, 1479.0), (13, 8459.0, 1479.0), (7, 8459.0, 1479.0), (13, 8459.0, 1479.0), (7, 8459.0, 1479.0), (13, 8459.0, 1479.0), (7, 8459.0, 1479.0), (13, 8459.0, 1479.0), (7, 8459.0, 1479.0), (13, 8459.0, 1479.0), (7, 8459.0, 1479.0), (13, 8459.0, 1479.0), (7, 8459.0, 1479.0), (13, 8459.0, 1479.0), (7, 8459.0, 1479.0), (13, 8459.0, 1479.0), (7, 8459.0, 1479.0), (13, 8459.0, 1479.0), (7, 8459.0, 1479.0), (13, 8459.0, 1479.0), (7, 8459.0, 1479.0), (13, 8459.0, 1479.0), (7, 8459.0, 1479.0), (13, 8459.0, 1479.0), (7, 8459.0, 1479.0), (13, 8459.0, 1479.0), (7, 8459.0, 1479.0), (13, 8459.0, 1479.0), (7, 8459.0, 1479.0), (13, 8459.0, 1479.0), (7, 8459.0, 1479.0), (13, 8459.0, 1479.0), (7, 8459.0, 1479.0), (13, 8459.0, 1479.0), (7, 8459.0, 1479.0), (13, 8459.0, 1479.0), (7, 8459.0, 1479.0), (13, 8459.0, 1479.0), (7, 8459.0, 1479.0), (13, 8459.0, 1479.0), (7, 8459.0, 1479.0), (13, 8459.0, 1479.0), (7, 8459.0, 1479.0), (13, 8459.0, 1479.0), (7, 8459.0, 1479.0), (13, 8459.0, 1479.0), (7, 8459.0, 1479.0), (13, 8459.0, 1479.0), (7, 8459.0, 1479.0), (13, 8459.0, 1479.0), (7, 8459.0, 1479.0), (13, 8459.0, 1479.0), (7, 8459.0, 1479.0), (13, 8459.0, 1479.0), (7, 8459.0, 1479.0), (13, 8459.0, 1479.0), (7, 8459.0, 1479.0), (13, 8459.0, 1479.0), (7, 8459.0, 1479.0), (13, 8459.0, 1479.0), (7, 8459.0, 1479.0), (13, 8459.0, 1479.0), (7, 8459.0, 1479.0), (13, 8459.0, 1479.0), (7, 8459.0, 1479.0), (13, 8459.0, 1479.0), (7, 8459.0, 1479.0), (13, 8459.0, 1479.0), (7, 8459.0, 1479.0), (13, 8459.0, 1479.0), (7, 8459.0, 1479.0), (13, 8459.0, 1479.0), (7, 8459.0, 1479.0), (13, 8459.0, 1479.0), (7, 8459.0, 1479.0), (13, 8459.0, 1479.0), (7, 8459.0, 1479.0), (13, 8459.0, 1479.0), (7, 8459.0, 1479.0), (13, 8459.0, 1479.0), (7, 8459.0, 1479.0), (13, 8459.0, 1479.0), (7, 8459.0, 1479.0), (13, 8459.0, 1479.0), (7, 8459.0, 1479.0), (13, 8459.0, 1479.0), (7, 8459.0, 1479.0), (13, 8459.0, 1479.0), (7, 8459.0, 1479.0), (13, 8459.0, 1479.0), (7, 8459.0, 1479.0), (13, 8459.0, 1479.0), (7, 8459.0, 1479.0), (13, 8459.0, 1479.0), (7, 8459.0, 1479.0), (13, 8459.0, 1479.0), (7, 8459.0, 1479.0), (13, 8459.0, 1479.0), (7, 8459.0, 1479.0), (13, 8459.0, 1479.0), (7, 8459.0, 1479.0), (13, 8459.0, 1479.0), (7, 8459.0, 1479.0), (13, 8459.0, 1479.0), (7, 8459.0, 1479.0), (13, 8459.0, 1479.0), (7, 8459.0, 1479.0), (13, 8459.0, 1479.0), (7, 8459.0, 1479.0), (13, 8459.0, 1479.0), (7, 8459.0, 1479.0), (13, 8459.0, 1479.0), (7, 8459.0, 1479.0), (13, 8459.0, 1479.0), (7, 8459.0, 1479.0), (13, 8459.0, 1479.0), (7, 8459.0, 1479.0), (13, 8459.0, 1479.0), (7, 8459.0, 1479.0), (13, 8459.0, 1479.0), (7, 8459.0, 1479.0), (13, 8459.0, 1479.0), (7, 8459.0, 1479.0), (13, 8459.0, 1479.0), (7, 8459.0, 1479.0), (13, 8459.0, 1479.0), (7, 8459.0, 1479.0), (13, 8459.0, 1479.0), (7, 8459.0, 1479.0), (13, 8459.0, 1479.0), (7, 8459.0, 1479.0), (13, 8459.0, 1479.0), (7, 8459.0, 1479.0), (13, 8459.0, 1479.0), (7, 8459.0, 1479.0), (13, 8459.0, 1479.0), (7, 8459.0, 1479.0), (13, 8459.0, 1479.0), (7, 8459.0, 1479.0), (13, 8459.0, 1479.0), (7, 8459.0, 1479.0), (13, 8459.0, 1479.0), (7, 8459.0, 1479.0), (13, 8459.0, 1479.0), (7, 8459.0, 1479.0), (13, 8459.0, 1479.0), (7, 8459.0, 1479.0), (13, 8459.0, 1479.0), (7, 8459.0, 1479.0), (13, 8459.0, 1479.0), (7, 8459.0, 1479.0), (13, 8459.0, 1479.0), (7, 8459.0, 1479.0), (13, 8459.0, 1479.0), (7, 8459.0, 1479.0), (13, 8459.0, 1479.0), (7, 8459.0, 1479.0), (13, 8459.0, 1479.0), (7, 8459.0, 1479.0), (13, 8459.0, 1479.0), (7, 8459.0, 1479.0), (13, 8459.0, 1479.0), (7, 8459.0, 1479.0), (13, 8459.0, 1479.0), (7, 8459.0, 1479.0), (13, 8459.0, 1479.0), (7, 8459.0, 1479.0), (13, 8459.0, 1479.0), (7, 8459.0, 1479.0), (13, 8459.0, 1479.0), (7, 8459.0, 1479.0), (13, 8459.0, 1479.0), (7, 8459.0, 1479.0), (13, 8459.0, 1479.0), (7, 8459.0, 1479.0), (13, 8459.0, 1479.0), (7, 8459.0, 1479.0), (13, 8459.0, 1479.0), (7, 8459.0, 1479.0), (13, 8459.0, 1479.0), (7, 8459.0, 1479.0), (13, 8459.0, 1479.0), (7, 8459.0, 1479.0), (13, 8459.0, 1479.0), (7, 8459.0, 1479.0), (13, 8459.0, 1479.0), (7, 8459.0, 1479.0), (13, 8459.0, 1479.0), (7, 8459.0, 1479.0), (13, 8459.0, 1479.0), (7, 8459.0, 1479.0), (13, 8459.0, 1479.0), (7, 8459.0, 1479.0), (13, 8459.0, 1479.0), (7, 8459.0, 1479.0), (13, 8459.0, 1479.0), (7, 8459.0, 1479.0), (13, 8459.0, 1479.0), (7, 8459.0, 1479.0), (13, 8459.0, 1479.0), (7, 8459.0, 1479.0), (13, 8459.0, 1479.0), (7, 8459.0, 1479.0), (13, 8459.0, 1479.0), (7, 8459.0, 1479.0), (13, 8459.0, 1479.0), (7, 8459.0, 1479.0), (13, 8459.0, 1479.0), (7, 8459.0, 1479.0), (13, 8459.0, 1479.0), (7, 8459.0, 1479.0), (13, 8459.0, 1479.0), (7, 8459.0, 1479.0), (13, 8459.0, 1479.0), (7, 8459.0, 1479.0), (13, 8459.0, 1479.0), (7, 8459.0, 1479.0), (13, 8459.0, 1479.0), (7, 8459.0, 1479.0), (13, 8459.0, 1479.0), (7, 8459.0, 1479.0), (13, 8459.0, 1479.0), (7, 8459.0, 1479.0), (13, 8459.0, 1479.0), (7, 8459.0, 1479.0), (13, 8459.0, 1479.0), (7, 8459.0, 1479.0), (13, 8459.0, 1479.0), (7, 8459.0, 1479.0), (13, 8459.0, 1479.0), (7, 8459.0, 1479.0), (13, 8459.0, 1479.0), (7, 8459.0, 1479.0), (13, 8459.0, 1479.0), (7, 8459.0, 1479.0), (13, 8459.0, 1479.0), (7, 8459.0, 1479.0), (13, 8459.0, 1479.0), (7, 8459.0, 1479.0), (13, 8459.0, 1479.0), (7, 8459.0, 1479.0), (13, 8459.0, 1479.0), (7, 8459.0, 1479.0), (13, 8459.0, 1479.0), (7, 8459.0, 1479.0), (13, 8459.0, 1479.0), (7, 8459.0, 1479.0), (13, 8459.0, 1479.0), (7, 8459.0, 1479.0), (13, 8459.0, 1479.0), (7, 8459.0, 1479.0), (13, 8459.0, 1479.0), (7, 8459.0, 1479.0), (13, 8459.0, 1479.0), (7, 8459.0, 1479.0), (13, 8459.0, 1479.0), (7, 8459.0, 1479.0), (13, 8459.0, 1479.0), (7, 8459.0, 1479.0), (13, 8459.0, 1479.0), (7, 8459.0, 1479.0), (13, 8459.0, 1479.0), (7, 8459.0, 1479.0), (13, 8459.0, 1479.0), (7, 8459.0, 1479.0), (13, 8459.0, 1479.0), (7, 8459.0, 1479.0), (13, 8459.0, 1479.0), (7, 8459.0, 1479.0), (13, 8459.0, 1479.0), (7, 8459.0, 1479.0), (13, 8459.0, 1479.0), (7, 8459.0, 1479.0), (13, 8459.0, 1479.0), (7, 8459.0, 1479.0), (13, 8459.0, 1479.0), (7, 8459.0, 1479.0), (13, 8459.0, 1479.0), (7, 8459.0, 1479.0), (13, 8459.0, 1479.0), (7, 8459.0, 1479.0), (13, 8459.0, 1479.0), (7, 8459.0, 1479.0), (13, 8459.0, 1479.0), (7, 8459.0, 1479.0), (13, 8459.0, 1479.0), (7, 8459.0, 1479.0), (13, 8459.0, 1479.0), (7, 8459.0, 1479.0), (13, 8459.0, 1479.0), (7, 8459.0, 1479.0), (13, 8459.0, 1479.0), (7, 8459.0, 1479.0), (13, 8459.0, 1479.0), (7, 8459.0, 1479.0), (13, 8459.0, 1479.0), (7, 8459.0, 1479.0), (13, 8459.0, 1479.0), (7, 8459.0, 1479.0), (13, 8459.0, 1479.0), (7, 8459.0, 1479.0), (13, 8459.0, 1479.0), (7, 8459.0, 1479.0), (13, 8459.0, 1479.0), (7, 8459.0, 1479.0), (13, 8459.0, 1479.0), (7, 8459.0, 1479.0), (13, 8459.0, 1479.0), (7, 8459.0, 1479.0), (13, 8459.0, 1479.0), (7, 8459.0, 1479.0), (13, 8459.0, 1479.0), (7, 8459.0, 1479.0), (13, 8459.0, 1479.0), (7, 8459.0, 1479.0), (13, 8459.0, 1479.0), (7, 8459.0, 1479.0), (13, 8459.0, 1479.0), (7, 8459.0, 1479.0), (13, 8459.0, 1479.0), (7, 8459.0, 1479.0), (13, 8459.0, 1479.0), (7, 8459.0, 1479.0), (13, 8459.0, 1479.0), (7, 8459.0, 1479.0), (13, 8459.0, 1479.0), (7, 8459.0, 1479.0), (13, 8459.0, 1479.0), (7, 8459.0, 1479.0), (13, 8459.0, 1479.0), (7, 8459.0, 1479.0), (13, 8459.0, 1479.0), (7, 8459.0, 1479.0), (13, 8459.0, 1479.0), (7, 8459.0, 1479.0), (13, 8459.0, 1479.0), (7, 8459.0, 1479.0), (13, 8459.0, 1479.0), (7, 8459.0, 1479.0), (13, 8459.0, 1479.0), (7, 8459.0, 1479.0), (13, 8459.0, 1479.0), (7, 8459.0, 1479.0), (13, 8459.0, 1479.0), (7, 8459.0, 1479.0), (13, 8459.0, 1479.0), (7, 8459.0, 1479.0), (13, 8459.0, 1479.0), (7, 8459.0, 1479.0), (13, 8459.0, 1479.0), (7, 8459.0, 1479.0), (13, 8459.0, 1479.0), (7, 8459.0, 1479.0), (13, 8459.0, 1479.0), (7, 8459.0, 1479.0), (13, 8459.0, 1479.0), (7, 8459.0, 1479.0), (13, 8459.0, 1479.0), (7, 8459.0, 1479.0), (13, 8459.0, 1479.0), (7, 8459.0, 1479.0), (13, 8459.0, 1479.0), (7, 8459.0, 1479.0), (13, 8459.0, 1479.0), (7, 8459.0, 1479.0), (13, 8459.0, 1479.0), (7, 8459.0, 1479.0), (13, 8459.0, 1479.0), (7, 8459.0, 1479.0), (13, 8459.0, 1479.0), (7, 8459.0, 1479.0), (13, 8459.0, 1479.0), (7, 8459.0, 1479.0), (13, 8459.0, 1479.0), (7, 8459.0, 1479.0), (13, 8459.0, 1479.0), (7, 8459.0, 1479.0), (13, 8459.0, 1479.0), (7, 8459.0, 1479.0), (13, 8459.0, 1479.0), (7, 8459.0, 1479.0), (13, 8459.0, 1479.0), (7, 8459.0, 1479.0), (13, 8459.0, 1479.0), (7, 8459.0, 1479.0), (13, 8459.0, 1479.0), (7, 8459.0, 1479.0), (13, 8459.0, 1479.0), (7, 8459.0, 1479.0), (13, 8459.0, 1479.0), (7, 8459.0, 1479.0), (13, 8459.0, 1479.0), (7, 8459.0, 1479.0), (13, 8459.0, 1479.0), (7, 8459.0, 1479.0), (13, 8459.0, 1479.0), (7, 8459.0, 1479.0), (13, 8459.0, 1479.0), (7, 8459.0, 1479.0), (13, 8459.0, 1479.0), (7, 8459.0, 1479.0), (13, 8459.0, 1479.0), (7, 8459.0, 1479.0), (13, 8459.0, 1479.0), (7, 8459.0, 1479.0), (13, 8459.0, 1479.0), (7, 8459.0, 1479.0), (13, 8459.0, 1479.0), (7, 8459.0, 1479.0), (13, 8459.0, 1479.0), (7, 8459.0, 1479.0), (13, 8459.0, 1479.0), (7, 8459.0, 1479.0), (7, 8459.0, 1479.0), (8, 8459.0, 1479.0), (7, 8459.0, 1479.0), (8, 8459.0, 1479.0), (7, 8459.0, 1479.0), (8, 8459.0, 1479.0), (7, 8459.0, 1479.0), (8, 8459.0, 1479.0), (7, 8459.0, 1479.0), (8, 8459.0, 1479.0), (7, 8459.0, 1479.0), (8, 8459.0, 1479.0), (7, 8459.0, 1479.0), (8, 8459.0, 1479.0), (7, 8459.0, 1479.0), (8, 8459.0, 1479.0), (7, 8459.0, 1479.0), (8, 8459.0, 1479.0), (7, 8459.0, 1479.0), (8, 8459.0, 1479.0), (7, 8459.0, 1479.0), (8, 8459.0, 1479.0), (7, 8459.0, 1479.0), (8, 8459.0, 1479.0), (7, 8459.0, 1479.0), (8, 8459.0, 1479.0), (7, 8459.0, 1479.0), (8, 8459.0, 1479.0), (7, 8459.0, 1479.0), (8, 8459.0, 1479.0), (7, 8459.0, 1479.0), (8, 8459.0, 1479.0), (7, 8459.0, 1479.0), (8, 8459.0, 1479.0), (7, 8459.0, 1479.0), (8, 8459.0, 1479.0), (7, 8459.0, 1479.0), (8, 8459.0, 1479.0), (7, 8459.0, 1479.0), (8, 8459.0, 1479.0), (7, 8459.0, 1479.0), (8, 8459.0, 1479.0), (7, 8459.0, 1479.0), (8, 8459.0, 1479.0), (7, 8459.0, 1479.0), (8, 8459.0, 1479.0), (7, 8459.0, 1479.0), (8, 8459.0, 1479.0), (7, 8459.0, 1479.0), (8, 8459.0, 1479.0), (7, 8459.0, 1479.0), (8, 8459.0, 1479.0), (7, 8459.0, 1479.0), (8, 8459.0, 1479.0), (7, 8459.0, 1479.0), (8, 8459.0, 1479.0), (7, 8459.0, 1479.0), (8, 8459.0, 1479.0), (7, 8459.0, 1479.0), (8, 8459.0, 1479.0), (7, 8459.0, 1479.0), (8, 8459.0, 1479.0), (7, 8459.0, 1479.0), (8, 8459.0, 1479.0), (7, 8459.0, 1479.0), (8, 8459.0, 1479.0), (7, 8459.0, 1479.0), (8, 8459.0, 1479.0), (7, 8459.0, 1479.0), (8, 8459.0, 1479.0), (7, 8459.0, 1479.0), (8, 8459.0, 1479.0), (7, 8459.0, 1479.0), (8, 8459.0, 1479.0), (7, 8459.0, 1479.0), (8, 8459.0, 1479.0), (7, 8459.0, 1479.0), (8, 8459.0, 1479.0), (7, 8459.0, 1479.0), (8, 8459.0, 1479.0), (7, 8459.0, 1479.0), (8, 8459.0, 1479.0), (7, 8459.0, 1479.0), (8, 8459.0, 1479.0), (7, 8459.0, 1479.0), (8, 8459.0, 1479.0), (7, 8459.0, 1479.0), (8, 8459.0, 1479.0), (7, 8459.0, 1479.0), (8, 8459.0, 1479.0), (7, 8459.0, 1479.0), (8, 8459.0, 1479.0), (7, 8459.0, 1479.0), (8, 8459.0, 1479.0), (7, 8459.0, 1479.0), (8, 8459.0, 1479.0), (7, 8459.0, 1479.0), (8, 8459.0, 1479.0), (7, 8459.0, 1479.0), (8, 8459.0, 1479.0), (7, 8459.0, 1479.0), (8, 8459.0, 1479.0), (7, 8459.0, 1479.0), (8, 8459.0, 1479.0), (7, 8459.0, 1479.0), (8, 8459.0, 1479.0), (7, 8459.0, 1479.0), (8, 8459.0, 1479.0), (7, 8459.0, 1479.0), (8, 8459.0, 1479.0), (7, 8459.0, 1479.0), (8, 8459.0, 1479.0), (7, 8459.0, 1479.0), (8, 8459.0, 1479.0), (7, 8459.0, 1479.0), (8, 8459.0, 1479.0), (7, 8459.0, 1479.0), (8, 8459.0, 1479.0), (7, 8459.0, 1479.0), (8, 8459.0, 1479.0), (7, 8459.0, 1479.0), (8, 8459.0, 1479.0), (7, 8459.0, 1479.0), (8, 8459.0, 1479.0), (7, 8459.0, 1479.0), (8, 8459.0, 1479.0), (7, 8459.0, 1479.0), (8, 8459.0, 1479.0), (7, 8459.0, 1479.0), (8, 8459.0, 1479.0), (7, 8459.0, 1479.0), (8, 8459.0, 1479.0), (7, 8459.0, 1479.0), (8, 8459.0, 1479.0), (7, 8459.0, 1479.0), (8, 8459.0, 1479.0), (7, 8459.0, 1479.0), (8, 8459.0, 1479.0), (7, 8459.0, 1479.0), (8, 8459.0, 1479.0), (7, 8459.0, 1479.0), (8, 8459.0, 1479.0), (7, 8459.0, 1479.0), (8, 8459.0, 1479.0), (7, 8459.0, 1479.0), (8, 8459.0, 1479.0), (7, 8459.0, 1479.0), (8, 8459.0, 1479.0), (7, 8459.0, 1479.0), (8, 8459.0, 1479.0), (7, 8459.0, 1479.0), (8, 8459.0, 1479.0), (7, 8459.0, 1479.0), (8, 8459.0, 1479.0), (7, 8459.0, 1479.0), (8, 8459.0, 1479.0), (7, 8459.0, 1479.0), (8, 8459.0, 1479.0), (7, 8459.0, 1479.0), (8, 8459.0, 1479.0), (7, 8459.0, 1479.0), (8, 8459.0, 1479.0), (7, 8459.0, 1479.0), (8, 8459.0, 1479.0), (7, 8459.0, 1479.0), (8, 8459.0, 1479.0), (7, 8459.0, 1479.0), (8, 8459.0, 1479.0), (7, 8459.0, 1479.0), (8, 8459.0, 1479.0), (7, 8459.0, 1479.0), (8, 8459.0, 1479.0), (7, 8459.0, 1479.0), (8, 8459.0, 1479.0), (7, 8459.0, 1479.0), (8, 8459.0, 1479.0), (7, 8459.0, 1479.0), (8, 8459.0, 1479.0), (7, 8459.0, 1479.0), (8, 8459.0, 1479.0), (7, 8459.0, 1479.0), (8, 8459.0, 1479.0), (7, 8459.0, 1479.0), (8, 8459.0, 1479.0), (7, 8459.0, 1479.0), (8, 8459.0, 1479.0), (7, 8459.0, 1479.0), (8, 8459.0, 1479.0), (7, 8459.0, 1479.0), (8, 8459.0, 1479.0), (7, 8459.0, 1479.0), (8, 8459.0, 1479.0), (7, 8459.0, 1479.0), (8, 8459.0, 1479.0), (7, 8459.0, 1479.0), (8, 8459.0, 1479.0), (7, 8459.0, 1479.0), (8, 8459.0, 1479.0), (7, 8459.0, 1479.0), (8, 8459.0, 1479.0), (7, 8459.0, 1479.0), (8, 8459.0, 1479.0), (7, 8459.0, 1479.0), (8, 8459.0, 1479.0), (7, 8459.0, 1479.0), (8, 8459.0, 1479.0), (7, 8459.0, 1479.0), (8, 8459.0, 1479.0), (7, 8459.0, 1479.0), (8, 8459.0, 1479.0), (7, 8459.0, 1479.0), (8, 8459.0, 1479.0), (7, 8459.0, 1479.0), (8, 8459.0, 1479.0), (7, 8459.0, 1479.0), (8, 8459.0, 1479.0), (7, 8459.0, 1479.0), (8, 8459.0, 1479.0), (7, 8459.0, 1479.0), (8, 8459.0, 1479.0), (7, 8459.0, 1479.0), (8, 8459.0, 1479.0), (7, 8459.0, 1479.0), (8, 8459.0, 1479.0), (7, 8459.0, 1479.0), (8, 8459.0, 1479.0), (7, 8459.0, 1479.0), (8, 8459.0, 1479.0), (7, 8459.0, 1479.0), (8, 8459.0, 1479.0), (7, 8459.0, 1479.0), (8, 8459.0, 1479.0), (7, 8459.0, 1479.0), (8, 8459.0, 1479.0), (7, 8459.0, 1479.0), (8, 8459.0, 1479.0), (7, 8459.0, 1479.0), (8, 8459.0, 1479.0), (7, 8459.0, 1479.0), (8, 8459.0, 1479.0), (7, 8459.0, 1479.0), (8, 8459.0, 1479.0), (7, 8459.0, 1479.0), (8, 8459.0, 1479.0), (7, 8459.0, 1479.0), (8, 8459.0, 1479.0), (7, 8459.0, 1479.0), (8, 8459.0, 1479.0), (7, 8459.0, 1479.0), (8, 8459.0, 1479.0), (7, 8459.0, 1479.0), (8, 8459.0, 1479.0), (7, 8459.0, 1479.0), (8, 8459.0, 1479.0), (7, 8459.0, 1479.0), (8, 8459.0, 1479.0), (7, 8459.0, 1479.0), (8, 8459.0, 1479.0), (7, 8459.0, 1479.0), (8, 8459.0, 1479.0), (7, 8459.0, 1479.0), (8, 8459.0, 1479.0), (7, 8459.0, 1479.0), (8, 8459.0, 1479.0), (7, 8459.0, 1479.0), (8, 8459.0, 1479.0), (7, 8459.0, 1479.0), (8, 8459.0, 1479.0), (7, 8459.0, 1479.0), (8, 8459.0, 1479.0), (7, 8459.0, 1479.0), (8, 8459.0, 1479.0), (7, 8459.0, 1479.0), (8, 8459.0, 1479.0), (7, 8459.0, 1479.0), (8, 8459.0, 1479.0), (7, 8459.0, 1479.0), (8, 8459.0, 1479.0), (7, 8459.0, 1479.0), (8, 8459.0, 1479.0), (7, 8459.0, 1479.0), (8, 8459.0, 1479.0), (7, 8459.0, 1479.0), (8, 8459.0, 1479.0), (7, 8459.0, 1479.0), (8, 8459.0, 1479.0), (7, 8459.0, 1479.0), (8, 8459.0, 1479.0), (7, 8459.0, 1479.0), (8, 8459.0, 1479.0), (7, 8459.0, 1479.0), (8, 8459.0, 1479.0), (7, 8459.0, 1479.0), (8, 8459.0, 1479.0), (7, 8459.0, 1479.0), (8, 8459.0, 1479.0), (7, 8459.0, 1479.0), (8, 8459.0, 1479.0), (7, 8459.0, 1479.0), (8, 8459.0, 1479.0), (7, 8459.0, 1479.0), (8, 8459.0, 1479.0), (7, 8459.0, 1479.0), (8, 8459.0, 1479.0), (7, 8459.0, 1479.0), (8, 8459.0, 1479.0), (7, 8459.0, 1479.0), (8, 8459.0, 1479.0), (7, 8459.0, 1479.0), (8, 8459.0, 1479.0), (7, 8459.0, 1479.0), (8, 8459.0, 1479.0), (7, 8459.0, 1479.0), (8, 8459.0, 1479.0), (7, 8459.0, 1479.0), (8, 8459.0, 1479.0), (7, 8459.0, 1479.0), (8, 8459.0, 1479.0), (7, 8459.0, 1479.0), (8, 8459.0, 1479.0), (7, 8459.0, 1479.0), (8, 8459.0, 1479.0), (7, 8459.0, 1479.0), (8, 8459.0, 1479.0), (7, 8459.0, 1479.0), (8, 8459.0, 1479.0), (7, 8459.0, 1479.0), (8, 8459.0, 1479.0), (7, 8459.0, 1479.0), (8, 8459.0, 1479.0), (7, 8459.0, 1479.0), (8, 8459.0, 1479.0), (7, 8459.0, 1479.0), (8, 8459.0, 1479.0), (7, 8459.0, 1479.0), (8, 8459.0, 1479.0), (7, 8459.0, 1479.0), (8, 8459.0, 1479.0), (7, 8459.0, 1479.0), (8, 8459.0, 1479.0), (7, 8459.0, 1479.0), (8, 8459.0, 1479.0), (7, 8459.0, 1479.0), (8, 8459.0, 1479.0), (7, 8459.0, 1479.0), (8, 8459.0, 1479.0), (7, 8459.0, 1479.0), (8, 8459.0, 1479.0), (7, 8459.0, 1479.0), (8, 8459.0, 1479.0), (7, 8459.0, 1479.0), (8, 8459.0, 1479.0), (7, 8459.0, 1479.0), (8, 8459.0, 1479.0), (7, 8459.0, 1479.0), (8, 8459.0, 1479.0), (7, 8459.0, 1479.0), (8, 8459.0, 1479.0), (7, 8459.0, 1479.0), (8, 8459.0, 1479.0), (7, 8459.0, 1479.0), (8, 8459.0, 1479.0), (7, 8459.0, 1479.0), (8, 8459.0, 1479.0), (7, 8459.0, 1479.0), (8, 8459.0, 1479.0), (7, 8459.0, 1479.0), (8, 8459.0, 1479.0), (7, 8459.0, 1479.0), (8, 8459.0, 1479.0), (7, 8459.0, 1479.0), (8, 8459.0, 1479.0), (7, 8459.0, 1479.0), (8, 8459.0, 1479.0), (7, 8459.0, 1479.0), (8, 8459.0, 1479.0), (7, 8459.0, 1479.0), (8, 8459.0, 1479.0), (7, 8459.0, 1479.0), (8, 8459.0, 1479.0), (7, 8459.0, 1479.0), (8, 8459.0, 1479.0), (7, 8459.0, 1479.0), (8, 8459.0, 1479.0), (7, 8459.0, 1479.0), (8, 8459.0, 1479.0), (7, 8459.0, 1479.0), (8, 8459.0, 1479.0), (7, 8459.0, 1479.0), (8, 8459.0, 1479.0), (7, 8459.0, 1479.0), (8, 8459.0, 1479.0), (7, 8459.0, 1479.0), (8, 8459.0, 1479.0), (7, 8459.0, 1479.0), (8, 8459.0, 1479.0), (7, 8459.0, 1479.0), (8, 8459.0, 1479.0), (7, 8459.0, 1479.0), (8, 8459.0, 1479.0), (7, 8459.0, 1479.0), (8, 8459.0, 1479.0), (7, 8459.0, 1479.0), (8, 8459.0, 1479.0), (7, 8459.0, 1479.0), (8, 8459.0, 1479.0), (7, 8459.0, 1479.0), (8, 8459.0, 1479.0), (7, 8459.0, 1479.0), (8, 8459.0, 1479.0), (7, 8459.0, 1479.0), (8, 8459.0, 1479.0), (7, 8459.0, 1479.0), (8, 8459.0, 1479.0), (7, 8459.0, 1479.0), (8, 8459.0, 1479.0), (7, 8459.0, 1479.0), (8, 8459.0, 1479.0), (7, 8459.0, 1479.0), (8, 8459.0, 1479.0), (7, 8459.0, 1479.0), (8, 8459.0, 1479.0), (7, 8459.0, 1479.0), (8, 8459.0, 1479.0), (7, 8459.0, 1479.0), (8, 8459.0, 1479.0), (7, 8459.0, 1479.0), (8, 8459.0, 1479.0), (7, 8459.0, 1479.0), (8, 8459.0, 1479.0), (7, 8459.0, 1479.0), (8, 8459.0, 1479.0), (7, 8459.0, 1479.0), (8, 8459.0, 1479.0), (7, 8459.0, 1479.0), (8, 8459.0, 1479.0), (7, 8459.0, 1479.0), (8, 8459.0, 1479.0), (7, 8459.0, 1479.0), (8, 8459.0, 1479.0), (7, 8459.0, 1479.0), (8, 8459.0, 1479.0), (7, 8459.0, 1479.0), (8, 8459.0, 1479.0), (7, 8459.0, 1479.0), (8, 8459.0, 1479.0), (7, 8459.0, 1479.0), (8, 8459.0, 1479.0), (7, 8459.0, 1479.0), (8, 8459.0, 1479.0), (7, 8459.0, 1479.0), (8, 8459.0, 1479.0), (7, 8459.0, 1479.0), (8, 8459.0, 1479.0), (7, 8459.0, 1479.0), (8, 8459.0, 1479.0), (7, 8459.0, 1479.0), (8, 8459.0, 1479.0), (7, 8459.0, 1479.0), (8, 8459.0, 1479.0), (7, 8459.0, 1479.0), (8, 8459.0, 1479.0), (7, 8459.0, 1479.0), (8, 8459.0, 1479.0), (7, 8459.0, 1479.0), (8, 8459.0, 1479.0), (7, 8459.0, 1479.0), (8, 8459.0, 1479.0), (7, 8459.0, 1479.0), (8, 8459.0, 1479.0), (7, 8459.0, 1479.0), (8, 8459.0, 1479.0), (7, 8459.0, 1479.0), (8, 8459.0, 1479.0), (7, 8459.0, 1479.0), (8, 8459.0, 1479.0), (7, 8459.0, 1479.0), (8, 8459.0, 1479.0), (7, 8459.0, 1479.0), (8, 8459.0, 1479.0), (7, 8459.0, 1479.0), (8, 8459.0, 1479.0), (7, 8459.0, 1479.0), (8, 8459.0, 1479.0), (7, 8459.0, 1479.0), (8, 8459.0, 1479.0), (7, 8459.0, 1479.0), (8, 8459.0, 1479.0), (7, 8459.0, 1479.0), (8, 8459.0, 1479.0), (7, 8459.0, 1479.0), (8, 8459.0, 1479.0), (7, 8459.0, 1479.0), (8, 8459.0, 1479.0), (7, 8459.0, 1479.0), (8, 8459.0, 1479.0), (7, 8459.0, 1479.0), (8, 8459.0, 1479.0), (7, 8459.0, 1479.0), (8, 8459.0, 1479.0), (7, 8459.0, 1479.0), (8, 8459.0, 1479.0), (7, 8459.0, 1479.0), (8, 8459.0, 1479.0), (7, 8459.0, 1479.0), (8, 8459.0, 1479.0), (7, 8459.0, 1479.0), (8, 8459.0, 1479.0), (7, 8459.0, 1479.0), (8, 8459.0, 1479.0), (7, 8459.0, 1479.0), (8, 8459.0, 1479.0), (7, 8459.0, 1479.0), (8, 8459.0, 1479.0), (7, 8459.0, 1479.0), (8, 8459.0, 1479.0), (7, 8459.0, 1479.0), (8, 8459.0, 1479.0), (7, 8459.0, 1479.0), (8, 8459.0, 1479.0), (7, 8459.0, 1479.0), (8, 8459.0, 1479.0), (7, 8459.0, 1479.0), (8, 8459.0, 1479.0), (7, 8459.0, 1479.0), (8, 8459.0, 1479.0), (7, 8459.0, 1479.0), (8, 8459.0, 1479.0), (7, 8459.0, 1479.0), (8, 8459.0, 1479.0), (7, 8459.0, 1479.0), (8, 8459.0, 1479.0), (7, 8459.0, 1479.0), (8, 8459.0, 1479.0), (7, 8459.0, 1479.0), (8, 8459.0, 1479.0), (7, 8459.0, 1479.0), (8, 8459.0, 1479.0), (7, 8459.0, 1479.0), (8, 8459.0, 1479.0), (7, 8459.0, 1479.0), (8, 8459.0, 1479.0), (7, 8459.0, 1479.0), (8, 8459.0, 1479.0), (7, 8459.0, 1479.0), (8, 8459.0, 1479.0), (7, 8459.0, 1479.0), (8, 8459.0, 1479.0), (7, 8459.0, 1479.0), (8, 8459.0, 1479.0), (7, 8459.0, 1479.0), (8, 8459.0, 1479.0), (7, 8459.0, 1479.0), (8, 8459.0, 1479.0), (7, 8459.0, 1479.0), (8, 8459.0, 1479.0), (7, 8459.0, 1479.0), (8, 8459.0, 1479.0), (7, 8459.0, 1479.0), (8, 8459.0, 1479.0), (7, 8459.0, 1479.0), (8, 8459.0, 1479.0), (7, 8459.0, 1479.0), (8, 8459.0, 1479.0), (7, 8459.0, 1479.0), (8, 8459.0, 1479.0), (7, 8459.0, 1479.0), (8, 8459.0, 1479.0), (7, 8459.0, 1479.0), (8, 8459.0, 1479.0), (7, 8459.0, 1479.0), (8, 8459.0, 1479.0), (7, 8459.0, 1479.0), (8, 8459.0, 1479.0), (7, 8459.0, 1479.0), (8, 8459.0, 1479.0), (7, 8459.0, 1479.0), (8, 8459.0, 1479.0), (7, 8459.0, 1479.0), (8, 8459.0, 1479.0), (7, 8459.0, 1479.0), (8, 8459.0, 1479.0), (7, 8459.0, 1479.0), (8, 8459.0, 1479.0), (7, 8459.0, 1479.0), (8, 8459.0, 1479.0), (7, 8459.0, 1479.0), (8, 8459.0, 1479.0), (7, 8459.0, 1479.0), (8, 8459.0, 1479.0), (7, 8459.0, 1479.0), (8, 8459.0, 1479.0), (7, 8459.0, 1479.0), (8, 8459.0, 1479.0), (7, 8459.0, 1479.0), (8, 8459.0, 1479.0), (7, 8459.0, 1479.0), (8, 8459.0, 1479.0), (7, 8459.0, 1479.0), (8, 8459.0, 1479.0), (7, 8459.0, 1479.0), (8, 8459.0, 1479.0), (7, 8459.0, 1479.0), (8, 8459.0, 1479.0), (7, 8459.0, 1479.0), (8, 8459.0, 1479.0), (7, 8459.0, 1479.0), (8, 8459.0, 1479.0), (7, 8459.0, 1479.0), (8, 8459.0, 1479.0), (7, 8459.0, 1479.0), (8, 8459.0, 1479.0), (7, 8459.0, 1479.0), (8, 8459.0, 1479.0), (7, 8459.0, 1479.0), (8, 8459.0, 1479.0), (7, 8459.0, 1479.0), (8, 8459.0, 1479.0), (7, 8459.0, 1479.0), (8, 8459.0, 1479.0), (7, 8459.0, 1479.0), (8, 8459.0, 1479.0), (7, 8459.0, 1479.0), (8, 8459.0, 1479.0), (7, 8459.0, 1479.0), (8, 8459.0, 1479.0), (7, 8459.0, 1479.0), (8, 8459.0, 1479.0), (7, 8459.0, 1479.0), (8, 8459.0, 1479.0), (7, 8459.0, 1479.0), (8, 8459.0, 1479.0), (7, 8459.0, 1479.0), (8, 8459.0, 1479.0), (7, 8459.0, 1479.0), (8, 8459.0, 1479.0), (7, 8459.0, 1479.0), (8, 8459.0, 1479.0), (7, 8459.0, 1479.0), (8, 8459.0, 1479.0), (7, 8459.0, 1479.0), (8, 8459.0, 1479.0), (7, 8459.0, 1479.0), (8, 8459.0, 1479.0), (7, 8459.0, 1479.0), (8, 8459.0, 1479.0), (7, 8459.0, 1479.0), (8, 8459.0, 1479.0), (7, 8459.0, 1479.0), (8, 8459.0, 1479.0), (7, 8459.0, 1479.0), (8, 8459.0, 1479.0), (7, 8459.0, 1479.0), (8, 8459.0, 1479.0), (7, 8459.0, 1479.0), (8, 8459.0, 1479.0), (7, 8459.0, 1479.0), (8, 8459.0, 1479.0), (7, 8459.0, 1479.0), (8, 8459.0, 1479.0), (7, 8459.0, 1479.0), (8, 8459.0, 1479.0), (7, 8459.0, 1479.0), (8, 8459.0, 1479.0), (7, 8459.0, 1479.0), (8, 8459.0, 1479.0), (7, 8459.0, 1479.0), (8, 8459.0, 1479.0), (7, 8459.0, 1479.0), (8, 8459.0, 1479.0), (7, 8459.0, 1479.0), (8, 8459.0, 1479.0), (7, 8459.0, 1479.0), (8, 8459.0, 1479.0), (7, 8459.0, 1479.0), (8, 8459.0, 1479.0), (7, 8459.0, 1479.0), (8, 8459.0, 1479.0), (7, 8459.0, 1479.0), (8, 8459.0, 1479.0), (7, 8459.0, 1479.0), (8, 8459.0, 1479.0), (7, 8459.0, 1479.0), (8, 8459.0, 1479.0), (7, 8459.0, 1479.0), (8, 8459.0, 1479.0), (7, 8459.0, 1479.0), (8, 8459.0, 1479.0), (7, 8459.0, 1479.0), (8, 8459.0, 1479.0), (7, 8459.0, 1479.0), (8, 8459.0, 1479.0), (7, 8459.0, 1479.0), (8, 8459.0, 1479.0), (7, 8459.0, 1479.0), (8, 8459.0, 1479.0), (7, 8459.0, 1479.0), (8, 8459.0, 1479.0), (7, 8459.0, 1479.0), (8, 8459.0, 1479.0), (7, 8459.0, 1479.0), (8, 8459.0, 1479.0), (7, 8459.0, 1479.0), (8, 8459.0, 1479.0), (7, 8459.0, 1479.0), (8, 8459.0, 1479.0), (7, 8459.0, 1479.0), (8, 8459.0, 1479.0), (7, 8459.0, 1479.0), (8, 8459.0, 1479.0), (7, 8459.0, 1479.0), (8, 8459.0, 1479.0), (7, 8459.0, 1479.0), (8, 8459.0, 1479.0), (7, 8459.0, 1479.0), (8, 8459.0, 1479.0), (7, 8459.0, 1479.0), (8, 8459.0, 1479.0), (7, 8459.0, 1479.0), (8, 8459.0, 1479.0), (7, 8459.0, 1479.0), (8, 8459.0, 1479.0), (7, 8459.0, 1479.0), (8, 8459.0, 1479.0), (7, 8459.0, 1479.0), (8, 8459.0, 1479.0), (7, 8459.0, 1479.0), (8, 8459.0, 1479.0), (7, 8459.0, 1479.0), (8, 8459.0, 1479.0), (7, 8459.0, 1479.0), (8, 8459.0, 1479.0), (7, 8459.0, 1479.0), (8, 8459.0, 1479.0), (7, 8459.0, 1479.0), (8, 8459.0, 1479.0), (7, 8459.0, 1479.0), (8, 8459.0, 1479.0), (7, 8459.0, 1479.0), (8, 8459.0, 1479.0), (7, 8459.0, 1479.0), (8, 8459.0, 1479.0), (7, 8459.0, 1479.0), (8, 8459.0, 1479.0), (7, 8459.0, 1479.0), (8, 8459.0, 1479.0), (7, 8459.0, 1479.0), (8, 8459.0, 1479.0), (7, 8459.0, 1479.0), (8, 8459.0, 1479.0), (7, 8459.0, 1479.0), (8, 8459.0, 1479.0), (7, 8459.0, 1479.0), (8, 8459.0, 1479.0), (7, 8459.0, 1479.0), (8, 8459.0, 1479.0), (7, 8459.0, 1479.0), (8, 8459.0, 1479.0), (7, 8459.0, 1479.0), (8, 8459.0, 1479.0), (7, 8459.0, 1479.0), (8, 8459.0, 1479.0), (7, 8459.0, 1479.0), (8, 8459.0, 1479.0), (7, 8459.0, 1479.0), (8, 8459.0, 1479.0), (7, 8459.0, 1479.0), (8, 8459.0, 1479.0), (7, 8459.0, 1479.0), (8, 8459.0, 1479.0), (7, 8459.0, 1479.0), (8, 8459.0, 1479.0), (7, 8459.0, 1479.0), (8, 8459.0, 1479.0), (7, 8459.0, 1479.0), (8, 8459.0, 1479.0), (7, 8459.0, 1479.0), (8, 8459.0, 1479.0), (7, 8459.0, 1479.0), (8, 8459.0, 1479.0), (7, 8459.0, 1479.0), (8, 8459.0, 1479.0), (7, 8459.0, 1479.0), (8, 8459.0, 1479.0), (7, 8459.0, 1479.0), (8, 8459.0, 1479.0), (7, 8459.0, 1479.0), (8, 8459.0, 1479.0), (7, 8459.0, 1479.0), (8, 8459.0, 1479.0), (7, 8459.0, 1479.0), (8, 8459.0, 1479.0), (7, 8459.0, 1479.0), (8, 8459.0, 1479.0), (7, 8459.0, 1479.0), (8, 8459.0, 1479.0), (7, 8459.0, 1479.0), (8, 8459.0, 1479.0), (7, 8459.0, 1479.0), (8, 8459.0, 1479.0), (7, 8459.0, 1479.0), (8, 8459.0, 1479.0), (7, 8459.0, 1479.0), (8, 8459.0, 1479.0), (7, 8459.0, 1479.0), (8, 8459.0, 1479.0), (7, 8459.0, 1479.0), (8, 8459.0, 1479.0), (7, 8459.0, 1479.0), (8, 8459.0, 1479.0), (7, 8459.0, 1479.0), (8, 8459.0, 1479.0), (7, 8459.0, 1479.0), (8, 8459.0, 1479.0), (7, 8459.0, 1479.0), (8, 8459.0, 1479.0), (7, 8459.0, 1479.0), (8, 8459.0, 1479.0), (7, 8459.0, 1479.0), (8, 8459.0, 1479.0), (7, 8459.0, 1479.0), (8, 8459.0, 1479.0), (7, 8459.0, 1479.0), (8, 8459.0, 1479.0), (7, 8459.0, 1479.0), (8, 8459.0, 1479.0), (7, 8459.0, 1479.0), (8, 8459.0, 1479.0), (7, 8459.0, 1479.0), (8, 8459.0, 1479.0), (7, 8459.0, 1479.0), (8, 8459.0, 1479.0), (7, 8459.0, 1479.0), (8, 8459.0, 1479.0), (7, 8459.0, 1479.0), (8, 8459.0, 1479.0), (7, 8459.0, 1479.0), (8, 8459.0, 1479.0), (7, 8459.0, 1479.0), (8, 8459.0, 1479.0), (7, 8459.0, 1479.0), (8, 8459.0, 1479.0), (7, 8459.0, 1479.0), (8, 8459.0, 1479.0), (7, 8459.0, 1479.0), (8, 8459.0, 1479.0), (7, 8459.0, 1479.0), (8, 8459.0, 1479.0), (7, 8459.0, 1479.0), (8, 8459.0, 1479.0), (7, 8459.0, 1479.0), (8, 8459.0, 1479.0), (7, 8459.0, 1479.0), (8, 8459.0, 1479.0), (7, 8459.0, 1479.0), (8, 8459.0, 1479.0), (7, 8459.0, 1479.0), (8, 8459.0, 1479.0), (7, 8459.0, 1479.0), (8, 8459.0, 1479.0), (7, 8459.0, 1479.0), (8, 8459.0, 1479.0), (7, 8459.0, 1479.0), (8, 8459.0, 1479.0), (7, 8459.0, 1479.0), (8, 8459.0, 1479.0), (7, 8459.0, 1479.0), (8, 8459.0, 1479.0), (7, 8459.0, 1479.0), (8, 8459.0, 1479.0), (7, 8459.0, 1479.0), (8, 8459.0, 1479.0), (7, 8459.0, 1479.0), (8, 8459.0, 1479.0), (7, 8459.0, 1479.0), (8, 8459.0, 1479.0), (7, 8459.0, 1479.0), (8, 8459.0, 1479.0), (7, 8459.0, 1479.0), (8, 8459.0, 1479.0), (7, 8459.0, 1479.0), (8, 8459.0, 1479.0), (7, 8459.0, 1479.0), (8, 8459.0, 1479.0), (7, 8459.0, 1479.0), (8, 8459.0, 1479.0), (7, 8459.0, 1479.0), (8, 8459.0, 1479.0), (7, 8459.0, 1479.0), (8, 8459.0, 1479.0), (7, 8459.0, 1479.0), (8, 8459.0, 1479.0), (7, 8459.0, 1479.0), (8, 8459.0, 1479.0), (7, 8459.0, 1479.0), (8, 8459.0, 1479.0), (7, 8459.0, 1479.0), (8, 8459.0, 1479.0), (7, 8459.0, 1479.0), (8, 8459.0, 1479.0), (7, 8459.0, 1479.0), (8, 8459.0, 1479.0), (7, 8459.0, 1479.0), (8, 8459.0, 1479.0), (7, 8459.0, 1479.0), (8, 8459.0, 1479.0), (7, 8459.0, 1479.0), (8, 8459.0, 1479.0), (7, 8459.0, 1479.0), (8, 8459.0, 1479.0), (7, 8459.0, 1479.0), (8, 8459.0, 1479.0), (7, 57069.0, 1508.0), (0, 57069.0, 1508.0), (0, 57069.0, 1508.0), (1, 57069.0, 1508.0), (3, 57069.0, 1508.0), (4, 57069.0, 1508.0), (5, 57069.0, 1508.0), (6, 57069.0, 1508.0), (1, 57069.0, 1508.0), (3, 57069.0, 1508.0), (4, 57069.0, 1508.0), (5, 57069.0, 1508.0), (6, 57069.0, 1508.0), (1, 57069.0, 1508.0), (3, 57069.0, 1508.0), (4, 57069.0, 1508.0), (5, 57069.0, 1508.0), (6, 57069.0, 1508.0), (1, 57069.0, 1508.0), (3, 57069.0, 1508.0), (4, 57069.0, 1508.0), (5, 57069.0, 1508.0), (6, 57069.0, 1508.0), (1, 57069.0, 1508.0), (3, 57069.0, 1508.0), (4, 57069.0, 1508.0), (5, 57069.0, 1508.0), (6, 57069.0, 1508.0), (1, 57069.0, 1508.0), (3, 57069.0, 1508.0), (4, 57069.0, 1508.0), (5, 57069.0, 1508.0), (6, 57069.0, 1508.0), (1, 57069.0, 1508.0), (3, 57069.0, 1508.0), (4, 57069.0, 1508.0), (5, 57069.0, 1508.0), (6, 57069.0, 1508.0), (1, 57069.0, 1508.0), (3, 57069.0, 1508.0), (4, 57069.0, 1508.0), (5, 57069.0, 1508.0), (6, 57069.0, 1508.0), (1, 57069.0, 1526.0), (3, 57069.0, 1526.0), (4, 57069.0, 1526.0), (5, 57069.0, 1526.0), (6, 57069.0, 1526.0), (1, 57069.0, 1545.0), (3, 57069.0, 1545.0), (4, 57069.0, 1545.0), (5, 57069.0, 1545.0), (6, 57069.0, 1545.0), (1, 57069.0, 1563.0), (3, 57069.0, 1563.0), (4, 57069.0, 1563.0), (5, 57069.0, 1563.0), (6, 57069.0, 1563.0), (1, 57069.0, 1608.0), (3, 57069.0, 1608.0), (4, 57069.0, 1608.0), (5, 57069.0, 1608.0), (6, 57069.0, 1608.0), (1, 57069.0, 1650.0), (3, 57069.0, 1650.0), (4, 57069.0, 1650.0), (5, 57069.0, 1650.0), (6, 57069.0, 1650.0), (1, 57069.0, 1694.0), (3, 57069.0, 1694.0), (4, 57069.0, 1694.0), (5, 57069.0, 1694.0), (6, 57069.0, 1694.0), (1, 57069.0, 1701.0), (3, 57069.0, 1701.0), (4, 57069.0, 1701.0), (5, 57069.0, 1701.0), (6, 57069.0, 1701.0), (1, 57069.0, 1710.0), (3, 57069.0, 1710.0), (4, 57069.0, 1710.0), (5, 57069.0, 1710.0), (6, 57069.0, 1710.0), (1, 57069.0, 1710.0), (3, 57069.0, 1710.0), (4, 57069.0, 1710.0), (5, 57069.0, 1710.0), (6, 57069.0, 1710.0), (1, 57069.0, 1710.0), (3, 57069.0, 1710.0), (4, 57069.0, 1710.0), (5, 57069.0, 1710.0), (6, 57069.0, 1710.0), (1, 57069.0, 1710.0), (3, 57069.0, 1710.0), (4, 57069.0, 1710.0), (5, 57069.0, 1710.0), (6, 57069.0, 1710.0), (1, 57069.0, 1710.0), (3, 57069.0, 1710.0), (4, 57069.0, 1710.0), (5, 57069.0, 1710.0), (6, 57069.0, 1710.0), (1, 57069.0, 1710.0), (3, 57069.0, 1710.0), (4, 57069.0, 1710.0), (5, 57069.0, 1710.0), (6, 57069.0, 1710.0), (1, 57069.0, 1710.0), (3, 57069.0, 1710.0), (4, 57069.0, 1710.0), (5, 57069.0, 1710.0), (6, 57069.0, 1710.0), (1, 57069.0, 1710.0), (3, 57069.0, 1710.0), (4, 57069.0, 1710.0), (5, 57069.0, 1710.0), (6, 57069.0, 1710.0), (8, 57069.0, 1710.0), (9, 57069.0, 1710.0), (10, 57069.0, 1710.0), (11, 57069.0, 1710.0), (12, 57069.0, 1710.0), (13, 57069.0, 1710.0), (7, 57069.0, 1710.0), (0, 57069.0, 1710.0), (0, 57069.0, 1710.0), (1, 57069.0, 1710.0), (3, 57069.0, 1710.0), (4, 57069.0, 1710.0), (5, 57069.0, 1710.0), (6, 57069.0, 1710.0), (1, 57069.0, 1718.0), (3, 57069.0, 1718.0), (4, 57069.0, 1718.0), (5, 57069.0, 1718.0), (6, 57069.0, 1718.0), (1, 57069.0, 1725.0), (3, 57069.0, 1725.0), (4, 57069.0, 1725.0), (5, 57069.0, 1725.0), (6, 57069.0, 1725.0), (1, 57069.0, 1732.0), (3, 57069.0, 1732.0), (4, 57069.0, 1732.0), (5, 57069.0, 1732.0), (6, 57069.0, 1732.0), (1, 57069.0, 1740.0), (3, 57069.0, 1740.0), (4, 57069.0, 1740.0), (5, 57069.0, 1740.0), (6, 57069.0, 1740.0), (1, 57069.0, 1748.0), (3, 57069.0, 1748.0), (4, 57069.0, 1748.0), (5, 57069.0, 1748.0), (6, 57069.0, 1748.0), (1, 57069.0, 1754.0), (3, 57069.0, 1754.0), (4, 57069.0, 1754.0), (5, 57069.0, 1754.0), (6, 57069.0, 1754.0), (1, 57069.0, 1760.0), (3, 57069.0, 1760.0), (4, 57069.0, 1760.0), (5, 57069.0, 1760.0), (6, 57069.0, 1760.0), (1, 57069.0, 1768.0), (3, 57069.0, 1768.0), (4, 57069.0, 1768.0), (5, 57069.0, 1768.0), (6, 57069.0, 1768.0), (1, 57069.0, 1768.0), (3, 57069.0, 1768.0), (4, 57069.0, 1768.0), (5, 57069.0, 1768.0), (6, 57069.0, 1768.0), (1, 57069.0, 1768.0), (3, 57069.0, 1768.0), (4, 57069.0, 1768.0), (5, 57069.0, 1768.0), (6, 57069.0, 1768.0), (1, 57069.0, 1775.0), (3, 57069.0, 1775.0), (4, 57069.0, 1775.0), (5, 57069.0, 1775.0), (6, 57069.0, 1775.0), (1, 57069.0, 1782.0), (3, 57069.0, 1782.0), (4, 57069.0, 1782.0), (5, 57069.0, 1782.0), (6, 57069.0, 1782.0), (8, 57069.0, 1782.0), (7, 57069.0, 1782.0), (9, 57069.0, 1782.0), (10, 57069.0, 1782.0), (11, 57069.0, 1782.0), (12, 57069.0, 1782.0), (13, 57069.0, 1782.0), (7, 57069.0, 1782.0), (0, 57069.0, 1782.0), (0, 57069.0, 1782.0), (1, 57069.0, 1782.0), (3, 57069.0, 1782.0), (4, 57069.0, 1782.0), (5, 57069.0, 1782.0), (6, 57069.0, 1782.0), (9, 57069.0, 1782.0), (10, 57069.0, 1782.0), (11, 57069.0, 1782.0), (12, 57069.0, 1782.0), (13, 57069.0, 1782.0), (7, 57069.0, 1782.0), (0, 57069.0, 1782.0), (0, 57069.0, 1782.0), (1, 57069.0, 1782.0), (3, 57069.0, 1782.0), (4, 57069.0, 1782.0), (5, 57069.0, 1782.0), (6, 57069.0, 1782.0), (9, 57069.0, 1782.0), (10, 57069.0, 1782.0), (11, 57069.0, 1782.0), (12, 57069.0, 1782.0), (13, 57069.0, 1782.0), (7, 57069.0, 1782.0), (0, 57069.0, 1782.0)]
2026-01-01 16:50:08,752 estimate_duration: transitions=[(0, 1520.0, 9.0), (0, 1520.0, 9.0), (1, 1520.0, 9.0), (2, 1520.0, 9.0), (3, 1520.0, 9.0), (4, 1520.0, 9.0), (5, 1520.0, 9.0), (6, 1520.0, 9.0), (1, 1520.0, 18.0), (2, 1520.0, 18.0), (3, 1520.0, 18.0), (4, 1520.0, 18.0), (5, 1520.0, 18.0), (6, 1520.0, 18.0), (1, 1520.0, 27.0), (2, 1520.0, 27.0), (3, 1520.0, 27.0), (4, 1520.0, 27.0), (5, 1520.0, 27.0), (6, 1520.0, 27.0), (1, 1520.0, 36.0), (2, 1520.0, 36.0), (3, 1520.0, 36.0), (4, 1520.0, 36.0), (5, 1520.0, 36.0), (6, 1520.0, 36.0), (1, 1520.0, 44.0), (3, 1520.0, 44.0), (4, 1520.0, 44.0), (5, 1520.0, 44.0), (6, 1520.0, 44.0), (1, 1520.0, 52.0), (3, 1520.0, 52.0), (4, 1520.0, 52.0), (5, 1520.0, 52.0), (6, 1520.0, 52.0), (1, 1520.0, 59.0), (3, 1520.0, 59.0), (4, 1520.0, 59.0), (5, 1520.0, 59.0), (6, 1520.0, 59.0), (1, 1520.0, 67.0), (3, 1520.0, 67.0), (4, 1520.0, 67.0), (5, 1520.0, 67.0), (6, 1520.0, 67.0), (1, 1520.0, 75.0), (3, 1520.0, 75.0), (4, 1520.0, 75.0), (5, 1520.0, 75.0), (6, 1520.0, 75.0), (1, 1520.0, 83.0), (3, 1520.0, 83.0), (4, 1520.0, 83.0), (5, 1520.0, 83.0), (6, 1520.0, 83.0), (1, 1520.0, 92.0), (3, 1520.0, 92.0), (4, 1520.0, 92.0), (5, 1520.0, 92.0), (6, 1520.0, 92.0), (1, 1520.0, 100.0), (3, 1520.0, 100.0), (4, 1520.0, 100.0), (5, 1520.0, 100.0), (6, 1520.0, 100.0), (1, 1520.0, 108.0), (3, 1520.0, 108.0), (4, 1520.0, 108.0), (5, 1520.0, 108.0), (6, 1520.0, 108.0), (8, 1520.0, 108.0), (9, 1520.0, 108.0), (10, 1520.0, 108.0), (11, 1520.0, 108.0), (12, 1520.0, 108.0), (13, 1520.0, 108.0), (1, 1520.0, 108.0), (3, 1520.0, 108.0), (4, 1520.0, 108.0), (5, 1520.0, 108.0), (6, 1520.0, 108.0), (1, 1520.0, 117.0), (2, 1520.0, 117.0), (3, 1520.0, 117.0), (4, 1520.0, 117.0), (5, 1520.0, 117.0), (6, 1520.0, 117.0), (1, 1520.0, 126.0), (2, 1520.0, 126.0), (3, 1520.0, 126.0), (4, 1520.0, 126.0), (5, 1520.0, 126.0), (6, 1520.0, 126.0), (1, 1520.0, 134.0), (2, 1520.0, 134.0), (3, 1520.0, 134.0), (4, 1520.0, 134.0), (5, 1520.0, 134.0), (6, 1520.0, 134.0), (1, 1520.0, 143.0), (3, 1520.0, 143.0), (4, 1520.0, 143.0), (5, 1520.0, 143.0), (6, 1520.0, 143.0), (8, 1520.0, 152.0), (1, 1520.0, 152.0), (3, 1520.0, 152.0), (4, 1520.0, 152.0), (5, 1520.0, 152.0), (6, 1520.0, 152.0), (1, 1520.0, 161.0), (3, 1520.0, 161.0), (4, 1520.0, 161.0), (5, 1520.0, 161.0), (6, 1520.0, 161.0), (8, 1520.0, 161.0), (9, 1520.0, 161.0), (10, 1520.0, 161.0), (11, 1520.0, 161.0), (12, 1520.0, 161.0), (13, 1520.0, 161.0), (1, 1520.0, 161.0), (3, 1520.0, 161.0), (4, 1520.0, 161.0), (5, 1520.0, 161.0), (6, 1520.0, 161.0), (0, 15040.0, 170.0), (8, 15040.0, 170.0), (0, 15040.0, 170.0), (1, 15040.0, 170.0), (2, 15040.0, 170.0), (3, 15040.0, 170.0), (4, 15040.0, 170.0), (5, 15040.0, 170.0), (6, 15040.0, 170.0), (9, 15040.0, 170.0), (10, 15040.0, 170.0), (11, 15040.0, 170.0), (12, 15040.0, 170.0), (13, 15040.0, 170.0), (1, 15040.0, 170.0), (2, 15040.0, 170.0), (3, 15040.0, 170.0), (4, 15040.0, 170.0), (5, 15040.0, 170.0), (6, 15040.0, 170.0), (1, 15040.0, 179.0), (2, 15040.0, 179.0), (3, 15040.0, 179.0), (4, 15040.0, 179.0), (5, 15040.0, 179.0), (6, 15040.0, 179.0), (1, 15040.0, 188.0), (2, 15040.0, 188.0), (3, 15040.0, 188.0), (4, 15040.0, 188.0), (5, 15040.0, 188.0), (6, 15040.0, 188.0), (1, 15040.0, 237.0), (2, 15040.0, 237.0), (3, 15040.0, 237.0), (4, 15040.0, 237.0), (5, 15040.0, 237.0), (6, 15040.0, 237.0), (1, 15040.0, 285.0), (2, 15040.0, 285.0), (3, 15040.0, 285.0), (4, 15040.0, 285.0), (5, 15040.0, 285.0), (6, 15040.0, 285.0), (1, 15040.0, 334.0), (3, 15040.0, 334.0), (4, 15040.0, 334.0), (5, 15040.0, 334.0), (6, 15040.0, 334.0), (1, 15040.0, 383.0), (3, 15040.0, 383.0), (4, 15040.0, 383.0), (5, 15040.0, 383.0), (6, 15040.0, 383.0), (1, 15040.0, 432.0), (3, 15040.0, 432.0), (4, 15040.0, 432.0), (5, 15040.0, 432.0), (6, 15040.0, 432.0), (1, 15040.0, 481.0), (3, 15040.0, 481.0), (4, 15040.0, 481.0), (5, 15040.0, 481.0), (6, 15040.0, 481.0), (1, 15040.0, 500.0), (3, 15040.0, 500.0), (4, 15040.0, 500.0), (5, 15040.0, 500.0), (6, 15040.0, 500.0), (1, 15040.0, 519.0), (3, 15040.0, 519.0), (4, 15040.0, 519.0), (5, 15040.0, 519.0), (6, 15040.0, 519.0), (8, 15040.0, 519.0), (9, 15040.0, 519.0), (10, 15040.0, 519.0), (11, 15040.0, 519.0), (12, 15040.0, 519.0), (13, 15040.0, 519.0), (1, 15040.0, 519.0), (3, 15040.0, 519.0), (4, 15040.0, 519.0), (5, 15040.0, 519.0), (6, 15040.0, 519.0), (1, 15040.0, 538.0), (2, 15040.0, 538.0), (3, 15040.0, 538.0), (4, 15040.0, 538.0), (5, 15040.0, 538.0), (6, 15040.0, 538.0), (1, 15040.0, 557.0), (2, 15040.0, 557.0), (3, 15040.0, 557.0), (4, 15040.0, 557.0), (5, 15040.0, 557.0), (6, 15040.0, 557.0), (1, 15040.0, 576.0), (2, 15040.0, 576.0), (3, 15040.0, 576.0), (4, 15040.0, 576.0), (5, 15040.0, 576.0), (6, 15040.0, 576.0), (8, 15040.0, 576.0), (9, 15040.0, 576.0), (10, 15040.0, 576.0), (11, 15040.0, 576.0), (12, 15040.0, 576.0), (13, 15040.0, 576.0), (1, 15040.0, 576.0), (2, 15040.0, 576.0), (3, 15040.0, 576.0), (4, 15040.0, 576.0), (5, 15040.0, 576.0), (6, 15040.0, 576.0), (1, 15040.0, 595.0), (2, 15040.0, 595.0), (3, 15040.0, 595.0), (4, 15040.0, 595.0), (5, 15040.0, 595.0), (6, 15040.0, 595.0), (1, 15040.0, 614.0), (2, 15040.0, 614.0), (3, 15040.0, 614.0), (4, 15040.0, 614.0), (5, 15040.0, 614.0), (6, 15040.0, 614.0), (1, 15040.0, 633.0), (2, 15040.0, 633.0), (3, 15040.0, 633.0), (4, 15040.0, 633.0), (5, 15040.0, 633.0), (6, 15040.0, 633.0), (1, 15040.0, 652.0), (2, 15040.0, 652.0), (3, 15040.0, 652.0), (4, 15040.0, 652.0), (5, 15040.0, 652.0), (6, 15040.0, 652.0), (1, 15040.0, 671.0), (2, 15040.0, 671.0), (3, 15040.0, 671.0), (4, 15040.0, 671.0), (5, 15040.0, 671.0), (6, 15040.0, 671.0), (1, 15040.0, 690.0), (3, 15040.0, 690.0), (4, 15040.0, 690.0), (5, 15040.0, 690.0), (6, 15040.0, 690.0), (1, 15040.0, 709.0), (3, 15040.0, 709.0), (4, 15040.0, 709.0), (5, 15040.0, 709.0), (6, 15040.0, 709.0), (1, 15040.0, 728.0), (3, 15040.0, 728.0), (4, 15040.0, 728.0), (5, 15040.0, 728.0), (6, 15040.0, 728.0), (1, 15040.0, 746.0), (3, 15040.0, 746.0), (4, 15040.0, 746.0), (5, 15040.0, 746.0), (6, 15040.0, 746.0), (1, 15040.0, 764.0), (3, 15040.0, 764.0), (4, 15040.0, 764.0), (5, 15040.0, 764.0), (6, 15040.0, 764.0), (1, 15040.0, 783.0), (3, 15040.0, 783.0), (4, 15040.0, 783.0), (5, 15040.0, 783.0), (6, 15040.0, 783.0), (1, 15040.0, 801.0), (3, 15040.0, 801.0), (4, 15040.0, 801.0), (5, 15040.0, 801.0), (6, 15040.0, 801.0), (1, 15040.0, 819.0), (3, 15040.0, 819.0), (4, 15040.0, 819.0), (5, 15040.0, 819.0), (6, 15040.0, 819.0), (1, 15040.0, 837.0), (3, 15040.0, 837.0), (4, 15040.0, 837.0), (5, 15040.0, 837.0), (6, 15040.0, 837.0), (8, 15040.0, 837.0), (9, 15040.0, 837.0), (10, 15040.0, 837.0), (11, 15040.0, 837.0), (12, 15040.0, 837.0), (13, 15040.0, 837.0), (1, 15040.0, 837.0), (3, 15040.0, 837.0), (4, 15040.0, 837.0), (5, 15040.0, 837.0), (6, 15040.0, 837.0), (1, 15040.0, 856.0), (3, 15040.0, 856.0), (4, 15040.0, 856.0), (5, 15040.0, 856.0), (6, 15040.0, 856.0), (1, 15040.0, 865.0), (3, 15040.0, 865.0), (4, 15040.0, 865.0), (5, 15040.0, 865.0), (6, 15040.0, 865.0), (1, 15040.0, 874.0), (3, 15040.0, 874.0), (4, 15040.0, 874.0), (5, 15040.0, 874.0), (6, 15040.0, 874.0), (1, 15040.0, 883.0), (3, 15040.0, 883.0), (4, 15040.0, 883.0), (5, 15040.0, 883.0), (6, 15040.0, 883.0), (1, 15040.0, 892.0), (3, 15040.0, 892.0), (4, 15040.0, 892.0), (5, 15040.0, 892.0), (6, 15040.0, 892.0), (1, 15040.0, 901.0), (3, 15040.0, 901.0), (4, 15040.0, 901.0), (5, 15040.0, 901.0), (6, 15040.0, 901.0), (1, 15040.0, 910.0), (3, 15040.0, 910.0), (4, 15040.0, 910.0), (5, 15040.0, 910.0), (6, 15040.0, 910.0), (1, 15040.0, 919.0), (3, 15040.0, 919.0), (4, 15040.0, 919.0), (5, 15040.0, 919.0), (6, 15040.0, 919.0), (1, 15040.0, 928.0), (3, 15040.0, 928.0), (4, 15040.0, 928.0), (5, 15040.0, 928.0), (6, 15040.0, 928.0), (1, 15040.0, 928.0), (3, 15040.0, 928.0), (4, 15040.0, 928.0), (5, 15040.0, 928.0), (6, 15040.0, 928.0), (1, 15040.0, 928.0), (3, 15040.0, 928.0), (4, 15040.0, 928.0), (5, 15040.0, 928.0), (6, 15040.0, 928.0), (1, 15040.0, 928.0), (3, 15040.0, 928.0), (4, 15040.0, 928.0), (5, 15040.0, 928.0), (6, 15040.0, 928.0), (1, 15040.0, 937.0), (3, 15040.0, 937.0), (4, 15040.0, 937.0), (5, 15040.0, 937.0), (6, 15040.0, 937.0), (1, 15040.0, 946.0), (3, 15040.0, 946.0), (4, 15040.0, 946.0), (5, 15040.0, 946.0), (6, 15040.0, 946.0), (1, 15040.0, 955.0), (3, 15040.0, 955.0), (4, 15040.0, 955.0), (5, 15040.0, 955.0), (6, 15040.0, 955.0), (1, 15040.0, 977.0), (3, 15040.0, 977.0), (4, 15040.0, 977.0), (5, 15040.0, 977.0), (6, 15040.0, 977.0), (1, 15040.0, 986.0), (3, 15040.0, 986.0), (4, 15040.0, 986.0), (5, 15040.0, 986.0), (6, 15040.0, 986.0), (8, 15040.0, 986.0), (9, 15040.0, 986.0), (10, 15040.0, 986.0), (11, 15040.0, 986.0), (12, 15040.0, 986.0), (13, 15040.0, 986.0), (7, 15040.0, 986.0), (0, 15040.0, 986.0), (0, 15040.0, 986.0), (1, 15040.0, 986.0), (3, 15040.0, 986.0), (4, 15040.0, 986.0), (5, 15040.0, 986.0), (6, 15040.0, 986.0), (1, 15040.0, 995.0), (3, 15040.0, 995.0), (4, 15040.0, 995.0), (5, 15040.0, 995.0), (6, 15040.0, 995.0), (1, 15040.0, 1004.0), (3, 15040.0, 1004.0), (4, 15040.0, 1004.0), (5, 15040.0, 1004.0), (6, 15040.0, 1004.0), (1, 15040.0, 1013.0), (3, 15040.0, 1013.0), (4, 15040.0, 1013.0), (5, 15040.0, 1013.0), (6, 15040.0, 1013.0), (1, 15040.0, 1022.0), (3, 15040.0, 1022.0), (4, 15040.0, 1022.0), (5, 15040.0, 1022.0), (6, 15040.0, 1022.0), (1, 15040.0, 1031.0), (3, 15040.0, 1031.0), (4, 15040.0, 1031.0), (5, 15040.0, 1031.0), (6, 15040.0, 1031.0), (1, 15040.0, 1040.0), (3, 15040.0, 1040.0), (4, 15040.0, 1040.0), (5, 15040.0, 1040.0), (6, 15040.0, 1040.0), (1, 15040.0, 1049.0), (3, 15040.0, 1049.0), (4, 15040.0, 1049.0), (5, 15040.0, 1049.0), (6, 15040.0, 1049.0), (1, 15040.0, 1058.0), (3, 15040.0, 1058.0), (4, 15040.0, 1058.0), (5, 15040.0, 1058.0), (6, 15040.0, 1058.0), (1, 15040.0, 1067.0), (3, 15040.0, 1067.0), (4, 15040.0, 1067.0), (5, 15040.0, 1067.0), (6, 15040.0, 1067.0), (1, 15040.0, 1076.0), (3, 15040.0, 1076.0), (4, 15040.0, 1076.0), (5, 15040.0, 1076.0), (6, 15040.0, 1076.0), (1, 15040.0, 1085.0), (3, 15040.0, 1085.0), (4, 15040.0, 1085.0), (5, 15040.0, 1085.0), (6, 15040.0, 1085.0), (1, 15040.0, 1085.0), (3, 15040.0, 1085.0), (4, 15040.0, 1085.0), (5, 15040.0, 1085.0), (6, 15040.0, 1085.0), (1, 15040.0, 1085.0), (3, 15040.0, 1085.0), (4, 15040.0, 1085.0), (5, 15040.0, 1085.0), (6, 15040.0, 1085.0), (1, 15040.0, 1085.0), (3, 15040.0, 1085.0), (4, 15040.0, 1085.0), (5, 15040.0, 1085.0), (6, 15040.0, 1085.0), (1, 15040.0, 1085.0), (3, 15040.0, 1085.0), (4, 15040.0, 1085.0), (5, 15040.0, 1085.0), (6, 15040.0, 1085.0), (1, 15040.0, 1085.0), (3, 15040.0, 1085.0), (4, 15040.0, 1085.0), (5, 15040.0, 1085.0), (6, 15040.0, 1085.0), (1, 15040.0, 1085.0), (3, 15040.0, 1085.0), (4, 15040.0, 1085.0), (5, 15040.0, 1085.0), (6, 15040.0, 1085.0), (1, 15040.0, 1085.0), (3, 15040.0, 1085.0), (4, 15040.0, 1085.0), (5, 15040.0, 1085.0), (6, 15040.0, 1085.0), (1, 15040.0, 1085.0), (3, 15040.0, 1085.0), (4, 15040.0, 1085.0), (5, 15040.0, 1085.0), (6, 15040.0, 1085.0), (8, 15040.0, 1085.0), (7, 15040.0, 1085.0), (9, 15040.0, 1085.0), (10, 15040.0, 1085.0), (11, 15040.0, 1085.0), (12, 15040.0, 1085.0), (13, 15040.0, 1085.0), (7, 15040.0, 1085.0), (0, 15040.0, 1085.0), (0, 15040.0, 1085.0), (1, 15040.0, 1085.0), (3, 15040.0, 1085.0), (4, 15040.0, 1085.0), (5, 15040.0, 1085.0), (6, 15040.0, 1085.0), (1, 15040.0, 1085.0), (3, 15040.0, 1085.0), (4, 15040.0, 1085.0), (5, 15040.0, 1085.0), (6, 15040.0, 1085.0), (1, 15040.0, 1085.0), (3, 15040.0, 1085.0), (4, 15040.0, 1085.0), (5, 15040.0, 1085.0), (6, 15040.0, 1085.0), (1, 15040.0, 1085.0), (3, 15040.0, 1085.0), (4, 15040.0, 1085.0), (5, 15040.0, 1085.0), (6, 15040.0, 1085.0), (1, 15040.0, 1085.0), (3, 15040.0, 1085.0), (4, 15040.0, 1085.0), (5, 15040.0, 1085.0), (6, 15040.0, 1085.0), (1, 15040.0, 1094.0), (3, 15040.0, 1094.0), (4, 15040.0, 1094.0), (5, 15040.0, 1094.0), (6, 15040.0, 1094.0), (1, 15040.0, 1103.0), (3, 15040.0, 1103.0), (4, 15040.0, 1103.0), (5, 15040.0, 1103.0), (6, 15040.0, 1103.0), (1, 15040.0, 1112.0), (3, 15040.0, 1112.0), (4, 15040.0, 1112.0), (5, 15040.0, 1112.0), (6, 15040.0, 1112.0), (1, 15040.0, 1121.0), (3, 15040.0, 1121.0), (4, 15040.0, 1121.0), (5, 15040.0, 1121.0), (6, 15040.0, 1121.0), (1, 15040.0, 1130.0), (3, 15040.0, 1130.0), (4, 15040.0, 1130.0), (5, 15040.0, 1130.0), (6, 15040.0, 1130.0), (1, 15040.0, 1139.0), (3, 15040.0, 1139.0), (4, 15040.0, 1139.0), (5, 15040.0, 1139.0), (6, 15040.0, 1139.0), (1, 15040.0, 1148.0), (3, 15040.0, 1148.0), (4, 15040.0, 1148.0), (5, 15040.0, 1148.0), (6, 15040.0, 1148.0), (1, 15040.0, 1157.0), (3, 15040.0, 1157.0), (4, 15040.0, 1157.0), (5, 15040.0, 1157.0), (6, 15040.0, 1157.0), (1, 15040.0, 1166.0), (3, 15040.0, 1166.0), (4, 15040.0, 1166.0), (5, 15040.0, 1166.0), (6, 15040.0, 1166.0), (1, 15040.0, 1175.0), (3, 15040.0, 1175.0), (4, 15040.0, 1175.0), (5, 15040.0, 1175.0), (6, 15040.0, 1175.0), (1, 15040.0, 1194.0), (3, 15040.0, 1194.0), (4, 15040.0, 1194.0), (5, 15040.0, 1194.0), (6, 15040.0, 1194.0), (1, 15040.0, 1194.0), (3, 15040.0, 1194.0), (4, 15040.0, 1194.0), (5, 15040.0, 1194.0), (6, 15040.0, 1194.0), (1, 15040.0, 1194.0), (3, 15040.0, 1194.0), (4, 15040.0, 1194.0), (5, 15040.0, 1194.0), (6, 15040.0, 1194.0), (1, 15040.0, 1194.0), (3, 15040.0, 1194.0), (4, 15040.0, 1194.0), (5, 15040.0, 1194.0), (6, 15040.0, 1194.0), (1, 15040.0, 1194.0), (3, 15040.0, 1194.0), (4, 15040.0, 1194.0), (5, 15040.0, 1194.0), (6, 15040.0, 1194.0), (1, 15040.0, 1197.0), (3, 15040.0, 1197.0), (4, 15040.0, 1197.0), (5, 15040.0, 1197.0), (6, 15040.0, 1197.0), (1, 15040.0, 1203.0), (3, 15040.0, 1203.0), (4, 15040.0, 1203.0), (5, 15040.0, 1203.0), (6, 15040.0, 1203.0), (1, 15040.0, 1223.0), (3, 15040.0, 1223.0), (4, 15040.0, 1223.0), (5, 15040.0, 1223.0), (6, 15040.0, 1223.0), (8, 15040.0, 1223.0), (7, 15040.0, 1223.0), (9, 15040.0, 1223.0), (10, 15040.0, 1223.0), (11, 15040.0, 1223.0), (12, 15040.0, 1223.0), (13, 15040.0, 1223.0), (7, 15040.0, 1223.0), (0, 15040.0, 1223.0), (0, 15040.0, 1223.0), (1, 15040.0, 1223.0), (3, 15040.0, 1223.0), (4, 15040.0, 1223.0), (5, 15040.0, 1223.0), (6, 15040.0, 1223.0), (9, 46600.0, 1238.0), (10, 46600.0, 1238.0), (9, 46600.0, 1238.0), (10, 46600.0, 1245.0), (0, 46600.0, 1245.0), (0, 46600.0, 1245.0), (1, 46600.0, 1245.0), (3, 46600.0, 1245.0), (4, 46600.0, 1245.0), (5, 46600.0, 1245.0), (6, 46600.0, 1245.0), (1, 46600.0, 1252.0), (3, 46600.0, 1252.0), (4, 46600.0, 1252.0), (5, 46600.0, 1252.0), (6, 46600.0, 1252.0), (1, 46600.0, 1259.0), (3, 46600.0, 1259.0), (4, 46600.0, 1259.0), (5, 46600.0, 1259.0), (6, 46600.0, 1259.0), (1, 46600.0, 1267.0), (3, 46600.0, 1267.0), (4, 46600.0, 1267.0), (5, 46600.0, 1267.0), (6, 46600.0, 1267.0), (1, 46600.0, 1276.0), (3, 46600.0, 1276.0), (4, 46600.0, 1276.0), (5, 46600.0, 1276.0), (6, 46600.0, 1276.0), (1, 46600.0, 1283.0), (3, 46600.0, 1283.0), (4, 46600.0, 1283.0), (5, 46600.0, 1283.0), (6, 46600.0, 1283.0), (1, 46600.0, 1291.0), (3, 46600.0, 1291.0), (4, 46600.0, 1291.0), (5, 46600.0, 1291.0), (6, 46600.0, 1291.0), (1, 46600.0, 1299.0), (3, 46600.0, 1299.0), (4, 46600.0, 1299.0), (5, 46600.0, 1299.0), (6, 46600.0, 1299.0), (1, 46600.0, 1306.0), (3, 46600.0, 1306.0), (4, 46600.0, 1306.0), (5, 46600.0, 1306.0), (6, 46600.0, 1306.0), (1, 46600.0, 1350.0), (3, 46600.0, 1350.0), (4, 46600.0, 1350.0), (5, 46600.0, 1350.0), (6, 46600.0, 1350.0), (1, 46600.0, 1396.0), (3, 46600.0, 1396.0), (4, 46600.0, 1396.0), (5, 46600.0, 1396.0), (6, 46600.0, 1396.0), (1, 46600.0, 1412.0), (3, 46600.0, 1412.0), (4, 46600.0, 1412.0), (5, 46600.0, 1412.0), (6, 46600.0, 1412.0), (1, 46600.0, 1428.0), (3, 46600.0, 1428.0), (4, 46600.0, 1428.0), (5, 46600.0, 1428.0), (6, 46600.0, 1428.0), (1, 46600.0, 1428.0), (3, 46600.0, 1428.0), (4, 46600.0, 1428.0), (5, 46600.0, 1428.0), (6, 46600.0, 1428.0), (1, 46600.0, 1428.0), (3, 46600.0, 1428.0), (4, 46600.0, 1428.0), (5, 46600.0, 1428.0), (6, 46600.0, 1428.0), (1, 46600.0, 1428.0), (3, 46600.0, 1428.0), (4, 46600.0, 1428.0), (5, 46600.0, 1428.0), (6, 46600.0, 1428.0), (1, 46600.0, 1428.0), (3, 46600.0, 1428.0), (4, 46600.0, 1428.0), (5, 46600.0, 1428.0), (6, 46600.0, 1428.0), (1, 46600.0, 1428.0), (3, 46600.0, 1428.0), (4, 46600.0, 1428.0), (5, 46600.0, 1428.0), (6, 46600.0, 1428.0), (1, 46600.0, 1428.0), (3, 46600.0, 1428.0), (4, 46600.0, 1428.0), (5, 46600.0, 1428.0), (6, 46600.0, 1428.0), (1, 46600.0, 1428.0), (3, 46600.0, 1428.0), (4, 46600.0, 1428.0), (5, 46600.0, 1428.0), (6, 46600.0, 1428.0), (1, 46600.0, 1428.0), (3, 46600.0, 1428.0), (4, 46600.0, 1428.0), (5, 46600.0, 1428.0), (6, 46600.0, 1428.0), (1, 46600.0, 1428.0), (3, 46600.0, 1428.0), (4, 46600.0, 1428.0), (5, 46600.0, 1428.0), (6, 46600.0, 1428.0), (1, 46600.0, 1428.0), (3, 46600.0, 1428.0), (4, 46600.0, 1428.0), (5, 46600.0, 1428.0), (6, 46600.0, 1428.0), (1, 46600.0, 1437.0), (3, 46600.0, 1437.0), (4, 46600.0, 1437.0), (5, 46600.0, 1437.0), (6, 46600.0, 1437.0), (1, 46600.0, 1446.0), (3, 46600.0, 1446.0), (4, 46600.0, 1446.0), (5, 46600.0, 1446.0), (6, 46600.0, 1446.0), (1, 46600.0, 1454.0), (3, 46600.0, 1454.0), (4, 46600.0, 1454.0), (5, 46600.0, 1454.0), (6, 46600.0, 1454.0), (1, 46600.0, 1463.0), (3, 46600.0, 1463.0), (4, 46600.0, 1463.0), (5, 46600.0, 1463.0), (6, 46600.0, 1463.0), (1, 46600.0, 1471.0), (3, 46600.0, 1471.0), (4, 46600.0, 1471.0), (5, 46600.0, 1471.0), (6, 46600.0, 1471.0), (8, 46600.0, 1471.0), (7, 46600.0, 1471.0), (9, 46600.0, 1471.0), (10, 46600.0, 1471.0), (11, 46600.0, 1471.0), (12, 46600.0, 1471.0), (13, 46600.0, 1471.0), (7, 46600.0, 1471.0), (0, 46600.0, 1471.0), (0, 46600.0, 1471.0), (1, 46600.0, 1471.0), (3, 46600.0, 1471.0), (4, 46600.0, 1471.0), (5, 46600.0, 1471.0), (6, 46600.0, 1471.0), (1, 46600.0, 1479.0), (3, 46600.0, 1479.0), (4, 46600.0, 1479.0), (5, 46600.0, 1479.0), (6, 46600.0, 1479.0), (1, 46600.0, 1488.0), (3, 46600.0, 1488.0), (4, 46600.0, 1488.0), (5, 46600.0, 1488.0), (6, 46600.0, 1488.0), (8, 46600.0, 1488.0), (7, 46600.0, 1488.0), (9, 46600.0, 1488.0), (10, 46600.0, 1488.0), (11, 46600.0, 1488.0), (12, 46600.0, 1488.0), (13, 46600.0, 1488.0), (7, 46600.0, 1488.0), (0, 46600.0, 1488.0), (0, 46600.0, 1488.0), (1, 46600.0, 1488.0), (3, 46600.0, 1488.0), (4, 46600.0, 1488.0), (5, 46600.0, 1488.0), (6, 46600.0, 1488.0), (9, 46600.0, 1479.0), (8, 46600.0, 1479.0), (7, 46600.0, 1479.0), (9, 46600.0, 1479.0), (8, 46600.0, 1479.0), (7, 46600.0, 1479.0), (9, 46600.0, 1479.0), (8, 46600.0, 1479.0), (7, 46600.0, 1479.0), (9, 46600.0, 1479.0), (8, 46600.0, 1479.0), (7, 46600.0, 1479.0), (9, 46600.0, 1479.0), (8, 46600.0, 1479.0), (7, 46600.0, 1479.0), (9, 46600.0, 1479.0), (8, 46600.0, 1479.0), (7, 46600.0, 1479.0), (9, 46600.0, 1479.0), (8, 46600.0, 1479.0), (7, 46600.0, 1479.0), (9, 46600.0, 1479.0), (8, 46600.0, 1479.0), (7, 46600.0, 1479.0), (9, 46600.0, 1479.0), (8, 46600.0, 1479.0), (7, 46600.0, 1479.0), (9, 46600.0, 1479.0), (8, 46600.0, 1479.0), (7, 46600.0, 1479.0), (9, 46600.0, 1479.0), (8, 46600.0, 1479.0), (7, 46600.0, 1479.0), (9, 46600.0, 1479.0), (8, 46600.0, 1479.0), (7, 46600.0, 1479.0), (9, 46600.0, 1479.0), (8, 46600.0, 1479.0), (7, 46600.0, 1479.0), (9, 46600.0, 1479.0), (8, 46600.0, 1479.0), (7, 46600.0, 1479.0), (9, 46600.0, 1479.0), (8, 46600.0, 1479.0), (7, 46600.0, 1479.0), (9, 46600.0, 1479.0), (8, 46600.0, 1479.0), (7, 46600.0, 1479.0), (9, 46600.0, 1479.0), (8, 46600.0, 1479.0), (7, 46600.0, 1479.0), (9, 46600.0, 1479.0), (8, 46600.0, 1479.0), (7, 46600.0, 1479.0), (9, 46600.0, 1479.0), (8, 46600.0, 1479.0), (7, 46600.0, 1479.0), (9, 46600.0, 1479.0), (8, 46600.0, 1479.0), (7, 46600.0, 1479.0), (9, 46600.0, 1479.0), (8, 46600.0, 1479.0), (7, 46600.0, 1479.0), (9, 46600.0, 1479.0), (8, 46600.0, 1479.0), (7, 46600.0, 1479.0), (9, 46600.0, 1479.0), (8, 46600.0, 1479.0), (7, 46600.0, 1479.0), (9, 46600.0, 1479.0), (8, 46600.0, 1479.0), (7, 46600.0, 1479.0), (9, 46600.0, 1479.0), (8, 46600.0, 1479.0), (7, 46600.0, 1479.0), (9, 46600.0, 1479.0), (8, 46600.0, 1479.0), (7, 46600.0, 1479.0), (9, 46600.0, 1479.0), (8, 46600.0, 1479.0), (7, 46600.0, 1479.0), (9, 46600.0, 1479.0), (8, 46600.0, 1479.0), (7, 46600.0, 1479.0), (9, 46600.0, 1479.0), (8, 46600.0, 1479.0), (7, 46600.0, 1479.0), (9, 46600.0, 1479.0), (8, 46600.0, 1479.0), (7, 46600.0, 1479.0), (9, 46600.0, 1479.0), (8, 46600.0, 1479.0), (7, 46600.0, 1479.0), (9, 46600.0, 1479.0), (8, 46600.0, 1479.0), (7, 46600.0, 1479.0), (9, 46600.0, 1479.0), (8, 46600.0, 1479.0), (7, 46600.0, 1479.0), (9, 46600.0, 1479.0), (8, 46600.0, 1479.0), (7, 46600.0, 1479.0), (9, 46600.0, 1479.0), (8, 46600.0, 1479.0), (7, 46600.0, 1479.0), (9, 46600.0, 1479.0), (8, 46600.0, 1479.0), (7, 46600.0, 1479.0), (9, 46600.0, 1479.0), (8, 46600.0, 1479.0), (7, 46600.0, 1479.0), (9, 46600.0, 1479.0), (8, 46600.0, 1479.0), (7, 46600.0, 1479.0), (9, 46600.0, 1479.0), (8, 46600.0, 1479.0), (7, 46600.0, 1479.0), (9, 46600.0, 1479.0), (8, 46600.0, 1479.0), (7, 46600.0, 1479.0), (9, 46600.0, 1479.0), (8, 46600.0, 1479.0), (7, 46600.0, 1479.0), (9, 46600.0, 1479.0), (8, 46600.0, 1479.0), (7, 46600.0, 1479.0), (9, 46600.0, 1479.0), (8, 46600.0, 1479.0), (7, 46600.0, 1479.0), (9, 46600.0, 1479.0), (8, 46600.0, 1479.0), (7, 46600.0, 1479.0), (9, 46600.0, 1479.0), (8, 46600.0, 1479.0), (7, 46600.0, 1479.0), (9, 46600.0, 1479.0), (8, 46600.0, 1479.0), (7, 46600.0, 1479.0), (9, 46600.0, 1479.0), (8, 46600.0, 1479.0), (7, 46600.0, 1479.0), (9, 46600.0, 1479.0), (8, 46600.0, 1479.0), (7, 46600.0, 1479.0), (9, 46600.0, 1479.0), (8, 46600.0, 1479.0), (7, 46600.0, 1479.0), (9, 46600.0, 1479.0), (8, 46600.0, 1479.0), (7, 46600.0, 1479.0), (9, 46600.0, 1479.0), (8, 46600.0, 1479.0), (7, 46600.0, 1479.0), (9, 46600.0, 1479.0), (8, 46600.0, 1479.0), (7, 46600.0, 1479.0), (9, 46600.0, 1479.0), (8, 46600.0, 1479.0), (7, 46600.0, 1479.0), (9, 46600.0, 1479.0), (8, 46600.0, 1479.0), (7, 46600.0, 1479.0), (9, 46600.0, 1479.0), (8, 46600.0, 1479.0), (7, 46600.0, 1479.0), (9, 46600.0, 1479.0), (8, 46600.0, 1479.0), (7, 46600.0, 1479.0), (9, 46600.0, 1479.0), (8, 46600.0, 1479.0), (7, 46600.0, 1479.0), (9, 46600.0, 1479.0), (8, 46600.0, 1479.0), (7, 46600.0, 1479.0), (9, 46600.0, 1479.0), (8, 46600.0, 1479.0), (7, 46600.0, 1479.0), (9, 46600.0, 1479.0), (8, 46600.0, 1479.0), (7, 46600.0, 1479.0), (9, 46600.0, 1479.0), (8, 46600.0, 1479.0), (7, 46600.0, 1479.0), (9, 46600.0, 1479.0), (8, 46600.0, 1479.0), (7, 46600.0, 1479.0), (9, 46600.0, 1479.0), (8, 46600.0, 1479.0), (7, 46600.0, 1479.0), (9, 46600.0, 1479.0), (8, 46600.0, 1479.0), (7, 46600.0, 1479.0), (9, 46600.0, 1479.0), (8, 46600.0, 1479.0), (7, 46600.0, 1479.0), (9, 46600.0, 1479.0), (8, 46600.0, 1479.0), (7, 46600.0, 1479.0), (9, 46600.0, 1479.0), (8, 46600.0, 1479.0), (7, 46600.0, 1479.0), (9, 46600.0, 1479.0), (8, 46600.0, 1479.0), (7, 46600.0, 1479.0), (9, 46600.0, 1479.0), (8, 46600.0, 1479.0), (7, 46600.0, 1479.0), (9, 46600.0, 1479.0), (8, 46600.0, 1479.0), (7, 46600.0, 1479.0), (9, 46600.0, 1479.0), (8, 46600.0, 1479.0), (7, 46600.0, 1479.0), (9, 46600.0, 1479.0), (8, 46600.0, 1479.0), (7, 46600.0, 1479.0), (9, 46600.0, 1479.0), (8, 46600.0, 1479.0), (7, 46600.0, 1479.0), (9, 46600.0, 1479.0), (8, 46600.0, 1479.0), (7, 46600.0, 1479.0), (9, 46600.0, 1479.0), (8, 46600.0, 1479.0), (7, 46600.0, 1479.0), (9, 46600.0, 1479.0), (8, 46600.0, 1479.0), (7, 46600.0, 1479.0), (9, 46600.0, 1479.0), (8, 46600.0, 1479.0), (7, 46600.0, 1479.0), (9, 46600.0, 1479.0), (8, 46600.0, 1479.0), (7, 46600.0, 1479.0), (9, 46600.0, 1479.0), (8, 46600.0, 1479.0), (7, 46600.0, 1479.0), (9, 46600.0, 1479.0), (8, 46600.0, 1479.0), (7, 46600.0, 1479.0), (9, 46600.0, 1479.0), (8, 46600.0, 1479.0), (7, 46600.0, 1479.0), (9, 46600.0, 1479.0), (8, 46600.0, 1479.0), (7, 46600.0, 1479.0), (9, 46600.0, 1479.0), (8, 46600.0, 1479.0), (7, 46600.0, 1479.0), (9, 46600.0, 1479.0), (8, 46600.0, 1479.0), (7, 46600.0, 1479.0), (9, 46600.0, 1479.0), (8, 46600.0, 1479.0), (7, 46600.0, 1479.0), (9, 46600.0, 1479.0), (8, 46600.0, 1479.0), (7, 46600.0, 1479.0), (9, 46600.0, 1479.0), (8, 46600.0, 1479.0), (7, 46600.0, 1479.0), (9, 46600.0, 1479.0), (8, 46600.0, 1479.0), (7, 46600.0, 1479.0), (9, 46600.0, 1479.0), (8, 46600.0, 1479.0), (7, 46600.0, 1479.0), (9, 46600.0, 1479.0), (8, 46600.0, 1479.0), (7, 46600.0, 1479.0), (9, 46600.0, 1479.0), (8, 46600.0, 1479.0), (7, 46600.0, 1479.0), (9, 46600.0, 1479.0), (8, 46600.0, 1479.0), (7, 46600.0, 1479.0), (9, 46600.0, 1479.0), (8, 46600.0, 1479.0), (7, 46600.0, 1479.0), (9, 46600.0, 1479.0), (8, 46600.0, 1479.0), (7, 46600.0, 1479.0), (9, 46600.0, 1479.0), (8, 46600.0, 1479.0), (7, 46600.0, 1479.0), (9, 46600.0, 1479.0), (8, 46600.0, 1479.0), (7, 46600.0, 1479.0), (9, 46600.0, 1479.0), (8, 46600.0, 1479.0), (7, 46600.0, 1479.0), (9, 46600.0, 1479.0), (8, 46600.0, 1479.0), (7, 46600.0, 1479.0), (9, 46600.0, 1479.0), (8, 46600.0, 1479.0), (7, 46600.0, 1479.0), (9, 46600.0, 1479.0), (8, 46600.0, 1479.0), (7, 46600.0, 1479.0), (9, 46600.0, 1479.0), (8, 46600.0, 1479.0), (7, 46600.0, 1479.0), (9, 46600.0, 1479.0), (8, 46600.0, 1479.0), (7, 46600.0, 1479.0), (9, 46600.0, 1479.0), (8, 46600.0, 1479.0), (7, 46600.0, 1479.0), (9, 46600.0, 1479.0), (8, 46600.0, 1479.0), (7, 46600.0, 1479.0), (9, 46600.0, 1479.0), (8, 46600.0, 1479.0), (7, 46600.0, 1479.0), (9, 46600.0, 1479.0), (8, 46600.0, 1479.0), (7, 46600.0, 1479.0), (9, 46600.0, 1479.0), (8, 46600.0, 1479.0), (7, 46600.0, 1479.0), (9, 46600.0, 1479.0), (8, 46600.0, 1479.0), (7, 46600.0, 1479.0), (9, 46600.0, 1479.0), (8, 46600.0, 1479.0), (7, 46600.0, 1479.0), (9, 46600.0, 1479.0), (8, 46600.0, 1479.0), (7, 46600.0, 1479.0), (9, 46600.0, 1479.0), (8, 46600.0, 1479.0), (7, 46600.0, 1479.0), (9, 46600.0, 1479.0), (8, 46600.0, 1479.0), (7, 46600.0, 1479.0), (9, 46600.0, 1479.0), (8, 46600.0, 1479.0), (7, 46600.0, 1479.0), (9, 46600.0, 1479.0), (8, 46600.0, 1479.0), (7, 46600.0, 1479.0), (9, 46600.0, 1479.0), (8, 46600.0, 1479.0), (7, 46600.0, 1479.0), (9, 46600.0, 1479.0), (8, 46600.0, 1479.0), (7, 46600.0, 1479.0), (9, 46600.0, 1479.0), (8, 46600.0, 1479.0), (7, 46600.0, 1479.0), (9, 46600.0, 1479.0), (8, 46600.0, 1479.0), (7, 46600.0, 1479.0), (9, 46600.0, 1479.0), (8, 46600.0, 1479.0), (7, 46600.0, 1479.0), (9, 46600.0, 1479.0), (8, 46600.0, 1479.0), (7, 46600.0, 1479.0), (9, 46600.0, 1479.0), (8, 46600.0, 1479.0), (7, 46600.0, 1479.0), (9, 46600.0, 1479.0), (8, 46600.0, 1479.0), (7, 46600.0, 1479.0), (9, 46600.0, 1479.0), (8, 46600.0, 1479.0), (7, 46600.0, 1479.0), (9, 46600.0, 1479.0), (8, 46600.0, 1479.0), (7, 46600.0, 1479.0), (9, 46600.0, 1479.0), (8, 46600.0, 1479.0), (7, 46600.0, 1479.0), (9, 46600.0, 1479.0), (8, 46600.0, 1479.0), (7, 46600.0, 1479.0), (9, 46600.0, 1479.0), (8, 46600.0, 1479.0), (7, 46600.0, 1479.0), (9, 46600.0, 1479.0), (8, 46600.0, 1479.0), (7, 46600.0, 1479.0), (9, 46600.0, 1479.0), (8, 46600.0, 1479.0), (7, 46600.0, 1479.0), (9, 46600.0, 1479.0), (8, 46600.0, 1479.0), (7, 46600.0, 1479.0), (9, 46600.0, 1479.0), (8, 46600.0, 1479.0), (7, 46600.0, 1479.0), (9, 46600.0, 1479.0), (8, 46600.0, 1479.0), (7, 46600.0, 1479.0), (9, 46600.0, 1479.0), (8, 46600.0, 1479.0), (7, 46600.0, 1479.0), (9, 46600.0, 1479.0), (8, 46600.0, 1479.0), (7, 46600.0, 1479.0), (9, 46600.0, 1479.0), (8, 46600.0, 1479.0), (7, 46600.0, 1479.0), (9, 46600.0, 1479.0), (8, 46600.0, 1479.0), (7, 46600.0, 1479.0), (9, 46600.0, 1479.0), (8, 46600.0, 1479.0), (7, 46600.0, 1479.0), (9, 46600.0, 1479.0), (8, 46600.0, 1479.0), (7, 46600.0, 1479.0), (9, 46600.0, 1479.0), (8, 46600.0, 1479.0), (7, 46600.0, 1479.0), (9, 46600.0, 1479.0), (8, 46600.0, 1479.0), (7, 46600.0, 1479.0), (9, 46600.0, 1479.0), (8, 46600.0, 1479.0), (7, 46600.0, 1479.0), (9, 46600.0, 1479.0), (8, 46600.0, 1479.0), (7, 46600.0, 1479.0), (9, 46600.0, 1479.0), (8, 46600.0, 1479.0), (7, 46600.0, 1479.0), (9, 46600.0, 1479.0), (8, 46600.0, 1479.0), (7, 46600.0, 1479.0), (9, 46600.0, 1479.0), (8, 46600.0, 1479.0), (7, 46600.0, 1479.0), (9, 46600.0, 1479.0), (8, 46600.0, 1479.0), (7, 46600.0, 1479.0), (9, 46600.0, 1479.0), (8, 46600.0, 1479.0), (7, 46600.0, 1479.0), (9, 46600.0, 1479.0), (8, 46600.0, 1479.0), (7, 46600.0, 1479.0), (9, 46600.0, 1479.0), (8, 46600.0, 1479.0), (7, 46600.0, 1479.0), (9, 46600.0, 1479.0), (8, 46600.0, 1479.0), (7, 46600.0, 1479.0), (9, 46600.0, 1479.0), (8, 46600.0, 1479.0), (7, 46600.0, 1479.0), (9, 46600.0, 1479.0), (8, 46600.0, 1479.0), (7, 46600.0, 1479.0), (9, 46600.0, 1479.0), (8, 46600.0, 1479.0), (7, 46600.0, 1479.0), (9, 46600.0, 1479.0), (8, 46600.0, 1479.0), (7, 46600.0, 1479.0), (9, 46600.0, 1479.0), (8, 46600.0, 1479.0), (7, 46600.0, 1479.0), (9, 46600.0, 1479.0), (8, 46600.0, 1479.0), (7, 46600.0, 1479.0), (9, 46600.0, 1479.0), (8, 46600.0, 1479.0), (7, 46600.0, 1479.0), (9, 46600.0, 1479.0), (8, 46600.0, 1479.0), (7, 46600.0, 1479.0), (9, 46600.0, 1479.0), (8, 46600.0, 1479.0), (7, 46600.0, 1479.0), (9, 46600.0, 1479.0), (8, 46600.0, 1479.0), (7, 46600.0, 1479.0), (9, 46600.0, 1479.0), (8, 46600.0, 1479.0), (7, 46600.0, 1479.0), (9, 46600.0, 1479.0), (8, 46600.0, 1479.0), (7, 46600.0, 1479.0), (9, 46600.0, 1479.0), (8, 46600.0, 1479.0), (7, 46600.0, 1479.0), (9, 46600.0, 1479.0), (8, 46600.0, 1479.0), (7, 46600.0, 1479.0), (9, 46600.0, 1479.0), (8, 46600.0, 1479.0), (7, 46600.0, 1479.0), (9, 46600.0, 1479.0), (8, 46600.0, 1479.0), (7, 46600.0, 1479.0), (9, 46600.0, 1479.0), (8, 46600.0, 1479.0), (7, 46600.0, 1479.0), (9, 46600.0, 1479.0), (8, 46600.0, 1479.0), (7, 46600.0, 1479.0), (9, 46600.0, 1479.0), (8, 46600.0, 1479.0), (7, 46600.0, 1479.0), (9, 46600.0, 1479.0), (8, 46600.0, 1479.0), (7, 46600.0, 1479.0), (9, 46600.0, 1479.0), (8, 46600.0, 1479.0), (7, 46600.0, 1479.0), (9, 46600.0, 1479.0), (8, 46600.0, 1479.0), (7, 46600.0, 1479.0), (9, 46600.0, 1479.0), (8, 46600.0, 1479.0), (7, 46600.0, 1479.0), (9, 46600.0, 1479.0), (8, 46600.0, 1479.0), (7, 46600.0, 1479.0), (9, 46600.0, 1479.0), (8, 46600.0, 1479.0), (7, 46600.0, 1479.0), (9, 46600.0, 1479.0), (8, 46600.0, 1479.0), (7, 46600.0, 1479.0), (9, 46600.0, 1479.0), (8, 46600.0, 1479.0), (7, 46600.0, 1479.0), (9, 46600.0, 1479.0), (8, 46600.0, 1479.0), (7, 46600.0, 1479.0), (9, 46600.0, 1479.0), (8, 46600.0, 1479.0), (7, 46600.0, 1479.0), (9, 46600.0, 1479.0), (8, 46600.0, 1479.0), (7, 46600.0, 1479.0), (9, 46600.0, 1479.0), (8, 46600.0, 1479.0), (7, 46600.0, 1479.0), (9, 46600.0, 1479.0), (8, 46600.0, 1479.0), (7, 46600.0, 1479.0), (9, 46600.0, 1479.0), (8, 46600.0, 1479.0), (7, 46600.0, 1479.0), (9, 46600.0, 1479.0), (8, 46600.0, 1479.0), (7, 46600.0, 1479.0), (9, 46600.0, 1479.0), (8, 46600.0, 1479.0), (7, 46600.0, 1479.0), (9, 46600.0, 1479.0), (8, 46600.0, 1479.0), (7, 46600.0, 1479.0), (9, 46600.0, 1479.0), (8, 46600.0, 1479.0), (7, 46600.0, 1479.0), (9, 46600.0, 1479.0), (8, 46600.0, 1479.0), (7, 46600.0, 1479.0), (9, 46600.0, 1479.0), (8, 46600.0, 1479.0), (7, 46600.0, 1479.0), (9, 46600.0, 1479.0), (8, 46600.0, 1479.0), (7, 46600.0, 1479.0), (9, 46600.0, 1479.0), (8, 46600.0, 1479.0), (7, 46600.0, 1479.0), (9, 46600.0, 1479.0), (8, 46600.0, 1479.0), (7, 46600.0, 1479.0), (9, 46600.0, 1479.0), (8, 46600.0, 1479.0), (7, 46600.0, 1479.0), (9, 46600.0, 1479.0), (8, 46600.0, 1479.0), (7, 46600.0, 1479.0), (9, 46600.0, 1479.0), (8, 46600.0, 1479.0), (7, 46600.0, 1479.0), (9, 46600.0, 1479.0), (8, 46600.0, 1479.0), (7, 46600.0, 1479.0), (9, 46600.0, 1479.0), (8, 46600.0, 1479.0), (7, 46600.0, 1479.0), (9, 46600.0, 1479.0), (8, 46600.0, 1479.0), (7, 46600.0, 1479.0), (9, 46600.0, 1479.0), (8, 46600.0, 1479.0), (7, 46600.0, 1479.0), (9, 46600.0, 1479.0), (8, 46600.0, 1479.0), (7, 46600.0, 1479.0), (9, 46600.0, 1479.0), (8, 46600.0, 1479.0), (7, 46600.0, 1479.0), (9, 46600.0, 1479.0), (8, 46600.0, 1479.0), (7, 46600.0, 1479.0), (9, 46600.0, 1479.0), (8, 46600.0, 1479.0), (7, 46600.0, 1479.0), (9, 46600.0, 1479.0), (8, 46600.0, 1479.0), (7, 46600.0, 1479.0), (9, 46600.0, 1479.0), (8, 46600.0, 1479.0), (7, 46600.0, 1479.0), (9, 46600.0, 1479.0), (8, 46600.0, 1479.0), (7, 46600.0, 1479.0), (9, 46600.0, 1479.0), (8, 46600.0, 1479.0), (7, 46600.0, 1479.0), (9, 46600.0, 1479.0), (8, 46600.0, 1479.0), (7, 46600.0, 1479.0), (9, 46600.0, 1479.0), (8, 46600.0, 1479.0), (7, 46600.0, 1479.0), (9, 46600.0, 1479.0), (8, 46600.0, 1479.0), (7, 46600.0, 1479.0), (9, 46600.0, 1479.0), (8, 46600.0, 1479.0), (7, 46600.0, 1479.0), (9, 46600.0, 1479.0), (8, 46600.0, 1479.0), (7, 46600.0, 1479.0), (9, 46600.0, 1479.0), (8, 46600.0, 1479.0), (7, 46600.0, 1479.0), (9, 46600.0, 1479.0), (8, 46600.0, 1479.0), (7, 46600.0, 1479.0), (9, 46600.0, 1479.0), (8, 46600.0, 1479.0), (7, 46600.0, 1479.0), (9, 46600.0, 1479.0), (8, 46600.0, 1479.0), (7, 46600.0, 1479.0), (9, 46600.0, 1479.0), (8, 46600.0, 1479.0), (7, 46600.0, 1479.0), (9, 46600.0, 1479.0), (8, 46600.0, 1479.0), (7, 46600.0, 1479.0), (9, 46600.0, 1479.0), (8, 46600.0, 1479.0), (7, 46600.0, 1479.0), (9, 46600.0, 1479.0), (8, 46600.0, 1479.0), (7, 46600.0, 1479.0), (9, 46600.0, 1479.0), (8, 46600.0, 1479.0), (7, 46600.0, 1479.0), (9, 46600.0, 1479.0), (8, 46600.0, 1479.0), (7, 46600.0, 1479.0), (9, 46600.0, 1479.0), (8, 46600.0, 1479.0), (7, 46600.0, 1479.0), (9, 46600.0, 1479.0), (8, 46600.0, 1479.0), (7, 46600.0, 1479.0), (9, 46600.0, 1479.0), (8, 46600.0, 1479.0), (7, 46600.0, 1479.0), (9, 46600.0, 1479.0), (8, 46600.0, 1479.0), (7, 46600.0, 1479.0), (9, 46600.0, 1479.0), (8, 46600.0, 1479.0), (7, 46600.0, 1479.0), (9, 46600.0, 1479.0), (8, 46600.0, 1479.0), (7, 46600.0, 1479.0), (9, 46600.0, 1479.0), (8, 46600.0, 1479.0), (7, 46600.0, 1479.0), (9, 46600.0, 1479.0), (8, 46600.0, 1479.0), (7, 46600.0, 1479.0), (9, 46600.0, 1479.0), (8, 46600.0, 1479.0), (7, 46600.0, 1479.0), (9, 46600.0, 1479.0), (8, 46600.0, 1479.0), (7, 46600.0, 1479.0), (9, 46600.0, 1479.0), (8, 46600.0, 1479.0), (7, 46600.0, 1479.0), (9, 46600.0, 1479.0), (8, 46600.0, 1479.0), (7, 46600.0, 1479.0), (9, 46600.0, 1479.0), (8, 46600.0, 1479.0), (7, 46600.0, 1479.0), (9, 46600.0, 1479.0), (8, 46600.0, 1479.0), (7, 46600.0, 1479.0), (9, 46600.0, 1479.0), (8, 46600.0, 1479.0), (7, 46600.0, 1479.0), (9, 46600.0, 1479.0), (8, 46600.0, 1479.0), (7, 46600.0, 1479.0), (9, 46600.0, 1479.0), (8, 46600.0, 1479.0), (7, 46600.0, 1479.0), (9, 46600.0, 1479.0), (8, 46600.0, 1479.0), (7, 46600.0, 1479.0), (9, 46600.0, 1479.0), (8, 46600.0, 1479.0), (7, 46600.0, 1479.0), (9, 46600.0, 1479.0), (8, 46600.0, 1479.0), (7, 46600.0, 1479.0), (9, 46600.0, 1479.0), (8, 46600.0, 1479.0), (7, 46600.0, 1479.0), (9, 46600.0, 1479.0), (8, 46600.0, 1479.0), (7, 46600.0, 1479.0), (9, 46600.0, 1479.0), (8, 46600.0, 1479.0), (7, 46600.0, 1479.0), (9, 46600.0, 1479.0), (8, 46600.0, 1479.0), (7, 46600.0, 1479.0), (9, 46600.0, 1479.0), (8, 46600.0, 1479.0), (7, 46600.0, 1479.0), (9, 46600.0, 1479.0), (8, 46600.0, 1479.0), (7, 46600.0, 1479.0), (9, 46600.0, 1479.0), (8, 46600.0, 1479.0), (7, 46600.0, 1479.0), (9, 46600.0, 1479.0), (8, 46600.0, 1479.0), (7, 46600.0, 1479.0), (9, 46600.0, 1479.0), (8, 46600.0, 1479.0), (7, 46600.0, 1479.0), (9, 46600.0, 1479.0), (8, 46600.0, 1479.0), (7, 46600.0, 1479.0), (9, 46600.0, 1479.0), (8, 46600.0, 1479.0), (7, 46600.0, 1479.0), (9, 46600.0, 1479.0), (8, 46600.0, 1479.0), (7, 46600.0, 1479.0), (9, 46600.0, 1479.0), (8, 46600.0, 1479.0), (7, 46600.0, 1479.0), (9, 46600.0, 1479.0), (8, 46600.0, 1479.0), (7, 46600.0, 1479.0), (9, 46600.0, 1479.0), (8, 46600.0, 1479.0), (7, 46600.0, 1479.0), (9, 46600.0, 1479.0), (8, 46600.0, 1479.0), (7, 46600.0, 1479.0), (9, 46600.0, 1479.0), (8, 46600.0, 1479.0), (7, 46600.0, 1479.0), (9, 46600.0, 1479.0), (8, 46600.0, 1479.0), (7, 46600.0, 1479.0), (9, 46600.0, 1479.0), (8, 46600.0, 1479.0), (7, 8459.0, 1479.0), (8, 8459.0, 1479.0), (7, 8459.0, 1479.0), (8, 8459.0, 1479.0), (7, 8459.0, 1479.0), (8, 8459.0, 1479.0), (7, 8459.0, 1479.0), (8, 8459.0, 1479.0), (7, 8459.0, 1479.0), (8, 8459.0, 1479.0), (7, 8459.0, 1479.0), (8, 8459.0, 1479.0), (7, 8459.0, 1479.0), (8, 8459.0, 1479.0), (7, 8459.0, 1479.0), (8, 8459.0, 1479.0), (7, 8459.0, 1479.0), (8, 8459.0, 1479.0), (7, 8459.0, 1479.0), (8, 8459.0, 1479.0), (7, 8459.0, 1479.0), (8, 8459.0, 1479.0), (7, 8459.0, 1479.0), (8, 8459.0, 1479.0), (7, 8459.0, 1479.0), (8, 8459.0, 1479.0), (7, 8459.0, 1479.0), (8, 8459.0, 1479.0), (7, 8459.0, 1479.0), (8, 8459.0, 1479.0), (7, 8459.0, 1479.0), (8, 8459.0, 1479.0), (7, 8459.0, 1479.0), (8, 8459.0, 1479.0), (7, 8459.0, 1479.0), (8, 8459.0, 1479.0), (7, 8459.0, 1479.0), (8, 8459.0, 1479.0), (7, 8459.0, 1479.0), (8, 8459.0, 1479.0), (7, 8459.0, 1479.0), (8, 8459.0, 1479.0), (7, 8459.0, 1479.0), (8, 8459.0, 1479.0), (7, 8459.0, 1479.0), (8, 8459.0, 1479.0), (7, 8459.0, 1479.0), (8, 8459.0, 1479.0), (7, 8459.0, 1479.0), (8, 8459.0, 1479.0), (7, 8459.0, 1479.0), (8, 8459.0, 1479.0), (7, 8459.0, 1479.0), (8, 8459.0, 1479.0), (7, 8459.0, 1479.0), (8, 8459.0, 1479.0), (7, 8459.0, 1479.0), (8, 8459.0, 1479.0), (7, 8459.0, 1479.0), (8, 8459.0, 1479.0), (7, 8459.0, 1479.0), (8, 8459.0, 1479.0), (7, 8459.0, 1479.0), (8, 8459.0, 1479.0), (7, 8459.0, 1479.0), (8, 8459.0, 1479.0), (7, 8459.0, 1479.0), (8, 8459.0, 1479.0), (7, 8459.0, 1479.0), (8, 8459.0, 1479.0), (7, 8459.0, 1479.0), (8, 8459.0, 1479.0), (7, 8459.0, 1479.0), (8, 8459.0, 1479.0), (7, 8459.0, 1479.0), (8, 8459.0, 1479.0), (7, 8459.0, 1479.0), (8, 8459.0, 1479.0), (7, 8459.0, 1479.0), (8, 8459.0, 1479.0), (7, 8459.0, 1479.0), (8, 8459.0, 1479.0), (7, 8459.0, 1479.0), (8, 8459.0, 1479.0), (7, 8459.0, 1479.0), (8, 8459.0, 1479.0), (7, 8459.0, 1479.0), (8, 8459.0, 1479.0), (7, 8459.0, 1479.0), (8, 8459.0, 1479.0), (7, 8459.0, 1479.0), (8, 8459.0, 1479.0), (7, 8459.0, 1479.0), (8, 8459.0, 1479.0), (7, 8459.0, 1479.0), (8, 8459.0, 1479.0), (7, 8459.0, 1479.0), (8, 8459.0, 1479.0), (7, 8459.0, 1479.0), (8, 8459.0, 1479.0), (7, 8459.0, 1479.0), (8, 8459.0, 1479.0), (7, 8459.0, 1479.0), (8, 8459.0, 1479.0), (7, 8459.0, 1479.0), (8, 8459.0, 1479.0), (7, 8459.0, 1479.0), (8, 8459.0, 1479.0), (7, 8459.0, 1479.0), (8, 8459.0, 1479.0), (7, 8459.0, 1479.0), (8, 8459.0, 1479.0), (7, 8459.0, 1479.0), (8, 8459.0, 1479.0), (7, 8459.0, 1479.0), (8, 8459.0, 1479.0), (7, 8459.0, 1479.0), (8, 8459.0, 1479.0), (7, 8459.0, 1479.0), (8, 8459.0, 1479.0), (7, 8459.0, 1479.0), (8, 8459.0, 1479.0), (7, 8459.0, 1479.0), (8, 8459.0, 1479.0), (7, 8459.0, 1479.0), (8, 8459.0, 1479.0), (7, 8459.0, 1479.0), (8, 8459.0, 1479.0), (7, 8459.0, 1479.0), (8, 8459.0, 1479.0), (7, 8459.0, 1479.0), (8, 8459.0, 1479.0), (7, 8459.0, 1479.0), (8, 8459.0, 1479.0), (7, 8459.0, 1479.0), (8, 8459.0, 1479.0), (7, 8459.0, 1479.0), (8, 8459.0, 1479.0), (7, 8459.0, 1479.0), (8, 8459.0, 1479.0), (7, 8459.0, 1479.0), (8, 8459.0, 1479.0), (7, 8459.0, 1479.0), (8, 8459.0, 1479.0), (7, 8459.0, 1479.0), (8, 8459.0, 1479.0), (7, 8459.0, 1479.0), (8, 8459.0, 1479.0), (7, 8459.0, 1479.0), (8, 8459.0, 1479.0), (7, 8459.0, 1479.0), (8, 8459.0, 1479.0), (7, 8459.0, 1479.0), (8, 8459.0, 1479.0), (7, 8459.0, 1479.0), (8, 8459.0, 1479.0), (7, 8459.0, 1479.0), (8, 8459.0, 1479.0), (7, 8459.0, 1479.0), (8, 8459.0, 1479.0), (7, 8459.0, 1479.0), (8, 8459.0, 1479.0), (7, 8459.0, 1479.0), (8, 8459.0, 1479.0), (7, 8459.0, 1479.0), (8, 8459.0, 1479.0), (7, 8459.0, 1479.0), (8, 8459.0, 1479.0), (7, 8459.0, 1479.0), (8, 8459.0, 1479.0), (7, 8459.0, 1479.0), (8, 8459.0, 1479.0), (7, 8459.0, 1479.0), (8, 8459.0, 1479.0), (7, 8459.0, 1479.0), (8, 8459.0, 1479.0), (7, 8459.0, 1479.0), (8, 8459.0, 1479.0), (7, 8459.0, 1479.0), (8, 8459.0, 1479.0), (7, 8459.0, 1479.0), (8, 8459.0, 1479.0), (7, 8459.0, 1479.0), (8, 8459.0, 1479.0), (7, 8459.0, 1479.0), (8, 8459.0, 1479.0), (7, 8459.0, 1479.0), (8, 8459.0, 1479.0), (7, 8459.0, 1479.0), (8, 8459.0, 1479.0), (7, 8459.0, 1479.0), (8, 8459.0, 1479.0), (7, 8459.0, 1479.0), (8, 8459.0, 1479.0), (7, 8459.0, 1479.0), (8, 8459.0, 1479.0), (7, 8459.0, 1479.0), (8, 8459.0, 1479.0), (7, 8459.0, 1479.0), (8, 8459.0, 1479.0), (7, 8459.0, 1479.0), (8, 8459.0, 1479.0), (7, 8459.0, 1479.0), (8, 8459.0, 1479.0), (7, 8459.0, 1479.0), (8, 8459.0, 1479.0), (7, 8459.0, 1479.0), (8, 8459.0, 1479.0), (7, 8459.0, 1479.0), (8, 8459.0, 1479.0), (7, 8459.0, 1479.0), (8, 8459.0, 1479.0), (7, 8459.0, 1479.0), (8, 8459.0, 1479.0), (7, 8459.0, 1479.0), (8, 8459.0, 1479.0), (7, 8459.0, 1479.0), (8, 8459.0, 1479.0), (7, 8459.0, 1479.0), (8, 8459.0, 1479.0), (7, 8459.0, 1479.0), (8, 8459.0, 1479.0), (7, 8459.0, 1479.0), (8, 8459.0, 1479.0), (7, 8459.0, 1479.0), (8, 8459.0, 1479.0), (7, 8459.0, 1479.0), (8, 8459.0, 1479.0), (7, 8459.0, 1479.0), (8, 8459.0, 1479.0), (7, 8459.0, 1479.0), (8, 8459.0, 1479.0), (7, 8459.0, 1479.0), (8, 8459.0, 1479.0), (7, 8459.0, 1479.0), (8, 8459.0, 1479.0), (7, 8459.0, 1479.0), (8, 8459.0, 1479.0), (7, 8459.0, 1479.0), (8, 8459.0, 1479.0), (7, 8459.0, 1479.0), (8, 8459.0, 1479.0), (7, 8459.0, 1479.0), (8, 8459.0, 1479.0), (7, 8459.0, 1479.0), (8, 8459.0, 1479.0), (7, 8459.0, 1479.0), (8, 8459.0, 1479.0), (7, 8459.0, 1479.0), (8, 8459.0, 1479.0), (7, 8459.0, 1479.0), (8, 8459.0, 1479.0), (7, 8459.0, 1479.0), (8, 8459.0, 1479.0), (7, 8459.0, 1479.0), (8, 8459.0, 1479.0), (7, 8459.0, 1479.0), (8, 8459.0, 1479.0), (7, 8459.0, 1479.0), (8, 8459.0, 1479.0), (7, 8459.0, 1479.0), (8, 8459.0, 1479.0), (7, 8459.0, 1479.0), (8, 8459.0, 1479.0), (7, 8459.0, 1479.0), (8, 8459.0, 1479.0), (7, 8459.0, 1479.0), (8, 8459.0, 1479.0), (7, 8459.0, 1479.0), (8, 8459.0, 1479.0), (7, 8459.0, 1479.0), (8, 8459.0, 1479.0), (7, 8459.0, 1479.0), (8, 8459.0, 1479.0), (7, 8459.0, 1479.0), (8, 8459.0, 1479.0), (7, 8459.0, 1479.0), (8, 8459.0, 1479.0), (7, 8459.0, 1479.0), (8, 8459.0, 1479.0), (7, 8459.0, 1479.0), (8, 8459.0, 1479.0), (7, 8459.0, 1479.0), (8, 8459.0, 1479.0), (7, 8459.0, 1479.0), (8, 8459.0, 1479.0), (7, 8459.0, 1479.0), (8, 8459.0, 1479.0), (7, 8459.0, 1479.0), (8, 8459.0, 1479.0), (7, 8459.0, 1479.0), (8, 8459.0, 1479.0), (7, 8459.0, 1479.0), (8, 8459.0, 1479.0), (7, 8459.0, 1479.0), (8, 8459.0, 1479.0), (7, 8459.0, 1479.0), (8, 8459.0, 1479.0), (7, 8459.0, 1479.0), (8, 8459.0, 1479.0), (7, 8459.0, 1479.0), (8, 8459.0, 1479.0), (7, 8459.0, 1479.0), (8, 8459.0, 1479.0), (7, 8459.0, 1479.0), (8, 8459.0, 1479.0), (7, 8459.0, 1479.0), (8, 8459.0, 1479.0), (7, 8459.0, 1479.0), (8, 8459.0, 1479.0), (7, 8459.0, 1479.0), (8, 8459.0, 1479.0), (7, 8459.0, 1479.0), (8, 8459.0, 1479.0), (7, 8459.0, 1479.0), (8, 8459.0, 1479.0), (7, 8459.0, 1479.0), (8, 8459.0, 1479.0), (7, 8459.0, 1479.0), (8, 8459.0, 1479.0), (7, 8459.0, 1479.0), (8, 8459.0, 1479.0), (7, 8459.0, 1479.0), (8, 8459.0, 1479.0), (7, 8459.0, 1479.0), (8, 8459.0, 1479.0), (7, 8459.0, 1479.0), (8, 8459.0, 1479.0), (7, 8459.0, 1479.0), (8, 8459.0, 1479.0), (7, 8459.0, 1479.0), (8, 8459.0, 1479.0), (7, 8459.0, 1479.0), (8, 8459.0, 1479.0), (7, 8459.0, 1479.0), (8, 8459.0, 1479.0), (7, 8459.0, 1479.0), (8, 8459.0, 1479.0), (7, 8459.0, 1479.0), (8, 8459.0, 1479.0), (7, 8459.0, 1479.0), (8, 8459.0, 1479.0), (7, 8459.0, 1479.0), (8, 8459.0, 1479.0), (7, 8459.0, 1479.0), (8, 8459.0, 1479.0), (7, 8459.0, 1479.0), (8, 8459.0, 1479.0), (7, 8459.0, 1479.0), (8, 8459.0, 1479.0), (7, 8459.0, 1479.0), (8, 8459.0, 1479.0), (7, 8459.0, 1479.0), (8, 8459.0, 1479.0), (7, 8459.0, 1479.0), (8, 8459.0, 1479.0), (7, 8459.0, 1479.0), (8, 8459.0, 1479.0), (7, 8459.0, 1479.0), (8, 8459.0, 1479.0), (7, 8459.0, 1479.0), (8, 8459.0, 1479.0), (7, 8459.0, 1479.0), (8, 8459.0, 1479.0), (7, 8459.0, 1479.0), (8, 8459.0, 1479.0), (7, 8459.0, 1479.0), (8, 8459.0, 1479.0), (7, 8459.0, 1479.0), (8, 8459.0, 1479.0), (7, 8459.0, 1479.0), (8, 8459.0, 1479.0), (7, 8459.0, 1479.0), (8, 8459.0, 1479.0), (7, 8459.0, 1479.0), (8, 8459.0, 1479.0), (7, 8459.0, 1479.0), (8, 8459.0, 1479.0), (7, 8459.0, 1479.0), (8, 8459.0, 1479.0), (7, 8459.0, 1479.0), (8, 8459.0, 1479.0), (7, 8459.0, 1479.0), (8, 8459.0, 1479.0), (7, 8459.0, 1479.0), (8, 8459.0, 1479.0), (7, 8459.0, 1479.0), (8, 8459.0, 1479.0), (7, 8459.0, 1479.0), (8, 8459.0, 1479.0), (7, 8459.0, 1479.0), (8, 8459.0, 1479.0), (7, 8459.0, 1479.0), (8, 8459.0, 1479.0), (7, 8459.0, 1479.0), (8, 8459.0, 1479.0), (7, 8459.0, 1479.0), (8, 8459.0, 1479.0), (7, 8459.0, 1479.0), (8, 8459.0, 1479.0), (7, 8459.0, 1479.0), (8, 8459.0, 1479.0), (7, 8459.0, 1479.0), (8, 8459.0, 1479.0), (7, 8459.0, 1479.0), (8, 8459.0, 1479.0), (7, 8459.0, 1479.0), (8, 8459.0, 1479.0), (7, 8459.0, 1479.0), (8, 8459.0, 1479.0), (7, 8459.0, 1479.0), (8, 8459.0, 1479.0), (7, 8459.0, 1479.0), (8, 8459.0, 1479.0), (7, 8459.0, 1479.0), (8, 8459.0, 1479.0), (7, 8459.0, 1479.0), (8, 8459.0, 1479.0), (7, 8459.0, 1479.0), (8, 8459.0, 1479.0), (7, 8459.0, 1479.0), (8, 8459.0, 1479.0), (7, 8459.0, 1479.0), (8, 8459.0, 1479.0), (7, 8459.0, 1479.0), (8, 8459.0, 1479.0), (7, 8459.0, 1479.0), (8, 8459.0, 1479.0), (7, 8459.0, 1479.0), (8, 8459.0, 1479.0), (7, 8459.0, 1479.0), (8, 8459.0, 1479.0), (7, 8459.0, 1479.0), (8, 8459.0, 1479.0), (7, 8459.0, 1479.0), (8, 8459.0, 1479.0), (7, 8459.0, 1479.0), (8, 8459.0, 1479.0), (7, 8459.0, 1479.0), (8, 8459.0, 1479.0), (7, 8459.0, 1479.0), (8, 8459.0, 1479.0), (7, 8459.0, 1479.0), (8, 8459.0, 1479.0), (7, 8459.0, 1479.0), (8, 8459.0, 1479.0), (7, 8459.0, 1479.0), (8, 8459.0, 1479.0), (7, 8459.0, 1479.0), (8, 8459.0, 1479.0), (7, 8459.0, 1479.0), (8, 8459.0, 1479.0), (7, 8459.0, 1479.0), (8, 8459.0, 1479.0), (7, 8459.0, 1479.0), (8, 8459.0, 1479.0), (7, 8459.0, 1479.0), (8, 8459.0, 1479.0), (7, 8459.0, 1479.0), (8, 8459.0, 1479.0), (7, 8459.0, 1479.0), (8, 8459.0, 1479.0), (7, 8459.0, 1479.0), (8, 8459.0, 1479.0), (7, 8459.0, 1479.0), (8, 8459.0, 1479.0), (7, 8459.0, 1479.0), (8, 8459.0, 1479.0), (7, 8459.0, 1479.0), (8, 8459.0, 1479.0), (7, 8459.0, 1479.0), (8, 8459.0, 1479.0), (7, 8459.0, 1479.0), (8, 8459.0, 1479.0), (7, 8459.0, 1479.0), (8, 8459.0, 1479.0), (7, 8459.0, 1479.0), (8, 8459.0, 1479.0), (7, 8459.0, 1479.0), (8, 8459.0, 1479.0), (7, 8459.0, 1479.0), (8, 8459.0, 1479.0), (7, 8459.0, 1479.0), (8, 8459.0, 1479.0), (7, 8459.0, 1479.0), (8, 8459.0, 1479.0), (7, 8459.0, 1479.0), (8, 8459.0, 1479.0), (7, 8459.0, 1479.0), (8, 8459.0, 1479.0), (7, 8459.0, 1479.0), (8, 8459.0, 1479.0), (7, 8459.0, 1479.0), (8, 8459.0, 1479.0), (7, 8459.0, 1479.0), (8, 8459.0, 1479.0), (7, 8459.0, 1479.0), (8, 8459.0, 1479.0), (7, 8459.0, 1479.0), (8, 8459.0, 1479.0), (7, 8459.0, 1479.0), (8, 8459.0, 1479.0), (7, 8459.0, 1479.0), (8, 8459.0, 1479.0), (7, 8459.0, 1479.0), (8, 8459.0, 1479.0), (7, 8459.0, 1479.0), (8, 8459.0, 1479.0), (7, 8459.0, 1479.0), (8, 8459.0, 1479.0), (7, 8459.0, 1479.0), (8, 8459.0, 1479.0), (7, 8459.0, 1479.0), (8, 8459.0, 1479.0), (7, 8459.0, 1479.0), (8, 8459.0, 1479.0), (7, 8459.0, 1479.0), (8, 8459.0, 1479.0), (7, 8459.0, 1479.0), (8, 8459.0, 1479.0), (7, 8459.0, 1479.0), (8, 8459.0, 1479.0), (7, 8459.0, 1479.0), (8, 8459.0, 1479.0), (7, 8459.0, 1479.0), (8, 8459.0, 1479.0), (7, 8459.0, 1479.0), (8, 8459.0, 1479.0), (7, 8459.0, 1479.0), (8, 8459.0, 1479.0), (7, 8459.0, 1479.0), (8, 8459.0, 1479.0), (7, 8459.0, 1479.0), (8, 8459.0, 1479.0), (7, 8459.0, 1479.0), (8, 8459.0, 1479.0), (7, 8459.0, 1479.0), (8, 8459.0, 1479.0), (7, 8459.0, 1479.0), (8, 8459.0, 1479.0), (7, 8459.0, 1479.0), (8, 8459.0, 1479.0), (7, 8459.0, 1479.0), (8, 8459.0, 1479.0), (7, 8459.0, 1479.0), (8, 8459.0, 1479.0), (7, 8459.0, 1479.0), (8, 8459.0, 1479.0), (7, 8459.0, 1479.0), (8, 8459.0, 1479.0), (7, 8459.0, 1479.0), (8, 8459.0, 1479.0), (7, 8459.0, 1479.0), (8, 8459.0, 1479.0), (7, 8459.0, 1479.0), (8, 8459.0, 1479.0), (7, 8459.0, 1479.0), (8, 8459.0, 1479.0), (7, 8459.0, 1479.0), (8, 8459.0, 1479.0), (7, 8459.0, 1479.0), (8, 8459.0, 1479.0), (7, 8459.0, 1479.0), (8, 8459.0, 1479.0), (7, 8459.0, 1479.0), (8, 8459.0, 1479.0), (7, 8459.0, 1479.0), (8, 8459.0, 1479.0), (7, 8459.0, 1479.0), (8, 8459.0, 1479.0), (7, 8459.0, 1479.0), (8, 8459.0, 1479.0), (7, 8459.0, 1479.0), (8, 8459.0, 1479.0), (7, 8459.0, 1479.0), (8, 8459.0, 1479.0), (7, 8459.0, 1479.0), (8, 8459.0, 1479.0), (7, 8459.0, 1479.0), (8, 8459.0, 1479.0), (7, 8459.0, 1479.0), (8, 8459.0, 1479.0), (7, 8459.0, 1479.0), (8, 8459.0, 1479.0), (7, 8459.0, 1479.0), (8, 8459.0, 1479.0), (7, 8459.0, 1479.0), (8, 8459.0, 1479.0), (7, 8459.0, 1479.0), (8, 8459.0, 1479.0), (7, 8459.0, 1479.0), (8, 8459.0, 1479.0), (7, 8459.0, 1479.0), (8, 8459.0, 1479.0), (7, 8459.0, 1479.0), (8, 8459.0, 1479.0), (7, 8459.0, 1479.0), (8, 8459.0, 1479.0), (7, 8459.0, 1479.0), (8, 8459.0, 1479.0), (7, 8459.0, 1479.0), (8, 8459.0, 1479.0), (7, 8459.0, 1479.0), (8, 8459.0, 1479.0), (7, 8459.0, 1479.0), (8, 8459.0, 1479.0), (7, 8459.0, 1479.0), (8, 8459.0, 1479.0), (7, 8459.0, 1479.0), (8, 8459.0, 1479.0), (7, 8459.0, 1479.0), (8, 8459.0, 1479.0), (7, 8459.0, 1479.0), (8, 8459.0, 1479.0), (7, 8459.0, 1479.0), (8, 8459.0, 1479.0), (7, 8459.0, 1479.0), (8, 8459.0, 1479.0), (7, 8459.0, 1479.0), (8, 8459.0, 1479.0), (7, 8459.0, 1479.0), (8, 8459.0, 1479.0), (7, 8459.0, 1479.0), (8, 8459.0, 1479.0), (7, 8459.0, 1479.0), (8, 8459.0, 1479.0), (7, 8459.0, 1479.0), (8, 8459.0, 1479.0), (7, 8459.0, 1479.0), (8, 8459.0, 1479.0), (7, 8459.0, 1479.0), (8, 8459.0, 1479.0), (7, 8459.0, 1479.0), (8, 8459.0, 1479.0), (7, 8459.0, 1479.0), (8, 8459.0, 1479.0), (7, 8459.0, 1479.0), (8, 8459.0, 1479.0), (7, 8459.0, 1479.0), (8, 8459.0, 1479.0), (7, 8459.0, 1479.0), (8, 8459.0, 1479.0), (7, 8459.0, 1479.0), (8, 8459.0, 1479.0), (7, 8459.0, 1479.0), (8, 8459.0, 1479.0), (7, 8459.0, 1479.0), (8, 8459.0, 1479.0), (7, 8459.0, 1479.0), (8, 8459.0, 1479.0), (7, 8459.0, 1479.0), (8, 8459.0, 1479.0), (7, 8459.0, 1479.0), (8, 8459.0, 1479.0), (7, 8459.0, 1479.0), (8, 8459.0, 1479.0), (7, 8459.0, 1479.0), (8, 8459.0, 1479.0), (7, 8459.0, 1479.0), (8, 8459.0, 1479.0), (7, 8459.0, 1479.0), (8, 8459.0, 1479.0), (7, 8459.0, 1479.0), (8, 8459.0, 1479.0), (7, 8459.0, 1479.0), (8, 8459.0, 1479.0), (7, 8459.0, 1479.0), (8, 8459.0, 1479.0), (7, 8459.0, 1479.0), (8, 8459.0, 1479.0), (7, 8459.0, 1479.0), (8, 8459.0, 1479.0), (7, 8459.0, 1479.0), (8, 8459.0, 1479.0), (7, 8459.0, 1479.0), (8, 8459.0, 1479.0), (7, 8459.0, 1479.0), (8, 8459.0, 1479.0), (7, 8459.0, 1479.0), (8, 8459.0, 1479.0), (7, 8459.0, 1479.0), (8, 8459.0, 1479.0), (7, 8459.0, 1479.0), (8, 8459.0, 1479.0), (7, 8459.0, 1479.0), (8, 8459.0, 1479.0), (7, 8459.0, 1479.0), (8, 8459.0, 1479.0), (7, 8459.0, 1479.0), (8, 8459.0, 1479.0), (7, 8459.0, 1479.0), (8, 8459.0, 1479.0), (7, 8459.0, 1479.0), (8, 8459.0, 1479.0), (7, 8459.0, 1479.0), (8, 8459.0, 1479.0), (7, 8459.0, 1479.0), (8, 8459.0, 1479.0), (7, 8459.0, 1479.0), (8, 8459.0, 1479.0), (7, 8459.0, 1479.0), (8, 8459.0, 1479.0), (7, 8459.0, 1479.0), (8, 8459.0, 1479.0), (7, 8459.0, 1479.0), (8, 8459.0, 1479.0), (7, 8459.0, 1479.0), (8, 8459.0, 1479.0), (7, 8459.0, 1479.0), (8, 8459.0, 1479.0), (7, 8459.0, 1479.0), (8, 8459.0, 1479.0), (7, 8459.0, 1479.0), (8, 8459.0, 1479.0), (7, 8459.0, 1479.0), (8, 8459.0, 1479.0), (7, 8459.0, 1479.0), (8, 8459.0, 1479.0), (7, 8459.0, 1479.0), (8, 8459.0, 1479.0), (7, 8459.0, 1479.0), (8, 8459.0, 1479.0), (7, 8459.0, 1479.0), (8, 8459.0, 1479.0), (7, 8459.0, 1479.0), (8, 8459.0, 1479.0), (7, 8459.0, 1479.0), (8, 8459.0, 1479.0), (7, 8459.0, 1479.0), (8, 8459.0, 1479.0), (7, 8459.0, 1479.0), (8, 8459.0, 1479.0), (7, 8459.0, 1479.0), (8, 8459.0, 1479.0), (7, 8459.0, 1479.0), (8, 8459.0, 1479.0), (7, 8459.0, 1479.0), (8, 8459.0, 1479.0), (7, 8459.0, 1479.0), (8, 8459.0, 1479.0), (7, 8459.0, 1479.0), (8, 8459.0, 1479.0), (7, 8459.0, 1479.0), (8, 8459.0, 1479.0), (7, 8459.0, 1479.0), (8, 8459.0, 1479.0), (7, 8459.0, 1479.0), (8, 8459.0, 1479.0), (7, 8459.0, 1479.0), (8, 8459.0, 1479.0), (7, 8459.0, 1479.0), (8, 8459.0, 1479.0), (7, 8459.0, 1479.0), (8, 8459.0, 1479.0), (7, 8459.0, 1479.0), (8, 8459.0, 1479.0), (7, 8459.0, 1479.0), (8, 8459.0, 1479.0), (7, 8459.0, 1479.0), (8, 8459.0, 1479.0), (7, 8459.0, 1479.0), (8, 8459.0, 1479.0), (7, 8459.0, 1479.0), (8, 8459.0, 1479.0), (7, 8459.0, 1479.0), (8, 8459.0, 1479.0), (7, 8459.0, 1479.0), (8, 8459.0, 1479.0), (7, 8459.0, 1479.0), (8, 8459.0, 1479.0), (7, 8459.0, 1479.0), (8, 8459.0, 1479.0), (7, 8459.0, 1479.0), (8, 8459.0, 1479.0), (7, 8459.0, 1479.0), (8, 8459.0, 1479.0), (7, 8459.0, 1479.0), (8, 8459.0, 1479.0), (7, 8459.0, 1479.0), (8, 8459.0, 1479.0), (7, 8459.0, 1479.0), (8, 8459.0, 1479.0), (7, 8459.0, 1479.0), (8, 8459.0, 1479.0), (7, 8459.0, 1479.0), (8, 8459.0, 1479.0), (7, 8459.0, 1479.0), (8, 8459.0, 1479.0), (7, 8459.0, 1479.0), (8, 8459.0, 1479.0), (7, 8459.0, 1479.0), (8, 8459.0, 1479.0), (7, 8459.0, 1479.0), (8, 8459.0, 1479.0), (7, 8459.0, 1479.0), (8, 8459.0, 1479.0), (7, 8459.0, 1479.0), (8, 8459.0, 1479.0), (7, 8459.0, 1479.0), (8, 8459.0, 1479.0), (7, 8459.0, 1479.0), (8, 8459.0, 1479.0), (7, 8459.0, 1479.0), (8, 8459.0, 1479.0), (7, 8459.0, 1479.0), (8, 8459.0, 1479.0), (7, 8459.0, 1479.0), (8, 8459.0, 1479.0), (7, 8459.0, 1479.0), (8, 8459.0, 1479.0), (7, 8459.0, 1479.0), (8, 8459.0, 1479.0), (7, 8459.0, 1479.0), (8, 8459.0, 1479.0), (7, 8459.0, 1479.0), (8, 8459.0, 1479.0), (7, 8459.0, 1479.0), (8, 8459.0, 1479.0), (7, 8459.0, 1479.0), (8, 8459.0, 1479.0), (7, 8459.0, 1479.0), (8, 8459.0, 1479.0), (7, 8459.0, 1479.0), (8, 8459.0, 1479.0), (7, 8459.0, 1479.0), (8, 8459.0, 1479.0), (7, 8459.0, 1479.0), (8, 8459.0, 1479.0), (7, 8459.0, 1479.0), (8, 8459.0, 1479.0), (7, 8459.0, 1479.0), (8, 8459.0, 1479.0), (7, 8459.0, 1479.0), (8, 8459.0, 1479.0), (7, 8459.0, 1479.0), (8, 8459.0, 1479.0), (7, 8459.0, 1479.0), (8, 8459.0, 1479.0), (7, 8459.0, 1479.0), (8, 8459.0, 1479.0), (7, 8459.0, 1479.0), (8, 8459.0, 1479.0), (7, 8459.0, 1479.0), (8, 8459.0, 1479.0), (7, 8459.0, 1479.0), (8, 8459.0, 1479.0), (7, 8459.0, 1479.0), (8, 8459.0, 1479.0), (7, 8459.0, 1479.0), (8, 8459.0, 1479.0), (7, 8459.0, 1479.0), (8, 8459.0, 1479.0), (7, 8459.0, 1479.0), (8, 8459.0, 1479.0), (7, 8459.0, 1479.0), (8, 8459.0, 1479.0), (7, 8459.0, 1479.0), (8, 8459.0, 1479.0), (7, 8459.0, 1479.0), (8, 8459.0, 1479.0), (7, 8459.0, 1479.0), (8, 8459.0, 1479.0), (7, 8459.0, 1479.0), (8, 8459.0, 1479.0), (7, 8459.0, 1479.0), (8, 8459.0, 1479.0), (7, 8459.0, 1479.0), (8, 8459.0, 1479.0), (7, 8459.0, 1479.0), (8, 8459.0, 1479.0), (7, 8459.0, 1479.0), (8, 8459.0, 1479.0), (7, 8459.0, 1479.0), (8, 8459.0, 1479.0), (7, 8459.0, 1479.0), (8, 8459.0, 1479.0), (7, 8459.0, 1479.0), (8, 8459.0, 1479.0), (7, 8459.0, 1479.0), (8, 8459.0, 1479.0), (7, 8459.0, 1479.0), (8, 8459.0, 1479.0), (7, 8459.0, 1479.0), (8, 8459.0, 1479.0), (7, 8459.0, 1479.0), (8, 8459.0, 1479.0), (7, 8459.0, 1479.0), (8, 8459.0, 1479.0), (7, 8459.0, 1479.0), (8, 8459.0, 1479.0), (7, 8459.0, 1479.0), (8, 8459.0, 1479.0), (7, 8459.0, 1479.0), (8, 8459.0, 1479.0), (7, 8459.0, 1479.0), (8, 8459.0, 1479.0), (7, 8459.0, 1479.0), (8, 8459.0, 1479.0), (7, 8459.0, 1479.0), (8, 8459.0, 1479.0), (7, 8459.0, 1479.0), (8, 8459.0, 1479.0), (7, 8459.0, 1479.0), (8, 8459.0, 1479.0), (7, 8459.0, 1479.0), (8, 8459.0, 1479.0), (7, 8459.0, 1479.0), (8, 8459.0, 1479.0), (7, 8459.0, 1479.0), (8, 8459.0, 1479.0), (7, 8459.0, 1479.0), (8, 8459.0, 1479.0), (7, 8459.0, 1479.0), (8, 8459.0, 1479.0), (7, 8459.0, 1479.0), (8, 8459.0, 1479.0), (7, 8459.0, 1479.0), (8, 8459.0, 1479.0), (7, 8459.0, 1479.0), (8, 8459.0, 1479.0), (7, 8459.0, 1479.0), (8, 8459.0, 1479.0), (7, 8459.0, 1479.0), (8, 8459.0, 1479.0), (7, 8459.0, 1479.0), (8, 8459.0, 1479.0), (7, 8459.0, 1479.0), (8, 8459.0, 1479.0), (7, 8459.0, 1479.0), (8, 8459.0, 1479.0), (7, 8459.0, 1479.0), (8, 8459.0, 1479.0), (7, 8459.0, 1479.0), (8, 8459.0, 1479.0), (7, 8459.0, 1479.0), (8, 8459.0, 1479.0), (7, 8459.0, 1479.0), (8, 8459.0, 1479.0), (7, 8459.0, 1479.0), (8, 8459.0, 1479.0), (7, 8459.0, 1479.0), (8, 8459.0, 1479.0), (7, 8459.0, 1479.0), (8, 8459.0, 1479.0), (7, 8459.0, 1479.0), (8, 8459.0, 1479.0), (7, 8459.0, 1479.0), (8, 8459.0, 1479.0), (7, 8459.0, 1479.0), (8, 8459.0, 1479.0), (7, 8459.0, 1479.0), (8, 8459.0, 1479.0), (7, 8459.0, 1479.0), (8, 8459.0, 1479.0), (7, 8459.0, 1479.0), (8, 8459.0, 1479.0), (7, 8459.0, 1479.0), (8, 8459.0, 1479.0), (7, 8459.0, 1479.0), (8, 8459.0, 1479.0), (7, 8459.0, 1479.0), (8, 8459.0, 1479.0), (7, 8459.0, 1479.0), (8, 8459.0, 1479.0), (7, 8459.0, 1479.0), (8, 8459.0, 1479.0), (7, 8459.0, 1479.0), (8, 8459.0, 1479.0), (7, 8459.0, 1479.0), (8, 8459.0, 1479.0), (7, 8459.0, 1479.0), (8, 8459.0, 1479.0), (7, 8459.0, 1479.0), (8, 8459.0, 1479.0), (7, 8459.0, 1479.0), (8, 8459.0, 1479.0), (7, 8459.0, 1479.0), (8, 8459.0, 1479.0), (7, 8459.0, 1479.0), (8, 8459.0, 1479.0), (7, 8459.0, 1479.0), (8, 8459.0, 1479.0), (7, 8459.0, 1479.0), (8, 8459.0, 1479.0), (7, 8459.0, 1479.0), (8, 8459.0, 1479.0), (7, 8459.0, 1479.0), (8, 8459.0, 1479.0), (7, 8459.0, 1479.0), (8, 8459.0, 1479.0), (7, 8459.0, 1479.0), (8, 8459.0, 1479.0), (7, 8459.0, 1479.0), (8, 8459.0, 1479.0), (7, 8459.0, 1479.0), (8, 8459.0, 1479.0), (7, 8459.0, 1479.0), (8, 8459.0, 1479.0), (7, 8459.0, 1479.0), (8, 8459.0, 1479.0), (7, 8459.0, 1479.0), (8, 8459.0, 1479.0), (7, 8459.0, 1479.0), (8, 8459.0, 1479.0), (7, 8459.0, 1479.0), (8, 8459.0, 1479.0), (7, 8459.0, 1479.0), (8, 8459.0, 1479.0), (7, 8459.0, 1479.0), (8, 8459.0, 1479.0), (7, 8459.0, 1479.0), (8, 8459.0, 1479.0), (7, 8459.0, 1479.0), (8, 8459.0, 1479.0), (7, 8459.0, 1479.0), (8, 8459.0, 1479.0), (7, 8459.0, 1479.0), (8, 8459.0, 1479.0), (7, 8459.0, 1479.0), (8, 8459.0, 1479.0), (7, 8459.0, 1479.0), (8, 8459.0, 1479.0), (7, 8459.0, 1479.0), (8, 8459.0, 1479.0), (7, 8459.0, 1479.0), (8, 8459.0, 1479.0), (7, 8459.0, 1479.0), (8, 8459.0, 1479.0), (7, 8459.0, 1479.0), (8, 8459.0, 1479.0), (7, 8459.0, 1479.0), (8, 8459.0, 1479.0), (7, 8459.0, 1479.0), (8, 8459.0, 1479.0), (7, 8459.0, 1479.0), (8, 8459.0, 1479.0), (7, 8459.0, 1479.0), (8, 8459.0, 1479.0), (7, 8459.0, 1479.0), (8, 8459.0, 1479.0), (7, 8459.0, 1479.0), (8, 8459.0, 1479.0), (7, 8459.0, 1479.0), (8, 8459.0, 1479.0), (7, 8459.0, 1479.0), (8, 8459.0, 1479.0), (7, 8459.0, 1479.0), (8, 8459.0, 1479.0), (7, 8459.0, 1479.0), (8, 8459.0, 1479.0), (7, 8459.0, 1479.0), (8, 8459.0, 1479.0), (7, 8459.0, 1479.0), (8, 8459.0, 1479.0), (7, 8459.0, 1479.0), (8, 8459.0, 1479.0), (7, 8459.0, 1479.0), (8, 8459.0, 1479.0), (7, 8459.0, 1479.0), (8, 8459.0, 1479.0), (7, 8459.0, 1479.0), (8, 8459.0, 1479.0), (7, 8459.0, 1479.0), (8, 8459.0, 1479.0), (7, 8459.0, 1479.0), (8, 8459.0, 1479.0), (7, 8459.0, 1479.0), (8, 8459.0, 1479.0), (7, 8459.0, 1479.0), (8, 8459.0, 1479.0), (7, 8459.0, 1479.0), (8, 8459.0, 1479.0), (7, 8459.0, 1479.0), (8, 8459.0, 1479.0), (7, 8459.0, 1479.0), (8, 8459.0, 1479.0), (7, 8459.0, 1479.0), (8, 8459.0, 1479.0), (7, 8459.0, 1479.0), (8, 8459.0, 1479.0), (7, 8459.0, 1479.0), (8, 8459.0, 1479.0), (7, 8459.0, 1479.0), (8, 8459.0, 1479.0), (7, 8459.0, 1479.0), (8, 8459.0, 1479.0), (7, 8459.0, 1479.0), (8, 8459.0, 1479.0), (7, 8459.0, 1479.0), (8, 8459.0, 1479.0), (7, 8459.0, 1479.0), (8, 8459.0, 1479.0), (7, 8459.0, 1479.0), (8, 8459.0, 1479.0), (7, 8459.0, 1479.0), (8, 8459.0, 1479.0), (7, 8459.0, 1479.0), (8, 8459.0, 1479.0), (7, 8459.0, 1479.0), (8, 8459.0, 1479.0), (7, 8459.0, 1479.0), (8, 8459.0, 1479.0), (7, 8459.0, 1479.0), (8, 8459.0, 1479.0), (7, 8459.0, 1479.0), (8, 8459.0, 1479.0), (7, 8459.0, 1479.0), (8, 8459.0, 1479.0), (7, 8459.0, 1479.0), (8, 8459.0, 1479.0), (7, 8459.0, 1479.0), (8, 8459.0, 1479.0), (7, 8459.0, 1479.0), (8, 8459.0, 1479.0), (7, 8459.0, 1479.0), (8, 8459.0, 1479.0), (7, 8459.0, 1479.0), (8, 8459.0, 1479.0), (7, 8459.0, 1479.0), (8, 8459.0, 1479.0), (7, 8459.0, 1479.0), (8, 8459.0, 1479.0), (7, 8459.0, 1479.0), (8, 8459.0, 1479.0), (7, 8459.0, 1479.0), (8, 8459.0, 1479.0), (7, 8459.0, 1479.0), (8, 8459.0, 1479.0), (7, 8459.0, 1479.0), (8, 8459.0, 1479.0), (7, 8459.0, 1479.0), (8, 8459.0, 1479.0), (7, 8459.0, 1479.0), (8, 8459.0, 1479.0), (7, 8459.0, 1479.0), (8, 8459.0, 1479.0), (7, 8459.0, 1479.0), (8, 8459.0, 1479.0), (7, 8459.0, 1479.0), (8, 8459.0, 1479.0), (7, 8459.0, 1479.0), (8, 8459.0, 1479.0), (7, 8459.0, 1479.0), (8, 8459.0, 1479.0), (7, 8459.0, 1479.0), (8, 8459.0, 1479.0), (7, 8459.0, 1479.0), (8, 8459.0, 1479.0), (7, 8459.0, 1479.0), (8, 8459.0, 1479.0), (7, 8459.0, 1479.0), (8, 8459.0, 1479.0), (7, 8459.0, 1479.0), (8, 8459.0, 1479.0), (7, 8459.0, 1479.0), (8, 8459.0, 1479.0), (7, 8459.0, 1479.0), (8, 8459.0, 1479.0), (7, 8459.0, 1479.0), (8, 8459.0, 1479.0), (7, 8459.0, 1479.0), (8, 8459.0, 1479.0), (7, 8459.0, 1479.0), (8, 8459.0, 1479.0), (7, 8459.0, 1479.0), (8, 8459.0, 1479.0), (7, 8459.0, 1479.0), (8, 8459.0, 1479.0), (7, 8459.0, 1479.0), (8, 8459.0, 1479.0), (7, 8459.0, 1479.0), (8, 8459.0, 1479.0), (7, 8459.0, 1479.0), (8, 8459.0, 1479.0), (7, 8459.0, 1479.0), (8, 8459.0, 1479.0), (7, 8459.0, 1479.0), (8, 8459.0, 1479.0), (7, 8459.0, 1479.0), (8, 8459.0, 1479.0), (7, 8459.0, 1479.0), (8, 8459.0, 1479.0), (7, 8459.0, 1479.0), (8, 8459.0, 1479.0), (7, 8459.0, 1479.0), (8, 8459.0, 1479.0), (7, 8459.0, 1479.0), (8, 8459.0, 1479.0), (7, 8459.0, 1479.0), (8, 8459.0, 1479.0), (7, 8459.0, 1479.0), (8, 8459.0, 1479.0), (7, 8459.0, 1479.0), (8, 8459.0, 1479.0), (7, 8459.0, 1479.0), (8, 8459.0, 1479.0), (7, 8459.0, 1479.0), (8, 8459.0, 1479.0), (7, 8459.0, 1479.0), (8, 8459.0, 1479.0), (7, 8459.0, 1479.0), (8, 8459.0, 1479.0), (7, 8459.0, 1479.0), (8, 8459.0, 1479.0), (7, 8459.0, 1479.0), (8, 8459.0, 1479.0), (7, 8459.0, 1479.0), (8, 8459.0, 1479.0), (7, 8459.0, 1479.0), (8, 8459.0, 1479.0), (7, 8459.0, 1479.0), (8, 8459.0, 1479.0), (7, 8459.0, 1479.0), (8, 8459.0, 1479.0), (7, 8459.0, 1479.0), (8, 8459.0, 1479.0), (7, 8459.0, 1479.0), (8, 8459.0, 1479.0), (7, 8459.0, 1479.0), (8, 8459.0, 1479.0), (7, 8459.0, 1479.0), (8, 8459.0, 1479.0), (7, 8459.0, 1479.0), (8, 8459.0, 1479.0), (7, 8459.0, 1479.0), (8, 8459.0, 1479.0), (7, 8459.0, 1479.0), (8, 8459.0, 1479.0), (7, 8459.0, 1479.0), (8, 8459.0, 1479.0), (7, 8459.0, 1479.0), (8, 8459.0, 1479.0), (7, 8459.0, 1479.0), (8, 8459.0, 1479.0), (7, 8459.0, 1479.0), (8, 8459.0, 1479.0), (7, 8459.0, 1479.0), (8, 8459.0, 1479.0), (7, 8459.0, 1479.0), (8, 8459.0, 1479.0), (7, 8459.0, 1479.0), (8, 8459.0, 1479.0), (7, 8459.0, 1479.0), (8, 8459.0, 1479.0), (7, 8459.0, 1479.0), (8, 8459.0, 1479.0), (7, 8459.0, 1479.0), (8, 8459.0, 1479.0), (7, 8459.0, 1479.0), (8, 8459.0, 1479.0), (7, 8459.0, 1479.0), (8, 8459.0, 1479.0), (7, 8459.0, 1479.0), (8, 8459.0, 1479.0), (7, 8459.0, 1479.0), (8, 8459.0, 1479.0), (7, 8459.0, 1479.0), (8, 8459.0, 1479.0), (7, 8459.0, 1479.0), (8, 8459.0, 1479.0), (7, 8459.0, 1479.0), (8, 8459.0, 1479.0), (7, 8459.0, 1479.0), (8, 8459.0, 1479.0), (7, 8459.0, 1479.0), (8, 8459.0, 1479.0), (7, 8459.0, 1479.0), (8, 8459.0, 1479.0), (7, 8459.0, 1479.0), (8, 8459.0, 1479.0), (7, 8459.0, 1479.0), (8, 8459.0, 1479.0), (7, 8459.0, 1479.0), (8, 8459.0, 1479.0), (7, 8459.0, 1479.0), (8, 8459.0, 1479.0), (7, 8459.0, 1479.0), (8, 8459.0, 1479.0), (7, 8459.0, 1479.0), (8, 8459.0, 1479.0), (7, 8459.0, 1479.0), (8, 8459.0, 1479.0), (7, 8459.0, 1479.0), (8, 8459.0, 1479.0), (7, 8459.0, 1479.0), (8, 8459.0, 1479.0), (7, 8459.0, 1479.0), (8, 8459.0, 1479.0), (7, 8459.0, 1479.0), (8, 8459.0, 1479.0), (7, 8459.0, 1479.0), (8, 8459.0, 1479.0), (7, 8459.0, 1479.0), (8, 8459.0, 1479.0), (7, 8459.0, 1479.0), (8, 8459.0, 1479.0), (7, 8459.0, 1479.0), (8, 8459.0, 1479.0), (7, 8459.0, 1479.0), (8, 8459.0, 1479.0), (7, 8459.0, 1479.0), (8, 8459.0, 1479.0), (7, 8459.0, 1479.0), (8, 8459.0, 1479.0), (7, 8459.0, 1479.0), (8, 8459.0, 1479.0), (7, 8459.0, 1479.0), (8, 8459.0, 1479.0), (7, 8459.0, 1479.0), (8, 8459.0, 1479.0), (7, 8459.0, 1479.0), (8, 8459.0, 1479.0), (7, 8459.0, 1479.0), (8, 8459.0, 1479.0), (7, 8459.0, 1479.0), (8, 8459.0, 1479.0), (7, 8459.0, 1479.0), (8, 8459.0, 1479.0), (7, 8459.0, 1479.0), (8, 8459.0, 1479.0), (7, 8459.0, 1479.0), (8, 8459.0, 1479.0), (7, 8459.0, 1479.0), (8, 8459.0, 1479.0), (7, 8459.0, 1479.0), (8, 8459.0, 1479.0), (7, 8459.0, 1479.0), (8, 8459.0, 1479.0), (7, 8459.0, 1479.0), (8, 8459.0, 1479.0), (7, 8459.0, 1479.0), (8, 8459.0, 1479.0), (7, 8459.0, 1479.0), (8, 8459.0, 1479.0), (7, 8459.0, 1479.0), (8, 8459.0, 1479.0), (7, 8459.0, 1479.0), (8, 8459.0, 1479.0), (7, 8459.0, 1479.0), (8, 8459.0, 1479.0), (7, 8459.0, 1479.0), (8, 8459.0, 1479.0), (7, 8459.0, 1479.0), (8, 8459.0, 1479.0), (7, 8459.0, 1479.0), (8, 8459.0, 1479.0), (7, 8459.0, 1479.0), (8, 8459.0, 1479.0), (7, 8459.0, 1479.0), (8, 8459.0, 1479.0), (7, 8459.0, 1479.0), (8, 8459.0, 1479.0), (7, 8459.0, 1479.0), (8, 8459.0, 1479.0), (7, 8459.0, 1479.0), (8, 8459.0, 1479.0), (7, 8459.0, 1479.0), (8, 8459.0, 1479.0), (7, 8459.0, 1479.0), (8, 8459.0, 1479.0), (7, 8459.0, 1479.0), (8, 8459.0, 1479.0), (7, 8459.0, 1479.0), (8, 8459.0, 1479.0), (7, 8459.0, 1479.0), (8, 8459.0, 1479.0), (7, 8459.0, 1479.0), (8, 8459.0, 1479.0), (7, 8459.0, 1479.0), (8, 8459.0, 1479.0), (7, 8459.0, 1479.0), (8, 8459.0, 1479.0), (7, 8459.0, 1479.0), (8, 8459.0, 1479.0), (7, 8459.0, 1479.0), (8, 8459.0, 1479.0), (7, 8459.0, 1479.0), (8, 8459.0, 1479.0), (7, 8459.0, 1479.0), (8, 8459.0, 1479.0), (7, 8459.0, 1479.0), (8, 8459.0, 1479.0), (7, 8459.0, 1479.0), (8, 8459.0, 1479.0), (7, 8459.0, 1479.0), (8, 8459.0, 1479.0), (7, 8459.0, 1479.0), (8, 8459.0, 1479.0), (7, 8459.0, 1479.0), (8, 8459.0, 1479.0), (7, 8459.0, 1479.0), (8, 8459.0, 1479.0), (7, 8459.0, 1479.0), (8, 8459.0, 1479.0), (7, 8459.0, 1479.0), (8, 8459.0, 1479.0), (7, 8459.0, 1479.0), (8, 8459.0, 1479.0), (7, 8459.0, 1479.0), (8, 8459.0, 1479.0), (7, 8459.0, 1479.0), (8, 8459.0, 1479.0), (7, 8459.0, 1479.0), (8, 8459.0, 1479.0), (7, 8459.0, 1479.0), (8, 8459.0, 1479.0), (7, 8459.0, 1479.0), (8, 8459.0, 1479.0), (7, 8459.0, 1479.0), (8, 8459.0, 1479.0), (7, 8459.0, 1479.0), (8, 8459.0, 1479.0), (7, 8459.0, 1479.0), (8, 8459.0, 1479.0), (7, 8459.0, 1479.0), (8, 8459.0, 1479.0), (7, 8459.0, 1479.0), (8, 8459.0, 1479.0), (7, 8459.0, 1479.0), (8, 8459.0, 1479.0), (7, 8459.0, 1479.0), (8, 8459.0, 1479.0), (7, 8459.0, 1479.0), (8, 8459.0, 1479.0), (7, 8459.0, 1479.0), (8, 8459.0, 1479.0), (7, 8459.0, 1479.0), (8, 8459.0, 1479.0), (7, 8459.0, 1479.0), (8, 8459.0, 1479.0), (7, 8459.0, 1479.0), (8, 8459.0, 1479.0), (7, 8459.0, 1479.0), (8, 8459.0, 1479.0), (7, 8459.0, 1479.0), (8, 8459.0, 1479.0), (7, 8459.0, 1479.0), (8, 8459.0, 1479.0), (7, 8459.0, 1479.0), (8, 8459.0, 1479.0), (7, 8459.0, 1479.0), (8, 8459.0, 1479.0), (7, 8459.0, 1479.0), (8, 8459.0, 1479.0), (7, 8459.0, 1479.0), (8, 8459.0, 1479.0), (7, 8459.0, 1479.0), (8, 8459.0, 1479.0), (7, 8459.0, 1479.0), (8, 8459.0, 1479.0), (7, 8459.0, 1479.0), (8, 8459.0, 1479.0), (7, 8459.0, 1479.0), (8, 8459.0, 1479.0), (7, 8459.0, 1479.0), (8, 8459.0, 1479.0), (7, 8459.0, 1479.0), (8, 8459.0, 1479.0), (7, 8459.0, 1479.0), (8, 8459.0, 1479.0), (7, 8459.0, 1479.0), (8, 8459.0, 1479.0), (7, 8459.0, 1479.0), (8, 8459.0, 1479.0), (7, 8459.0, 1479.0), (8, 8459.0, 1479.0), (7, 8459.0, 1479.0), (8, 8459.0, 1479.0), (7, 8459.0, 1479.0), (8, 8459.0, 1479.0), (7, 8459.0, 1479.0), (8, 8459.0, 1479.0), (7, 8459.0, 1479.0), (8, 8459.0, 1479.0), (7, 8459.0, 1479.0), (8, 8459.0, 1479.0), (7, 8459.0, 1479.0), (8, 8459.0, 1479.0), (7, 8459.0, 1479.0), (8, 8459.0, 1479.0), (7, 8459.0, 1479.0), (8, 8459.0, 1479.0), (7, 8459.0, 1479.0), (8, 8459.0, 1479.0), (7, 8459.0, 1479.0), (8, 8459.0, 1479.0), (7, 8459.0, 1479.0), (8, 8459.0, 1479.0), (7, 8459.0, 1479.0), (8, 8459.0, 1479.0), (7, 8459.0, 1479.0), (8, 8459.0, 1479.0), (7, 8459.0, 1479.0), (8, 8459.0, 1479.0), (7, 8459.0, 1479.0), (8, 8459.0, 1479.0), (7, 8459.0, 1479.0), (8, 8459.0, 1479.0), (7, 8459.0, 1479.0), (8, 8459.0, 1479.0), (7, 8459.0, 1479.0), (8, 8459.0, 1479.0), (7, 8459.0, 1479.0), (8, 8459.0, 1479.0), (7, 8459.0, 1479.0), (8, 8459.0, 1479.0), (7, 8459.0, 1479.0), (8, 8459.0, 1479.0), (7, 8459.0, 1479.0), (8, 8459.0, 1479.0), (7, 8459.0, 1479.0), (8, 8459.0, 1479.0), (7, 8459.0, 1479.0), (8, 8459.0, 1479.0), (7, 8459.0, 1479.0), (8, 8459.0, 1479.0), (7, 8459.0, 1479.0), (8, 8459.0, 1479.0), (7, 8459.0, 1479.0), (8, 8459.0, 1479.0), (7, 8459.0, 1479.0), (8, 8459.0, 1479.0), (7, 8459.0, 1479.0), (8, 8459.0, 1479.0), (7, 8459.0, 1479.0), (8, 8459.0, 1479.0), (7, 8459.0, 1479.0), (8, 8459.0, 1479.0), (7, 8459.0, 1479.0), (8, 8459.0, 1479.0), (7, 8459.0, 1479.0), (8, 8459.0, 1479.0), (7, 8459.0, 1479.0), (8, 8459.0, 1479.0), (7, 8459.0, 1479.0), (8, 8459.0, 1479.0), (7, 8459.0, 1479.0), (8, 8459.0, 1479.0), (7, 8459.0, 1479.0), (8, 8459.0, 1479.0), (7, 8459.0, 1479.0), (8, 8459.0, 1479.0), (7, 8459.0, 1479.0), (8, 8459.0, 1479.0), (7, 8459.0, 1479.0), (8, 8459.0, 1479.0), (7, 8459.0, 1479.0), (8, 8459.0, 1479.0), (7, 8459.0, 1479.0), (8, 8459.0, 1479.0), (7, 8459.0, 1479.0), (8, 8459.0, 1479.0), (7, 8459.0, 1479.0), (8, 8459.0, 1479.0), (7, 8459.0, 1479.0), (8, 8459.0, 1479.0), (7, 8459.0, 1479.0), (8, 8459.0, 1479.0), (7, 8459.0, 1479.0), (8, 8459.0, 1479.0), (7, 8459.0, 1479.0), (8, 8459.0, 1479.0), (7, 8459.0, 1479.0), (8, 8459.0, 1479.0), (7, 8459.0, 1479.0), (8, 8459.0, 1479.0), (7, 8459.0, 1479.0), (8, 8459.0, 1479.0), (7, 8459.0, 1479.0), (8, 8459.0, 1479.0), (7, 8459.0, 1479.0), (8, 8459.0, 1479.0), (7, 8459.0, 1479.0), (8, 8459.0, 1479.0), (7, 8459.0, 1479.0), (8, 8459.0, 1479.0), (7, 8459.0, 1479.0), (8, 8459.0, 1479.0), (7, 8459.0, 1479.0), (8, 8459.0, 1479.0), (7, 8459.0, 1479.0), (8, 8459.0, 1479.0), (7, 8459.0, 1479.0), (8, 8459.0, 1479.0), (7, 8459.0, 1479.0), (8, 8459.0, 1479.0), (7, 8459.0, 1479.0), (8, 8459.0, 1479.0), (7, 8459.0, 1479.0), (8, 8459.0, 1479.0), (7, 8459.0, 1479.0), (8, 8459.0, 1479.0), (7, 8459.0, 1479.0), (8, 8459.0, 1479.0), (7, 8459.0, 1479.0), (8, 8459.0, 1479.0), (7, 8459.0, 1479.0), (8, 8459.0, 1479.0), (7, 8459.0, 1479.0), (8, 8459.0, 1479.0), (7, 8459.0, 1479.0), (8, 8459.0, 1479.0), (7, 8459.0, 1479.0), (8, 8459.0, 1479.0), (7, 8459.0, 1479.0), (8, 8459.0, 1479.0), (7, 8459.0, 1479.0), (8, 8459.0, 1479.0), (7, 8459.0, 1479.0), (8, 8459.0, 1479.0), (7, 8459.0, 1479.0), (8, 8459.0, 1479.0), (7, 8459.0, 1479.0), (8, 8459.0, 1479.0), (7, 8459.0, 1479.0), (8, 8459.0, 1479.0), (7, 8459.0, 1479.0), (8, 8459.0, 1479.0), (7, 8459.0, 1479.0), (8, 8459.0, 1479.0), (7, 8459.0, 1479.0), (8, 8459.0, 1479.0), (7, 8459.0, 1479.0), (8, 8459.0, 1479.0), (7, 8459.0, 1479.0), (8, 8459.0, 1479.0), (7, 8459.0, 1479.0), (8, 8459.0, 1479.0), (7, 8459.0, 1479.0), (8, 8459.0, 1479.0), (7, 8459.0, 1479.0), (8, 8459.0, 1479.0), (7, 8459.0, 1479.0), (8, 8459.0, 1479.0), (7, 8459.0, 1479.0), (8, 8459.0, 1479.0), (7, 8459.0, 1479.0), (8, 8459.0, 1479.0), (7, 8459.0, 1479.0), (8, 8459.0, 1479.0), (7, 8459.0, 1479.0), (8, 8459.0, 1479.0), (7, 8459.0, 1479.0), (8, 8459.0, 1479.0), (7, 8459.0, 1479.0), (8, 8459.0, 1479.0), (7, 8459.0, 1479.0), (8, 8459.0, 1479.0), (7, 8459.0, 1479.0), (8, 8459.0, 1479.0), (7, 8459.0, 1479.0), (8, 8459.0, 1479.0), (7, 8459.0, 1479.0), (8, 8459.0, 1479.0), (7, 8459.0, 1479.0), (8, 8459.0, 1479.0), (7, 8459.0, 1479.0), (8, 8459.0, 1479.0), (7, 8459.0, 1479.0), (8, 8459.0, 1479.0), (7, 8459.0, 1479.0), (8, 8459.0, 1479.0), (7, 8459.0, 1479.0), (8, 8459.0, 1479.0), (7, 8459.0, 1479.0), (8, 8459.0, 1479.0), (7, 8459.0, 1479.0), (8, 8459.0, 1479.0), (7, 8459.0, 1479.0), (8, 8459.0, 1479.0), (7, 8459.0, 1479.0), (8, 8459.0, 1479.0), (7, 8459.0, 1479.0), (8, 8459.0, 1479.0), (7, 8459.0, 1479.0), (8, 8459.0, 1479.0), (7, 8459.0, 1479.0), (8, 8459.0, 1479.0), (7, 8459.0, 1479.0), (8, 8459.0, 1479.0), (7, 8459.0, 1479.0), (8, 8459.0, 1479.0), (7, 8459.0, 1479.0), (8, 8459.0, 1479.0), (7, 8459.0, 1479.0), (8, 8459.0, 1479.0), (7, 8459.0, 1479.0), (8, 8459.0, 1479.0), (7, 8459.0, 1479.0), (8, 8459.0, 1479.0), (7, 8459.0, 1479.0), (8, 8459.0, 1479.0), (7, 8459.0, 1479.0), (8, 8459.0, 1479.0), (7, 8459.0, 1479.0), (8, 8459.0, 1479.0), (7, 8459.0, 1479.0), (8, 8459.0, 1479.0), (7, 8459.0, 1479.0), (8, 8459.0, 1479.0), (7, 8459.0, 1479.0), (8, 8459.0, 1479.0), (7, 8459.0, 1479.0), (8, 8459.0, 1479.0), (7, 8459.0, 1479.0), (8, 8459.0, 1479.0), (7, 8459.0, 1479.0), (8, 8459.0, 1479.0), (7, 8459.0, 1479.0), (8, 8459.0, 1479.0), (7, 8459.0, 1479.0), (8, 8459.0, 1479.0), (7, 8459.0, 1479.0), (8, 8459.0, 1479.0), (7, 8459.0, 1479.0), (8, 8459.0, 1479.0), (7, 8459.0, 1479.0), (8, 8459.0, 1479.0), (7, 8459.0, 1479.0), (8, 8459.0, 1479.0), (7, 8459.0, 1479.0), (8, 8459.0, 1479.0), (7, 8459.0, 1479.0), (8, 8459.0, 1479.0), (7, 8459.0, 1479.0), (8, 8459.0, 1479.0), (7, 8459.0, 1479.0), (8, 8459.0, 1479.0), (7, 8459.0, 1479.0), (8, 8459.0, 1479.0), (7, 8459.0, 1479.0), (8, 8459.0, 1479.0), (7, 8459.0, 1479.0), (8, 8459.0, 1479.0), (7, 8459.0, 1479.0), (8, 8459.0, 1479.0), (7, 8459.0, 1479.0), (8, 8459.0, 1479.0), (7, 8459.0, 1479.0), (8, 8459.0, 1479.0), (7, 8459.0, 1479.0), (8, 8459.0, 1479.0), (7, 8459.0, 1479.0), (8, 8459.0, 1479.0), (7, 8459.0, 1479.0), (8, 8459.0, 1479.0), (7, 8459.0, 1479.0), (8, 8459.0, 1479.0), (7, 8459.0, 1479.0), (8, 8459.0, 1479.0), (7, 8459.0, 1479.0), (8, 8459.0, 1479.0), (7, 8459.0, 1479.0), (8, 8459.0, 1479.0), (7, 8459.0, 1479.0), (8, 8459.0, 1479.0), (7, 8459.0, 1479.0), (8, 8459.0, 1479.0), (7, 8459.0, 1479.0), (8, 8459.0, 1479.0), (7, 8459.0, 1479.0), (8, 8459.0, 1479.0), (7, 8459.0, 1479.0), (8, 8459.0, 1479.0), (7, 8459.0, 1479.0), (8, 8459.0, 1479.0), (7, 8459.0, 1479.0), (8, 8459.0, 1479.0), (7, 8459.0, 1479.0), (8, 8459.0, 1479.0), (7, 8459.0, 1479.0), (8, 8459.0, 1479.0), (7, 8459.0, 1479.0), (8, 8459.0, 1479.0), (7, 8459.0, 1479.0), (8, 8459.0, 1479.0), (7, 8459.0, 1479.0), (8, 8459.0, 1479.0), (7, 8459.0, 1479.0), (8, 8459.0, 1479.0), (7, 8459.0, 1479.0), (8, 8459.0, 1479.0), (7, 8459.0, 1479.0), (8, 8459.0, 1479.0), (7, 8459.0, 1479.0), (8, 8459.0, 1479.0), (7, 8459.0, 1479.0), (8, 8459.0, 1479.0), (7, 8459.0, 1479.0), (8, 8459.0, 1479.0), (7, 8459.0, 1479.0), (8, 8459.0, 1479.0), (7, 8459.0, 1479.0), (8, 8459.0, 1479.0), (7, 8459.0, 1479.0), (8, 8459.0, 1479.0), (7, 8459.0, 1479.0), (8, 8459.0, 1479.0), (7, 8459.0, 1479.0), (8, 8459.0, 1479.0), (7, 8459.0, 1479.0), (8, 8459.0, 1479.0), (7, 8459.0, 1479.0), (8, 8459.0, 1479.0), (7, 8459.0, 1479.0), (8, 8459.0, 1479.0), (7, 8459.0, 1479.0), (8, 8459.0, 1479.0), (7, 8459.0, 1479.0), (8, 8459.0, 1479.0), (7, 8459.0, 1479.0), (8, 8459.0, 1479.0), (7, 8459.0, 1479.0), (8, 8459.0, 1479.0), (7, 8459.0, 1479.0), (8, 8459.0, 1479.0), (7, 8459.0, 1479.0), (8, 8459.0, 1479.0), (7, 8459.0, 1479.0), (8, 8459.0, 1479.0), (7, 8459.0, 1479.0), (8, 8459.0, 1479.0), (7, 8459.0, 1479.0), (8, 8459.0, 1479.0), (7, 8459.0, 1479.0), (8, 8459.0, 1479.0), (7, 8459.0, 1479.0), (8, 8459.0, 1479.0), (7, 8459.0, 1479.0), (8, 8459.0, 1479.0), (7, 8459.0, 1479.0), (8, 8459.0, 1479.0), (7, 8459.0, 1479.0), (8, 8459.0, 1479.0), (7, 8459.0, 1479.0), (8, 8459.0, 1479.0), (7, 8459.0, 1479.0), (8, 8459.0, 1479.0), (7, 8459.0, 1479.0), (8, 8459.0, 1479.0), (7, 8459.0, 1479.0), (8, 8459.0, 1479.0), (7, 8459.0, 1479.0), (8, 8459.0, 1479.0), (7, 8459.0, 1479.0), (8, 8459.0, 1479.0), (7, 8459.0, 1479.0), (8, 8459.0, 1479.0), (7, 8459.0, 1479.0), (8, 8459.0, 1479.0), (7, 8459.0, 1479.0), (8, 8459.0, 1479.0), (7, 8459.0, 1479.0), (8, 8459.0, 1479.0), (7, 8459.0, 1479.0), (8, 8459.0, 1479.0), (7, 8459.0, 1479.0), (8, 8459.0, 1479.0), (7, 8459.0, 1479.0), (8, 8459.0, 1479.0), (7, 8459.0, 1479.0), (8, 8459.0, 1479.0), (7, 8459.0, 1479.0), (8, 8459.0, 1479.0), (7, 8459.0, 1479.0), (8, 8459.0, 1479.0), (7, 8459.0, 1479.0), (8, 8459.0, 1479.0), (7, 8459.0, 1479.0), (8, 8459.0, 1479.0), (7, 8459.0, 1479.0), (8, 8459.0, 1479.0), (7, 8459.0, 1479.0), (8, 8459.0, 1479.0), (7, 8459.0, 1479.0), (8, 8459.0, 1479.0), (7, 8459.0, 1479.0), (8, 8459.0, 1479.0), (7, 8459.0, 1479.0), (8, 8459.0, 1479.0), (7, 8459.0, 1479.0), (8, 8459.0, 1479.0), (7, 8459.0, 1479.0), (8, 8459.0, 1479.0), (7, 8459.0, 1479.0), (8, 8459.0, 1479.0), (7, 8459.0, 1479.0), (8, 8459.0, 1479.0), (7, 8459.0, 1479.0), (8, 8459.0, 1479.0), (7, 8459.0, 1479.0), (8, 8459.0, 1479.0), (7, 8459.0, 1479.0), (8, 8459.0, 1479.0), (7, 8459.0, 1479.0), (8, 8459.0, 1479.0), (7, 8459.0, 1479.0), (8, 8459.0, 1479.0), (7, 8459.0, 1479.0), (8, 8459.0, 1479.0), (7, 8459.0, 1479.0), (8, 8459.0, 1479.0), (7, 8459.0, 1479.0), (8, 8459.0, 1479.0), (7, 8459.0, 1479.0), (8, 8459.0, 1479.0), (7, 8459.0, 1479.0), (8, 8459.0, 1479.0), (7, 8459.0, 1479.0), (8, 8459.0, 1479.0), (7, 8459.0, 1479.0), (8, 8459.0, 1479.0), (7, 8459.0, 1479.0), (8, 8459.0, 1479.0), (7, 8459.0, 1479.0), (8, 8459.0, 1479.0), (7, 8459.0, 1479.0), (8, 8459.0, 1479.0), (7, 8459.0, 1479.0), (8, 8459.0, 1479.0), (7, 8459.0, 1479.0), (8, 8459.0, 1479.0), (7, 8459.0, 1479.0), (8, 8459.0, 1479.0), (7, 8459.0, 1479.0), (8, 8459.0, 1479.0), (7, 8459.0, 1479.0), (8, 8459.0, 1479.0), (7, 8459.0, 1479.0), (8, 8459.0, 1479.0), (7, 8459.0, 1479.0), (8, 8459.0, 1479.0), (7, 8459.0, 1479.0), (8, 8459.0, 1479.0), (7, 8459.0, 1479.0), (8, 8459.0, 1479.0), (7, 8459.0, 1479.0), (8, 8459.0, 1479.0), (7, 8459.0, 1479.0), (8, 8459.0, 1479.0), (7, 8459.0, 1479.0), (8, 8459.0, 1479.0), (7, 8459.0, 1479.0), (8, 8459.0, 1479.0), (7, 8459.0, 1479.0), (8, 8459.0, 1479.0), (7, 8459.0, 1479.0), (8, 8459.0, 1479.0), (7, 8459.0, 1479.0), (8, 8459.0, 1479.0), (7, 8459.0, 1479.0), (8, 8459.0, 1479.0), (7, 8459.0, 1479.0), (8, 8459.0, 1479.0), (7, 8459.0, 1479.0), (8, 8459.0, 1479.0), (7, 8459.0, 1479.0), (8, 8459.0, 1479.0), (7, 8459.0, 1479.0), (8, 8459.0, 1479.0), (7, 8459.0, 1479.0), (8, 8459.0, 1479.0), (7, 8459.0, 1479.0), (8, 8459.0, 1479.0), (7, 8459.0, 1479.0), (8, 8459.0, 1479.0), (7, 8459.0, 1479.0), (8, 8459.0, 1479.0), (7, 8459.0, 1479.0), (8, 8459.0, 1479.0), (7, 8459.0, 1479.0), (8, 8459.0, 1479.0), (7, 8459.0, 1479.0), (8, 8459.0, 1479.0), (7, 8459.0, 1479.0), (8, 8459.0, 1479.0), (7, 8459.0, 1479.0), (8, 8459.0, 1479.0), (7, 8459.0, 1479.0), (8, 8459.0, 1479.0), (7, 8459.0, 1479.0), (8, 8459.0, 1479.0), (7, 8459.0, 1479.0), (8, 8459.0, 1479.0), (7, 8459.0, 1479.0), (8, 8459.0, 1479.0), (7, 8459.0, 1479.0), (8, 8459.0, 1479.0), (7, 8459.0, 1479.0), (8, 8459.0, 1479.0), (7, 8459.0, 1479.0), (8, 8459.0, 1479.0), (7, 8459.0, 1479.0), (8, 8459.0, 1479.0), (7, 8459.0, 1479.0), (8, 8459.0, 1479.0), (7, 8459.0, 1479.0), (8, 8459.0, 1479.0), (7, 8459.0, 1479.0), (8, 8459.0, 1479.0), (7, 8459.0, 1479.0), (8, 8459.0, 1479.0), (7, 8459.0, 1479.0), (8, 8459.0, 1479.0), (7, 8459.0, 1479.0), (8, 8459.0, 1479.0), (7, 8459.0, 1479.0), (8, 8459.0, 1479.0), (7, 8459.0, 1479.0), (8, 8459.0, 1479.0), (7, 8459.0, 1479.0), (8, 8459.0, 1479.0), (7, 8459.0, 1479.0), (8, 8459.0, 1479.0), (7, 8459.0, 1479.0), (8, 8459.0, 1479.0), (7, 8459.0, 1479.0), (8, 8459.0, 1479.0), (7, 8459.0, 1479.0), (8, 8459.0, 1479.0), (7, 8459.0, 1479.0), (8, 8459.0, 1479.0), (7, 8459.0, 1479.0), (8, 8459.0, 1479.0), (7, 8459.0, 1479.0), (8, 8459.0, 1479.0), (7, 8459.0, 1479.0), (8, 8459.0, 1479.0), (7, 8459.0, 1479.0), (8, 8459.0, 1479.0), (7, 8459.0, 1479.0), (8, 8459.0, 1479.0), (7, 8459.0, 1479.0), (8, 8459.0, 1479.0), (7, 8459.0, 1479.0), (8, 8459.0, 1479.0), (7, 8459.0, 1479.0), (8, 8459.0, 1479.0), (7, 8459.0, 1479.0), (8, 8459.0, 1479.0), (7, 8459.0, 1479.0), (8, 8459.0, 1479.0), (7, 8459.0, 1479.0), (8, 8459.0, 1479.0), (7, 8459.0, 1479.0), (8, 8459.0, 1479.0), (7, 8459.0, 1479.0), (8, 8459.0, 1479.0), (7, 8459.0, 1479.0), (8, 8459.0, 1479.0), (7, 8459.0, 1479.0), (8, 8459.0, 1479.0), (7, 8459.0, 1479.0), (8, 8459.0, 1479.0), (7, 8459.0, 1479.0), (8, 8459.0, 1479.0), (7, 8459.0, 1479.0), (8, 8459.0, 1479.0), (7, 8459.0, 1479.0), (8, 8459.0, 1479.0), (7, 8459.0, 1479.0), (8, 8459.0, 1479.0), (7, 8459.0, 1479.0), (8, 8459.0, 1479.0), (7, 8459.0, 1479.0), (8, 8459.0, 1479.0), (7, 8459.0, 1479.0), (8, 8459.0, 1479.0), (7, 8459.0, 1479.0), (8, 8459.0, 1479.0), (7, 8459.0, 1479.0), (8, 8459.0, 1479.0), (7, 8459.0, 1479.0), (8, 8459.0, 1479.0), (7, 8459.0, 1479.0), (8, 8459.0, 1479.0), (7, 8459.0, 1479.0), (8, 8459.0, 1479.0), (7, 8459.0, 1479.0), (8, 8459.0, 1479.0), (7, 8459.0, 1479.0), (8, 8459.0, 1479.0), (7, 8459.0, 1479.0), (8, 8459.0, 1479.0), (7, 8459.0, 1479.0), (8, 8459.0, 1479.0), (7, 8459.0, 1479.0), (8, 8459.0, 1479.0), (7, 8459.0, 1479.0), (8, 8459.0, 1479.0), (7, 8459.0, 1479.0), (8, 8459.0, 1479.0), (7, 8459.0, 1479.0), (8, 8459.0, 1479.0), (7, 8459.0, 1479.0), (8, 8459.0, 1479.0), (7, 8459.0, 1479.0), (8, 8459.0, 1479.0), (7, 8459.0, 1479.0), (8, 8459.0, 1479.0), (7, 8459.0, 1479.0), (8, 8459.0, 1479.0), (7, 8459.0, 1479.0), (8, 8459.0, 1479.0), (7, 8459.0, 1479.0), (8, 8459.0, 1479.0), (7, 8459.0, 1479.0), (8, 8459.0, 1479.0), (7, 8459.0, 1479.0), (8, 8459.0, 1479.0), (7, 8459.0, 1479.0), (8, 8459.0, 1479.0), (7, 8459.0, 1479.0), (8, 8459.0, 1479.0), (7, 8459.0, 1479.0), (8, 8459.0, 1479.0), (7, 8459.0, 1479.0), (8, 8459.0, 1479.0), (7, 8459.0, 1479.0), (8, 8459.0, 1479.0), (7, 8459.0, 1479.0), (8, 8459.0, 1479.0), (7, 8459.0, 1479.0), (8, 8459.0, 1479.0), (7, 8459.0, 1479.0), (8, 8459.0, 1479.0), (7, 8459.0, 1479.0), (8, 8459.0, 1479.0), (7, 8459.0, 1479.0), (8, 8459.0, 1479.0), (7, 8459.0, 1479.0), (8, 8459.0, 1479.0), (7, 8459.0, 1479.0), (8, 8459.0, 1479.0), (7, 8459.0, 1479.0), (8, 8459.0, 1479.0), (7, 8459.0, 1479.0), (8, 8459.0, 1479.0), (7, 8459.0, 1479.0), (8, 8459.0, 1479.0), (7, 8459.0, 1479.0), (8, 8459.0, 1479.0), (7, 8459.0, 1479.0), (8, 8459.0, 1479.0), (7, 8459.0, 1479.0), (8, 8459.0, 1479.0), (7, 8459.0, 1479.0), (8, 8459.0, 1479.0), (7, 8459.0, 1479.0), (8, 8459.0, 1479.0), (7, 8459.0, 1479.0), (8, 8459.0, 1479.0), (7, 8459.0, 1479.0), (8, 8459.0, 1479.0), (7, 8459.0, 1479.0), (8, 8459.0, 1479.0), (7, 8459.0, 1479.0), (8, 8459.0, 1479.0), (7, 8459.0, 1479.0), (8, 8459.0, 1479.0), (7, 8459.0, 1479.0), (8, 8459.0, 1479.0), (7, 8459.0, 1479.0), (8, 8459.0, 1479.0), (7, 8459.0, 1479.0), (8, 8459.0, 1479.0), (7, 8459.0, 1479.0), (8, 8459.0, 1479.0), (7, 8459.0, 1479.0), (8, 8459.0, 1479.0), (7, 8459.0, 1479.0), (8, 8459.0, 1479.0), (7, 8459.0, 1479.0), (8, 8459.0, 1479.0), (7, 8459.0, 1479.0), (8, 8459.0, 1479.0), (7, 8459.0, 1479.0), (8, 8459.0, 1479.0), (7, 8459.0, 1479.0), (8, 8459.0, 1479.0), (7, 8459.0, 1479.0), (8, 8459.0, 1479.0), (7, 8459.0, 1479.0), (8, 8459.0, 1479.0), (7, 8459.0, 1479.0), (8, 8459.0, 1479.0), (7, 8459.0, 1479.0), (8, 8459.0, 1479.0), (7, 8459.0, 1479.0), (8, 8459.0, 1479.0), (7, 8459.0, 1479.0), (8, 8459.0, 1479.0), (7, 8459.0, 1479.0), (8, 8459.0, 1479.0), (7, 8459.0, 1479.0), (8, 8459.0, 1479.0), (7, 8459.0, 1479.0), (8, 8459.0, 1479.0), (7, 8459.0, 1479.0), (8, 8459.0, 1479.0), (7, 8459.0, 1479.0), (8, 8459.0, 1479.0), (7, 8459.0, 1479.0), (8, 8459.0, 1479.0), (7, 8459.0, 1479.0), (8, 8459.0, 1479.0), (7, 8459.0, 1479.0), (8, 8459.0, 1479.0), (7, 8459.0, 1479.0), (8, 8459.0, 1479.0), (7, 8459.0, 1479.0), (8, 8459.0, 1479.0), (7, 8459.0, 1479.0), (8, 8459.0, 1479.0), (7, 8459.0, 1479.0), (8, 8459.0, 1479.0), (7, 8459.0, 1479.0), (8, 8459.0, 1479.0), (7, 8459.0, 1479.0), (8, 8459.0, 1479.0), (7, 8459.0, 1479.0), (8, 8459.0, 1479.0), (7, 8459.0, 1479.0), (8, 8459.0, 1479.0), (7, 8459.0, 1479.0), (8, 8459.0, 1479.0), (7, 8459.0, 1479.0), (8, 8459.0, 1479.0), (7, 8459.0, 1479.0), (8, 8459.0, 1479.0), (7, 8459.0, 1479.0), (8, 8459.0, 1479.0), (7, 8459.0, 1479.0), (8, 8459.0, 1479.0), (7, 8459.0, 1479.0), (8, 8459.0, 1479.0), (7, 8459.0, 1479.0), (8, 8459.0, 1479.0), (7, 8459.0, 1479.0), (8, 8459.0, 1479.0), (7, 8459.0, 1479.0), (8, 8459.0, 1479.0), (7, 8459.0, 1479.0), (8, 8459.0, 1479.0), (7, 8459.0, 1479.0), (8, 8459.0, 1479.0), (7, 8459.0, 1479.0), (8, 8459.0, 1479.0), (7, 8459.0, 1479.0), (8, 8459.0, 1479.0), (7, 8459.0, 1479.0), (8, 8459.0, 1479.0), (7, 8459.0, 1479.0), (8, 8459.0, 1479.0), (7, 8459.0, 1479.0), (8, 8459.0, 1479.0), (7, 8459.0, 1479.0), (8, 8459.0, 1479.0), (7, 8459.0, 1479.0), (8, 8459.0, 1479.0), (7, 8459.0, 1479.0), (8, 8459.0, 1479.0), (7, 8459.0, 1479.0), (8, 8459.0, 1479.0), (7, 8459.0, 1479.0), (8, 8459.0, 1479.0), (7, 8459.0, 1479.0), (8, 8459.0, 1479.0), (7, 8459.0, 1479.0), (8, 8459.0, 1479.0), (7, 8459.0, 1479.0), (8, 8459.0, 1479.0), (7, 8459.0, 1479.0), (8, 8459.0, 1479.0), (7, 8459.0, 1479.0), (8, 8459.0, 1479.0), (7, 8459.0, 1479.0), (8, 8459.0, 1479.0), (7, 8459.0, 1479.0), (8, 8459.0, 1479.0), (7, 8459.0, 1479.0), (8, 8459.0, 1479.0), (7, 8459.0, 1479.0), (8, 8459.0, 1479.0), (7, 8459.0, 1479.0), (8, 8459.0, 1479.0), (7, 8459.0, 1479.0), (8, 8459.0, 1479.0), (7, 8459.0, 1479.0), (8, 8459.0, 1479.0), (7, 8459.0, 1479.0), (8, 8459.0, 1479.0), (7, 8459.0, 1479.0), (8, 8459.0, 1479.0), (7, 8459.0, 1479.0), (8, 8459.0, 1479.0), (7, 8459.0, 1479.0), (8, 8459.0, 1479.0), (7, 8459.0, 1479.0), (8, 8459.0, 1479.0), (7, 8459.0, 1479.0), (8, 8459.0, 1479.0), (7, 8459.0, 1479.0), (8, 8459.0, 1479.0), (7, 8459.0, 1479.0), (8, 8459.0, 1479.0), (7, 8459.0, 1479.0), (8, 8459.0, 1479.0), (7, 8459.0, 1479.0), (8, 8459.0, 1479.0), (7, 8459.0, 1479.0), (8, 8459.0, 1479.0), (7, 8459.0, 1479.0), (8, 8459.0, 1479.0), (7, 8459.0, 1479.0), (8, 8459.0, 1479.0), (7, 8459.0, 1479.0), (8, 8459.0, 1479.0), (7, 8459.0, 1479.0), (8, 8459.0, 1479.0), (7, 8459.0, 1479.0), (8, 8459.0, 1479.0), (7, 8459.0, 1479.0), (8, 8459.0, 1479.0), (7, 8459.0, 1479.0), (8, 8459.0, 1479.0), (7, 8459.0, 1479.0), (8, 8459.0, 1479.0), (7, 8459.0, 1479.0), (8, 8459.0, 1479.0), (7, 8459.0, 1479.0), (8, 8459.0, 1479.0), (7, 8459.0, 1479.0), (8, 8459.0, 1479.0), (7, 8459.0, 1479.0), (8, 8459.0, 1479.0), (7, 8459.0, 1479.0), (8, 8459.0, 1479.0), (7, 8459.0, 1479.0), (8, 8459.0, 1479.0), (7, 8459.0, 1479.0), (8, 8459.0, 1479.0), (7, 8459.0, 1479.0), (8, 8459.0, 1479.0), (7, 8459.0, 1479.0), (8, 8459.0, 1479.0), (7, 8459.0, 1479.0), (8, 8459.0, 1479.0), (7, 8459.0, 1479.0), (8, 8459.0, 1479.0), (7, 8459.0, 1479.0), (8, 8459.0, 1479.0), (7, 8459.0, 1479.0), (8, 8459.0, 1479.0), (7, 8459.0, 1479.0), (8, 8459.0, 1479.0), (7, 8459.0, 1479.0), (8, 8459.0, 1479.0), (7, 8459.0, 1479.0), (8, 8459.0, 1479.0), (7, 8459.0, 1479.0), (8, 8459.0, 1479.0), (7, 8459.0, 1479.0), (8, 8459.0, 1479.0), (7, 8459.0, 1479.0), (8, 8459.0, 1479.0), (7, 8459.0, 1479.0), (8, 8459.0, 1479.0), (7, 8459.0, 1479.0), (8, 8459.0, 1479.0), (7, 8459.0, 1479.0), (8, 8459.0, 1479.0), (7, 8459.0, 1479.0), (8, 8459.0, 1479.0), (7, 8459.0, 1479.0), (8, 8459.0, 1479.0), (7, 8459.0, 1479.0), (8, 8459.0, 1479.0), (7, 8459.0, 1479.0), (8, 8459.0, 1479.0), (7, 8459.0, 1479.0), (8, 8459.0, 1479.0), (7, 8459.0, 1479.0), (8, 8459.0, 1479.0), (7, 8459.0, 1479.0), (8, 8459.0, 1479.0), (7, 8459.0, 1479.0), (8, 8459.0, 1479.0), (7, 8459.0, 1479.0), (8, 8459.0, 1479.0), (7, 8459.0, 1479.0), (8, 8459.0, 1479.0), (7, 8459.0, 1479.0), (8, 8459.0, 1479.0), (7, 8459.0, 1479.0), (8, 8459.0, 1479.0), (7, 8459.0, 1479.0), (8, 8459.0, 1479.0), (7, 8459.0, 1479.0), (8, 8459.0, 1479.0), (7, 8459.0, 1479.0), (8, 8459.0, 1479.0), (7, 8459.0, 1479.0), (8, 8459.0, 1479.0), (7, 8459.0, 1479.0), (8, 8459.0, 1479.0), (7, 8459.0, 1479.0), (8, 8459.0, 1479.0), (7, 8459.0, 1479.0), (8, 8459.0, 1479.0), (7, 8459.0, 1479.0), (8, 8459.0, 1479.0), (7, 8459.0, 1479.0), (8, 8459.0, 1479.0), (7, 8459.0, 1479.0), (8, 8459.0, 1479.0), (7, 8459.0, 1479.0), (8, 8459.0, 1479.0), (7, 8459.0, 1479.0), (8, 8459.0, 1479.0), (7, 8459.0, 1479.0), (8, 8459.0, 1479.0), (7, 8459.0, 1479.0), (8, 8459.0, 1479.0), (7, 8459.0, 1479.0), (8, 8459.0, 1479.0), (7, 8459.0, 1479.0), (8, 8459.0, 1479.0), (7, 8459.0, 1479.0), (8, 8459.0, 1479.0), (7, 8459.0, 1479.0), (8, 8459.0, 1479.0), (7, 8459.0, 1479.0), (8, 8459.0, 1479.0), (7, 8459.0, 1479.0), (8, 8459.0, 1479.0), (7, 8459.0, 1479.0), (8, 8459.0, 1479.0), (7, 8459.0, 1479.0), (8, 8459.0, 1479.0), (7, 8459.0, 1479.0), (8, 8459.0, 1479.0), (7, 8459.0, 1479.0), (8, 8459.0, 1479.0), (7, 8459.0, 1479.0), (8, 8459.0, 1479.0), (7, 8459.0, 1479.0), (8, 8459.0, 1479.0), (7, 8459.0, 1479.0), (8, 8459.0, 1479.0), (7, 8459.0, 1479.0), (8, 8459.0, 1479.0), (7, 8459.0, 1479.0), (8, 8459.0, 1479.0), (7, 8459.0, 1479.0), (8, 8459.0, 1479.0), (7, 8459.0, 1479.0), (8, 8459.0, 1479.0), (7, 8459.0, 1479.0), (8, 8459.0, 1479.0), (7, 8459.0, 1479.0), (8, 8459.0, 1479.0), (7, 8459.0, 1479.0), (8, 8459.0, 1479.0), (7, 8459.0, 1479.0), (8, 8459.0, 1479.0), (7, 8459.0, 1479.0), (8, 8459.0, 1479.0), (7, 8459.0, 1479.0), (8, 8459.0, 1479.0), (7, 8459.0, 1479.0), (8, 8459.0, 1479.0), (7, 8459.0, 1479.0), (8, 8459.0, 1479.0), (7, 8459.0, 1479.0), (8, 8459.0, 1479.0), (7, 8459.0, 1479.0), (8, 8459.0, 1479.0), (7, 8459.0, 1479.0), (8, 8459.0, 1479.0), (7, 8459.0, 1479.0), (8, 8459.0, 1479.0), (7, 8459.0, 1479.0), (8, 8459.0, 1479.0), (7, 8459.0, 1479.0), (8, 8459.0, 1479.0), (7, 8459.0, 1479.0), (8, 8459.0, 1479.0), (7, 8459.0, 1479.0), (8, 8459.0, 1479.0), (7, 8459.0, 1479.0), (8, 8459.0, 1479.0), (7, 8459.0, 1479.0), (8, 8459.0, 1479.0), (7, 8459.0, 1479.0), (8, 8459.0, 1479.0), (7, 8459.0, 1479.0), (8, 8459.0, 1479.0), (7, 8459.0, 1479.0), (8, 8459.0, 1479.0), (7, 8459.0, 1479.0), (8, 8459.0, 1479.0), (7, 8459.0, 1479.0), (8, 8459.0, 1479.0), (7, 8459.0, 1479.0), (8, 8459.0, 1479.0), (7, 8459.0, 1479.0), (8, 8459.0, 1479.0), (7, 8459.0, 1479.0), (8, 8459.0, 1479.0), (7, 8459.0, 1479.0), (8, 8459.0, 1479.0), (7, 8459.0, 1479.0), (8, 8459.0, 1479.0), (7, 8459.0, 1479.0), (8, 8459.0, 1479.0), (7, 8459.0, 1479.0), (8, 8459.0, 1479.0), (7, 8459.0, 1479.0), (8, 8459.0, 1479.0), (7, 8459.0, 1479.0), (8, 8459.0, 1479.0), (7, 8459.0, 1479.0), (8, 8459.0, 1479.0), (7, 8459.0, 1479.0), (8, 8459.0, 1479.0), (7, 8459.0, 1479.0), (8, 8459.0, 1479.0), (7, 8459.0, 1479.0), (8, 8459.0, 1479.0), (7, 8459.0, 1479.0), (8, 8459.0, 1479.0), (7, 8459.0, 1479.0), (8, 8459.0, 1479.0), (7, 8459.0, 1479.0), (8, 8459.0, 1479.0), (7, 8459.0, 1479.0), (8, 8459.0, 1479.0), (7, 8459.0, 1479.0), (8, 8459.0, 1479.0), (7, 8459.0, 1479.0), (8, 8459.0, 1479.0), (7, 8459.0, 1479.0), (8, 8459.0, 1479.0), (7, 8459.0, 1479.0), (8, 8459.0, 1479.0), (7, 8459.0, 1479.0), (8, 8459.0, 1479.0), (7, 8459.0, 1479.0), (8, 8459.0, 1479.0), (7, 8459.0, 1479.0), (8, 8459.0, 1479.0), (7, 8459.0, 1479.0), (8, 8459.0, 1479.0), (7, 8459.0, 1479.0), (8, 8459.0, 1479.0), (7, 8459.0, 1479.0), (8, 8459.0, 1479.0), (7, 8459.0, 1479.0), (8, 8459.0, 1479.0), (7, 8459.0, 1479.0), (8, 8459.0, 1479.0), (7, 8459.0, 1479.0), (8, 8459.0, 1479.0), (7, 8459.0, 1479.0), (8, 8459.0, 1479.0), (7, 8459.0, 1479.0), (8, 8459.0, 1479.0), (7, 8459.0, 1479.0), (8, 8459.0, 1479.0), (7, 8459.0, 1479.0), (8, 8459.0, 1479.0), (7, 8459.0, 1479.0), (8, 8459.0, 1479.0), (7, 8459.0, 1479.0), (8, 8459.0, 1479.0), (7, 8459.0, 1479.0), (8, 8459.0, 1479.0), (7, 8459.0, 1479.0), (8, 8459.0, 1479.0), (7, 8459.0, 1479.0), (8, 8459.0, 1479.0), (7, 8459.0, 1479.0), (8, 8459.0, 1479.0), (7, 8459.0, 1479.0), (8, 8459.0, 1479.0), (7, 8459.0, 1479.0), (8, 8459.0, 1479.0), (7, 8459.0, 1479.0), (8, 8459.0, 1479.0), (7, 8459.0, 1479.0), (8, 8459.0, 1479.0), (7, 8459.0, 1479.0), (8, 8459.0, 1479.0), (7, 8459.0, 1479.0), (8, 8459.0, 1479.0), (7, 8459.0, 1479.0), (8, 8459.0, 1479.0), (7, 8459.0, 1479.0), (8, 8459.0, 1479.0), (7, 8459.0, 1479.0), (8, 8459.0, 1479.0), (7, 8459.0, 1479.0), (8, 8459.0, 1479.0), (7, 8459.0, 1479.0), (8, 8459.0, 1479.0), (7, 8459.0, 1479.0), (8, 8459.0, 1479.0), (7, 8459.0, 1479.0), (8, 8459.0, 1479.0), (7, 8459.0, 1479.0), (8, 8459.0, 1479.0), (7, 8459.0, 1479.0), (8, 8459.0, 1479.0), (7, 8459.0, 1479.0), (8, 8459.0, 1479.0), (7, 8459.0, 1479.0), (8, 8459.0, 1479.0), (7, 8459.0, 1479.0), (8, 8459.0, 1479.0), (7, 8459.0, 1479.0), (8, 8459.0, 1479.0), (7, 8459.0, 1479.0), (8, 8459.0, 1479.0), (7, 8459.0, 1479.0), (8, 8459.0, 1479.0), (7, 8459.0, 1479.0), (8, 8459.0, 1479.0), (7, 8459.0, 1479.0), (8, 8459.0, 1479.0), (7, 8459.0, 1479.0), (8, 8459.0, 1479.0), (7, 8459.0, 1479.0), (8, 8459.0, 1479.0), (7, 8459.0, 1479.0), (8, 8459.0, 1479.0), (7, 8459.0, 1479.0), (8, 8459.0, 1479.0), (7, 8459.0, 1479.0), (8, 8459.0, 1479.0), (7, 8459.0, 1479.0), (8, 8459.0, 1479.0), (7, 8459.0, 1479.0), (8, 8459.0, 1479.0), (7, 8459.0, 1479.0), (8, 8459.0, 1479.0), (7, 8459.0, 1479.0), (8, 8459.0, 1479.0), (7, 8459.0, 1479.0), (8, 8459.0, 1479.0), (7, 8459.0, 1479.0), (8, 8459.0, 1479.0), (7, 8459.0, 1479.0), (8, 8459.0, 1479.0), (7, 8459.0, 1479.0), (8, 8459.0, 1479.0), (7, 8459.0, 1479.0), (8, 8459.0, 1479.0), (7, 8459.0, 1479.0), (8, 8459.0, 1479.0), (7, 8459.0, 1479.0), (8, 8459.0, 1479.0), (7, 8459.0, 1479.0), (8, 8459.0, 1479.0), (7, 8459.0, 1479.0), (8, 8459.0, 1479.0), (7, 8459.0, 1479.0), (8, 8459.0, 1479.0), (7, 8459.0, 1479.0), (8, 8459.0, 1479.0), (7, 8459.0, 1479.0), (8, 8459.0, 1479.0), (7, 8459.0, 1479.0), (8, 8459.0, 1479.0), (7, 8459.0, 1479.0), (8, 8459.0, 1479.0), (7, 8459.0, 1479.0), (8, 8459.0, 1479.0), (7, 8459.0, 1479.0), (8, 8459.0, 1479.0), (7, 8459.0, 1479.0), (8, 8459.0, 1479.0), (7, 8459.0, 1479.0), (8, 8459.0, 1479.0), (7, 57069.0, 1508.0), (0, 57069.0, 1508.0), (0, 57069.0, 1508.0), (1, 57069.0, 1508.0), (3, 57069.0, 1508.0), (4, 57069.0, 1508.0), (5, 57069.0, 1508.0), (6, 57069.0, 1508.0), (1, 57069.0, 1508.0), (3, 57069.0, 1508.0), (4, 57069.0, 1508.0), (5, 57069.0, 1508.0), (6, 57069.0, 1508.0), (1, 57069.0, 1508.0), (3, 57069.0, 1508.0), (4, 57069.0, 1508.0), (5, 57069.0, 1508.0), (6, 57069.0, 1508.0), (1, 57069.0, 1508.0), (3, 57069.0, 1508.0), (4, 57069.0, 1508.0), (5, 57069.0, 1508.0), (6, 57069.0, 1508.0), (1, 57069.0, 1508.0), (3, 57069.0, 1508.0), (4, 57069.0, 1508.0), (5, 57069.0, 1508.0), (6, 57069.0, 1508.0), (1, 57069.0, 1508.0), (3, 57069.0, 1508.0), (4, 57069.0, 1508.0), (5, 57069.0, 1508.0), (6, 57069.0, 1508.0), (1, 57069.0, 1508.0), (3, 57069.0, 1508.0), (4, 57069.0, 1508.0), (5, 57069.0, 1508.0), (6, 57069.0, 1508.0), (1, 57069.0, 1508.0), (3, 57069.0, 1508.0), (4, 57069.0, 1508.0), (5, 57069.0, 1508.0), (6, 57069.0, 1508.0), (1, 57069.0, 1526.0), (3, 57069.0, 1526.0), (4, 57069.0, 1526.0), (5, 57069.0, 1526.0), (6, 57069.0, 1526.0), (1, 57069.0, 1545.0), (3, 57069.0, 1545.0), (4, 57069.0, 1545.0), (5, 57069.0, 1545.0), (6, 57069.0, 1545.0), (1, 57069.0, 1563.0), (3, 57069.0, 1563.0), (4, 57069.0, 1563.0), (5, 57069.0, 1563.0), (6, 57069.0, 1563.0), (1, 57069.0, 1608.0), (3, 57069.0, 1608.0), (4, 57069.0, 1608.0), (5, 57069.0, 1608.0), (6, 57069.0, 1608.0), (1, 57069.0, 1650.0), (3, 57069.0, 1650.0), (4, 57069.0, 1650.0), (5, 57069.0, 1650.0), (6, 57069.0, 1650.0), (1, 57069.0, 1694.0), (3, 57069.0, 1694.0), (4, 57069.0, 1694.0), (5, 57069.0, 1694.0), (6, 57069.0, 1694.0), (1, 57069.0, 1701.0), (3, 57069.0, 1701.0), (4, 57069.0, 1701.0), (5, 57069.0, 1701.0), (6, 57069.0, 1701.0), (1, 57069.0, 1710.0), (3, 57069.0, 1710.0), (4, 57069.0, 1710.0), (5, 57069.0, 1710.0), (6, 57069.0, 1710.0), (1, 57069.0, 1710.0), (3, 57069.0, 1710.0), (4, 57069.0, 1710.0), (5, 57069.0, 1710.0), (6, 57069.0, 1710.0), (1, 57069.0, 1710.0), (3, 57069.0, 1710.0), (4, 57069.0, 1710.0), (5, 57069.0, 1710.0), (6, 57069.0, 1710.0), (1, 57069.0, 1710.0), (3, 57069.0, 1710.0), (4, 57069.0, 1710.0), (5, 57069.0, 1710.0), (6, 57069.0, 1710.0), (1, 57069.0, 1710.0), (3, 57069.0, 1710.0), (4, 57069.0, 1710.0), (5, 57069.0, 1710.0), (6, 57069.0, 1710.0), (1, 57069.0, 1710.0), (3, 57069.0, 1710.0), (4, 57069.0, 1710.0), (5, 57069.0, 1710.0), (6, 57069.0, 1710.0), (1, 57069.0, 1710.0), (3, 57069.0, 1710.0), (4, 57069.0, 1710.0), (5, 57069.0, 1710.0), (6, 57069.0, 1710.0), (1, 57069.0, 1710.0), (3, 57069.0, 1710.0), (4, 57069.0, 1710.0), (5, 57069.0, 1710.0), (6, 57069.0, 1710.0), (8, 57069.0, 1710.0), (9, 57069.0, 1710.0), (10, 57069.0, 1710.0), (11, 57069.0, 1710.0), (12, 57069.0, 1710.0), (13, 57069.0, 1710.0), (7, 57069.0, 1710.0), (0, 57069.0, 1710.0), (0, 57069.0, 1710.0), (1, 57069.0, 1710.0), (3, 57069.0, 1710.0), (4, 57069.0, 1710.0), (5, 57069.0, 1710.0), (6, 57069.0, 1710.0), (1, 57069.0, 1718.0), (3, 57069.0, 1718.0), (4, 57069.0, 1718.0), (5, 57069.0, 1718.0), (6, 57069.0, 1718.0), (1, 57069.0, 1725.0), (3, 57069.0, 1725.0), (4, 57069.0, 1725.0), (5, 57069.0, 1725.0), (6, 57069.0, 1725.0), (1, 57069.0, 1732.0), (3, 57069.0, 1732.0), (4, 57069.0, 1732.0), (5, 57069.0, 1732.0), (6, 57069.0, 1732.0), (1, 57069.0, 1740.0), (3, 57069.0, 1740.0), (4, 57069.0, 1740.0), (5, 57069.0, 1740.0), (6, 57069.0, 1740.0), (1, 57069.0, 1748.0), (3, 57069.0, 1748.0), (4, 57069.0, 1748.0), (5, 57069.0, 1748.0), (6, 57069.0, 1748.0), (1, 57069.0, 1754.0), (3, 57069.0, 1754.0), (4, 57069.0, 1754.0), (5, 57069.0, 1754.0), (6, 57069.0, 1754.0), (1, 57069.0, 1760.0), (3, 57069.0, 1760.0), (4, 57069.0, 1760.0), (5, 57069.0, 1760.0), (6, 57069.0, 1760.0), (1, 57069.0, 1768.0), (3, 57069.0, 1768.0), (4, 57069.0, 1768.0), (5, 57069.0, 1768.0), (6, 57069.0, 1768.0), (1, 57069.0, 1768.0), (3, 57069.0, 1768.0), (4, 57069.0, 1768.0), (5, 57069.0, 1768.0), (6, 57069.0, 1768.0), (1, 57069.0, 1768.0), (3, 57069.0, 1768.0), (4, 57069.0, 1768.0), (5, 57069.0, 1768.0), (6, 57069.0, 1768.0), (1, 57069.0, 1775.0), (3, 57069.0, 1775.0), (4, 57069.0, 1775.0), (5, 57069.0, 1775.0), (6, 57069.0, 1775.0), (1, 57069.0, 1782.0), (3, 57069.0, 1782.0), (4, 57069.0, 1782.0), (5, 57069.0, 1782.0), (6, 57069.0, 1782.0), (8, 57069.0, 1782.0), (7, 57069.0, 1782.0), (9, 57069.0, 1782.0), (10, 57069.0, 1782.0), (11, 57069.0, 1782.0), (12, 57069.0, 1782.0), (13, 57069.0, 1782.0), (7, 57069.0, 1782.0), (0, 57069.0, 1782.0), (0, 57069.0, 1782.0), (1, 57069.0, 1782.0), (3, 57069.0, 1782.0), (4, 57069.0, 1782.0), (5, 57069.0, 1782.0), (6, 57069.0, 1782.0), (9, 57069.0, 1782.0), (10, 57069.0, 1782.0), (11, 57069.0, 1782.0), (12, 57069.0, 1782.0), (13, 57069.0, 1782.0), (7, 57069.0, 1782.0), (0, 57069.0, 1782.0), (0, 57069.0, 1782.0), (1, 57069.0, 1782.0), (3, 57069.0, 1782.0), (4, 57069.0, 1782.0), (5, 57069.0, 1782.0), (6, 57069.0, 1782.0), (9, 57069.0, 1782.0), (10, 57069.0, 1782.0), (11, 57069.0, 1782.0), (12, 57069.0, 1782.0), (13, 57069.0, 1782.0), (7, 57069.0, 1782.0), (0, 57069.0, 1782.0)]
2026-01-01 16:50:09,868 estimate_duration: transitions=[(0, 1520.0, 9.0), (0, 1520.0, 9.0), (1, 1520.0, 9.0), (2, 1520.0, 9.0), (3, 1520.0, 9.0), (4, 1520.0, 9.0), (5, 1520.0, 9.0), (6, 1520.0, 9.0), (1, 1520.0, 18.0), (2, 1520.0, 18.0), (3, 1520.0, 18.0), (4, 1520.0, 18.0), (5, 1520.0, 18.0), (6, 1520.0, 18.0), (1, 1520.0, 27.0), (2, 1520.0, 27.0), (3, 1520.0, 27.0), (4, 1520.0, 27.0), (5, 1520.0, 27.0), (6, 1520.0, 27.0), (1, 1520.0, 36.0), (2, 1520.0, 36.0), (3, 1520.0, 36.0), (4, 1520.0, 36.0), (5, 1520.0, 36.0), (6, 1520.0, 36.0), (1, 1520.0, 44.0), (3, 1520.0, 44.0), (4, 1520.0, 44.0), (5, 1520.0, 44.0), (6, 1520.0, 44.0), (1, 1520.0, 52.0), (3, 1520.0, 52.0), (4, 1520.0, 52.0), (5, 1520.0, 52.0), (6, 1520.0, 52.0), (1, 1520.0, 59.0), (3, 1520.0, 59.0), (4, 1520.0, 59.0), (5, 1520.0, 59.0), (6, 1520.0, 59.0), (1, 1520.0, 67.0), (3, 1520.0, 67.0), (4, 1520.0, 67.0), (5, 1520.0, 67.0), (6, 1520.0, 67.0), (1, 1520.0, 75.0), (3, 1520.0, 75.0), (4, 1520.0, 75.0), (5, 1520.0, 75.0), (6, 1520.0, 75.0), (1, 1520.0, 83.0), (3, 1520.0, 83.0), (4, 1520.0, 83.0), (5, 1520.0, 83.0), (6, 1520.0, 83.0), (1, 1520.0, 92.0), (3, 1520.0, 92.0), (4, 1520.0, 92.0), (5, 1520.0, 92.0), (6, 1520.0, 92.0), (1, 1520.0, 100.0), (3, 1520.0, 100.0), (4, 1520.0, 100.0), (5, 1520.0, 100.0), (6, 1520.0, 100.0), (1, 1520.0, 108.0), (3, 1520.0, 108.0), (4, 1520.0, 108.0), (5, 1520.0, 108.0), (6, 1520.0, 108.0), (7, 1520.0, 108.0), (8, 1520.0, 108.0), (9, 1520.0, 108.0), (10, 1520.0, 108.0), (11, 1520.0, 108.0), (12, 1520.0, 108.0), (1, 1520.0, 108.0), (3, 1520.0, 108.0), (4, 1520.0, 108.0), (5, 1520.0, 108.0), (6, 1520.0, 108.0), (1, 1520.0, 117.0), (2, 1520.0, 117.0), (3, 1520.0, 117.0), (4, 1520.0, 117.0), (5, 1520.0, 117.0), (6, 1520.0, 117.0), (1, 1520.0, 126.0), (2, 1520.0, 126.0), (3, 1520.0, 126.0), (4, 1520.0, 126.0), (5, 1520.0, 126.0), (6, 1520.0, 126.0), (1, 1520.0, 134.0), (2, 1520.0, 134.0), (3, 1520.0, 134.0), (4, 1520.0, 134.0), (5, 1520.0, 134.0), (6, 1520.0, 134.0), (1, 1520.0, 143.0), (3, 1520.0, 143.0), (4, 1520.0, 143.0), (5, 1520.0, 143.0), (6, 1520.0, 143.0), (7, 1520.0, 152.0), (1, 1520.0, 152.0), (3, 1520.0, 152.0), (4, 1520.0, 152.0), (5, 1520.0, 152.0), (6, 1520.0, 152.0), (1, 1520.0, 161.0), (3, 1520.0, 161.0), (4, 1520.0, 161.0), (5, 1520.0, 161.0), (6, 1520.0, 161.0), (7, 1520.0, 161.0), (8, 1520.0, 161.0), (9, 1520.0, 161.0), (10, 1520.0, 161.0), (11, 1520.0, 161.0), (12, 1520.0, 161.0), (1, 1520.0, 161.0), (3, 1520.0, 161.0), (4, 1520.0, 161.0), (5, 1520.0, 161.0), (6, 1520.0, 161.0), (0, 15040.0, 170.0), (7, 15040.0, 170.0), (0, 15040.0, 170.0), (1, 15040.0, 170.0), (2, 15040.0, 170.0), (3, 15040.0, 170.0), (4, 15040.0, 170.0), (5, 15040.0, 170.0), (6, 15040.0, 170.0), (8, 15040.0, 170.0), (9, 15040.0, 170.0), (10, 15040.0, 170.0), (11, 15040.0, 170.0), (12, 15040.0, 170.0), (1, 15040.0, 170.0), (2, 15040.0, 170.0), (3, 15040.0, 170.0), (4, 15040.0, 170.0), (5, 15040.0, 170.0), (6, 15040.0, 170.0), (1, 15040.0, 179.0), (2, 15040.0, 179.0), (3, 15040.0, 179.0), (4, 15040.0, 179.0), (5, 15040.0, 179.0), (6, 15040.0, 179.0), (1, 15040.0, 188.0), (2, 15040.0, 188.0), (3, 15040.0, 188.0), (4, 15040.0, 188.0), (5, 15040.0, 188.0), (6, 15040.0, 188.0), (1, 15040.0, 237.0), (2, 15040.0, 237.0), (3, 15040.0, 237.0), (4, 15040.0, 237.0), (5, 15040.0, 237.0), (6, 15040.0, 237.0), (1, 15040.0, 285.0), (2, 15040.0, 285.0), (3, 15040.0, 285.0), (4, 15040.0, 285.0), (5, 15040.0, 285.0), (6, 15040.0, 285.0), (1, 15040.0, 334.0), (3, 15040.0, 334.0), (4, 15040.0, 334.0), (5, 15040.0, 334.0), (6, 15040.0, 334.0), (1, 15040.0, 383.0), (3, 15040.0, 383.0), (4, 15040.0, 383.0), (5, 15040.0, 383.0), (6, 15040.0, 383.0), (1, 15040.0, 432.0), (3, 15040.0, 432.0), (4, 15040.0, 432.0), (5, 15040.0, 432.0), (6, 15040.0, 432.0), (1, 15040.0, 481.0), (3, 15040.0, 481.0), (4, 15040.0, 481.0), (5, 15040.0, 481.0), (6, 15040.0, 481.0), (1, 15040.0, 500.0), (3, 15040.0, 500.0), (4, 15040.0, 500.0), (5, 15040.0, 500.0), (6, 15040.0, 500.0), (1, 15040.0, 519.0), (3, 15040.0, 519.0), (4, 15040.0, 519.0), (5, 15040.0, 519.0), (6, 15040.0, 519.0), (7, 15040.0, 519.0), (8, 15040.0, 519.0), (9, 15040.0, 519.0), (10, 15040.0, 519.0), (11, 15040.0, 519.0), (12, 15040.0, 519.0), (1, 15040.0, 519.0), (3, 15040.0, 519.0), (4, 15040.0, 519.0), (5, 15040.0, 519.0), (6, 15040.0, 519.0), (1, 15040.0, 538.0), (2, 15040.0, 538.0), (3, 15040.0, 538.0), (4, 15040.0, 538.0), (5, 15040.0, 538.0), (6, 15040.0, 538.0), (1, 15040.0, 557.0), (2, 15040.0, 557.0), (3, 15040.0, 557.0), (4, 15040.0, 557.0), (5, 15040.0, 557.0), (6, 15040.0, 557.0), (1, 15040.0, 576.0), (2, 15040.0, 576.0), (3, 15040.0, 576.0), (4, 15040.0, 576.0), (5, 15040.0, 576.0), (6, 15040.0, 576.0), (7, 15040.0, 576.0), (8, 15040.0, 576.0), (9, 15040.0, 576.0), (10, 15040.0, 576.0), (11, 15040.0, 576.0), (12, 15040.0, 576.0), (1, 15040.0, 576.0), (2, 15040.0, 576.0), (3, 15040.0, 576.0), (4, 15040.0, 576.0), (5, 15040.0, 576.0), (6, 15040.0, 576.0), (1, 15040.0, 595.0), (2, 15040.0, 595.0), (3, 15040.0, 595.0), (4, 15040.0, 595.0), (5, 15040.0, 595.0), (6, 15040.0, 595.0), (1, 15040.0, 614.0), (2, 15040.0, 614.0), (3, 15040.0, 614.0), (4, 15040.0, 614.0), (5, 15040.0, 614.0), (6, 15040.0, 614.0), (1, 15040.0, 633.0), (2, 15040.0, 633.0), (3, 15040.0, 633.0), (4, 15040.0, 633.0), (5, 15040.0, 633.0), (6, 15040.0, 633.0), (1, 15040.0, 652.0), (2, 15040.0, 652.0), (3, 15040.0, 652.0), (4, 15040.0, 652.0), (5, 15040.0, 652.0), (6, 15040.0, 652.0), (1, 15040.0, 671.0), (2, 15040.0, 671.0), (3, 15040.0, 671.0), (4, 15040.0, 671.0), (5, 15040.0, 671.0), (6, 15040.0, 671.0), (1, 15040.0, 690.0), (3, 15040.0, 690.0), (4, 15040.0, 690.0), (5, 15040.0, 690.0), (6, 15040.0, 690.0), (1, 15040.0, 709.0), (3, 15040.0, 709.0), (4, 15040.0, 709.0), (5, 15040.0, 709.0), (6, 15040.0, 709.0), (1, 15040.0, 728.0), (3, 15040.0, 728.0), (4, 15040.0, 728.0), (5, 15040.0, 728.0), (6, 15040.0, 728.0), (1, 15040.0, 746.0), (3, 15040.0, 746.0), (4, 15040.0, 746.0), (5, 15040.0, 746.0), (6, 15040.0, 746.0), (1, 15040.0, 764.0), (3, 15040.0, 764.0), (4, 15040.0, 764.0), (5, 15040.0, 764.0), (6, 15040.0, 764.0), (1, 15040.0, 783.0), (3, 15040.0, 783.0), (4, 15040.0, 783.0), (5, 15040.0, 783.0), (6, 15040.0, 783.0), (1, 15040.0, 801.0), (3, 15040.0, 801.0), (4, 15040.0, 801.0), (5, 15040.0, 801.0), (6, 15040.0, 801.0), (1, 15040.0, 819.0), (3, 15040.0, 819.0), (4, 15040.0, 819.0), (5, 15040.0, 819.0), (6, 15040.0, 819.0), (1, 15040.0, 837.0), (3, 15040.0, 837.0), (4, 15040.0, 837.0), (5, 15040.0, 837.0), (6, 15040.0, 837.0), (7, 15040.0, 837.0), (8, 15040.0, 837.0), (9, 15040.0, 837.0), (10, 15040.0, 837.0), (11, 15040.0, 837.0), (12, 15040.0, 837.0), (1, 15040.0, 837.0), (3, 15040.0, 837.0), (4, 15040.0, 837.0), (5, 15040.0, 837.0), (6, 15040.0, 837.0), (1, 15040.0, 856.0), (3, 15040.0, 856.0), (4, 15040.0, 856.0), (5, 15040.0, 856.0), (6, 15040.0, 856.0), (1, 15040.0, 865.0), (3, 15040.0, 865.0), (4, 15040.0, 865.0), (5, 15040.0, 865.0), (6, 15040.0, 865.0), (1, 15040.0, 874.0), (3, 15040.0, 874.0), (4, 15040.0, 874.0), (5, 15040.0, 874.0), (6, 15040.0, 874.0), (1, 15040.0, 883.0), (3, 15040.0, 883.0), (4, 15040.0, 883.0), (5, 15040.0, 883.0), (6, 15040.0, 883.0), (1, 15040.0, 892.0), (3, 15040.0, 892.0), (4, 15040.0, 892.0), (5, 15040.0, 892.0), (6, 15040.0, 892.0), (1, 15040.0, 901.0), (3, 15040.0, 901.0), (4, 15040.0, 901.0), (5, 15040.0, 901.0), (6, 15040.0, 901.0), (1, 15040.0, 910.0), (3, 15040.0, 910.0), (4, 15040.0, 910.0), (5, 15040.0, 910.0), (6, 15040.0, 910.0), (1, 15040.0, 919.0), (3, 15040.0, 919.0), (4, 15040.0, 919.0), (5, 15040.0, 919.0), (6, 15040.0, 919.0), (1, 15040.0, 928.0), (3, 15040.0, 928.0), (4, 15040.0, 928.0), (5, 15040.0, 928.0), (6, 15040.0, 928.0), (1, 15040.0, 928.0), (3, 15040.0, 928.0), (4, 15040.0, 928.0), (5, 15040.0, 928.0), (6, 15040.0, 928.0), (1, 15040.0, 928.0), (3, 15040.0, 928.0), (4, 15040.0, 928.0), (5, 15040.0, 928.0), (6, 15040.0, 928.0), (1, 15040.0, 928.0), (3, 15040.0, 928.0), (4, 15040.0, 928.0), (5, 15040.0, 928.0), (6, 15040.0, 928.0), (1, 15040.0, 937.0), (3, 15040.0, 937.0), (4, 15040.0, 937.0), (5, 15040.0, 937.0), (6, 15040.0, 937.0), (1, 15040.0, 946.0), (3, 15040.0, 946.0), (4, 15040.0, 946.0), (5, 15040.0, 946.0), (6, 15040.0, 946.0), (1, 15040.0, 955.0), (3, 15040.0, 955.0), (4, 15040.0, 955.0), (5, 15040.0, 955.0), (6, 15040.0, 955.0), (1, 15040.0, 977.0), (3, 15040.0, 977.0), (4, 15040.0, 977.0), (5, 15040.0, 977.0), (6, 15040.0, 977.0), (1, 15040.0, 986.0), (3, 15040.0, 986.0), (4, 15040.0, 986.0), (5, 15040.0, 986.0), (6, 15040.0, 986.0), (7, 15040.0, 986.0), (8, 15040.0, 986.0), (9, 15040.0, 986.0), (10, 15040.0, 986.0), (11, 15040.0, 986.0), (12, 15040.0, 986.0), (13, 15040.0, 986.0), (0, 15040.0, 986.0), (0, 15040.0, 986.0), (1, 15040.0, 986.0), (3, 15040.0, 986.0), (4, 15040.0, 986.0), (5, 15040.0, 986.0), (6, 15040.0, 986.0), (1, 15040.0, 995.0), (3, 15040.0, 995.0), (4, 15040.0, 995.0), (5, 15040.0, 995.0), (6, 15040.0, 995.0), (1, 15040.0, 1004.0), (3, 15040.0, 1004.0), (4, 15040.0, 1004.0), (5, 15040.0, 1004.0), (6, 15040.0, 1004.0), (1, 15040.0, 1013.0), (3, 15040.0, 1013.0), (4, 15040.0, 1013.0), (5, 15040.0, 1013.0), (6, 15040.0, 1013.0), (1, 15040.0, 1022.0), (3, 15040.0, 1022.0), (4, 15040.0, 1022.0), (5, 15040.0, 1022.0), (6, 15040.0, 1022.0), (1, 15040.0, 1031.0), (3, 15040.0, 1031.0), (4, 15040.0, 1031.0), (5, 15040.0, 1031.0), (6, 15040.0, 1031.0), (1, 15040.0, 1040.0), (3, 15040.0, 1040.0), (4, 15040.0, 1040.0), (5, 15040.0, 1040.0), (6, 15040.0, 1040.0), (1, 15040.0, 1049.0), (3, 15040.0, 1049.0), (4, 15040.0, 1049.0), (5, 15040.0, 1049.0), (6, 15040.0, 1049.0), (1, 15040.0, 1058.0), (3, 15040.0, 1058.0), (4, 15040.0, 1058.0), (5, 15040.0, 1058.0), (6, 15040.0, 1058.0), (1, 15040.0, 1067.0), (3, 15040.0, 1067.0), (4, 15040.0, 1067.0), (5, 15040.0, 1067.0), (6, 15040.0, 1067.0), (1, 15040.0, 1076.0), (3, 15040.0, 1076.0), (4, 15040.0, 1076.0), (5, 15040.0, 1076.0), (6, 15040.0, 1076.0), (1, 15040.0, 1085.0), (3, 15040.0, 1085.0), (4, 15040.0, 1085.0), (5, 15040.0, 1085.0), (6, 15040.0, 1085.0), (1, 15040.0, 1085.0), (3, 15040.0, 1085.0), (4, 15040.0, 1085.0), (5, 15040.0, 1085.0), (6, 15040.0, 1085.0), (1, 15040.0, 1085.0), (3, 15040.0, 1085.0), (4, 15040.0, 1085.0), (5, 15040.0, 1085.0), (6, 15040.0, 1085.0), (1, 15040.0, 1085.0), (3, 15040.0, 1085.0), (4, 15040.0, 1085.0), (5, 15040.0, 1085.0), (6, 15040.0, 1085.0), (1, 15040.0, 1085.0), (3, 15040.0, 1085.0), (4, 15040.0, 1085.0), (5, 15040.0, 1085.0), (6, 15040.0, 1085.0), (1, 15040.0, 1085.0), (3, 15040.0, 1085.0), (4, 15040.0, 1085.0), (5, 15040.0, 1085.0), (6, 15040.0, 1085.0), (1, 15040.0, 1085.0), (3, 15040.0, 1085.0), (4, 15040.0, 1085.0), (5, 15040.0, 1085.0), (6, 15040.0, 1085.0), (1, 15040.0, 1085.0), (3, 15040.0, 1085.0), (4, 15040.0, 1085.0), (5, 15040.0, 1085.0), (6, 15040.0, 1085.0), (1, 15040.0, 1085.0), (3, 15040.0, 1085.0), (4, 15040.0, 1085.0), (5, 15040.0, 1085.0), (6, 15040.0, 1085.0), (7, 15040.0, 1085.0), (13, 15040.0, 1085.0), (8, 15040.0, 1085.0), (9, 15040.0, 1085.0), (10, 15040.0, 1085.0), (11, 15040.0, 1085.0), (12, 15040.0, 1085.0), (13, 15040.0, 1085.0), (0, 15040.0, 1085.0), (0, 15040.0, 1085.0), (1, 15040.0, 1085.0), (3, 15040.0, 1085.0), (4, 15040.0, 1085.0), (5, 15040.0, 1085.0), (6, 15040.0, 1085.0), (1, 15040.0, 1085.0), (3, 15040.0, 1085.0), (4, 15040.0, 1085.0), (5, 15040.0, 1085.0), (6, 15040.0, 1085.0), (1, 15040.0, 1085.0), (3, 15040.0, 1085.0), (4, 15040.0, 1085.0), (5, 15040.0, 1085.0), (6, 15040.0, 1085.0), (1, 15040.0, 1085.0), (3, 15040.0, 1085.0), (4, 15040.0, 1085.0), (5, 15040.0, 1085.0), (6, 15040.0, 1085.0), (1, 15040.0, 1085.0), (3, 15040.0, 1085.0), (4, 15040.0, 1085.0), (5, 15040.0, 1085.0), (6, 15040.0, 1085.0), (1, 15040.0, 1094.0), (3, 15040.0, 1094.0), (4, 15040.0, 1094.0), (5, 15040.0, 1094.0), (6, 15040.0, 1094.0), (1, 15040.0, 1103.0), (3, 15040.0, 1103.0), (4, 15040.0, 1103.0), (5, 15040.0, 1103.0), (6, 15040.0, 1103.0), (1, 15040.0, 1112.0), (3, 15040.0, 1112.0), (4, 15040.0, 1112.0), (5, 15040.0, 1112.0), (6, 15040.0, 1112.0), (1, 15040.0, 1121.0), (3, 15040.0, 1121.0), (4, 15040.0, 1121.0), (5, 15040.0, 1121.0), (6, 15040.0, 1121.0), (1, 15040.0, 1130.0), (3, 15040.0, 1130.0), (4, 15040.0, 1130.0), (5, 15040.0, 1130.0), (6, 15040.0, 1130.0), (1, 15040.0, 1139.0), (3, 15040.0, 1139.0), (4, 15040.0, 1139.0), (5, 15040.0, 1139.0), (6, 15040.0, 1139.0), (1, 15040.0, 1148.0), (3, 15040.0, 1148.0), (4, 15040.0, 1148.0), (5, 15040.0, 1148.0), (6, 15040.0, 1148.0), (1, 15040.0, 1157.0), (3, 15040.0, 1157.0), (4, 15040.0, 1157.0), (5, 15040.0, 1157.0), (6, 15040.0, 1157.0), (1, 15040.0, 1166.0), (3, 15040.0, 1166.0), (4, 15040.0, 1166.0), (5, 15040.0, 1166.0), (6, 15040.0, 1166.0), (1, 15040.0, 1175.0), (3, 15040.0, 1175.0), (4, 15040.0, 1175.0), (5, 15040.0, 1175.0), (6, 15040.0, 1175.0), (1, 15040.0, 1194.0), (3, 15040.0, 1194.0), (4, 15040.0, 1194.0), (5, 15040.0, 1194.0), (6, 15040.0, 1194.0), (1, 15040.0, 1194.0), (3, 15040.0, 1194.0), (4, 15040.0, 1194.0), (5, 15040.0, 1194.0), (6, 15040.0, 1194.0), (1, 15040.0, 1194.0), (3, 15040.0, 1194.0), (4, 15040.0, 1194.0), (5, 15040.0, 1194.0), (6, 15040.0, 1194.0), (1, 15040.0, 1194.0), (3, 15040.0, 1194.0), (4, 15040.0, 1194.0), (5, 15040.0, 1194.0), (6, 15040.0, 1194.0), (1, 15040.0, 1194.0), (3, 15040.0, 1194.0), (4, 15040.0, 1194.0), (5, 15040.0, 1194.0), (6, 15040.0, 1194.0), (1, 15040.0, 1197.0), (3, 15040.0, 1197.0), (4, 15040.0, 1197.0), (5, 15040.0, 1197.0), (6, 15040.0, 1197.0), (1, 15040.0, 1203.0), (3, 15040.0, 1203.0), (4, 15040.0, 1203.0), (5, 15040.0, 1203.0), (6, 15040.0, 1203.0), (1, 15040.0, 1223.0), (3, 15040.0, 1223.0), (4, 15040.0, 1223.0), (5, 15040.0, 1223.0), (6, 15040.0, 1223.0), (7, 15040.0, 1223.0), (13, 15040.0, 1223.0), (8, 15040.0, 1223.0), (9, 15040.0, 1223.0), (10, 15040.0, 1223.0), (11, 15040.0, 1223.0), (12, 15040.0, 1223.0), (13, 15040.0, 1223.0), (0, 15040.0, 1223.0), (0, 15040.0, 1223.0), (1, 15040.0, 1223.0), (3, 15040.0, 1223.0), (4, 15040.0, 1223.0), (5, 15040.0, 1223.0), (6, 15040.0, 1223.0), (8, 46600.0, 1238.0), (9, 46600.0, 1238.0), (8, 46600.0, 1238.0), (9, 46600.0, 1245.0), (0, 46600.0, 1245.0), (0, 46600.0, 1245.0), (1, 46600.0, 1245.0), (3, 46600.0, 1245.0), (4, 46600.0, 1245.0), (5, 46600.0, 1245.0), (6, 46600.0, 1245.0), (1, 46600.0, 1252.0), (3, 46600.0, 1252.0), (4, 46600.0, 1252.0), (5, 46600.0, 1252.0), (6, 46600.0, 1252.0), (1, 46600.0, 1259.0), (3, 46600.0, 1259.0), (4, 46600.0, 1259.0), (5, 46600.0, 1259.0), (6, 46600.0, 1259.0), (1, 46600.0, 1267.0), (3, 46600.0, 1267.0), (4, 46600.0, 1267.0), (5, 46600.0, 1267.0), (6, 46600.0, 1267.0), (1, 46600.0, 1276.0), (3, 46600.0, 1276.0), (4, 46600.0, 1276.0), (5, 46600.0, 1276.0), (6, 46600.0, 1276.0), (1, 46600.0, 1283.0), (3, 46600.0, 1283.0), (4, 46600.0, 1283.0), (5, 46600.0, 1283.0), (6, 46600.0, 1283.0), (1, 46600.0, 1291.0), (3, 46600.0, 1291.0), (4, 46600.0, 1291.0), (5, 46600.0, 1291.0), (6, 46600.0, 1291.0), (1, 46600.0, 1299.0), (3, 46600.0, 1299.0), (4, 46600.0, 1299.0), (5, 46600.0, 1299.0), (6, 46600.0, 1299.0), (1, 46600.0, 1306.0), (3, 46600.0, 1306.0), (4, 46600.0, 1306.0), (5, 46600.0, 1306.0), (6, 46600.0, 1306.0), (1, 46600.0, 1350.0), (3, 46600.0, 1350.0), (4, 46600.0, 1350.0), (5, 46600.0, 1350.0), (6, 46600.0, 1350.0), (1, 46600.0, 1396.0), (3, 46600.0, 1396.0), (4, 46600.0, 1396.0), (5, 46600.0, 1396.0), (6, 46600.0, 1396.0), (1, 46600.0, 1412.0), (3, 46600.0, 1412.0), (4, 46600.0, 1412.0), (5, 46600.0, 1412.0), (6, 46600.0, 1412.0), (1, 46600.0, 1428.0), (3, 46600.0, 1428.0), (4, 46600.0, 1428.0), (5, 46600.0, 1428.0), (6, 46600.0, 1428.0), (1, 46600.0, 1428.0), (3, 46600.0, 1428.0), (4, 46600.0, 1428.0), (5, 46600.0, 1428.0), (6, 46600.0, 1428.0), (1, 46600.0, 1428.0), (3, 46600.0, 1428.0), (4, 46600.0, 1428.0), (5, 46600.0, 1428.0), (6, 46600.0, 1428.0), (1, 46600.0, 1428.0), (3, 46600.0, 1428.0), (4, 46600.0, 1428.0), (5, 46600.0, 1428.0), (6, 46600.0, 1428.0), (1, 46600.0, 1428.0), (3, 46600.0, 1428.0), (4, 46600.0, 1428.0), (5, 46600.0, 1428.0), (6, 46600.0, 1428.0), (1, 46600.0, 1428.0), (3, 46600.0, 1428.0), (4, 46600.0, 1428.0), (5, 46600.0, 1428.0), (6, 46600.0, 1428.0), (1, 46600.0, 1428.0), (3, 46600.0, 1428.0), (4, 46600.0, 1428.0), (5, 46600.0, 1428.0), (6, 46600.0, 1428.0), (1, 46600.0, 1428.0), (3, 46600.0, 1428.0), (4, 46600.0, 1428.0), (5, 46600.0, 1428.0), (6, 46600.0, 1428.0), (1, 46600.0, 1428.0), (3, 46600.0, 1428.0), (4, 46600.0, 1428.0), (5, 46600.0, 1428.0), (6, 46600.0, 1428.0), (1, 46600.0, 1428.0), (3, 46600.0, 1428.0), (4, 46600.0, 1428.0), (5, 46600.0, 1428.0), (6, 46600.0, 1428.0), (1, 46600.0, 1428.0), (3, 46600.0, 1428.0), (4, 46600.0, 1428.0), (5, 46600.0, 1428.0), (6, 46600.0, 1428.0), (1, 46600.0, 1437.0), (3, 46600.0, 1437.0), (4, 46600.0, 1437.0), (5, 46600.0, 1437.0), (6, 46600.0, 1437.0), (1, 46600.0, 1446.0), (3, 46600.0, 1446.0), (4, 46600.0, 1446.0), (5, 46600.0, 1446.0), (6, 46600.0, 1446.0), (1, 46600.0, 1454.0), (3, 46600.0, 1454.0), (4, 46600.0, 1454.0), (5, 46600.0, 1454.0), (6, 46600.0, 1454.0), (1, 46600.0, 1463.0), (3, 46600.0, 1463.0), (4, 46600.0, 1463.0), (5, 46600.0, 1463.0), (6, 46600.0, 1463.0), (1, 46600.0, 1471.0), (3, 46600.0, 1471.0), (4, 46600.0, 1471.0), (5, 46600.0, 1471.0), (6, 46600.0, 1471.0), (7, 46600.0, 1471.0), (13, 46600.0, 1471.0), (8, 46600.0, 1471.0), (9, 46600.0, 1471.0), (10, 46600.0, 1471.0), (11, 46600.0, 1471.0), (12, 46600.0, 1471.0), (13, 46600.0, 1471.0), (0, 46600.0, 1471.0), (0, 46600.0, 1471.0), (1, 46600.0, 1471.0), (3, 46600.0, 1471.0), (4, 46600.0, 1471.0), (5, 46600.0, 1471.0), (6, 46600.0, 1471.0), (1, 46600.0, 1479.0), (3, 46600.0, 1479.0), (4, 46600.0, 1479.0), (5, 46600.0, 1479.0), (6, 46600.0, 1479.0), (1, 46600.0, 1488.0), (3, 46600.0, 1488.0), (4, 46600.0, 1488.0), (5, 46600.0, 1488.0), (6, 46600.0, 1488.0), (7, 46600.0, 1488.0), (13, 46600.0, 1488.0), (8, 46600.0, 1488.0), (9, 46600.0, 1488.0), (10, 46600.0, 1488.0), (11, 46600.0, 1488.0), (12, 46600.0, 1488.0), (13, 46600.0, 1488.0), (0, 46600.0, 1488.0), (0, 46600.0, 1488.0), (1, 46600.0, 1488.0), (3, 46600.0, 1488.0), (4, 46600.0, 1488.0), (5, 46600.0, 1488.0), (6, 46600.0, 1488.0), (8, 46600.0, 1479.0), (7, 46600.0, 1479.0), (13, 46600.0, 1479.0), (8, 46600.0, 1479.0), (7, 46600.0, 1479.0), (13, 46600.0, 1479.0), (8, 46600.0, 1479.0), (7, 46600.0, 1479.0), (13, 46600.0, 1479.0), (8, 46600.0, 1479.0), (7, 46600.0, 1479.0), (13, 46600.0, 1479.0), (8, 46600.0, 1479.0), (7, 46600.0, 1479.0), (13, 46600.0, 1479.0), (8, 46600.0, 1479.0), (7, 46600.0, 1479.0), (13, 46600.0, 1479.0), (8, 46600.0, 1479.0), (7, 46600.0, 1479.0), (13, 46600.0, 1479.0), (8, 46600.0, 1479.0), (7, 46600.0, 1479.0), (13, 46600.0, 1479.0), (8, 46600.0, 1479.0), (7, 46600.0, 1479.0), (13, 46600.0, 1479.0), (8, 46600.0, 1479.0), (7, 46600.0, 1479.0), (13, 46600.0, 1479.0), (8, 46600.0, 1479.0), (7, 46600.0, 1479.0), (13, 46600.0, 1479.0), (8, 46600.0, 1479.0), (7, 46600.0, 1479.0), (13, 46600.0, 1479.0), (8, 46600.0, 1479.0), (7, 46600.0, 1479.0), (13, 46600.0, 1479.0), (8, 46600.0, 1479.0), (7, 46600.0, 1479.0), (13, 46600.0, 1479.0), (8, 46600.0, 1479.0), (7, 46600.0, 1479.0), (13, 46600.0, 1479.0), (8, 46600.0, 1479.0), (7, 46600.0, 1479.0), (13, 46600.0, 1479.0), (8, 46600.0, 1479.0), (7, 46600.0, 1479.0), (13, 46600.0, 1479.0), (8, 46600.0, 1479.0), (7, 46600.0, 1479.0), (13, 46600.0, 1479.0), (8, 46600.0, 1479.0), (7, 46600.0, 1479.0), (13, 46600.0, 1479.0), (8, 46600.0, 1479.0), (7, 46600.0, 1479.0), (13, 46600.0, 1479.0), (8, 46600.0, 1479.0), (7, 46600.0, 1479.0), (13, 46600.0, 1479.0), (8, 46600.0, 1479.0), (7, 46600.0, 1479.0), (13, 46600.0, 1479.0), (8, 46600.0, 1479.0), (7, 46600.0, 1479.0), (13, 46600.0, 1479.0), (8, 46600.0, 1479.0), (7, 46600.0, 1479.0), (13, 46600.0, 1479.0), (8, 46600.0, 1479.0), (7, 46600.0, 1479.0), (13, 46600.0, 1479.0), (8, 46600.0, 1479.0), (7, 46600.0, 1479.0), (13, 46600.0, 1479.0), (8, 46600.0, 1479.0), (7, 46600.0, 1479.0), (13, 46600.0, 1479.0), (8, 46600.0, 1479.0), (7, 46600.0, 1479.0), (13, 46600.0, 1479.0), (8, 46600.0, 1479.0), (7, 46600.0, 1479.0), (13, 46600.0, 1479.0), (8, 46600.0, 1479.0), (7, 46600.0, 1479.0), (13, 46600.0, 1479.0), (8, 46600.0, 1479.0), (7, 46600.0, 1479.0), (13, 46600.0, 1479.0), (8, 46600.0, 1479.0), (7, 46600.0, 1479.0), (13, 46600.0, 1479.0), (8, 46600.0, 1479.0), (7, 46600.0, 1479.0), (13, 46600.0, 1479.0), (8, 46600.0, 1479.0), (7, 46600.0, 1479.0), (13, 46600.0, 1479.0), (8, 46600.0, 1479.0), (7, 46600.0, 1479.0), (13, 46600.0, 1479.0), (8, 46600.0, 1479.0), (7, 46600.0, 1479.0), (13, 46600.0, 1479.0), (8, 46600.0, 1479.0), (7, 46600.0, 1479.0), (13, 46600.0, 1479.0), (8, 46600.0, 1479.0), (7, 46600.0, 1479.0), (13, 46600.0, 1479.0), (8, 46600.0, 1479.0), (7, 46600.0, 1479.0), (13, 46600.0, 1479.0), (8, 46600.0, 1479.0), (7, 46600.0, 1479.0), (13, 46600.0, 1479.0), (8, 46600.0, 1479.0), (7, 46600.0, 1479.0), (13, 46600.0, 1479.0), (8, 46600.0, 1479.0), (7, 46600.0, 1479.0), (13, 46600.0, 1479.0), (8, 46600.0, 1479.0), (7, 46600.0, 1479.0), (13, 46600.0, 1479.0), (8, 46600.0, 1479.0), (7, 46600.0, 1479.0), (13, 46600.0, 1479.0), (8, 46600.0, 1479.0), (7, 46600.0, 1479.0), (13, 46600.0, 1479.0), (8, 46600.0, 1479.0), (7, 46600.0, 1479.0), (13, 46600.0, 1479.0), (8, 46600.0, 1479.0), (7, 46600.0, 1479.0), (13, 46600.0, 1479.0), (8, 46600.0, 1479.0), (7, 46600.0, 1479.0), (13, 46600.0, 1479.0), (8, 46600.0, 1479.0), (7, 46600.0, 1479.0), (13, 46600.0, 1479.0), (8, 46600.0, 1479.0), (7, 46600.0, 1479.0), (13, 46600.0, 1479.0), (8, 46600.0, 1479.0), (7, 46600.0, 1479.0), (13, 46600.0, 1479.0), (8, 46600.0, 1479.0), (7, 46600.0, 1479.0), (13, 46600.0, 1479.0), (8, 46600.0, 1479.0), (7, 46600.0, 1479.0), (13, 46600.0, 1479.0), (8, 46600.0, 1479.0), (7, 46600.0, 1479.0), (13, 46600.0, 1479.0), (8, 46600.0, 1479.0), (7, 46600.0, 1479.0), (13, 46600.0, 1479.0), (8, 46600.0, 1479.0), (7, 46600.0, 1479.0), (13, 46600.0, 1479.0), (8, 46600.0, 1479.0), (7, 46600.0, 1479.0), (13, 46600.0, 1479.0), (8, 46600.0, 1479.0), (7, 46600.0, 1479.0), (13, 46600.0, 1479.0), (8, 46600.0, 1479.0), (7, 46600.0, 1479.0), (13, 46600.0, 1479.0), (8, 46600.0, 1479.0), (7, 46600.0, 1479.0), (13, 46600.0, 1479.0), (8, 46600.0, 1479.0), (7, 46600.0, 1479.0), (13, 46600.0, 1479.0), (8, 46600.0, 1479.0), (7, 46600.0, 1479.0), (13, 46600.0, 1479.0), (8, 46600.0, 1479.0), (7, 46600.0, 1479.0), (13, 46600.0, 1479.0), (8, 46600.0, 1479.0), (7, 46600.0, 1479.0), (13, 46600.0, 1479.0), (8, 46600.0, 1479.0), (7, 46600.0, 1479.0), (13, 46600.0, 1479.0), (8, 46600.0, 1479.0), (7, 46600.0, 1479.0), (13, 46600.0, 1479.0), (8, 46600.0, 1479.0), (7, 46600.0, 1479.0), (13, 46600.0, 1479.0), (8, 46600.0, 1479.0), (7, 46600.0, 1479.0), (13, 46600.0, 1479.0), (8, 46600.0, 1479.0), (7, 46600.0, 1479.0), (13, 46600.0, 1479.0), (8, 46600.0, 1479.0), (7, 46600.0, 1479.0), (13, 46600.0, 1479.0), (8, 46600.0, 1479.0), (7, 46600.0, 1479.0), (13, 46600.0, 1479.0), (8, 46600.0, 1479.0), (7, 46600.0, 1479.0), (13, 46600.0, 1479.0), (8, 46600.0, 1479.0), (7, 46600.0, 1479.0), (13, 46600.0, 1479.0), (8, 46600.0, 1479.0), (7, 46600.0, 1479.0), (13, 46600.0, 1479.0), (8, 46600.0, 1479.0), (7, 46600.0, 1479.0), (13, 46600.0, 1479.0), (8, 46600.0, 1479.0), (7, 46600.0, 1479.0), (13, 46600.0, 1479.0), (8, 46600.0, 1479.0), (7, 46600.0, 1479.0), (13, 46600.0, 1479.0), (8, 46600.0, 1479.0), (7, 46600.0, 1479.0), (13, 46600.0, 1479.0), (8, 46600.0, 1479.0), (7, 46600.0, 1479.0), (13, 46600.0, 1479.0), (8, 46600.0, 1479.0), (7, 46600.0, 1479.0), (13, 46600.0, 1479.0), (8, 46600.0, 1479.0), (7, 46600.0, 1479.0), (13, 46600.0, 1479.0), (8, 46600.0, 1479.0), (7, 46600.0, 1479.0), (13, 46600.0, 1479.0), (8, 46600.0, 1479.0), (7, 46600.0, 1479.0), (13, 46600.0, 1479.0), (8, 46600.0, 1479.0), (7, 46600.0, 1479.0), (13, 46600.0, 1479.0), (8, 46600.0, 1479.0), (7, 46600.0, 1479.0), (13, 46600.0, 1479.0), (8, 46600.0, 1479.0), (7, 46600.0, 1479.0), (13, 46600.0, 1479.0), (8, 46600.0, 1479.0), (7, 46600.0, 1479.0), (13, 46600.0, 1479.0), (8, 46600.0, 1479.0), (7, 46600.0, 1479.0), (13, 46600.0, 1479.0), (8, 46600.0, 1479.0), (7, 46600.0, 1479.0), (13, 46600.0, 1479.0), (8, 46600.0, 1479.0), (7, 46600.0, 1479.0), (13, 46600.0, 1479.0), (8, 46600.0, 1479.0), (7, 46600.0, 1479.0), (13, 46600.0, 1479.0), (8, 46600.0, 1479.0), (7, 46600.0, 1479.0), (13, 46600.0, 1479.0), (8, 46600.0, 1479.0), (7, 46600.0, 1479.0), (13, 46600.0, 1479.0), (8, 46600.0, 1479.0), (7, 46600.0, 1479.0), (13, 46600.0, 1479.0), (8, 46600.0, 1479.0), (7, 46600.0, 1479.0), (13, 46600.0, 1479.0), (8, 46600.0, 1479.0), (7, 46600.0, 1479.0), (13, 46600.0, 1479.0), (8, 46600.0, 1479.0), (7, 46600.0, 1479.0), (13, 46600.0, 1479.0), (8, 46600.0, 1479.0), (7, 46600.0, 1479.0), (13, 46600.0, 1479.0), (8, 46600.0, 1479.0), (7, 46600.0, 1479.0), (13, 46600.0, 1479.0), (8, 46600.0, 1479.0), (7, 46600.0, 1479.0), (13, 46600.0, 1479.0), (8, 46600.0, 1479.0), (7, 46600.0, 1479.0), (13, 46600.0, 1479.0), (8, 46600.0, 1479.0), (7, 46600.0, 1479.0), (13, 46600.0, 1479.0), (8, 46600.0, 1479.0), (7, 46600.0, 1479.0), (13, 46600.0, 1479.0), (8, 46600.0, 1479.0), (7, 46600.0, 1479.0), (13, 46600.0, 1479.0), (8, 46600.0, 1479.0), (7, 46600.0, 1479.0), (13, 46600.0, 1479.0), (8, 46600.0, 1479.0), (7, 46600.0, 1479.0), (13, 46600.0, 1479.0), (8, 46600.0, 1479.0), (7, 46600.0, 1479.0), (13, 46600.0, 1479.0), (8, 46600.0, 1479.0), (7, 46600.0, 1479.0), (13, 46600.0, 1479.0), (8, 46600.0, 1479.0), (7, 46600.0, 1479.0), (13, 46600.0, 1479.0), (8, 46600.0, 1479.0), (7, 46600.0, 1479.0), (13, 46600.0, 1479.0), (8, 46600.0, 1479.0), (7, 46600.0, 1479.0), (13, 46600.0, 1479.0), (8, 46600.0, 1479.0), (7, 46600.0, 1479.0), (13, 46600.0, 1479.0), (8, 46600.0, 1479.0), (7, 46600.0, 1479.0), (13, 46600.0, 1479.0), (8, 46600.0, 1479.0), (7, 46600.0, 1479.0), (13, 46600.0, 1479.0), (8, 46600.0, 1479.0), (7, 46600.0, 1479.0), (13, 46600.0, 1479.0), (8, 46600.0, 1479.0), (7, 46600.0, 1479.0), (13, 46600.0, 1479.0), (8, 46600.0, 1479.0), (7, 46600.0, 1479.0), (13, 46600.0, 1479.0), (8, 46600.0, 1479.0), (7, 46600.0, 1479.0), (13, 46600.0, 1479.0), (8, 46600.0, 1479.0), (7, 46600.0, 1479.0), (13, 46600.0, 1479.0), (8, 46600.0, 1479.0), (7, 46600.0, 1479.0), (13, 46600.0, 1479.0), (8, 46600.0, 1479.0), (7, 46600.0, 1479.0), (13, 46600.0, 1479.0), (8, 46600.0, 1479.0), (7, 46600.0, 1479.0), (13, 46600.0, 1479.0), (8, 46600.0, 1479.0), (7, 46600.0, 1479.0), (13, 46600.0, 1479.0), (8, 46600.0, 1479.0), (7, 46600.0, 1479.0), (13, 46600.0, 1479.0), (8, 46600.0, 1479.0), (7, 46600.0, 1479.0), (13, 46600.0, 1479.0), (8, 46600.0, 1479.0), (7, 46600.0, 1479.0), (13, 46600.0, 1479.0), (8, 46600.0, 1479.0), (7, 46600.0, 1479.0), (13, 46600.0, 1479.0), (8, 46600.0, 1479.0), (7, 46600.0, 1479.0), (13, 46600.0, 1479.0), (8, 46600.0, 1479.0), (7, 46600.0, 1479.0), (13, 46600.0, 1479.0), (8, 46600.0, 1479.0), (7, 46600.0, 1479.0), (13, 46600.0, 1479.0), (8, 46600.0, 1479.0), (7, 46600.0, 1479.0), (13, 46600.0, 1479.0), (8, 46600.0, 1479.0), (7, 46600.0, 1479.0), (13, 46600.0, 1479.0), (8, 46600.0, 1479.0), (7, 46600.0, 1479.0), (13, 46600.0, 1479.0), (8, 46600.0, 1479.0), (7, 46600.0, 1479.0), (13, 46600.0, 1479.0), (8, 46600.0, 1479.0), (7, 46600.0, 1479.0), (13, 46600.0, 1479.0), (8, 46600.0, 1479.0), (7, 46600.0, 1479.0), (13, 46600.0, 1479.0), (8, 46600.0, 1479.0), (7, 46600.0, 1479.0), (13, 46600.0, 1479.0), (8, 46600.0, 1479.0), (7, 46600.0, 1479.0), (13, 46600.0, 1479.0), (8, 46600.0, 1479.0), (7, 46600.0, 1479.0), (13, 46600.0, 1479.0), (8, 46600.0, 1479.0), (7, 46600.0, 1479.0), (13, 46600.0, 1479.0), (8, 46600.0, 1479.0), (7, 46600.0, 1479.0), (13, 46600.0, 1479.0), (8, 46600.0, 1479.0), (7, 46600.0, 1479.0), (13, 46600.0, 1479.0), (8, 46600.0, 1479.0), (7, 46600.0, 1479.0), (13, 46600.0, 1479.0), (8, 46600.0, 1479.0), (7, 46600.0, 1479.0), (13, 46600.0, 1479.0), (8, 46600.0, 1479.0), (7, 46600.0, 1479.0), (13, 46600.0, 1479.0), (8, 46600.0, 1479.0), (7, 46600.0, 1479.0), (13, 46600.0, 1479.0), (8, 46600.0, 1479.0), (7, 46600.0, 1479.0), (13, 46600.0, 1479.0), (8, 46600.0, 1479.0), (7, 46600.0, 1479.0), (13, 46600.0, 1479.0), (8, 46600.0, 1479.0), (7, 46600.0, 1479.0), (13, 46600.0, 1479.0), (8, 46600.0, 1479.0), (7, 46600.0, 1479.0), (13, 46600.0, 1479.0), (8, 46600.0, 1479.0), (7, 46600.0, 1479.0), (13, 46600.0, 1479.0), (8, 46600.0, 1479.0), (7, 46600.0, 1479.0), (13, 46600.0, 1479.0), (8, 46600.0, 1479.0), (7, 46600.0, 1479.0), (13, 46600.0, 1479.0), (8, 46600.0, 1479.0), (7, 46600.0, 1479.0), (13, 46600.0, 1479.0), (8, 46600.0, 1479.0), (7, 46600.0, 1479.0), (13, 46600.0, 1479.0), (8, 46600.0, 1479.0), (7, 46600.0, 1479.0), (13, 46600.0, 1479.0), (8, 46600.0, 1479.0), (7, 46600.0, 1479.0), (13, 46600.0, 1479.0), (8, 46600.0, 1479.0), (7, 46600.0, 1479.0), (13, 46600.0, 1479.0), (8, 46600.0, 1479.0), (7, 46600.0, 1479.0), (13, 46600.0, 1479.0), (8, 46600.0, 1479.0), (7, 46600.0, 1479.0), (13, 46600.0, 1479.0), (8, 46600.0, 1479.0), (7, 46600.0, 1479.0), (13, 46600.0, 1479.0), (8, 46600.0, 1479.0), (7, 46600.0, 1479.0), (13, 46600.0, 1479.0), (8, 46600.0, 1479.0), (7, 46600.0, 1479.0), (13, 46600.0, 1479.0), (8, 46600.0, 1479.0), (7, 46600.0, 1479.0), (13, 46600.0, 1479.0), (8, 46600.0, 1479.0), (7, 46600.0, 1479.0), (13, 46600.0, 1479.0), (8, 46600.0, 1479.0), (7, 46600.0, 1479.0), (13, 46600.0, 1479.0), (8, 46600.0, 1479.0), (7, 46600.0, 1479.0), (13, 46600.0, 1479.0), (8, 46600.0, 1479.0), (7, 46600.0, 1479.0), (13, 46600.0, 1479.0), (8, 46600.0, 1479.0), (7, 46600.0, 1479.0), (13, 46600.0, 1479.0), (8, 46600.0, 1479.0), (7, 46600.0, 1479.0), (13, 46600.0, 1479.0), (8, 46600.0, 1479.0), (7, 46600.0, 1479.0), (13, 46600.0, 1479.0), (8, 46600.0, 1479.0), (7, 46600.0, 1479.0), (13, 46600.0, 1479.0), (8, 46600.0, 1479.0), (7, 46600.0, 1479.0), (13, 46600.0, 1479.0), (8, 46600.0, 1479.0), (7, 46600.0, 1479.0), (13, 46600.0, 1479.0), (8, 46600.0, 1479.0), (7, 46600.0, 1479.0), (13, 46600.0, 1479.0), (8, 46600.0, 1479.0), (7, 46600.0, 1479.0), (13, 46600.0, 1479.0), (8, 46600.0, 1479.0), (7, 46600.0, 1479.0), (13, 46600.0, 1479.0), (8, 46600.0, 1479.0), (7, 46600.0, 1479.0), (13, 46600.0, 1479.0), (8, 46600.0, 1479.0), (7, 46600.0, 1479.0), (13, 46600.0, 1479.0), (8, 46600.0, 1479.0), (7, 46600.0, 1479.0), (13, 46600.0, 1479.0), (8, 46600.0, 1479.0), (7, 46600.0, 1479.0), (13, 46600.0, 1479.0), (8, 46600.0, 1479.0), (7, 46600.0, 1479.0), (13, 46600.0, 1479.0), (8, 46600.0, 1479.0), (7, 46600.0, 1479.0), (13, 46600.0, 1479.0), (8, 46600.0, 1479.0), (7, 46600.0, 1479.0), (13, 46600.0, 1479.0), (8, 46600.0, 1479.0), (7, 46600.0, 1479.0), (13, 46600.0, 1479.0), (8, 46600.0, 1479.0), (7, 46600.0, 1479.0), (13, 46600.0, 1479.0), (8, 46600.0, 1479.0), (7, 46600.0, 1479.0), (13, 46600.0, 1479.0), (8, 46600.0, 1479.0), (7, 46600.0, 1479.0), (13, 46600.0, 1479.0), (8, 46600.0, 1479.0), (7, 46600.0, 1479.0), (13, 46600.0, 1479.0), (8, 46600.0, 1479.0), (7, 46600.0, 1479.0), (13, 46600.0, 1479.0), (8, 46600.0, 1479.0), (7, 46600.0, 1479.0), (13, 46600.0, 1479.0), (8, 46600.0, 1479.0), (7, 46600.0, 1479.0), (13, 46600.0, 1479.0), (8, 46600.0, 1479.0), (7, 46600.0, 1479.0), (13, 46600.0, 1479.0), (8, 46600.0, 1479.0), (7, 46600.0, 1479.0), (13, 46600.0, 1479.0), (8, 46600.0, 1479.0), (7, 46600.0, 1479.0), (13, 46600.0, 1479.0), (8, 46600.0, 1479.0), (7, 46600.0, 1479.0), (13, 46600.0, 1479.0), (8, 46600.0, 1479.0), (7, 46600.0, 1479.0), (13, 46600.0, 1479.0), (8, 46600.0, 1479.0), (7, 46600.0, 1479.0), (13, 46600.0, 1479.0), (8, 46600.0, 1479.0), (7, 46600.0, 1479.0), (13, 46600.0, 1479.0), (8, 46600.0, 1479.0), (7, 46600.0, 1479.0), (13, 46600.0, 1479.0), (8, 46600.0, 1479.0), (7, 46600.0, 1479.0), (13, 46600.0, 1479.0), (8, 46600.0, 1479.0), (7, 46600.0, 1479.0), (13, 46600.0, 1479.0), (8, 46600.0, 1479.0), (7, 46600.0, 1479.0), (13, 46600.0, 1479.0), (8, 46600.0, 1479.0), (7, 46600.0, 1479.0), (13, 46600.0, 1479.0), (8, 46600.0, 1479.0), (7, 46600.0, 1479.0), (13, 46600.0, 1479.0), (8, 46600.0, 1479.0), (7, 46600.0, 1479.0), (13, 46600.0, 1479.0), (8, 46600.0, 1479.0), (7, 46600.0, 1479.0), (13, 46600.0, 1479.0), (8, 46600.0, 1479.0), (7, 46600.0, 1479.0), (13, 46600.0, 1479.0), (8, 46600.0, 1479.0), (7, 46600.0, 1479.0), (13, 46600.0, 1479.0), (8, 46600.0, 1479.0), (7, 46600.0, 1479.0), (13, 46600.0, 1479.0), (8, 46600.0, 1479.0), (7, 46600.0, 1479.0), (13, 46600.0, 1479.0), (8, 46600.0, 1479.0), (7, 46600.0, 1479.0), (13, 46600.0, 1479.0), (8, 46600.0, 1479.0), (7, 46600.0, 1479.0), (13, 46600.0, 1479.0), (8, 46600.0, 1479.0), (7, 46600.0, 1479.0), (13, 46600.0, 1479.0), (8, 46600.0, 1479.0), (7, 46600.0, 1479.0), (13, 46600.0, 1479.0), (8, 46600.0, 1479.0), (7, 46600.0, 1479.0), (13, 46600.0, 1479.0), (8, 46600.0, 1479.0), (7, 46600.0, 1479.0), (13, 46600.0, 1479.0), (8, 46600.0, 1479.0), (7, 46600.0, 1479.0), (13, 46600.0, 1479.0), (8, 46600.0, 1479.0), (7, 46600.0, 1479.0), (13, 46600.0, 1479.0), (8, 46600.0, 1479.0), (7, 46600.0, 1479.0), (13, 46600.0, 1479.0), (8, 46600.0, 1479.0), (7, 46600.0, 1479.0), (13, 46600.0, 1479.0), (8, 46600.0, 1479.0), (7, 46600.0, 1479.0), (13, 46600.0, 1479.0), (8, 46600.0, 1479.0), (7, 46600.0, 1479.0), (13, 46600.0, 1479.0), (8, 46600.0, 1479.0), (7, 46600.0, 1479.0), (13, 46600.0, 1479.0), (8, 46600.0, 1479.0), (7, 46600.0, 1479.0), (13, 46600.0, 1479.0), (8, 46600.0, 1479.0), (7, 46600.0, 1479.0), (13, 46600.0, 1479.0), (8, 46600.0, 1479.0), (7, 46600.0, 1479.0), (13, 46600.0, 1479.0), (8, 46600.0, 1479.0), (7, 46600.0, 1479.0), (13, 46600.0, 1479.0), (8, 46600.0, 1479.0), (7, 46600.0, 1479.0), (13, 46600.0, 1479.0), (8, 46600.0, 1479.0), (7, 46600.0, 1479.0), (13, 46600.0, 1479.0), (8, 46600.0, 1479.0), (7, 46600.0, 1479.0), (13, 46600.0, 1479.0), (8, 46600.0, 1479.0), (7, 46600.0, 1479.0), (13, 46600.0, 1479.0), (8, 46600.0, 1479.0), (7, 46600.0, 1479.0), (13, 46600.0, 1479.0), (8, 46600.0, 1479.0), (7, 46600.0, 1479.0), (13, 46600.0, 1479.0), (8, 46600.0, 1479.0), (7, 46600.0, 1479.0), (13, 46600.0, 1479.0), (8, 46600.0, 1479.0), (7, 46600.0, 1479.0), (13, 46600.0, 1479.0), (8, 46600.0, 1479.0), (7, 46600.0, 1479.0), (13, 46600.0, 1479.0), (8, 46600.0, 1479.0), (7, 46600.0, 1479.0), (13, 46600.0, 1479.0), (8, 46600.0, 1479.0), (7, 46600.0, 1479.0), (13, 46600.0, 1479.0), (8, 46600.0, 1479.0), (7, 46600.0, 1479.0), (13, 46600.0, 1479.0), (8, 46600.0, 1479.0), (7, 46600.0, 1479.0), (13, 46600.0, 1479.0), (8, 46600.0, 1479.0), (7, 46600.0, 1479.0), (13, 46600.0, 1479.0), (8, 46600.0, 1479.0), (7, 46600.0, 1479.0), (13, 46600.0, 1479.0), (8, 46600.0, 1479.0), (7, 46600.0, 1479.0), (13, 46600.0, 1479.0), (8, 46600.0, 1479.0), (7, 46600.0, 1479.0), (13, 46600.0, 1479.0), (8, 46600.0, 1479.0), (7, 46600.0, 1479.0), (13, 46600.0, 1479.0), (8, 46600.0, 1479.0), (7, 46600.0, 1479.0), (13, 46600.0, 1479.0), (8, 46600.0, 1479.0), (7, 46600.0, 1479.0), (13, 46600.0, 1479.0), (8, 46600.0, 1479.0), (7, 46600.0, 1479.0), (13, 46600.0, 1479.0), (8, 46600.0, 1479.0), (7, 46600.0, 1479.0), (13, 46600.0, 1479.0), (8, 46600.0, 1479.0), (7, 46600.0, 1479.0), (13, 46600.0, 1479.0), (8, 46600.0, 1479.0), (7, 46600.0, 1479.0), (13, 46600.0, 1479.0), (8, 46600.0, 1479.0), (7, 46600.0, 1479.0), (13, 46600.0, 1479.0), (8, 46600.0, 1479.0), (7, 46600.0, 1479.0), (13, 46600.0, 1479.0), (8, 46600.0, 1479.0), (7, 46600.0, 1479.0), (13, 46600.0, 1479.0), (8, 46600.0, 1479.0), (7, 46600.0, 1479.0), (13, 46600.0, 1479.0), (8, 46600.0, 1479.0), (7, 46600.0, 1479.0), (13, 46600.0, 1479.0), (8, 46600.0, 1479.0), (7, 46600.0, 1479.0), (13, 46600.0, 1479.0), (8, 46600.0, 1479.0), (7, 46600.0, 1479.0), (13, 46600.0, 1479.0), (8, 46600.0, 1479.0), (7, 46600.0, 1479.0), (13, 46600.0, 1479.0), (8, 46600.0, 1479.0), (7, 46600.0, 1479.0), (13, 8459.0, 1479.0), (7, 8459.0, 1479.0), (13, 8459.0, 1479.0), (7, 8459.0, 1479.0), (13, 8459.0, 1479.0), (7, 8459.0, 1479.0), (13, 8459.0, 1479.0), (7, 8459.0, 1479.0), (13, 8459.0, 1479.0), (7, 8459.0, 1479.0), (13, 8459.0, 1479.0), (7, 8459.0, 1479.0), (13, 8459.0, 1479.0), (7, 8459.0, 1479.0), (13, 8459.0, 1479.0), (7, 8459.0, 1479.0), (13, 8459.0, 1479.0), (7, 8459.0, 1479.0), (13, 8459.0, 1479.0), (7, 8459.0, 1479.0), (13, 8459.0, 1479.0), (7, 8459.0, 1479.0), (13, 8459.0, 1479.0), (7, 8459.0, 1479.0), (13, 8459.0, 1479.0), (7, 8459.0, 1479.0), (13, 8459.0, 1479.0), (7, 8459.0, 1479.0), (13, 8459.0, 1479.0), (7, 8459.0, 1479.0), (13, 8459.0, 1479.0), (7, 8459.0, 1479.0), (13, 8459.0, 1479.0), (7, 8459.0, 1479.0), (13, 8459.0, 1479.0), (7, 8459.0, 1479.0), (13, 8459.0, 1479.0), (7, 8459.0, 1479.0), (13, 8459.0, 1479.0), (7, 8459.0, 1479.0), (13, 8459.0, 1479.0), (7, 8459.0, 1479.0), (13, 8459.0, 1479.0), (7, 8459.0, 1479.0), (13, 8459.0, 1479.0), (7, 8459.0, 1479.0), (13, 8459.0, 1479.0), (7, 8459.0, 1479.0), (13, 8459.0, 1479.0), (7, 8459.0, 1479.0), (13, 8459.0, 1479.0), (7, 8459.0, 1479.0), (13, 8459.0, 1479.0), (7, 8459.0, 1479.0), (13, 8459.0, 1479.0), (7, 8459.0, 1479.0), (13, 8459.0, 1479.0), (7, 8459.0, 1479.0), (13, 8459.0, 1479.0), (7, 8459.0, 1479.0), (13, 8459.0, 1479.0), (7, 8459.0, 1479.0), (13, 8459.0, 1479.0), (7, 8459.0, 1479.0), (13, 8459.0, 1479.0), (7, 8459.0, 1479.0), (13, 8459.0, 1479.0), (7, 8459.0, 1479.0), (13, 8459.0, 1479.0), (7, 8459.0, 1479.0), (13, 8459.0, 1479.0), (7, 8459.0, 1479.0), (13, 8459.0, 1479.0), (7, 8459.0, 1479.0), (13, 8459.0, 1479.0), (7, 8459.0, 1479.0), (13, 8459.0, 1479.0), (7, 8459.0, 1479.0), (13, 8459.0, 1479.0), (7, 8459.0, 1479.0), (13, 8459.0, 1479.0), (7, 8459.0, 1479.0), (13, 8459.0, 1479.0), (7, 8459.0, 1479.0), (13, 8459.0, 1479.0), (7, 8459.0, 1479.0), (13, 8459.0, 1479.0), (7, 8459.0, 1479.0), (13, 8459.0, 1479.0), (7, 8459.0, 1479.0), (13, 8459.0, 1479.0), (7, 8459.0, 1479.0), (13, 8459.0, 1479.0), (7, 8459.0, 1479.0), (13, 8459.0, 1479.0), (7, 8459.0, 1479.0), (13, 8459.0, 1479.0), (7, 8459.0, 1479.0), (13, 8459.0, 1479.0), (7, 8459.0, 1479.0), (13, 8459.0, 1479.0), (7, 8459.0, 1479.0), (13, 8459.0, 1479.0), (7, 8459.0, 1479.0), (13, 8459.0, 1479.0), (7, 8459.0, 1479.0), (13, 8459.0, 1479.0), (7, 8459.0, 1479.0), (13, 8459.0, 1479.0), (7, 8459.0, 1479.0), (13, 8459.0, 1479.0), (7, 8459.0, 1479.0), (13, 8459.0, 1479.0), (7, 8459.0, 1479.0), (13, 8459.0, 1479.0), (7, 8459.0, 1479.0), (13, 8459.0, 1479.0), (7, 8459.0, 1479.0), (13, 8459.0, 1479.0), (7, 8459.0, 1479.0), (13, 8459.0, 1479.0), (7, 8459.0, 1479.0), (13, 8459.0, 1479.0), (7, 8459.0, 1479.0), (13, 8459.0, 1479.0), (7, 8459.0, 1479.0), (13, 8459.0, 1479.0), (7, 8459.0, 1479.0), (13, 8459.0, 1479.0), (7, 8459.0, 1479.0), (13, 8459.0, 1479.0), (7, 8459.0, 1479.0), (13, 8459.0, 1479.0), (7, 8459.0, 1479.0), (13, 8459.0, 1479.0), (7, 8459.0, 1479.0), (13, 8459.0, 1479.0), (7, 8459.0, 1479.0), (13, 8459.0, 1479.0), (7, 8459.0, 1479.0), (13, 8459.0, 1479.0), (7, 8459.0, 1479.0), (13, 8459.0, 1479.0), (7, 8459.0, 1479.0), (13, 8459.0, 1479.0), (7, 8459.0, 1479.0), (13, 8459.0, 1479.0), (7, 8459.0, 1479.0), (13, 8459.0, 1479.0), (7, 8459.0, 1479.0), (13, 8459.0, 1479.0), (7, 8459.0, 1479.0), (13, 8459.0, 1479.0), (7, 8459.0, 1479.0), (13, 8459.0, 1479.0), (7, 8459.0, 1479.0), (13, 8459.0, 1479.0), (7, 8459.0, 1479.0), (13, 8459.0, 1479.0), (7, 8459.0, 1479.0), (13, 8459.0, 1479.0), (7, 8459.0, 1479.0), (13, 8459.0, 1479.0), (7, 8459.0, 1479.0), (13, 8459.0, 1479.0), (7, 8459.0, 1479.0), (13, 8459.0, 1479.0), (7, 8459.0, 1479.0), (13, 8459.0, 1479.0), (7, 8459.0, 1479.0), (13, 8459.0, 1479.0), (7, 8459.0, 1479.0), (13, 8459.0, 1479.0), (7, 8459.0, 1479.0), (13, 8459.0, 1479.0), (7, 8459.0, 1479.0), (13, 8459.0, 1479.0), (7, 8459.0, 1479.0), (13, 8459.0, 1479.0), (7, 8459.0, 1479.0), (13, 8459.0, 1479.0), (7, 8459.0, 1479.0), (13, 8459.0, 1479.0), (7, 8459.0, 1479.0), (13, 8459.0, 1479.0), (7, 8459.0, 1479.0), (13, 8459.0, 1479.0), (7, 8459.0, 1479.0), (13, 8459.0, 1479.0), (7, 8459.0, 1479.0), (13, 8459.0, 1479.0), (7, 8459.0, 1479.0), (13, 8459.0, 1479.0), (7, 8459.0, 1479.0), (13, 8459.0, 1479.0), (7, 8459.0, 1479.0), (13, 8459.0, 1479.0), (7, 8459.0, 1479.0), (13, 8459.0, 1479.0), (7, 8459.0, 1479.0), (13, 8459.0, 1479.0), (7, 8459.0, 1479.0), (13, 8459.0, 1479.0), (7, 8459.0, 1479.0), (13, 8459.0, 1479.0), (7, 8459.0, 1479.0), (13, 8459.0, 1479.0), (7, 8459.0, 1479.0), (13, 8459.0, 1479.0), (7, 8459.0, 1479.0), (13, 8459.0, 1479.0), (7, 8459.0, 1479.0), (13, 8459.0, 1479.0), (7, 8459.0, 1479.0), (13, 8459.0, 1479.0), (7, 8459.0, 1479.0), (13, 8459.0, 1479.0), (7, 8459.0, 1479.0), (13, 8459.0, 1479.0), (7, 8459.0, 1479.0), (13, 8459.0, 1479.0), (7, 8459.0, 1479.0), (13, 8459.0, 1479.0), (7, 8459.0, 1479.0), (13, 8459.0, 1479.0), (7, 8459.0, 1479.0), (13, 8459.0, 1479.0), (7, 8459.0, 1479.0), (13, 8459.0, 1479.0), (7, 8459.0, 1479.0), (13, 8459.0, 1479.0), (7, 8459.0, 1479.0), (13, 8459.0, 1479.0), (7, 8459.0, 1479.0), (13, 8459.0, 1479.0), (7, 8459.0, 1479.0), (13, 8459.0, 1479.0), (7, 8459.0, 1479.0), (13, 8459.0, 1479.0), (7, 8459.0, 1479.0), (13, 8459.0, 1479.0), (7, 8459.0, 1479.0), (13, 8459.0, 1479.0), (7, 8459.0, 1479.0), (13, 8459.0, 1479.0), (7, 8459.0, 1479.0), (13, 8459.0, 1479.0), (7, 8459.0, 1479.0), (13, 8459.0, 1479.0), (7, 8459.0, 1479.0), (13, 8459.0, 1479.0), (7, 8459.0, 1479.0), (13, 8459.0, 1479.0), (7, 8459.0, 1479.0), (13, 8459.0, 1479.0), (7, 8459.0, 1479.0), (13, 8459.0, 1479.0), (7, 8459.0, 1479.0), (13, 8459.0, 1479.0), (7, 8459.0, 1479.0), (13, 8459.0, 1479.0), (7, 8459.0, 1479.0), (13, 8459.0, 1479.0), (7, 8459.0, 1479.0), (13, 8459.0, 1479.0), (7, 8459.0, 1479.0), (13, 8459.0, 1479.0), (7, 8459.0, 1479.0), (13, 8459.0, 1479.0), (7, 8459.0, 1479.0), (13, 8459.0, 1479.0), (7, 8459.0, 1479.0), (13, 8459.0, 1479.0), (7, 8459.0, 1479.0), (13, 8459.0, 1479.0), (7, 8459.0, 1479.0), (13, 8459.0, 1479.0), (7, 8459.0, 1479.0), (13, 8459.0, 1479.0), (7, 8459.0, 1479.0), (13, 8459.0, 1479.0), (7, 8459.0, 1479.0), (13, 8459.0, 1479.0), (7, 8459.0, 1479.0), (13, 8459.0, 1479.0), (7, 8459.0, 1479.0), (13, 8459.0, 1479.0), (7, 8459.0, 1479.0), (13, 8459.0, 1479.0), (7, 8459.0, 1479.0), (13, 8459.0, 1479.0), (7, 8459.0, 1479.0), (13, 8459.0, 1479.0), (7, 8459.0, 1479.0), (13, 8459.0, 1479.0), (7, 8459.0, 1479.0), (13, 8459.0, 1479.0), (7, 8459.0, 1479.0), (13, 8459.0, 1479.0), (7, 8459.0, 1479.0), (13, 8459.0, 1479.0), (7, 8459.0, 1479.0), (13, 8459.0, 1479.0), (7, 8459.0, 1479.0), (13, 8459.0, 1479.0), (7, 8459.0, 1479.0), (13, 8459.0, 1479.0), (7, 8459.0, 1479.0), (13, 8459.0, 1479.0), (7, 8459.0, 1479.0), (13, 8459.0, 1479.0), (7, 8459.0, 1479.0), (13, 8459.0, 1479.0), (7, 8459.0, 1479.0), (13, 8459.0, 1479.0), (7, 8459.0, 1479.0), (13, 8459.0, 1479.0), (7, 8459.0, 1479.0), (13, 8459.0, 1479.0), (7, 8459.0, 1479.0), (13, 8459.0, 1479.0), (7, 8459.0, 1479.0), (13, 8459.0, 1479.0), (7, 8459.0, 1479.0), (13, 8459.0, 1479.0), (7, 8459.0, 1479.0), (13, 8459.0, 1479.0), (7, 8459.0, 1479.0), (13, 8459.0, 1479.0), (7, 8459.0, 1479.0), (13, 8459.0, 1479.0), (7, 8459.0, 1479.0), (13, 8459.0, 1479.0), (7, 8459.0, 1479.0), (13, 8459.0, 1479.0), (7, 8459.0, 1479.0), (13, 8459.0, 1479.0), (7, 8459.0, 1479.0), (13, 8459.0, 1479.0), (7, 8459.0, 1479.0), (13, 8459.0, 1479.0), (7, 8459.0, 1479.0), (13, 8459.0, 1479.0), (7, 8459.0, 1479.0), (13, 8459.0, 1479.0), (7, 8459.0, 1479.0), (13, 8459.0, 1479.0), (7, 8459.0, 1479.0), (13, 8459.0, 1479.0), (7, 8459.0, 1479.0), (13, 8459.0, 1479.0), (7, 8459.0, 1479.0), (13, 8459.0, 1479.0), (7, 8459.0, 1479.0), (13, 8459.0, 1479.0), (7, 8459.0, 1479.0), (13, 8459.0, 1479.0), (7, 8459.0, 1479.0), (13, 8459.0, 1479.0), (7, 8459.0, 1479.0), (13, 8459.0, 1479.0), (7, 8459.0, 1479.0), (13, 8459.0, 1479.0), (7, 8459.0, 1479.0), (13, 8459.0, 1479.0), (7, 8459.0, 1479.0), (13, 8459.0, 1479.0), (7, 8459.0, 1479.0), (13, 8459.0, 1479.0), (7, 8459.0, 1479.0), (13, 8459.0, 1479.0), (7, 8459.0, 1479.0), (13, 8459.0, 1479.0), (7, 8459.0, 1479.0), (13, 8459.0, 1479.0), (7, 8459.0, 1479.0), (13, 8459.0, 1479.0), (7, 8459.0, 1479.0), (13, 8459.0, 1479.0), (7, 8459.0, 1479.0), (13, 8459.0, 1479.0), (7, 8459.0, 1479.0), (13, 8459.0, 1479.0), (7, 8459.0, 1479.0), (13, 8459.0, 1479.0), (7, 8459.0, 1479.0), (13, 8459.0, 1479.0), (7, 8459.0, 1479.0), (13, 8459.0, 1479.0), (7, 8459.0, 1479.0), (13, 8459.0, 1479.0), (7, 8459.0, 1479.0), (13, 8459.0, 1479.0), (7, 8459.0, 1479.0), (13, 8459.0, 1479.0), (7, 8459.0, 1479.0), (13, 8459.0, 1479.0), (7, 8459.0, 1479.0), (13, 8459.0, 1479.0), (7, 8459.0, 1479.0), (13, 8459.0, 1479.0), (7, 8459.0, 1479.0), (13, 8459.0, 1479.0), (7, 8459.0, 1479.0), (13, 8459.0, 1479.0), (7, 8459.0, 1479.0), (13, 8459.0, 1479.0), (7, 8459.0, 1479.0), (13, 8459.0, 1479.0), (7, 8459.0, 1479.0), (13, 8459.0, 1479.0), (7, 8459.0, 1479.0), (13, 8459.0, 1479.0), (7, 8459.0, 1479.0), (13, 8459.0, 1479.0), (7, 8459.0, 1479.0), (13, 8459.0, 1479.0), (7, 8459.0, 1479.0), (13, 8459.0, 1479.0), (7, 8459.0, 1479.0), (13, 8459.0, 1479.0), (7, 8459.0, 1479.0), (13, 8459.0, 1479.0), (7, 8459.0, 1479.0), (13, 8459.0, 1479.0), (7, 8459.0, 1479.0), (13, 8459.0, 1479.0), (7, 8459.0, 1479.0), (13, 8459.0, 1479.0), (7, 8459.0, 1479.0), (13, 8459.0, 1479.0), (7, 8459.0, 1479.0), (13, 8459.0, 1479.0), (7, 8459.0, 1479.0), (13, 8459.0, 1479.0), (7, 8459.0, 1479.0), (13, 8459.0, 1479.0), (7, 8459.0, 1479.0), (13, 8459.0, 1479.0), (7, 8459.0, 1479.0), (13, 8459.0, 1479.0), (7, 8459.0, 1479.0), (13, 8459.0, 1479.0), (7, 8459.0, 1479.0), (13, 8459.0, 1479.0), (7, 8459.0, 1479.0), (13, 8459.0, 1479.0), (7, 8459.0, 1479.0), (13, 8459.0, 1479.0), (7, 8459.0, 1479.0), (13, 8459.0, 1479.0), (7, 8459.0, 1479.0), (13, 8459.0, 1479.0), (7, 8459.0, 1479.0), (13, 8459.0, 1479.0), (7, 8459.0, 1479.0), (13, 8459.0, 1479.0), (7, 8459.0, 1479.0), (13, 8459.0, 1479.0), (7, 8459.0, 1479.0), (13, 8459.0, 1479.0), (7, 8459.0, 1479.0), (13, 8459.0, 1479.0), (7, 8459.0, 1479.0), (13, 8459.0, 1479.0), (7, 8459.0, 1479.0), (13, 8459.0, 1479.0), (7, 8459.0, 1479.0), (13, 8459.0, 1479.0), (7, 8459.0, 1479.0), (13, 8459.0, 1479.0), (7, 8459.0, 1479.0), (13, 8459.0, 1479.0), (7, 8459.0, 1479.0), (13, 8459.0, 1479.0), (7, 8459.0, 1479.0), (13, 8459.0, 1479.0), (7, 8459.0, 1479.0), (13, 8459.0, 1479.0), (7, 8459.0, 1479.0), (13, 8459.0, 1479.0), (7, 8459.0, 1479.0), (13, 8459.0, 1479.0), (7, 8459.0, 1479.0), (13, 8459.0, 1479.0), (7, 8459.0, 1479.0), (13, 8459.0, 1479.0), (7, 8459.0, 1479.0), (13, 8459.0, 1479.0), (7, 8459.0, 1479.0), (13, 8459.0, 1479.0), (7, 8459.0, 1479.0), (13, 8459.0, 1479.0), (7, 8459.0, 1479.0), (13, 8459.0, 1479.0), (7, 8459.0, 1479.0), (13, 8459.0, 1479.0), (7, 8459.0, 1479.0), (13, 8459.0, 1479.0), (7, 8459.0, 1479.0), (13, 8459.0, 1479.0), (7, 8459.0, 1479.0), (13, 8459.0, 1479.0), (7, 8459.0, 1479.0), (13, 8459.0, 1479.0), (7, 8459.0, 1479.0), (13, 8459.0, 1479.0), (7, 8459.0, 1479.0), (13, 8459.0, 1479.0), (7, 8459.0, 1479.0), (13, 8459.0, 1479.0), (7, 8459.0, 1479.0), (13, 8459.0, 1479.0), (7, 8459.0, 1479.0), (13, 8459.0, 1479.0), (7, 8459.0, 1479.0), (13, 8459.0, 1479.0), (7, 8459.0, 1479.0), (13, 8459.0, 1479.0), (7, 8459.0, 1479.0), (13, 8459.0, 1479.0), (7, 8459.0, 1479.0), (13, 8459.0, 1479.0), (7, 8459.0, 1479.0), (13, 8459.0, 1479.0), (7, 8459.0, 1479.0), (13, 8459.0, 1479.0), (7, 8459.0, 1479.0), (13, 8459.0, 1479.0), (7, 8459.0, 1479.0), (13, 8459.0, 1479.0), (7, 8459.0, 1479.0), (13, 8459.0, 1479.0), (7, 8459.0, 1479.0), (13, 8459.0, 1479.0), (7, 8459.0, 1479.0), (13, 8459.0, 1479.0), (7, 8459.0, 1479.0), (13, 8459.0, 1479.0), (7, 8459.0, 1479.0), (13, 8459.0, 1479.0), (7, 8459.0, 1479.0), (13, 8459.0, 1479.0), (7, 8459.0, 1479.0), (13, 8459.0, 1479.0), (7, 8459.0, 1479.0), (13, 8459.0, 1479.0), (7, 8459.0, 1479.0), (13, 8459.0, 1479.0), (7, 8459.0, 1479.0), (13, 8459.0, 1479.0), (7, 8459.0, 1479.0), (13, 8459.0, 1479.0), (7, 8459.0, 1479.0), (13, 8459.0, 1479.0), (7, 8459.0, 1479.0), (13, 8459.0, 1479.0), (7, 8459.0, 1479.0), (13, 8459.0, 1479.0), (7, 8459.0, 1479.0), (13, 8459.0, 1479.0), (7, 8459.0, 1479.0), (13, 8459.0, 1479.0), (7, 8459.0, 1479.0), (13, 8459.0, 1479.0), (7, 8459.0, 1479.0), (13, 8459.0, 1479.0), (7, 8459.0, 1479.0), (13, 8459.0, 1479.0), (7, 8459.0, 1479.0), (13, 8459.0, 1479.0), (7, 8459.0, 1479.0), (13, 8459.0, 1479.0), (7, 8459.0, 1479.0), (13, 8459.0, 1479.0), (7, 8459.0, 1479.0), (13, 8459.0, 1479.0), (7, 8459.0, 1479.0), (13, 8459.0, 1479.0), (7, 8459.0, 1479.0), (13, 8459.0, 1479.0), (7, 8459.0, 1479.0), (13, 8459.0, 1479.0), (7, 8459.0, 1479.0), (13, 8459.0, 1479.0), (7, 8459.0, 1479.0), (13, 8459.0, 1479.0), (7, 8459.0, 1479.0), (13, 8459.0, 1479.0), (7, 8459.0, 1479.0), (13, 8459.0, 1479.0), (7, 8459.0, 1479.0), (13, 8459.0, 1479.0), (7, 8459.0, 1479.0), (13, 8459.0, 1479.0), (7, 8459.0, 1479.0), (13, 8459.0, 1479.0), (7, 8459.0, 1479.0), (13, 8459.0, 1479.0), (7, 8459.0, 1479.0), (13, 8459.0, 1479.0), (7, 8459.0, 1479.0), (13, 8459.0, 1479.0), (7, 8459.0, 1479.0), (13, 8459.0, 1479.0), (7, 8459.0, 1479.0), (13, 8459.0, 1479.0), (7, 8459.0, 1479.0), (13, 8459.0, 1479.0), (7, 8459.0, 1479.0), (13, 8459.0, 1479.0), (7, 8459.0, 1479.0), (13, 8459.0, 1479.0), (7, 8459.0, 1479.0), (13, 8459.0, 1479.0), (7, 8459.0, 1479.0), (13, 8459.0, 1479.0), (7, 8459.0, 1479.0), (13, 8459.0, 1479.0), (7, 8459.0, 1479.0), (13, 8459.0, 1479.0), (7, 8459.0, 1479.0), (13, 8459.0, 1479.0), (7, 8459.0, 1479.0), (13, 8459.0, 1479.0), (7, 8459.0, 1479.0), (13, 8459.0, 1479.0), (7, 8459.0, 1479.0), (13, 8459.0, 1479.0), (7, 8459.0, 1479.0), (13, 8459.0, 1479.0), (7, 8459.0, 1479.0), (13, 8459.0, 1479.0), (7, 8459.0, 1479.0), (13, 8459.0, 1479.0), (7, 8459.0, 1479.0), (13, 8459.0, 1479.0), (7, 8459.0, 1479.0), (13, 8459.0, 1479.0), (7, 8459.0, 1479.0), (13, 8459.0, 1479.0), (7, 8459.0, 1479.0), (13, 8459.0, 1479.0), (7, 8459.0, 1479.0), (13, 8459.0, 1479.0), (7, 8459.0, 1479.0), (13, 8459.0, 1479.0), (7, 8459.0, 1479.0), (13, 8459.0, 1479.0), (7, 8459.0, 1479.0), (13, 8459.0, 1479.0), (7, 8459.0, 1479.0), (13, 8459.0, 1479.0), (7, 8459.0, 1479.0), (13, 8459.0, 1479.0), (7, 8459.0, 1479.0), (13, 8459.0, 1479.0), (7, 8459.0, 1479.0), (13, 8459.0, 1479.0), (7, 8459.0, 1479.0), (13, 8459.0, 1479.0), (7, 8459.0, 1479.0), (13, 8459.0, 1479.0), (7, 8459.0, 1479.0), (13, 8459.0, 1479.0), (7, 8459.0, 1479.0), (13, 8459.0, 1479.0), (7, 8459.0, 1479.0), (13, 8459.0, 1479.0), (7, 8459.0, 1479.0), (13, 8459.0, 1479.0), (7, 8459.0, 1479.0), (13, 8459.0, 1479.0), (7, 8459.0, 1479.0), (13, 8459.0, 1479.0), (7, 8459.0, 1479.0), (13, 8459.0, 1479.0), (7, 8459.0, 1479.0), (13, 8459.0, 1479.0), (7, 8459.0, 1479.0), (13, 8459.0, 1479.0), (7, 8459.0, 1479.0), (13, 8459.0, 1479.0), (7, 8459.0, 1479.0), (13, 8459.0, 1479.0), (7, 8459.0, 1479.0), (13, 8459.0, 1479.0), (7, 8459.0, 1479.0), (13, 8459.0, 1479.0), (7, 8459.0, 1479.0), (13, 8459.0, 1479.0), (7, 8459.0, 1479.0), (13, 8459.0, 1479.0), (7, 8459.0, 1479.0), (13, 8459.0, 1479.0), (7, 8459.0, 1479.0), (13, 8459.0, 1479.0), (7, 8459.0, 1479.0), (13, 8459.0, 1479.0), (7, 8459.0, 1479.0), (13, 8459.0, 1479.0), (7, 8459.0, 1479.0), (13, 8459.0, 1479.0), (7, 8459.0, 1479.0), (13, 8459.0, 1479.0), (7, 8459.0, 1479.0), (13, 8459.0, 1479.0), (7, 8459.0, 1479.0), (13, 8459.0, 1479.0), (7, 8459.0, 1479.0), (13, 8459.0, 1479.0), (7, 8459.0, 1479.0), (13, 8459.0, 1479.0), (7, 8459.0, 1479.0), (13, 8459.0, 1479.0), (7, 8459.0, 1479.0), (13, 8459.0, 1479.0), (7, 8459.0, 1479.0), (13, 8459.0, 1479.0), (7, 8459.0, 1479.0), (13, 8459.0, 1479.0), (7, 8459.0, 1479.0), (13, 8459.0, 1479.0), (7, 8459.0, 1479.0), (13, 8459.0, 1479.0), (7, 8459.0, 1479.0), (13, 8459.0, 1479.0), (7, 8459.0, 1479.0), (13, 8459.0, 1479.0), (7, 8459.0, 1479.0), (13, 8459.0, 1479.0), (7, 8459.0, 1479.0), (13, 8459.0, 1479.0), (7, 8459.0, 1479.0), (13, 8459.0, 1479.0), (7, 8459.0, 1479.0), (13, 8459.0, 1479.0), (7, 8459.0, 1479.0), (13, 8459.0, 1479.0), (7, 8459.0, 1479.0), (13, 8459.0, 1479.0), (7, 8459.0, 1479.0), (13, 8459.0, 1479.0), (7, 8459.0, 1479.0), (13, 8459.0, 1479.0), (7, 8459.0, 1479.0), (13, 8459.0, 1479.0), (7, 8459.0, 1479.0), (13, 8459.0, 1479.0), (7, 8459.0, 1479.0), (13, 8459.0, 1479.0), (7, 8459.0, 1479.0), (13, 8459.0, 1479.0), (7, 8459.0, 1479.0), (13, 8459.0, 1479.0), (7, 8459.0, 1479.0), (13, 8459.0, 1479.0), (7, 8459.0, 1479.0), (13, 8459.0, 1479.0), (7, 8459.0, 1479.0), (13, 8459.0, 1479.0), (7, 8459.0, 1479.0), (13, 8459.0, 1479.0), (7, 8459.0, 1479.0), (13, 8459.0, 1479.0), (7, 8459.0, 1479.0), (13, 8459.0, 1479.0), (7, 8459.0, 1479.0), (13, 8459.0, 1479.0), (7, 8459.0, 1479.0), (13, 8459.0, 1479.0), (7, 8459.0, 1479.0), (13, 8459.0, 1479.0), (7, 8459.0, 1479.0), (13, 8459.0, 1479.0), (7, 8459.0, 1479.0), (13, 8459.0, 1479.0), (7, 8459.0, 1479.0), (13, 8459.0, 1479.0), (7, 8459.0, 1479.0), (13, 8459.0, 1479.0), (7, 8459.0, 1479.0), (13, 8459.0, 1479.0), (7, 8459.0, 1479.0), (13, 8459.0, 1479.0), (7, 8459.0, 1479.0), (13, 8459.0, 1479.0), (7, 8459.0, 1479.0), (13, 8459.0, 1479.0), (7, 8459.0, 1479.0), (13, 8459.0, 1479.0), (7, 8459.0, 1479.0), (13, 8459.0, 1479.0), (7, 8459.0, 1479.0), (13, 8459.0, 1479.0), (7, 8459.0, 1479.0), (13, 8459.0, 1479.0), (7, 8459.0, 1479.0), (13, 8459.0, 1479.0), (7, 8459.0, 1479.0), (13, 8459.0, 1479.0), (7, 8459.0, 1479.0), (13, 8459.0, 1479.0), (7, 8459.0, 1479.0), (13, 8459.0, 1479.0), (7, 8459.0, 1479.0), (13, 8459.0, 1479.0), (7, 8459.0, 1479.0), (13, 8459.0, 1479.0), (7, 8459.0, 1479.0), (13, 8459.0, 1479.0), (7, 8459.0, 1479.0), (13, 8459.0, 1479.0), (7, 8459.0, 1479.0), (13, 8459.0, 1479.0), (7, 8459.0, 1479.0), (13, 8459.0, 1479.0), (7, 8459.0, 1479.0), (13, 8459.0, 1479.0), (7, 8459.0, 1479.0), (13, 8459.0, 1479.0), (7, 8459.0, 1479.0), (13, 8459.0, 1479.0), (7, 8459.0, 1479.0), (13, 8459.0, 1479.0), (7, 8459.0, 1479.0), (13, 8459.0, 1479.0), (7, 8459.0, 1479.0), (13, 8459.0, 1479.0), (7, 8459.0, 1479.0), (13, 8459.0, 1479.0), (7, 8459.0, 1479.0), (13, 8459.0, 1479.0), (7, 8459.0, 1479.0), (13, 8459.0, 1479.0), (7, 8459.0, 1479.0), (13, 8459.0, 1479.0), (7, 8459.0, 1479.0), (13, 8459.0, 1479.0), (7, 8459.0, 1479.0), (13, 8459.0, 1479.0), (7, 8459.0, 1479.0), (13, 8459.0, 1479.0), (7, 8459.0, 1479.0), (13, 8459.0, 1479.0), (7, 8459.0, 1479.0), (13, 8459.0, 1479.0), (7, 8459.0, 1479.0), (13, 8459.0, 1479.0), (7, 8459.0, 1479.0), (13, 8459.0, 1479.0), (7, 8459.0, 1479.0), (13, 8459.0, 1479.0), (7, 8459.0, 1479.0), (13, 8459.0, 1479.0), (7, 8459.0, 1479.0), (13, 8459.0, 1479.0), (7, 8459.0, 1479.0), (13, 8459.0, 1479.0), (7, 8459.0, 1479.0), (13, 8459.0, 1479.0), (7, 8459.0, 1479.0), (13, 8459.0, 1479.0), (7, 8459.0, 1479.0), (13, 8459.0, 1479.0), (7, 8459.0, 1479.0), (13, 8459.0, 1479.0), (7, 8459.0, 1479.0), (13, 8459.0, 1479.0), (7, 8459.0, 1479.0), (13, 8459.0, 1479.0), (7, 8459.0, 1479.0), (13, 8459.0, 1479.0), (7, 8459.0, 1479.0), (13, 8459.0, 1479.0), (7, 8459.0, 1479.0), (13, 8459.0, 1479.0), (7, 8459.0, 1479.0), (13, 8459.0, 1479.0), (7, 8459.0, 1479.0), (13, 8459.0, 1479.0), (7, 8459.0, 1479.0), (13, 8459.0, 1479.0), (7, 8459.0, 1479.0), (13, 8459.0, 1479.0), (7, 8459.0, 1479.0), (13, 8459.0, 1479.0), (7, 8459.0, 1479.0), (13, 8459.0, 1479.0), (7, 8459.0, 1479.0), (13, 8459.0, 1479.0), (7, 8459.0, 1479.0), (13, 8459.0, 1479.0), (7, 8459.0, 1479.0), (13, 8459.0, 1479.0), (7, 8459.0, 1479.0), (13, 8459.0, 1479.0), (7, 8459.0, 1479.0), (13, 8459.0, 1479.0), (7, 8459.0, 1479.0), (13, 8459.0, 1479.0), (7, 8459.0, 1479.0), (13, 8459.0, 1479.0), (7, 8459.0, 1479.0), (13, 8459.0, 1479.0), (7, 8459.0, 1479.0), (13, 8459.0, 1479.0), (7, 8459.0, 1479.0), (13, 8459.0, 1479.0), (7, 8459.0, 1479.0), (13, 8459.0, 1479.0), (7, 8459.0, 1479.0), (13, 8459.0, 1479.0), (7, 8459.0, 1479.0), (13, 8459.0, 1479.0), (7, 8459.0, 1479.0), (13, 8459.0, 1479.0), (7, 8459.0, 1479.0), (13, 8459.0, 1479.0), (7, 8459.0, 1479.0), (13, 8459.0, 1479.0), (7, 8459.0, 1479.0), (13, 8459.0, 1479.0), (7, 8459.0, 1479.0), (13, 8459.0, 1479.0), (7, 8459.0, 1479.0), (13, 8459.0, 1479.0), (7, 8459.0, 1479.0), (13, 8459.0, 1479.0), (7, 8459.0, 1479.0), (13, 8459.0, 1479.0), (7, 8459.0, 1479.0), (13, 8459.0, 1479.0), (7, 8459.0, 1479.0), (13, 8459.0, 1479.0), (7, 8459.0, 1479.0), (13, 8459.0, 1479.0), (7, 8459.0, 1479.0), (13, 8459.0, 1479.0), (7, 8459.0, 1479.0), (13, 8459.0, 1479.0), (7, 8459.0, 1479.0), (13, 8459.0, 1479.0), (7, 8459.0, 1479.0), (13, 8459.0, 1479.0), (7, 8459.0, 1479.0), (13, 8459.0, 1479.0), (7, 8459.0, 1479.0), (13, 8459.0, 1479.0), (7, 8459.0, 1479.0), (13, 8459.0, 1479.0), (7, 8459.0, 1479.0), (13, 8459.0, 1479.0), (7, 8459.0, 1479.0), (13, 8459.0, 1479.0), (7, 8459.0, 1479.0), (13, 8459.0, 1479.0), (7, 8459.0, 1479.0), (13, 8459.0, 1479.0), (7, 8459.0, 1479.0), (13, 8459.0, 1479.0), (7, 8459.0, 1479.0), (13, 8459.0, 1479.0), (7, 8459.0, 1479.0), (13, 8459.0, 1479.0), (7, 8459.0, 1479.0), (13, 8459.0, 1479.0), (7, 8459.0, 1479.0), (13, 8459.0, 1479.0), (7, 8459.0, 1479.0), (13, 8459.0, 1479.0), (7, 8459.0, 1479.0), (13, 8459.0, 1479.0), (7, 8459.0, 1479.0), (13, 8459.0, 1479.0), (7, 8459.0, 1479.0), (13, 8459.0, 1479.0), (7, 8459.0, 1479.0), (13, 8459.0, 1479.0), (7, 8459.0, 1479.0), (13, 8459.0, 1479.0), (7, 8459.0, 1479.0), (13, 8459.0, 1479.0), (7, 8459.0, 1479.0), (13, 8459.0, 1479.0), (7, 8459.0, 1479.0), (13, 8459.0, 1479.0), (7, 8459.0, 1479.0), (13, 8459.0, 1479.0), (7, 8459.0, 1479.0), (13, 8459.0, 1479.0), (7, 8459.0, 1479.0), (13, 8459.0, 1479.0), (7, 8459.0, 1479.0), (13, 8459.0, 1479.0), (7, 8459.0, 1479.0), (13, 8459.0, 1479.0), (7, 8459.0, 1479.0), (13, 8459.0, 1479.0), (7, 8459.0, 1479.0), (13, 8459.0, 1479.0), (7, 8459.0, 1479.0), (13, 8459.0, 1479.0), (7, 8459.0, 1479.0), (13, 8459.0, 1479.0), (7, 8459.0, 1479.0), (13, 8459.0, 1479.0), (7, 8459.0, 1479.0), (13, 8459.0, 1479.0), (7, 8459.0, 1479.0), (13, 8459.0, 1479.0), (7, 8459.0, 1479.0), (13, 8459.0, 1479.0), (7, 8459.0, 1479.0), (13, 8459.0, 1479.0), (7, 8459.0, 1479.0), (13, 8459.0, 1479.0), (7, 8459.0, 1479.0), (13, 8459.0, 1479.0), (7, 8459.0, 1479.0), (13, 8459.0, 1479.0), (7, 8459.0, 1479.0), (13, 8459.0, 1479.0), (7, 8459.0, 1479.0), (13, 8459.0, 1479.0), (7, 8459.0, 1479.0), (13, 8459.0, 1479.0), (7, 8459.0, 1479.0), (13, 8459.0, 1479.0), (7, 8459.0, 1479.0), (13, 8459.0, 1479.0), (7, 8459.0, 1479.0), (13, 8459.0, 1479.0), (7, 8459.0, 1479.0), (13, 8459.0, 1479.0), (7, 8459.0, 1479.0), (13, 8459.0, 1479.0), (7, 8459.0, 1479.0), (13, 8459.0, 1479.0), (7, 8459.0, 1479.0), (13, 8459.0, 1479.0), (7, 8459.0, 1479.0), (13, 8459.0, 1479.0), (7, 8459.0, 1479.0), (13, 8459.0, 1479.0), (7, 8459.0, 1479.0), (13, 8459.0, 1479.0), (7, 8459.0, 1479.0), (13, 8459.0, 1479.0), (7, 8459.0, 1479.0), (13, 8459.0, 1479.0), (7, 8459.0, 1479.0), (13, 8459.0, 1479.0), (7, 8459.0, 1479.0), (13, 8459.0, 1479.0), (7, 8459.0, 1479.0), (13, 8459.0, 1479.0), (7, 8459.0, 1479.0), (13, 8459.0, 1479.0), (7, 8459.0, 1479.0), (13, 8459.0, 1479.0), (7, 8459.0, 1479.0), (13, 8459.0, 1479.0), (7, 8459.0, 1479.0), (13, 8459.0, 1479.0), (7, 8459.0, 1479.0), (13, 8459.0, 1479.0), (7, 8459.0, 1479.0), (13, 8459.0, 1479.0), (7, 8459.0, 1479.0), (13, 8459.0, 1479.0), (7, 8459.0, 1479.0), (13, 8459.0, 1479.0), (7, 8459.0, 1479.0), (13, 8459.0, 1479.0), (7, 8459.0, 1479.0), (13, 8459.0, 1479.0), (7, 8459.0, 1479.0), (13, 8459.0, 1479.0), (7, 8459.0, 1479.0), (13, 8459.0, 1479.0), (7, 8459.0, 1479.0), (13, 8459.0, 1479.0), (7, 8459.0, 1479.0), (13, 8459.0, 1479.0), (7, 8459.0, 1479.0), (13, 8459.0, 1479.0), (7, 8459.0, 1479.0), (13, 8459.0, 1479.0), (7, 8459.0, 1479.0), (13, 8459.0, 1479.0), (7, 8459.0, 1479.0), (13, 8459.0, 1479.0), (7, 8459.0, 1479.0), (13, 8459.0, 1479.0), (7, 8459.0, 1479.0), (13, 8459.0, 1479.0), (7, 8459.0, 1479.0), (13, 8459.0, 1479.0), (7, 8459.0, 1479.0), (13, 8459.0, 1479.0), (7, 8459.0, 1479.0), (13, 8459.0, 1479.0), (7, 8459.0, 1479.0), (13, 8459.0, 1479.0), (7, 8459.0, 1479.0), (13, 8459.0, 1479.0), (7, 8459.0, 1479.0), (13, 8459.0, 1479.0), (7, 8459.0, 1479.0), (13, 8459.0, 1479.0), (7, 8459.0, 1479.0), (13, 8459.0, 1479.0), (7, 8459.0, 1479.0), (13, 8459.0, 1479.0), (7, 8459.0, 1479.0), (13, 8459.0, 1479.0), (7, 8459.0, 1479.0), (13, 8459.0, 1479.0), (7, 8459.0, 1479.0), (13, 8459.0, 1479.0), (7, 8459.0, 1479.0), (13, 8459.0, 1479.0), (7, 8459.0, 1479.0), (13, 8459.0, 1479.0), (7, 8459.0, 1479.0), (13, 8459.0, 1479.0), (7, 8459.0, 1479.0), (13, 8459.0, 1479.0), (7, 8459.0, 1479.0), (13, 8459.0, 1479.0), (7, 8459.0, 1479.0), (13, 8459.0, 1479.0), (7, 8459.0, 1479.0), (13, 8459.0, 1479.0), (7, 8459.0, 1479.0), (13, 8459.0, 1479.0), (7, 8459.0, 1479.0), (13, 8459.0, 1479.0), (7, 8459.0, 1479.0), (13, 8459.0, 1479.0), (7, 8459.0, 1479.0), (13, 8459.0, 1479.0), (7, 8459.0, 1479.0), (13, 8459.0, 1479.0), (7, 8459.0, 1479.0), (13, 8459.0, 1479.0), (7, 8459.0, 1479.0), (13, 8459.0, 1479.0), (7, 8459.0, 1479.0), (13, 8459.0, 1479.0), (7, 8459.0, 1479.0), (13, 8459.0, 1479.0), (7, 8459.0, 1479.0), (13, 8459.0, 1479.0), (7, 8459.0, 1479.0), (13, 8459.0, 1479.0), (7, 8459.0, 1479.0), (13, 8459.0, 1479.0), (7, 8459.0, 1479.0), (13, 8459.0, 1479.0), (7, 8459.0, 1479.0), (13, 8459.0, 1479.0), (7, 8459.0, 1479.0), (13, 8459.0, 1479.0), (7, 8459.0, 1479.0), (13, 8459.0, 1479.0), (7, 8459.0, 1479.0), (13, 8459.0, 1479.0), (7, 8459.0, 1479.0), (13, 8459.0, 1479.0), (7, 8459.0, 1479.0), (13, 8459.0, 1479.0), (7, 8459.0, 1479.0), (13, 8459.0, 1479.0), (7, 8459.0, 1479.0), (13, 8459.0, 1479.0), (7, 8459.0, 1479.0), (13, 8459.0, 1479.0), (7, 8459.0, 1479.0), (13, 8459.0, 1479.0), (7, 8459.0, 1479.0), (13, 8459.0, 1479.0), (7, 8459.0, 1479.0), (13, 8459.0, 1479.0), (7, 8459.0, 1479.0), (13, 8459.0, 1479.0), (7, 8459.0, 1479.0), (13, 8459.0, 1479.0), (7, 8459.0, 1479.0), (13, 8459.0, 1479.0), (7, 8459.0, 1479.0), (13, 8459.0, 1479.0), (7, 8459.0, 1479.0), (13, 8459.0, 1479.0), (7, 8459.0, 1479.0), (13, 8459.0, 1479.0), (7, 8459.0, 1479.0), (13, 8459.0, 1479.0), (7, 8459.0, 1479.0), (13, 8459.0, 1479.0), (7, 8459.0, 1479.0), (13, 8459.0, 1479.0), (7, 8459.0, 1479.0), (13, 8459.0, 1479.0), (7, 8459.0, 1479.0), (13, 8459.0, 1479.0), (7, 8459.0, 1479.0), (13, 8459.0, 1479.0), (7, 8459.0, 1479.0), (13, 8459.0, 1479.0), (7, 8459.0, 1479.0), (13, 8459.0, 1479.0), (7, 8459.0, 1479.0), (13, 8459.0, 1479.0), (7, 8459.0, 1479.0), (13, 8459.0, 1479.0), (7, 8459.0, 1479.0), (13, 8459.0, 1479.0), (7, 8459.0, 1479.0), (13, 8459.0, 1479.0), (7, 8459.0, 1479.0), (13, 8459.0, 1479.0), (7, 8459.0, 1479.0), (13, 8459.0, 1479.0), (7, 8459.0, 1479.0), (13, 8459.0, 1479.0), (7, 8459.0, 1479.0), (13, 8459.0, 1479.0), (7, 8459.0, 1479.0), (13, 8459.0, 1479.0), (7, 8459.0, 1479.0), (13, 8459.0, 1479.0), (7, 8459.0, 1479.0), (13, 8459.0, 1479.0), (7, 8459.0, 1479.0), (13, 8459.0, 1479.0), (7, 8459.0, 1479.0), (13, 8459.0, 1479.0), (7, 8459.0, 1479.0), (13, 8459.0, 1479.0), (7, 8459.0, 1479.0), (13, 8459.0, 1479.0), (7, 8459.0, 1479.0), (13, 8459.0, 1479.0), (7, 8459.0, 1479.0), (13, 8459.0, 1479.0), (7, 8459.0, 1479.0), (13, 8459.0, 1479.0), (7, 8459.0, 1479.0), (13, 8459.0, 1479.0), (7, 8459.0, 1479.0), (13, 8459.0, 1479.0), (7, 8459.0, 1479.0), (13, 8459.0, 1479.0), (7, 8459.0, 1479.0), (13, 8459.0, 1479.0), (7, 8459.0, 1479.0), (13, 8459.0, 1479.0), (7, 8459.0, 1479.0), (13, 8459.0, 1479.0), (7, 8459.0, 1479.0), (13, 8459.0, 1479.0), (7, 8459.0, 1479.0), (13, 8459.0, 1479.0), (7, 8459.0, 1479.0), (13, 8459.0, 1479.0), (7, 8459.0, 1479.0), (13, 8459.0, 1479.0), (7, 8459.0, 1479.0), (13, 8459.0, 1479.0), (7, 8459.0, 1479.0), (13, 8459.0, 1479.0), (7, 8459.0, 1479.0), (13, 8459.0, 1479.0), (7, 8459.0, 1479.0), (13, 8459.0, 1479.0), (7, 8459.0, 1479.0), (13, 8459.0, 1479.0), (7, 8459.0, 1479.0), (13, 8459.0, 1479.0), (7, 8459.0, 1479.0), (13, 8459.0, 1479.0), (7, 8459.0, 1479.0), (13, 8459.0, 1479.0), (7, 8459.0, 1479.0), (13, 8459.0, 1479.0), (7, 8459.0, 1479.0), (13, 8459.0, 1479.0), (7, 8459.0, 1479.0), (13, 8459.0, 1479.0), (7, 8459.0, 1479.0), (13, 8459.0, 1479.0), (7, 8459.0, 1479.0), (13, 8459.0, 1479.0), (7, 8459.0, 1479.0), (13, 8459.0, 1479.0), (7, 8459.0, 1479.0), (13, 8459.0, 1479.0), (7, 8459.0, 1479.0), (13, 8459.0, 1479.0), (7, 8459.0, 1479.0), (13, 8459.0, 1479.0), (7, 8459.0, 1479.0), (13, 8459.0, 1479.0), (7, 8459.0, 1479.0), (13, 8459.0, 1479.0), (7, 8459.0, 1479.0), (13, 8459.0, 1479.0), (7, 8459.0, 1479.0), (13, 8459.0, 1479.0), (7, 8459.0, 1479.0), (13, 8459.0, 1479.0), (7, 8459.0, 1479.0), (13, 8459.0, 1479.0), (7, 8459.0, 1479.0), (13, 8459.0, 1479.0), (7, 8459.0, 1479.0), (13, 8459.0, 1479.0), (7, 8459.0, 1479.0), (13, 8459.0, 1479.0), (7, 8459.0, 1479.0), (13, 8459.0, 1479.0), (7, 8459.0, 1479.0), (13, 8459.0, 1479.0), (7, 8459.0, 1479.0), (13, 8459.0, 1479.0), (7, 8459.0, 1479.0), (13, 8459.0, 1479.0), (7, 8459.0, 1479.0), (13, 8459.0, 1479.0), (7, 8459.0, 1479.0), (13, 8459.0, 1479.0), (7, 8459.0, 1479.0), (13, 8459.0, 1479.0), (7, 8459.0, 1479.0), (13, 8459.0, 1479.0), (7, 8459.0, 1479.0), (13, 8459.0, 1479.0), (7, 8459.0, 1479.0), (13, 8459.0, 1479.0), (7, 8459.0, 1479.0), (13, 8459.0, 1479.0), (7, 8459.0, 1479.0), (13, 8459.0, 1479.0), (7, 8459.0, 1479.0), (13, 8459.0, 1479.0), (7, 8459.0, 1479.0), (13, 8459.0, 1479.0), (7, 8459.0, 1479.0), (13, 8459.0, 1479.0), (7, 8459.0, 1479.0), (13, 8459.0, 1479.0), (7, 8459.0, 1479.0), (13, 8459.0, 1479.0), (7, 8459.0, 1479.0), (13, 8459.0, 1479.0), (7, 8459.0, 1479.0), (13, 8459.0, 1479.0), (7, 8459.0, 1479.0), (13, 8459.0, 1479.0), (7, 8459.0, 1479.0), (13, 8459.0, 1479.0), (7, 8459.0, 1479.0), (13, 8459.0, 1479.0), (7, 8459.0, 1479.0), (13, 8459.0, 1479.0), (7, 8459.0, 1479.0), (13, 8459.0, 1479.0), (7, 8459.0, 1479.0), (13, 8459.0, 1479.0), (7, 8459.0, 1479.0), (13, 8459.0, 1479.0), (7, 8459.0, 1479.0), (13, 8459.0, 1479.0), (7, 8459.0, 1479.0), (13, 8459.0, 1479.0), (7, 8459.0, 1479.0), (13, 8459.0, 1479.0), (7, 8459.0, 1479.0), (13, 8459.0, 1479.0), (7, 8459.0, 1479.0), (13, 8459.0, 1479.0), (7, 8459.0, 1479.0), (13, 8459.0, 1479.0), (7, 8459.0, 1479.0), (13, 8459.0, 1479.0), (7, 8459.0, 1479.0), (13, 8459.0, 1479.0), (7, 8459.0, 1479.0), (13, 8459.0, 1479.0), (7, 8459.0, 1479.0), (13, 8459.0, 1479.0), (7, 8459.0, 1479.0), (13, 8459.0, 1479.0), (7, 8459.0, 1479.0), (13, 8459.0, 1479.0), (7, 8459.0, 1479.0), (13, 8459.0, 1479.0), (7, 8459.0, 1479.0), (13, 8459.0, 1479.0), (7, 8459.0, 1479.0), (13, 8459.0, 1479.0), (7, 8459.0, 1479.0), (13, 8459.0, 1479.0), (7, 8459.0, 1479.0), (13, 8459.0, 1479.0), (7, 8459.0, 1479.0), (13, 8459.0, 1479.0), (7, 8459.0, 1479.0), (13, 8459.0, 1479.0), (7, 8459.0, 1479.0), (13, 8459.0, 1479.0), (7, 8459.0, 1479.0), (13, 8459.0, 1479.0), (7, 8459.0, 1479.0), (13, 8459.0, 1479.0), (7, 8459.0, 1479.0), (13, 8459.0, 1479.0), (7, 8459.0, 1479.0), (13, 8459.0, 1479.0), (7, 8459.0, 1479.0), (13, 8459.0, 1479.0), (7, 8459.0, 1479.0), (13, 8459.0, 1479.0), (7, 8459.0, 1479.0), (13, 8459.0, 1479.0), (7, 8459.0, 1479.0), (13, 8459.0, 1479.0), (7, 8459.0, 1479.0), (13, 8459.0, 1479.0), (7, 8459.0, 1479.0), (13, 8459.0, 1479.0), (7, 8459.0, 1479.0), (13, 8459.0, 1479.0), (7, 8459.0, 1479.0), (13, 8459.0, 1479.0), (7, 8459.0, 1479.0), (13, 8459.0, 1479.0), (7, 8459.0, 1479.0), (13, 8459.0, 1479.0), (7, 8459.0, 1479.0), (13, 8459.0, 1479.0), (7, 8459.0, 1479.0), (13, 8459.0, 1479.0), (7, 8459.0, 1479.0), (13, 8459.0, 1479.0), (7, 8459.0, 1479.0), (13, 8459.0, 1479.0), (7, 8459.0, 1479.0), (13, 8459.0, 1479.0), (7, 8459.0, 1479.0), (13, 8459.0, 1479.0), (7, 8459.0, 1479.0), (13, 8459.0, 1479.0), (7, 8459.0, 1479.0), (13, 8459.0, 1479.0), (7, 8459.0, 1479.0), (13, 8459.0, 1479.0), (7, 8459.0, 1479.0), (13, 8459.0, 1479.0), (7, 8459.0, 1479.0), (13, 8459.0, 1479.0), (7, 8459.0, 1479.0), (13, 8459.0, 1479.0), (7, 8459.0, 1479.0), (13, 8459.0, 1479.0), (7, 8459.0, 1479.0), (13, 8459.0, 1479.0), (7, 8459.0, 1479.0), (13, 8459.0, 1479.0), (7, 8459.0, 1479.0), (13, 8459.0, 1479.0), (7, 8459.0, 1479.0), (13, 8459.0, 1479.0), (7, 8459.0, 1479.0), (13, 8459.0, 1479.0), (7, 8459.0, 1479.0), (13, 8459.0, 1479.0), (7, 8459.0, 1479.0), (13, 8459.0, 1479.0), (7, 8459.0, 1479.0), (13, 8459.0, 1479.0), (7, 8459.0, 1479.0), (13, 8459.0, 1479.0), (7, 8459.0, 1479.0), (13, 8459.0, 1479.0), (7, 8459.0, 1479.0), (13, 8459.0, 1479.0), (7, 8459.0, 1479.0), (13, 8459.0, 1479.0), (7, 8459.0, 1479.0), (13, 8459.0, 1479.0), (7, 8459.0, 1479.0), (13, 8459.0, 1479.0), (7, 8459.0, 1479.0), (13, 8459.0, 1479.0), (7, 8459.0, 1479.0), (13, 8459.0, 1479.0), (7, 8459.0, 1479.0), (13, 8459.0, 1479.0), (7, 8459.0, 1479.0), (13, 8459.0, 1479.0), (7, 8459.0, 1479.0), (13, 8459.0, 1479.0), (7, 8459.0, 1479.0), (13, 8459.0, 1479.0), (7, 8459.0, 1479.0), (13, 8459.0, 1479.0), (7, 8459.0, 1479.0), (13, 8459.0, 1479.0), (7, 8459.0, 1479.0), (13, 8459.0, 1479.0), (7, 8459.0, 1479.0), (13, 8459.0, 1479.0), (7, 8459.0, 1479.0), (13, 8459.0, 1479.0), (7, 8459.0, 1479.0), (13, 8459.0, 1479.0), (7, 8459.0, 1479.0), (13, 8459.0, 1479.0), (7, 8459.0, 1479.0), (13, 8459.0, 1479.0), (7, 8459.0, 1479.0), (13, 8459.0, 1479.0), (7, 8459.0, 1479.0), (13, 8459.0, 1479.0), (7, 8459.0, 1479.0), (13, 8459.0, 1479.0), (7, 8459.0, 1479.0), (13, 8459.0, 1479.0), (7, 8459.0, 1479.0), (13, 8459.0, 1479.0), (7, 8459.0, 1479.0), (13, 8459.0, 1479.0), (7, 8459.0, 1479.0), (13, 8459.0, 1479.0), (7, 8459.0, 1479.0), (13, 8459.0, 1479.0), (7, 8459.0, 1479.0), (13, 8459.0, 1479.0), (7, 8459.0, 1479.0), (13, 8459.0, 1479.0), (7, 8459.0, 1479.0), (13, 8459.0, 1479.0), (7, 8459.0, 1479.0), (13, 8459.0, 1479.0), (7, 8459.0, 1479.0), (13, 8459.0, 1479.0), (7, 8459.0, 1479.0), (13, 8459.0, 1479.0), (7, 8459.0, 1479.0), (13, 8459.0, 1479.0), (7, 8459.0, 1479.0), (13, 8459.0, 1479.0), (7, 8459.0, 1479.0), (13, 8459.0, 1479.0), (7, 8459.0, 1479.0), (13, 8459.0, 1479.0), (7, 8459.0, 1479.0), (13, 8459.0, 1479.0), (7, 8459.0, 1479.0), (13, 8459.0, 1479.0), (7, 8459.0, 1479.0), (13, 8459.0, 1479.0), (7, 8459.0, 1479.0), (13, 8459.0, 1479.0), (7, 8459.0, 1479.0), (13, 8459.0, 1479.0), (7, 8459.0, 1479.0), (13, 8459.0, 1479.0), (7, 8459.0, 1479.0), (13, 8459.0, 1479.0), (7, 8459.0, 1479.0), (13, 8459.0, 1479.0), (7, 8459.0, 1479.0), (13, 8459.0, 1479.0), (7, 8459.0, 1479.0), (13, 8459.0, 1479.0), (7, 8459.0, 1479.0), (13, 8459.0, 1479.0), (7, 8459.0, 1479.0), (13, 8459.0, 1479.0), (7, 8459.0, 1479.0), (13, 8459.0, 1479.0), (7, 8459.0, 1479.0), (13, 8459.0, 1479.0), (7, 8459.0, 1479.0), (13, 8459.0, 1479.0), (7, 8459.0, 1479.0), (13, 8459.0, 1479.0), (7, 8459.0, 1479.0), (13, 8459.0, 1479.0), (7, 8459.0, 1479.0), (13, 8459.0, 1479.0), (7, 8459.0, 1479.0), (13, 8459.0, 1479.0), (7, 8459.0, 1479.0), (13, 8459.0, 1479.0), (7, 8459.0, 1479.0), (13, 8459.0, 1479.0), (7, 8459.0, 1479.0), (13, 8459.0, 1479.0), (7, 8459.0, 1479.0), (13, 8459.0, 1479.0), (7, 8459.0, 1479.0), (13, 8459.0, 1479.0), (7, 8459.0, 1479.0), (13, 8459.0, 1479.0), (7, 8459.0, 1479.0), (13, 8459.0, 1479.0), (7, 8459.0, 1479.0), (13, 8459.0, 1479.0), (7, 8459.0, 1479.0), (13, 8459.0, 1479.0), (7, 8459.0, 1479.0), (13, 8459.0, 1479.0), (7, 8459.0, 1479.0), (13, 8459.0, 1479.0), (7, 8459.0, 1479.0), (13, 8459.0, 1479.0), (7, 8459.0, 1479.0), (13, 8459.0, 1479.0), (7, 8459.0, 1479.0), (13, 8459.0, 1479.0), (7, 8459.0, 1479.0), (13, 8459.0, 1479.0), (7, 8459.0, 1479.0), (13, 8459.0, 1479.0), (7, 8459.0, 1479.0), (13, 8459.0, 1479.0), (7, 8459.0, 1479.0), (13, 8459.0, 1479.0), (7, 8459.0, 1479.0), (13, 8459.0, 1479.0), (7, 8459.0, 1479.0), (13, 8459.0, 1479.0), (7, 8459.0, 1479.0), (13, 8459.0, 1479.0), (7, 8459.0, 1479.0), (13, 8459.0, 1479.0), (7, 8459.0, 1479.0), (13, 8459.0, 1479.0), (7, 8459.0, 1479.0), (13, 8459.0, 1479.0), (7, 8459.0, 1479.0), (13, 8459.0, 1479.0), (7, 8459.0, 1479.0), (13, 8459.0, 1479.0), (7, 8459.0, 1479.0), (13, 8459.0, 1479.0), (7, 8459.0, 1479.0), (13, 8459.0, 1479.0), (7, 8459.0, 1479.0), (13, 8459.0, 1479.0), (7, 8459.0, 1479.0), (13, 8459.0, 1479.0), (7, 8459.0, 1479.0), (13, 8459.0, 1479.0), (7, 8459.0, 1479.0), (13, 8459.0, 1479.0), (7, 8459.0, 1479.0), (13, 8459.0, 1479.0), (7, 8459.0, 1479.0), (13, 8459.0, 1479.0), (7, 8459.0, 1479.0), (13, 8459.0, 1479.0), (7, 8459.0, 1479.0), (13, 8459.0, 1479.0), (7, 8459.0, 1479.0), (13, 8459.0, 1479.0), (7, 8459.0, 1479.0), (13, 8459.0, 1479.0), (7, 8459.0, 1479.0), (13, 8459.0, 1479.0), (7, 8459.0, 1479.0), (13, 8459.0, 1479.0), (7, 8459.0, 1479.0), (13, 8459.0, 1479.0), (7, 8459.0, 1479.0), (13, 8459.0, 1479.0), (7, 8459.0, 1479.0), (13, 8459.0, 1479.0), (7, 8459.0, 1479.0), (13, 8459.0, 1479.0), (7, 8459.0, 1479.0), (13, 8459.0, 1479.0), (7, 8459.0, 1479.0), (13, 8459.0, 1479.0), (7, 8459.0, 1479.0), (13, 8459.0, 1479.0), (7, 8459.0, 1479.0), (13, 8459.0, 1479.0), (7, 8459.0, 1479.0), (13, 8459.0, 1479.0), (7, 8459.0, 1479.0), (13, 8459.0, 1479.0), (7, 8459.0, 1479.0), (13, 8459.0, 1479.0), (7, 8459.0, 1479.0), (13, 8459.0, 1479.0), (7, 8459.0, 1479.0), (13, 8459.0, 1479.0), (7, 8459.0, 1479.0), (13, 8459.0, 1479.0), (7, 8459.0, 1479.0), (13, 8459.0, 1479.0), (7, 8459.0, 1479.0), (13, 8459.0, 1479.0), (7, 8459.0, 1479.0), (13, 8459.0, 1479.0), (7, 8459.0, 1479.0), (13, 8459.0, 1479.0), (7, 8459.0, 1479.0), (13, 8459.0, 1479.0), (7, 8459.0, 1479.0), (13, 8459.0, 1479.0), (7, 8459.0, 1479.0), (13, 8459.0, 1479.0), (7, 8459.0, 1479.0), (13, 8459.0, 1479.0), (7, 8459.0, 1479.0), (13, 8459.0, 1479.0), (7, 8459.0, 1479.0), (13, 8459.0, 1479.0), (7, 8459.0, 1479.0), (13, 8459.0, 1479.0), (7, 8459.0, 1479.0), (13, 8459.0, 1479.0), (7, 8459.0, 1479.0), (13, 8459.0, 1479.0), (7, 8459.0, 1479.0), (13, 8459.0, 1479.0), (7, 8459.0, 1479.0), (13, 8459.0, 1479.0), (7, 8459.0, 1479.0), (13, 8459.0, 1479.0), (7, 8459.0, 1479.0), (13, 8459.0, 1479.0), (7, 8459.0, 1479.0), (13, 8459.0, 1479.0), (7, 8459.0, 1479.0), (13, 8459.0, 1479.0), (7, 8459.0, 1479.0), (13, 8459.0, 1479.0), (7, 8459.0, 1479.0), (13, 8459.0, 1479.0), (7, 8459.0, 1479.0), (13, 8459.0, 1479.0), (7, 8459.0, 1479.0), (13, 8459.0, 1479.0), (7, 8459.0, 1479.0), (13, 8459.0, 1479.0), (7, 8459.0, 1479.0), (13, 8459.0, 1479.0), (7, 8459.0, 1479.0), (13, 8459.0, 1479.0), (7, 8459.0, 1479.0), (13, 8459.0, 1479.0), (7, 8459.0, 1479.0), (13, 8459.0, 1479.0), (7, 8459.0, 1479.0), (13, 8459.0, 1479.0), (7, 8459.0, 1479.0), (13, 8459.0, 1479.0), (7, 8459.0, 1479.0), (13, 8459.0, 1479.0), (7, 8459.0, 1479.0), (13, 8459.0, 1479.0), (7, 8459.0, 1479.0), (13, 8459.0, 1479.0), (7, 8459.0, 1479.0), (13, 8459.0, 1479.0), (7, 8459.0, 1479.0), (13, 8459.0, 1479.0), (7, 8459.0, 1479.0), (13, 8459.0, 1479.0), (7, 8459.0, 1479.0), (13, 8459.0, 1479.0), (7, 8459.0, 1479.0), (13, 8459.0, 1479.0), (7, 8459.0, 1479.0), (13, 8459.0, 1479.0), (7, 8459.0, 1479.0), (13, 8459.0, 1479.0), (7, 8459.0, 1479.0), (13, 8459.0, 1479.0), (7, 8459.0, 1479.0), (13, 8459.0, 1479.0), (7, 8459.0, 1479.0), (13, 8459.0, 1479.0), (7, 8459.0, 1479.0), (13, 8459.0, 1479.0), (7, 8459.0, 1479.0), (13, 8459.0, 1479.0), (7, 8459.0, 1479.0), (13, 8459.0, 1479.0), (7, 8459.0, 1479.0), (13, 8459.0, 1479.0), (7, 8459.0, 1479.0), (13, 8459.0, 1479.0), (7, 8459.0, 1479.0), (13, 8459.0, 1479.0), (7, 8459.0, 1479.0), (13, 8459.0, 1479.0), (7, 8459.0, 1479.0), (13, 8459.0, 1479.0), (7, 8459.0, 1479.0), (13, 8459.0, 1479.0), (7, 8459.0, 1479.0), (13, 8459.0, 1479.0), (7, 8459.0, 1479.0), (13, 8459.0, 1479.0), (7, 8459.0, 1479.0), (13, 8459.0, 1479.0), (7, 8459.0, 1479.0), (13, 8459.0, 1479.0), (7, 8459.0, 1479.0), (13, 8459.0, 1479.0), (7, 8459.0, 1479.0), (13, 8459.0, 1479.0), (7, 8459.0, 1479.0), (13, 8459.0, 1479.0), (7, 8459.0, 1479.0), (13, 8459.0, 1479.0), (7, 8459.0, 1479.0), (13, 8459.0, 1479.0), (7, 8459.0, 1479.0), (13, 8459.0, 1479.0), (7, 8459.0, 1479.0), (13, 8459.0, 1479.0), (7, 8459.0, 1479.0), (13, 8459.0, 1479.0), (7, 8459.0, 1479.0), (13, 8459.0, 1479.0), (7, 8459.0, 1479.0), (13, 8459.0, 1479.0), (7, 8459.0, 1479.0), (13, 8459.0, 1479.0), (7, 8459.0, 1479.0), (13, 8459.0, 1479.0), (7, 8459.0, 1479.0), (13, 8459.0, 1479.0), (7, 8459.0, 1479.0), (13, 8459.0, 1479.0), (7, 8459.0, 1479.0), (13, 8459.0, 1479.0), (7, 8459.0, 1479.0), (13, 8459.0, 1479.0), (7, 8459.0, 1479.0), (13, 8459.0, 1479.0), (7, 8459.0, 1479.0), (13, 8459.0, 1479.0), (7, 8459.0, 1479.0), (13, 8459.0, 1479.0), (7, 8459.0, 1479.0), (13, 8459.0, 1479.0), (7, 8459.0, 1479.0), (13, 8459.0, 1479.0), (7, 8459.0, 1479.0), (13, 8459.0, 1479.0), (7, 8459.0, 1479.0), (13, 8459.0, 1479.0), (7, 8459.0, 1479.0), (13, 8459.0, 1479.0), (7, 8459.0, 1479.0), (13, 8459.0, 1479.0), (7, 8459.0, 1479.0), (13, 8459.0, 1479.0), (7, 8459.0, 1479.0), (13, 8459.0, 1479.0), (7, 8459.0, 1479.0), (13, 8459.0, 1479.0), (7, 8459.0, 1479.0), (13, 8459.0, 1479.0), (7, 8459.0, 1479.0), (13, 8459.0, 1479.0), (7, 8459.0, 1479.0), (13, 8459.0, 1479.0), (7, 8459.0, 1479.0), (13, 8459.0, 1479.0), (7, 8459.0, 1479.0), (13, 8459.0, 1479.0), (7, 8459.0, 1479.0), (13, 8459.0, 1479.0), (7, 8459.0, 1479.0), (13, 8459.0, 1479.0), (7, 8459.0, 1479.0), (13, 8459.0, 1479.0), (7, 8459.0, 1479.0), (13, 8459.0, 1479.0), (7, 8459.0, 1479.0), (13, 8459.0, 1479.0), (7, 8459.0, 1479.0), (13, 8459.0, 1479.0), (7, 8459.0, 1479.0), (13, 8459.0, 1479.0), (7, 8459.0, 1479.0), (13, 8459.0, 1479.0), (7, 8459.0, 1479.0), (13, 8459.0, 1479.0), (7, 8459.0, 1479.0), (13, 8459.0, 1479.0), (7, 8459.0, 1479.0), (13, 8459.0, 1479.0), (7, 8459.0, 1479.0), (13, 8459.0, 1479.0), (7, 8459.0, 1479.0), (13, 8459.0, 1479.0), (7, 8459.0, 1479.0), (13, 8459.0, 1479.0), (7, 8459.0, 1479.0), (13, 8459.0, 1479.0), (7, 8459.0, 1479.0), (13, 8459.0, 1479.0), (7, 8459.0, 1479.0), (13, 8459.0, 1479.0), (7, 8459.0, 1479.0), (13, 8459.0, 1479.0), (7, 8459.0, 1479.0), (13, 8459.0, 1479.0), (7, 8459.0, 1479.0), (13, 8459.0, 1479.0), (7, 8459.0, 1479.0), (13, 8459.0, 1479.0), (7, 8459.0, 1479.0), (13, 8459.0, 1479.0), (7, 8459.0, 1479.0), (13, 8459.0, 1479.0), (7, 8459.0, 1479.0), (13, 8459.0, 1479.0), (7, 8459.0, 1479.0), (13, 8459.0, 1479.0), (7, 8459.0, 1479.0), (13, 8459.0, 1479.0), (7, 8459.0, 1479.0), (13, 8459.0, 1479.0), (7, 8459.0, 1479.0), (13, 8459.0, 1479.0), (7, 8459.0, 1479.0), (13, 8459.0, 1479.0), (7, 8459.0, 1479.0), (13, 8459.0, 1479.0), (7, 8459.0, 1479.0), (13, 8459.0, 1479.0), (7, 8459.0, 1479.0), (13, 8459.0, 1479.0), (7, 8459.0, 1479.0), (13, 8459.0, 1479.0), (7, 8459.0, 1479.0), (13, 8459.0, 1479.0), (7, 8459.0, 1479.0), (13, 8459.0, 1479.0), (7, 8459.0, 1479.0), (13, 8459.0, 1479.0), (7, 8459.0, 1479.0), (13, 8459.0, 1479.0), (7, 8459.0, 1479.0), (13, 8459.0, 1479.0), (7, 8459.0, 1479.0), (13, 8459.0, 1479.0), (7, 8459.0, 1479.0), (13, 8459.0, 1479.0), (7, 8459.0, 1479.0), (13, 8459.0, 1479.0), (7, 8459.0, 1479.0), (13, 8459.0, 1479.0), (7, 8459.0, 1479.0), (13, 8459.0, 1479.0), (7, 8459.0, 1479.0), (13, 8459.0, 1479.0), (7, 8459.0, 1479.0), (13, 8459.0, 1479.0), (7, 8459.0, 1479.0), (13, 8459.0, 1479.0), (7, 8459.0, 1479.0), (13, 8459.0, 1479.0), (7, 8459.0, 1479.0), (13, 8459.0, 1479.0), (7, 8459.0, 1479.0), (13, 8459.0, 1479.0), (7, 8459.0, 1479.0), (13, 8459.0, 1479.0), (7, 8459.0, 1479.0), (13, 8459.0, 1479.0), (7, 8459.0, 1479.0), (13, 8459.0, 1479.0), (7, 8459.0, 1479.0), (13, 8459.0, 1479.0), (7, 8459.0, 1479.0), (13, 8459.0, 1479.0), (7, 8459.0, 1479.0), (13, 8459.0, 1479.0), (7, 8459.0, 1479.0), (13, 8459.0, 1479.0), (7, 8459.0, 1479.0), (13, 8459.0, 1479.0), (7, 8459.0, 1479.0), (13, 8459.0, 1479.0), (7, 8459.0, 1479.0), (13, 8459.0, 1479.0), (7, 8459.0, 1479.0), (13, 8459.0, 1479.0), (7, 8459.0, 1479.0), (13, 8459.0, 1479.0), (7, 8459.0, 1479.0), (13, 8459.0, 1479.0), (7, 8459.0, 1479.0), (13, 8459.0, 1479.0), (7, 8459.0, 1479.0), (13, 8459.0, 1479.0), (7, 8459.0, 1479.0), (13, 8459.0, 1479.0), (7, 8459.0, 1479.0), (13, 8459.0, 1479.0), (7, 8459.0, 1479.0), (13, 8459.0, 1479.0), (7, 8459.0, 1479.0), (13, 8459.0, 1479.0), (7, 8459.0, 1479.0), (13, 8459.0, 1479.0), (7, 8459.0, 1479.0), (13, 8459.0, 1479.0), (7, 8459.0, 1479.0), (13, 8459.0, 1479.0), (7, 8459.0, 1479.0), (13, 8459.0, 1479.0), (7, 8459.0, 1479.0), (13, 8459.0, 1479.0), (7, 8459.0, 1479.0), (13, 8459.0, 1479.0), (7, 8459.0, 1479.0), (13, 8459.0, 1479.0), (7, 8459.0, 1479.0), (13, 8459.0, 1479.0), (7, 8459.0, 1479.0), (13, 8459.0, 1479.0), (7, 8459.0, 1479.0), (13, 8459.0, 1479.0), (7, 8459.0, 1479.0), (13, 8459.0, 1479.0), (7, 8459.0, 1479.0), (13, 8459.0, 1479.0), (7, 8459.0, 1479.0), (13, 8459.0, 1479.0), (7, 8459.0, 1479.0), (13, 8459.0, 1479.0), (7, 8459.0, 1479.0), (13, 8459.0, 1479.0), (7, 8459.0, 1479.0), (13, 8459.0, 1479.0), (7, 8459.0, 1479.0), (13, 8459.0, 1479.0), (7, 8459.0, 1479.0), (13, 8459.0, 1479.0), (7, 8459.0, 1479.0), (13, 8459.0, 1479.0), (7, 8459.0, 1479.0), (13, 8459.0, 1479.0), (7, 8459.0, 1479.0), (13, 8459.0, 1479.0), (7, 8459.0, 1479.0), (13, 8459.0, 1479.0), (7, 8459.0, 1479.0), (13, 8459.0, 1479.0), (7, 8459.0, 1479.0), (13, 8459.0, 1479.0), (7, 8459.0, 1479.0), (13, 8459.0, 1479.0), (7, 8459.0, 1479.0), (13, 8459.0, 1479.0), (7, 8459.0, 1479.0), (13, 8459.0, 1479.0), (7, 8459.0, 1479.0), (13, 8459.0, 1479.0), (7, 8459.0, 1479.0), (13, 8459.0, 1479.0), (7, 8459.0, 1479.0), (13, 8459.0, 1479.0), (7, 8459.0, 1479.0), (13, 8459.0, 1479.0), (7, 8459.0, 1479.0), (13, 8459.0, 1479.0), (7, 8459.0, 1479.0), (13, 8459.0, 1479.0), (7, 8459.0, 1479.0), (13, 8459.0, 1479.0), (7, 8459.0, 1479.0), (13, 8459.0, 1479.0), (7, 8459.0, 1479.0), (13, 8459.0, 1479.0), (7, 8459.0, 1479.0), (13, 8459.0, 1479.0), (7, 8459.0, 1479.0), (13, 8459.0, 1479.0), (7, 8459.0, 1479.0), (13, 8459.0, 1479.0), (7, 8459.0, 1479.0), (13, 8459.0, 1479.0), (7, 8459.0, 1479.0), (13, 8459.0, 1479.0), (7, 8459.0, 1479.0), (13, 8459.0, 1479.0), (7, 8459.0, 1479.0), (13, 8459.0, 1479.0), (7, 8459.0, 1479.0), (13, 8459.0, 1479.0), (7, 8459.0, 1479.0), (13, 8459.0, 1479.0), (7, 8459.0, 1479.0), (13, 8459.0, 1479.0), (7, 8459.0, 1479.0), (13, 8459.0, 1479.0), (7, 8459.0, 1479.0), (13, 8459.0, 1479.0), (7, 8459.0, 1479.0), (13, 8459.0, 1479.0), (7, 8459.0, 1479.0), (13, 8459.0, 1479.0), (7, 8459.0, 1479.0), (13, 8459.0, 1479.0), (7, 8459.0, 1479.0), (13, 8459.0, 1479.0), (7, 8459.0, 1479.0), (13, 8459.0, 1479.0), (7, 8459.0, 1479.0), (13, 8459.0, 1479.0), (7, 8459.0, 1479.0), (13, 8459.0, 1479.0), (7, 8459.0, 1479.0), (13, 8459.0, 1479.0), (7, 8459.0, 1479.0), (13, 8459.0, 1479.0), (7, 8459.0, 1479.0), (13, 8459.0, 1479.0), (7, 8459.0, 1479.0), (13, 8459.0, 1479.0), (7, 8459.0, 1479.0), (13, 8459.0, 1479.0), (7, 8459.0, 1479.0), (13, 8459.0, 1479.0), (7, 8459.0, 1479.0), (13, 8459.0, 1479.0), (7, 8459.0, 1479.0), (13, 8459.0, 1479.0), (7, 8459.0, 1479.0), (13, 8459.0, 1479.0), (7, 8459.0, 1479.0), (13, 8459.0, 1479.0), (7, 8459.0, 1479.0), (13, 8459.0, 1479.0), (7, 8459.0, 1479.0), (13, 8459.0, 1479.0), (7, 8459.0, 1479.0), (13, 8459.0, 1479.0), (7, 8459.0, 1479.0), (13, 8459.0, 1479.0), (7, 8459.0, 1479.0), (13, 8459.0, 1479.0), (7, 8459.0, 1479.0), (13, 8459.0, 1479.0), (7, 8459.0, 1479.0), (13, 8459.0, 1479.0), (7, 8459.0, 1479.0), (13, 8459.0, 1479.0), (7, 8459.0, 1479.0), (13, 8459.0, 1479.0), (7, 8459.0, 1479.0), (13, 8459.0, 1479.0), (7, 8459.0, 1479.0), (13, 8459.0, 1479.0), (7, 8459.0, 1479.0), (13, 8459.0, 1479.0), (7, 8459.0, 1479.0), (13, 8459.0, 1479.0), (7, 8459.0, 1479.0), (13, 8459.0, 1479.0), (7, 8459.0, 1479.0), (13, 8459.0, 1479.0), (7, 8459.0, 1479.0), (13, 8459.0, 1479.0), (7, 8459.0, 1479.0), (13, 8459.0, 1479.0), (7, 8459.0, 1479.0), (13, 8459.0, 1479.0), (7, 8459.0, 1479.0), (13, 8459.0, 1479.0), (7, 8459.0, 1479.0), (13, 8459.0, 1479.0), (7, 8459.0, 1479.0), (13, 8459.0, 1479.0), (7, 8459.0, 1479.0), (13, 8459.0, 1479.0), (7, 8459.0, 1479.0), (13, 8459.0, 1479.0), (7, 8459.0, 1479.0), (13, 8459.0, 1479.0), (7, 8459.0, 1479.0), (13, 8459.0, 1479.0), (7, 8459.0, 1479.0), (13, 8459.0, 1479.0), (7, 8459.0, 1479.0), (13, 8459.0, 1479.0), (7, 8459.0, 1479.0), (13, 8459.0, 1479.0), (7, 8459.0, 1479.0), (13, 8459.0, 1479.0), (7, 8459.0, 1479.0), (13, 8459.0, 1479.0), (7, 8459.0, 1479.0), (13, 8459.0, 1479.0), (7, 8459.0, 1479.0), (13, 8459.0, 1479.0), (7, 8459.0, 1479.0), (13, 8459.0, 1479.0), (7, 8459.0, 1479.0), (13, 8459.0, 1479.0), (7, 8459.0, 1479.0), (13, 8459.0, 1479.0), (7, 8459.0, 1479.0), (13, 8459.0, 1479.0), (7, 8459.0, 1479.0), (13, 8459.0, 1479.0), (7, 8459.0, 1479.0), (13, 8459.0, 1479.0), (7, 8459.0, 1479.0), (13, 8459.0, 1479.0), (7, 8459.0, 1479.0), (13, 8459.0, 1479.0), (7, 8459.0, 1479.0), (13, 8459.0, 1479.0), (7, 8459.0, 1479.0), (13, 8459.0, 1479.0), (7, 8459.0, 1479.0), (13, 8459.0, 1479.0), (7, 8459.0, 1479.0), (13, 8459.0, 1479.0), (7, 8459.0, 1479.0), (13, 8459.0, 1479.0), (7, 8459.0, 1479.0), (13, 8459.0, 1479.0), (7, 8459.0, 1479.0), (13, 8459.0, 1479.0), (7, 8459.0, 1479.0), (13, 8459.0, 1479.0), (7, 8459.0, 1479.0), (13, 8459.0, 1479.0), (7, 8459.0, 1479.0), (13, 8459.0, 1479.0), (7, 8459.0, 1479.0), (13, 8459.0, 1479.0), (7, 8459.0, 1479.0), (13, 8459.0, 1479.0), (7, 8459.0, 1479.0), (13, 8459.0, 1479.0), (7, 8459.0, 1479.0), (13, 8459.0, 1479.0), (7, 8459.0, 1479.0), (13, 8459.0, 1479.0), (7, 8459.0, 1479.0), (13, 8459.0, 1479.0), (7, 8459.0, 1479.0), (13, 8459.0, 1479.0), (7, 8459.0, 1479.0), (13, 8459.0, 1479.0), (7, 8459.0, 1479.0), (13, 8459.0, 1479.0), (7, 8459.0, 1479.0), (13, 8459.0, 1479.0), (7, 8459.0, 1479.0), (13, 8459.0, 1479.0), (7, 8459.0, 1479.0), (13, 8459.0, 1479.0), (7, 8459.0, 1479.0), (13, 8459.0, 1479.0), (7, 8459.0, 1479.0), (13, 8459.0, 1479.0), (7, 8459.0, 1479.0), (13, 8459.0, 1479.0), (7, 8459.0, 1479.0), (13, 8459.0, 1479.0), (7, 8459.0, 1479.0), (13, 8459.0, 1479.0), (7, 8459.0, 1479.0), (13, 8459.0, 1479.0), (7, 8459.0, 1479.0), (13, 8459.0, 1479.0), (7, 8459.0, 1479.0), (13, 8459.0, 1479.0), (7, 8459.0, 1479.0), (13, 8459.0, 1479.0), (7, 8459.0, 1479.0), (13, 8459.0, 1479.0), (7, 8459.0, 1479.0), (13, 8459.0, 1479.0), (7, 8459.0, 1479.0), (13, 8459.0, 1479.0), (7, 8459.0, 1479.0), (13, 8459.0, 1479.0), (7, 8459.0, 1479.0), (13, 8459.0, 1479.0), (7, 8459.0, 1479.0), (13, 8459.0, 1479.0), (7, 8459.0, 1479.0), (13, 8459.0, 1479.0), (7, 8459.0, 1479.0), (13, 8459.0, 1479.0), (7, 8459.0, 1479.0), (13, 8459.0, 1479.0), (7, 8459.0, 1479.0), (13, 8459.0, 1479.0), (7, 8459.0, 1479.0), (13, 8459.0, 1479.0), (7, 8459.0, 1479.0), (13, 8459.0, 1479.0), (7, 8459.0, 1479.0), (13, 8459.0, 1479.0), (7, 8459.0, 1479.0), (13, 8459.0, 1479.0), (7, 8459.0, 1479.0), (13, 8459.0, 1479.0), (7, 8459.0, 1479.0), (13, 8459.0, 1479.0), (7, 8459.0, 1479.0), (13, 8459.0, 1479.0), (7, 8459.0, 1479.0), (13, 8459.0, 1479.0), (7, 8459.0, 1479.0), (13, 8459.0, 1479.0), (7, 8459.0, 1479.0), (13, 8459.0, 1479.0), (7, 8459.0, 1479.0), (13, 8459.0, 1479.0), (7, 8459.0, 1479.0), (13, 8459.0, 1479.0), (7, 8459.0, 1479.0), (13, 8459.0, 1479.0), (7, 8459.0, 1479.0), (13, 8459.0, 1479.0), (7, 8459.0, 1479.0), (13, 8459.0, 1479.0), (7, 8459.0, 1479.0), (13, 8459.0, 1479.0), (7, 8459.0, 1479.0), (13, 8459.0, 1479.0), (7, 8459.0, 1479.0), (13, 8459.0, 1479.0), (7, 8459.0, 1479.0), (13, 8459.0, 1479.0), (7, 8459.0, 1479.0), (13, 8459.0, 1479.0), (7, 8459.0, 1479.0), (13, 8459.0, 1479.0), (7, 8459.0, 1479.0), (13, 8459.0, 1479.0), (7, 8459.0, 1479.0), (13, 8459.0, 1479.0), (7, 8459.0, 1479.0), (13, 8459.0, 1479.0), (7, 8459.0, 1479.0), (13, 8459.0, 1479.0), (7, 8459.0, 1479.0), (13, 8459.0, 1479.0), (7, 8459.0, 1479.0), (13, 8459.0, 1479.0), (7, 8459.0, 1479.0), (13, 8459.0, 1479.0), (7, 8459.0, 1479.0), (13, 8459.0, 1479.0), (7, 8459.0, 1479.0), (13, 8459.0, 1479.0), (7, 8459.0, 1479.0), (13, 8459.0, 1479.0), (7, 8459.0, 1479.0), (13, 8459.0, 1479.0), (7, 8459.0, 1479.0), (13, 8459.0, 1479.0), (7, 8459.0, 1479.0), (13, 8459.0, 1479.0), (7, 8459.0, 1479.0), (13, 8459.0, 1479.0), (7, 8459.0, 1479.0), (13, 8459.0, 1479.0), (7, 8459.0, 1479.0), (13, 8459.0, 1479.0), (7, 8459.0, 1479.0), (13, 8459.0, 1479.0), (7, 8459.0, 1479.0), (13, 8459.0, 1479.0), (7, 8459.0, 1479.0), (13, 8459.0, 1479.0), (7, 8459.0, 1479.0), (13, 8459.0, 1479.0), (7, 8459.0, 1479.0), (13, 8459.0, 1479.0), (7, 8459.0, 1479.0), (13, 8459.0, 1479.0), (7, 8459.0, 1479.0), (13, 8459.0, 1479.0), (7, 8459.0, 1479.0), (13, 8459.0, 1479.0), (7, 8459.0, 1479.0), (13, 8459.0, 1479.0), (7, 8459.0, 1479.0), (13, 8459.0, 1479.0), (7, 8459.0, 1479.0), (13, 8459.0, 1479.0), (7, 8459.0, 1479.0), (13, 8459.0, 1479.0), (7, 8459.0, 1479.0), (13, 8459.0, 1479.0), (7, 8459.0, 1479.0), (13, 8459.0, 1479.0), (7, 8459.0, 1479.0), (13, 8459.0, 1479.0), (7, 8459.0, 1479.0), (13, 8459.0, 1479.0), (7, 8459.0, 1479.0), (13, 8459.0, 1479.0), (7, 8459.0, 1479.0), (13, 8459.0, 1479.0), (7, 8459.0, 1479.0), (13, 8459.0, 1479.0), (7, 8459.0, 1479.0), (13, 8459.0, 1479.0), (7, 8459.0, 1479.0), (13, 8459.0, 1479.0), (7, 8459.0, 1479.0), (13, 8459.0, 1479.0), (7, 8459.0, 1479.0), (13, 8459.0, 1479.0), (7, 8459.0, 1479.0), (13, 8459.0, 1479.0), (7, 8459.0, 1479.0), (13, 8459.0, 1479.0), (7, 8459.0, 1479.0), (13, 8459.0, 1479.0), (7, 8459.0, 1479.0), (13, 8459.0, 1479.0), (7, 8459.0, 1479.0), (13, 8459.0, 1479.0), (7, 8459.0, 1479.0), (13, 8459.0, 1479.0), (7, 8459.0, 1479.0), (13, 8459.0, 1479.0), (7, 8459.0, 1479.0), (13, 8459.0, 1479.0), (7, 8459.0, 1479.0), (13, 8459.0, 1479.0), (7, 8459.0, 1479.0), (13, 8459.0, 1479.0), (7, 8459.0, 1479.0), (13, 8459.0, 1479.0), (7, 8459.0, 1479.0), (13, 8459.0, 1479.0), (7, 8459.0, 1479.0), (13, 8459.0, 1479.0), (7, 8459.0, 1479.0), (13, 8459.0, 1479.0), (7, 8459.0, 1479.0), (13, 8459.0, 1479.0), (7, 8459.0, 1479.0), (13, 8459.0, 1479.0), (7, 8459.0, 1479.0), (13, 8459.0, 1479.0), (7, 8459.0, 1479.0), (13, 8459.0, 1479.0), (7, 8459.0, 1479.0), (13, 8459.0, 1479.0), (7, 8459.0, 1479.0), (13, 8459.0, 1479.0), (7, 8459.0, 1479.0), (13, 8459.0, 1479.0), (7, 8459.0, 1479.0), (13, 8459.0, 1479.0), (7, 8459.0, 1479.0), (13, 8459.0, 1479.0), (7, 8459.0, 1479.0), (13, 8459.0, 1479.0), (7, 8459.0, 1479.0), (13, 8459.0, 1479.0), (7, 8459.0, 1479.0), (13, 8459.0, 1479.0), (7, 8459.0, 1479.0), (13, 8459.0, 1479.0), (7, 8459.0, 1479.0), (13, 8459.0, 1479.0), (7, 8459.0, 1479.0), (13, 8459.0, 1479.0), (7, 8459.0, 1479.0), (13, 8459.0, 1479.0), (7, 8459.0, 1479.0), (13, 8459.0, 1479.0), (7, 8459.0, 1479.0), (13, 8459.0, 1479.0), (7, 8459.0, 1479.0), (13, 8459.0, 1479.0), (7, 8459.0, 1479.0), (13, 8459.0, 1479.0), (7, 8459.0, 1479.0), (13, 8459.0, 1479.0), (7, 8459.0, 1479.0), (13, 8459.0, 1479.0), (7, 8459.0, 1479.0), (13, 8459.0, 1479.0), (7, 8459.0, 1479.0), (13, 8459.0, 1479.0), (7, 8459.0, 1479.0), (13, 8459.0, 1479.0), (7, 8459.0, 1479.0), (13, 8459.0, 1479.0), (7, 8459.0, 1479.0), (13, 8459.0, 1479.0), (7, 8459.0, 1479.0), (13, 8459.0, 1479.0), (7, 8459.0, 1479.0), (13, 8459.0, 1479.0), (7, 8459.0, 1479.0), (13, 8459.0, 1479.0), (7, 8459.0, 1479.0), (13, 8459.0, 1479.0), (7, 8459.0, 1479.0), (13, 8459.0, 1479.0), (7, 8459.0, 1479.0), (13, 8459.0, 1479.0), (7, 8459.0, 1479.0), (13, 8459.0, 1479.0), (7, 8459.0, 1479.0), (13, 8459.0, 1479.0), (7, 8459.0, 1479.0), (13, 8459.0, 1479.0), (7, 8459.0, 1479.0), (13, 8459.0, 1479.0), (7, 8459.0, 1479.0), (13, 8459.0, 1479.0), (7, 8459.0, 1479.0), (13, 8459.0, 1479.0), (7, 8459.0, 1479.0), (13, 8459.0, 1479.0), (7, 8459.0, 1479.0), (13, 8459.0, 1479.0), (7, 8459.0, 1479.0), (13, 8459.0, 1479.0), (7, 8459.0, 1479.0), (13, 8459.0, 1479.0), (7, 8459.0, 1479.0), (13, 8459.0, 1479.0), (7, 8459.0, 1479.0), (13, 8459.0, 1479.0), (7, 8459.0, 1479.0), (13, 8459.0, 1479.0), (7, 8459.0, 1479.0), (13, 8459.0, 1479.0), (7, 8459.0, 1479.0), (13, 8459.0, 1479.0), (7, 8459.0, 1479.0), (13, 8459.0, 1479.0), (7, 8459.0, 1479.0), (13, 8459.0, 1479.0), (7, 8459.0, 1479.0), (13, 8459.0, 1479.0), (7, 8459.0, 1479.0), (13, 8459.0, 1479.0), (7, 8459.0, 1479.0), (13, 8459.0, 1479.0), (7, 8459.0, 1479.0), (13, 8459.0, 1479.0), (7, 8459.0, 1479.0), (13, 8459.0, 1479.0), (7, 8459.0, 1479.0), (13, 8459.0, 1479.0), (7, 8459.0, 1479.0), (13, 8459.0, 1479.0), (7, 8459.0, 1479.0), (13, 8459.0, 1479.0), (7, 8459.0, 1479.0), (13, 8459.0, 1479.0), (7, 8459.0, 1479.0), (13, 8459.0, 1479.0), (7, 8459.0, 1479.0), (13, 8459.0, 1479.0), (7, 8459.0, 1479.0), (13, 8459.0, 1479.0), (7, 8459.0, 1479.0), (13, 8459.0, 1479.0), (7, 8459.0, 1479.0), (13, 8459.0, 1479.0), (7, 8459.0, 1479.0), (13, 8459.0, 1479.0), (7, 8459.0, 1479.0), (13, 8459.0, 1479.0), (7, 8459.0, 1479.0), (13, 8459.0, 1479.0), (7, 8459.0, 1479.0), (13, 8459.0, 1479.0), (7, 8459.0, 1479.0), (13, 8459.0, 1479.0), (7, 8459.0, 1479.0), (13, 8459.0, 1479.0), (7, 8459.0, 1479.0), (13, 8459.0, 1479.0), (7, 8459.0, 1479.0), (13, 8459.0, 1479.0), (7, 8459.0, 1479.0), (13, 8459.0, 1479.0), (7, 8459.0, 1479.0), (13, 8459.0, 1479.0), (7, 8459.0, 1479.0), (13, 8459.0, 1479.0), (7, 8459.0, 1479.0), (13, 8459.0, 1479.0), (7, 8459.0, 1479.0), (13, 8459.0, 1479.0), (7, 8459.0, 1479.0), (13, 8459.0, 1479.0), (7, 8459.0, 1479.0), (13, 8459.0, 1479.0), (7, 8459.0, 1479.0), (13, 8459.0, 1479.0), (7, 8459.0, 1479.0), (13, 8459.0, 1479.0), (7, 8459.0, 1479.0), (13, 8459.0, 1479.0), (7, 8459.0, 1479.0), (13, 8459.0, 1479.0), (7, 8459.0, 1479.0), (13, 8459.0, 1479.0), (7, 8459.0, 1479.0), (13, 8459.0, 1479.0), (7, 8459.0, 1479.0), (13, 8459.0, 1479.0), (7, 8459.0, 1479.0), (13, 8459.0, 1479.0), (7, 8459.0, 1479.0), (13, 8459.0, 1479.0), (7, 8459.0, 1479.0), (13, 8459.0, 1479.0), (7, 8459.0, 1479.0), (13, 8459.0, 1479.0), (7, 8459.0, 1479.0), (13, 8459.0, 1479.0), (7, 8459.0, 1479.0), (13, 8459.0, 1479.0), (7, 8459.0, 1479.0), (13, 8459.0, 1479.0), (7, 8459.0, 1479.0), (13, 8459.0, 1479.0), (7, 8459.0, 1479.0), (13, 8459.0, 1479.0), (7, 8459.0, 1479.0), (13, 8459.0, 1479.0), (7, 8459.0, 1479.0), (13, 8459.0, 1479.0), (7, 8459.0, 1479.0), (13, 8459.0, 1479.0), (7, 8459.0, 1479.0), (13, 8459.0, 1479.0), (7, 8459.0, 1479.0), (13, 8459.0, 1479.0), (7, 8459.0, 1479.0), (13, 8459.0, 1479.0), (7, 8459.0, 1479.0), (13, 8459.0, 1479.0), (7, 8459.0, 1479.0), (13, 8459.0, 1479.0), (7, 8459.0, 1479.0), (13, 8459.0, 1479.0), (7, 8459.0, 1479.0), (13, 8459.0, 1479.0), (7, 8459.0, 1479.0), (13, 8459.0, 1479.0), (7, 8459.0, 1479.0), (13, 8459.0, 1479.0), (7, 8459.0, 1479.0), (13, 8459.0, 1479.0), (7, 8459.0, 1479.0), (13, 8459.0, 1479.0), (7, 8459.0, 1479.0), (13, 8459.0, 1479.0), (7, 8459.0, 1479.0), (13, 8459.0, 1479.0), (7, 8459.0, 1479.0), (13, 8459.0, 1479.0), (7, 8459.0, 1479.0), (13, 57069.0, 1508.0), (0, 57069.0, 1508.0), (0, 57069.0, 1508.0), (1, 57069.0, 1508.0), (3, 57069.0, 1508.0), (4, 57069.0, 1508.0), (5, 57069.0, 1508.0), (6, 57069.0, 1508.0), (1, 57069.0, 1508.0), (3, 57069.0, 1508.0), (4, 57069.0, 1508.0), (5, 57069.0, 1508.0), (6, 57069.0, 1508.0), (1, 57069.0, 1508.0), (3, 57069.0, 1508.0), (4, 57069.0, 1508.0), (5, 57069.0, 1508.0), (6, 57069.0, 1508.0), (1, 57069.0, 1508.0), (3, 57069.0, 1508.0), (4, 57069.0, 1508.0), (5, 57069.0, 1508.0), (6, 57069.0, 1508.0), (1, 57069.0, 1508.0), (3, 57069.0, 1508.0), (4, 57069.0, 1508.0), (5, 57069.0, 1508.0), (6, 57069.0, 1508.0), (1, 57069.0, 1508.0), (3, 57069.0, 1508.0), (4, 57069.0, 1508.0), (5, 57069.0, 1508.0), (6, 57069.0, 1508.0), (1, 57069.0, 1508.0), (3, 57069.0, 1508.0), (4, 57069.0, 1508.0), (5, 57069.0, 1508.0), (6, 57069.0, 1508.0), (1, 57069.0, 1508.0), (3, 57069.0, 1508.0), (4, 57069.0, 1508.0), (5, 57069.0, 1508.0), (6, 57069.0, 1508.0), (1, 57069.0, 1526.0), (3, 57069.0, 1526.0), (4, 57069.0, 1526.0), (5, 57069.0, 1526.0), (6, 57069.0, 1526.0), (1, 57069.0, 1545.0), (3, 57069.0, 1545.0), (4, 57069.0, 1545.0), (5, 57069.0, 1545.0), (6, 57069.0, 1545.0), (1, 57069.0, 1563.0), (3, 57069.0, 1563.0), (4, 57069.0, 1563.0), (5, 57069.0, 1563.0), (6, 57069.0, 1563.0), (1, 57069.0, 1608.0), (3, 57069.0, 1608.0), (4, 57069.0, 1608.0), (5, 57069.0, 1608.0), (6, 57069.0, 1608.0), (1, 57069.0, 1650.0), (3, 57069.0, 1650.0), (4, 57069.0, 1650.0), (5, 57069.0, 1650.0), (6, 57069.0, 1650.0), (1, 57069.0, 1694.0), (3, 57069.0, 1694.0), (4, 57069.0, 1694.0), (5, 57069.0, 1694.0), (6, 57069.0, 1694.0), (1, 57069.0, 1701.0), (3, 57069.0, 1701.0), (4, 57069.0, 1701.0), (5, 57069.0, 1701.0), (6, 57069.0, 1701.0), (1, 57069.0, 1710.0), (3, 57069.0, 1710.0), (4, 57069.0, 1710.0), (5, 57069.0, 1710.0), (6, 57069.0, 1710.0), (1, 57069.0, 1710.0), (3, 57069.0, 1710.0), (4, 57069.0, 1710.0), (5, 57069.0, 1710.0), (6, 57069.0, 1710.0), (1, 57069.0, 1710.0), (3, 57069.0, 1710.0), (4, 57069.0, 1710.0), (5, 57069.0, 1710.0), (6, 57069.0, 1710.0), (1, 57069.0, 1710.0), (3, 57069.0, 1710.0), (4, 57069.0, 1710.0), (5, 57069.0, 1710.0), (6, 57069.0, 1710.0), (1, 57069.0, 1710.0), (3, 57069.0, 1710.0), (4, 57069.0, 1710.0), (5, 57069.0, 1710.0), (6, 57069.0, 1710.0), (1, 57069.0, 1710.0), (3, 57069.0, 1710.0), (4, 57069.0, 1710.0), (5, 57069.0, 1710.0), (6, 57069.0, 1710.0), (1, 57069.0, 1710.0), (3, 57069.0, 1710.0), (4, 57069.0, 1710.0), (5, 57069.0, 1710.0), (6, 57069.0, 1710.0), (1, 57069.0, 1710.0), (3, 57069.0, 1710.0), (4, 57069.0, 1710.0), (5, 57069.0, 1710.0), (6, 57069.0, 1710.0), (7, 57069.0, 1710.0), (8, 57069.0, 1710.0), (9, 57069.0, 1710.0), (10, 57069.0, 1710.0), (11, 57069.0, 1710.0), (12, 57069.0, 1710.0), (13, 57069.0, 1710.0), (0, 57069.0, 1710.0), (0, 57069.0, 1710.0), (1, 57069.0, 1710.0), (3, 57069.0, 1710.0), (4, 57069.0, 1710.0), (5, 57069.0, 1710.0), (6, 57069.0, 1710.0), (1, 57069.0, 1718.0), (3, 57069.0, 1718.0), (4, 57069.0, 1718.0), (5, 57069.0, 1718.0), (6, 57069.0, 1718.0), (1, 57069.0, 1725.0), (3, 57069.0, 1725.0), (4, 57069.0, 1725.0), (5, 57069.0, 1725.0), (6, 57069.0, 1725.0), (1, 57069.0, 1732.0), (3, 57069.0, 1732.0), (4, 57069.0, 1732.0), (5, 57069.0, 1732.0), (6, 57069.0, 1732.0), (1, 57069.0, 1740.0), (3, 57069.0, 1740.0), (4, 57069.0, 1740.0), (5, 57069.0, 1740.0), (6, 57069.0, 1740.0), (1, 57069.0, 1748.0), (3, 57069.0, 1748.0), (4, 57069.0, 1748.0), (5, 57069.0, 1748.0), (6, 57069.0, 1748.0), (1, 57069.0, 1754.0), (3, 57069.0, 1754.0), (4, 57069.0, 1754.0), (5, 57069.0, 1754.0), (6, 57069.0, 1754.0), (1, 57069.0, 1760.0), (3, 57069.0, 1760.0), (4, 57069.0, 1760.0), (5, 57069.0, 1760.0), (6, 57069.0, 1760.0), (1, 57069.0, 1768.0), (3, 57069.0, 1768.0), (4, 57069.0, 1768.0), (5, 57069.0, 1768.0), (6, 57069.0, 1768.0), (1, 57069.0, 1768.0), (3, 57069.0, 1768.0), (4, 57069.0, 1768.0), (5, 57069.0, 1768.0), (6, 57069.0, 1768.0), (1, 57069.0, 1768.0), (3, 57069.0, 1768.0), (4, 57069.0, 1768.0), (5, 57069.0, 1768.0), (6, 57069.0, 1768.0), (1, 57069.0, 1775.0), (3, 57069.0, 1775.0), (4, 57069.0, 1775.0), (5, 57069.0, 1775.0), (6, 57069.0, 1775.0), (1, 57069.0, 1782.0), (3, 57069.0, 1782.0), (4, 57069.0, 1782.0), (5, 57069.0, 1782.0), (6, 57069.0, 1782.0), (7, 57069.0, 1782.0), (13, 57069.0, 1782.0), (8, 57069.0, 1782.0), (9, 57069.0, 1782.0), (10, 57069.0, 1782.0), (11, 57069.0, 1782.0), (12, 57069.0, 1782.0), (13, 57069.0, 1782.0), (0, 57069.0, 1782.0), (0, 57069.0, 1782.0), (1, 57069.0, 1782.0), (3, 57069.0, 1782.0), (4, 57069.0, 1782.0), (5, 57069.0, 1782.0), (6, 57069.0, 1782.0), (8, 57069.0, 1782.0), (9, 57069.0, 1782.0), (10, 57069.0, 1782.0), (11, 57069.0, 1782.0), (12, 57069.0, 1782.0), (13, 57069.0, 1782.0), (0, 57069.0, 1782.0), (0, 57069.0, 1782.0), (1, 57069.0, 1782.0), (3, 57069.0, 1782.0), (4, 57069.0, 1782.0), (5, 57069.0, 1782.0), (6, 57069.0, 1782.0), (8, 57069.0, 1782.0), (9, 57069.0, 1782.0), (10, 57069.0, 1782.0), (11, 57069.0, 1782.0), (12, 57069.0, 1782.0), (13, 57069.0, 1782.0), (0, 57069.0, 1782.0)]
2026-01-01 16:50:10,094 estimate_duration: transitions=[(0, 1520.0, 9.0), (0, 1520.0, 9.0), (1, 1520.0, 9.0), (2, 1520.0, 9.0), (3, 1520.0, 9.0), (4, 1520.0, 9.0), (5, 1520.0, 9.0), (6, 1520.0, 9.0), (1, 1520.0, 18.0), (2, 1520.0, 18.0), (3, 1520.0, 18.0), (4, 1520.0, 18.0), (5, 1520.0, 18.0), (6, 1520.0, 18.0), (1, 1520.0, 27.0), (2, 1520.0, 27.0), (3, 1520.0, 27.0), (4, 1520.0, 27.0), (5, 1520.0, 27.0), (6, 1520.0, 27.0), (1, 1520.0, 36.0), (2, 1520.0, 36.0), (3, 1520.0, 36.0), (4, 1520.0, 36.0), (5, 1520.0, 36.0), (6, 1520.0, 36.0), (1, 1520.0, 44.0), (3, 1520.0, 44.0), (4, 1520.0, 44.0), (5, 1520.0, 44.0), (6, 1520.0, 44.0), (1, 1520.0, 52.0), (3, 1520.0, 52.0), (4, 1520.0, 52.0), (5, 1520.0, 52.0), (6, 1520.0, 52.0), (1, 1520.0, 59.0), (3, 1520.0, 59.0), (4, 1520.0, 59.0), (5, 1520.0, 59.0), (6, 1520.0, 59.0), (1, 1520.0, 67.0), (3, 1520.0, 67.0), (4, 1520.0, 67.0), (5, 1520.0, 67.0), (6, 1520.0, 67.0), (1, 1520.0, 75.0), (3, 1520.0, 75.0), (4, 1520.0, 75.0), (5, 1520.0, 75.0), (6, 1520.0, 75.0), (1, 1520.0, 83.0), (3, 1520.0, 83.0), (4, 1520.0, 83.0), (5, 1520.0, 83.0), (6, 1520.0, 83.0), (1, 1520.0, 92.0), (3, 1520.0, 92.0), (4, 1520.0, 92.0), (5, 1520.0, 92.0), (6, 1520.0, 92.0), (1, 1520.0, 100.0), (3, 1520.0, 100.0), (4, 1520.0, 100.0), (5, 1520.0, 100.0), (6, 1520.0, 100.0), (1, 1520.0, 108.0), (3, 1520.0, 108.0), (4, 1520.0, 108.0), (5, 1520.0, 108.0), (6, 1520.0, 108.0), (7, 1520.0, 108.0), (8, 1520.0, 108.0), (9, 1520.0, 108.0), (10, 1520.0, 108.0), (11, 1520.0, 108.0), (12, 1520.0, 108.0), (1, 1520.0, 108.0), (3, 1520.0, 108.0), (4, 1520.0, 108.0), (5, 1520.0, 108.0), (6, 1520.0, 108.0), (1, 1520.0, 117.0), (2, 1520.0, 117.0), (3, 1520.0, 117.0), (4, 1520.0, 117.0), (5, 1520.0, 117.0), (6, 1520.0, 117.0), (1, 1520.0, 126.0), (2, 1520.0, 126.0), (3, 1520.0, 126.0), (4, 1520.0, 126.0), (5, 1520.0, 126.0), (6, 1520.0, 126.0), (1, 1520.0, 134.0), (2, 1520.0, 134.0), (3, 1520.0, 134.0), (4, 1520.0, 134.0), (5, 1520.0, 134.0), (6, 1520.0, 134.0), (1, 1520.0, 143.0), (3, 1520.0, 143.0), (4, 1520.0, 143.0), (5, 1520.0, 143.0), (6, 1520.0, 143.0), (7, 1520.0, 152.0), (1, 1520.0, 152.0), (3, 1520.0, 152.0), (4, 1520.0, 152.0), (5, 1520.0, 152.0), (6, 1520.0, 152.0), (1, 1520.0, 161.0), (3, 1520.0, 161.0), (4, 1520.0, 161.0), (5, 1520.0, 161.0), (6, 1520.0, 161.0), (7, 1520.0, 161.0), (8, 1520.0, 161.0), (9, 1520.0, 161.0), (10, 1520.0, 161.0), (11, 1520.0, 161.0), (12, 1520.0, 161.0), (1, 1520.0, 161.0), (3, 1520.0, 161.0), (4, 1520.0, 161.0), (5, 1520.0, 161.0), (6, 1520.0, 161.0), (0, 15040.0, 170.0), (7, 15040.0, 170.0), (0, 15040.0, 170.0), (1, 15040.0, 170.0), (2, 15040.0, 170.0), (3, 15040.0, 170.0), (4, 15040.0, 170.0), (5, 15040.0, 170.0), (6, 15040.0, 170.0), (8, 15040.0, 170.0), (9, 15040.0, 170.0), (10, 15040.0, 170.0), (11, 15040.0, 170.0), (12, 15040.0, 170.0), (1, 15040.0, 170.0), (2, 15040.0, 170.0), (3, 15040.0, 170.0), (4, 15040.0, 170.0), (5, 15040.0, 170.0), (6, 15040.0, 170.0), (1, 15040.0, 179.0), (2, 15040.0, 179.0), (3, 15040.0, 179.0), (4, 15040.0, 179.0), (5, 15040.0, 179.0), (6, 15040.0, 179.0), (1, 15040.0, 188.0), (2, 15040.0, 188.0), (3, 15040.0, 188.0), (4, 15040.0, 188.0), (5, 15040.0, 188.0), (6, 15040.0, 188.0), (1, 15040.0, 237.0), (2, 15040.0, 237.0), (3, 15040.0, 237.0), (4, 15040.0, 237.0), (5, 15040.0, 237.0), (6, 15040.0, 237.0), (1, 15040.0, 285.0), (2, 15040.0, 285.0), (3, 15040.0, 285.0), (4, 15040.0, 285.0), (5, 15040.0, 285.0), (6, 15040.0, 285.0), (1, 15040.0, 334.0), (3, 15040.0, 334.0), (4, 15040.0, 334.0), (5, 15040.0, 334.0), (6, 15040.0, 334.0), (1, 15040.0, 383.0), (3, 15040.0, 383.0), (4, 15040.0, 383.0), (5, 15040.0, 383.0), (6, 15040.0, 383.0), (1, 15040.0, 432.0), (3, 15040.0, 432.0), (4, 15040.0, 432.0), (5, 15040.0, 432.0), (6, 15040.0, 432.0), (1, 15040.0, 481.0), (3, 15040.0, 481.0), (4, 15040.0, 481.0), (5, 15040.0, 481.0), (6, 15040.0, 481.0), (1, 15040.0, 500.0), (3, 15040.0, 500.0), (4, 15040.0, 500.0), (5, 15040.0, 500.0), (6, 15040.0, 500.0), (1, 15040.0, 519.0), (3, 15040.0, 519.0), (4, 15040.0, 519.0), (5, 15040.0, 519.0), (6, 15040.0, 519.0), (7, 15040.0, 519.0), (8, 15040.0, 519.0), (9, 15040.0, 519.0), (10, 15040.0, 519.0), (11, 15040.0, 519.0), (12, 15040.0, 519.0), (1, 15040.0, 519.0), (3, 15040.0, 519.0), (4, 15040.0, 519.0), (5, 15040.0, 519.0), (6, 15040.0, 519.0), (1, 15040.0, 538.0), (2, 15040.0, 538.0), (3, 15040.0, 538.0), (4, 15040.0, 538.0), (5, 15040.0, 538.0), (6, 15040.0, 538.0), (1, 15040.0, 557.0), (2, 15040.0, 557.0), (3, 15040.0, 557.0), (4, 15040.0, 557.0), (5, 15040.0, 557.0), (6, 15040.0, 557.0), (1, 15040.0, 576.0), (2, 15040.0, 576.0), (3, 15040.0, 576.0), (4, 15040.0, 576.0), (5, 15040.0, 576.0), (6, 15040.0, 576.0), (7, 15040.0, 576.0), (8, 15040.0, 576.0), (9, 15040.0, 576.0), (10, 15040.0, 576.0), (11, 15040.0, 576.0), (12, 15040.0, 576.0), (1, 15040.0, 576.0), (2, 15040.0, 576.0), (3, 15040.0, 576.0), (4, 15040.0, 576.0), (5, 15040.0, 576.0), (6, 15040.0, 576.0), (1, 15040.0, 595.0), (2, 15040.0, 595.0), (3, 15040.0, 595.0), (4, 15040.0, 595.0), (5, 15040.0, 595.0), (6, 15040.0, 595.0), (1, 15040.0, 614.0), (2, 15040.0, 614.0), (3, 15040.0, 614.0), (4, 15040.0, 614.0), (5, 15040.0, 614.0), (6, 15040.0, 614.0), (1, 15040.0, 633.0), (2, 15040.0, 633.0), (3, 15040.0, 633.0), (4, 15040.0, 633.0), (5, 15040.0, 633.0), (6, 15040.0, 633.0), (1, 15040.0, 652.0), (2, 15040.0, 652.0), (3, 15040.0, 652.0), (4, 15040.0, 652.0), (5, 15040.0, 652.0), (6, 15040.0, 652.0), (1, 15040.0, 671.0), (2, 15040.0, 671.0), (3, 15040.0, 671.0), (4, 15040.0, 671.0), (5, 15040.0, 671.0), (6, 15040.0, 671.0), (1, 15040.0, 690.0), (3, 15040.0, 690.0), (4, 15040.0, 690.0), (5, 15040.0, 690.0), (6, 15040.0, 690.0), (1, 15040.0, 709.0), (3, 15040.0, 709.0), (4, 15040.0, 709.0), (5, 15040.0, 709.0), (6, 15040.0, 709.0), (1, 15040.0, 728.0), (3, 15040.0, 728.0), (4, 15040.0, 728.0), (5, 15040.0, 728.0), (6, 15040.0, 728.0), (1, 15040.0, 746.0), (3, 15040.0, 746.0), (4, 15040.0, 746.0), (5, 15040.0, 746.0), (6, 15040.0, 746.0), (1, 15040.0, 764.0), (3, 15040.0, 764.0), (4, 15040.0, 764.0), (5, 15040.0, 764.0), (6, 15040.0, 764.0), (1, 15040.0, 783.0), (3, 15040.0, 783.0), (4, 15040.0, 783.0), (5, 15040.0, 783.0), (6, 15040.0, 783.0), (1, 15040.0, 801.0), (3, 15040.0, 801.0), (4, 15040.0, 801.0), (5, 15040.0, 801.0), (6, 15040.0, 801.0), (1, 15040.0, 819.0), (3, 15040.0, 819.0), (4, 15040.0, 819.0), (5, 15040.0, 819.0), (6, 15040.0, 819.0), (1, 15040.0, 837.0), (3, 15040.0, 837.0), (4, 15040.0, 837.0), (5, 15040.0, 837.0), (6, 15040.0, 837.0), (7, 15040.0, 837.0), (8, 15040.0, 837.0), (9, 15040.0, 837.0), (10, 15040.0, 837.0), (11, 15040.0, 837.0), (12, 15040.0, 837.0), (1, 15040.0, 837.0), (3, 15040.0, 837.0), (4, 15040.0, 837.0), (5, 15040.0, 837.0), (6, 15040.0, 837.0), (1, 15040.0, 856.0), (3, 15040.0, 856.0), (4, 15040.0, 856.0), (5, 15040.0, 856.0), (6, 15040.0, 856.0), (1, 15040.0, 865.0), (3, 15040.0, 865.0), (4, 15040.0, 865.0), (5, 15040.0, 865.0), (6, 15040.0, 865.0), (1, 15040.0, 874.0), (3, 15040.0, 874.0), (4, 15040.0, 874.0), (5, 15040.0, 874.0), (6, 15040.0, 874.0), (1, 15040.0, 883.0), (3, 15040.0, 883.0), (4, 15040.0, 883.0), (5, 15040.0, 883.0), (6, 15040.0, 883.0), (1, 15040.0, 892.0), (3, 15040.0, 892.0), (4, 15040.0, 892.0), (5, 15040.0, 892.0), (6, 15040.0, 892.0), (1, 15040.0, 901.0), (3, 15040.0, 901.0), (4, 15040.0, 901.0), (5, 15040.0, 901.0), (6, 15040.0, 901.0), (1, 15040.0, 910.0), (3, 15040.0, 910.0), (4, 15040.0, 910.0), (5, 15040.0, 910.0), (6, 15040.0, 910.0), (1, 15040.0, 919.0), (3, 15040.0, 919.0), (4, 15040.0, 919.0), (5, 15040.0, 919.0), (6, 15040.0, 919.0), (1, 15040.0, 928.0), (3, 15040.0, 928.0), (4, 15040.0, 928.0), (5, 15040.0, 928.0), (6, 15040.0, 928.0), (1, 15040.0, 928.0), (3, 15040.0, 928.0), (4, 15040.0, 928.0), (5, 15040.0, 928.0), (6, 15040.0, 928.0), (1, 15040.0, 928.0), (3, 15040.0, 928.0), (4, 15040.0, 928.0), (5, 15040.0, 928.0), (6, 15040.0, 928.0), (1, 15040.0, 928.0), (3, 15040.0, 928.0), (4, 15040.0, 928.0), (5, 15040.0, 928.0), (6, 15040.0, 928.0), (1, 15040.0, 937.0), (3, 15040.0, 937.0), (4, 15040.0, 937.0), (5, 15040.0, 937.0), (6, 15040.0, 937.0), (1, 15040.0, 946.0), (3, 15040.0, 946.0), (4, 15040.0, 946.0), (5, 15040.0, 946.0), (6, 15040.0, 946.0), (1, 15040.0, 955.0), (3, 15040.0, 955.0), (4, 15040.0, 955.0), (5, 15040.0, 955.0), (6, 15040.0, 955.0), (1, 15040.0, 977.0), (3, 15040.0, 977.0), (4, 15040.0, 977.0), (5, 15040.0, 977.0), (6, 15040.0, 977.0), (1, 15040.0, 986.0), (3, 15040.0, 986.0), (4, 15040.0, 986.0), (5, 15040.0, 986.0), (6, 15040.0, 986.0), (7, 15040.0, 986.0), (8, 15040.0, 986.0), (9, 15040.0, 986.0), (10, 15040.0, 986.0), (11, 15040.0, 986.0), (12, 15040.0, 986.0), (13, 15040.0, 986.0), (0, 15040.0, 986.0), (0, 15040.0, 986.0), (1, 15040.0, 986.0), (3, 15040.0, 986.0), (4, 15040.0, 986.0), (5, 15040.0, 986.0), (6, 15040.0, 986.0), (1, 15040.0, 995.0), (3, 15040.0, 995.0), (4, 15040.0, 995.0), (5, 15040.0, 995.0), (6, 15040.0, 995.0), (1, 15040.0, 1004.0), (3, 15040.0, 1004.0), (4, 15040.0, 1004.0), (5, 15040.0, 1004.0), (6, 15040.0, 1004.0), (1, 15040.0, 1013.0), (3, 15040.0, 1013.0), (4, 15040.0, 1013.0), (5, 15040.0, 1013.0), (6, 15040.0, 1013.0), (1, 15040.0, 1022.0), (3, 15040.0, 1022.0), (4, 15040.0, 1022.0), (5, 15040.0, 1022.0), (6, 15040.0, 1022.0), (1, 15040.0, 1031.0), (3, 15040.0, 1031.0), (4, 15040.0, 1031.0), (5, 15040.0, 1031.0), (6, 15040.0, 1031.0), (1, 15040.0, 1040.0), (3, 15040.0, 1040.0), (4, 15040.0, 1040.0), (5, 15040.0, 1040.0), (6, 15040.0, 1040.0), (1, 15040.0, 1049.0), (3, 15040.0, 1049.0), (4, 15040.0, 1049.0), (5, 15040.0, 1049.0), (6, 15040.0, 1049.0), (1, 15040.0, 1058.0), (3, 15040.0, 1058.0), (4, 15040.0, 1058.0), (5, 15040.0, 1058.0), (6, 15040.0, 1058.0), (1, 15040.0, 1067.0), (3, 15040.0, 1067.0), (4, 15040.0, 1067.0), (5, 15040.0, 1067.0), (6, 15040.0, 1067.0), (1, 15040.0, 1076.0), (3, 15040.0, 1076.0), (4, 15040.0, 1076.0), (5, 15040.0, 1076.0), (6, 15040.0, 1076.0), (1, 15040.0, 1085.0), (3, 15040.0, 1085.0), (4, 15040.0, 1085.0), (5, 15040.0, 1085.0), (6, 15040.0, 1085.0), (1, 15040.0, 1085.0), (3, 15040.0, 1085.0), (4, 15040.0, 1085.0), (5, 15040.0, 1085.0), (6, 15040.0, 1085.0), (1, 15040.0, 1085.0), (3, 15040.0, 1085.0), (4, 15040.0, 1085.0), (5, 15040.0, 1085.0), (6, 15040.0, 1085.0), (1, 15040.0, 1085.0), (3, 15040.0, 1085.0), (4, 15040.0, 1085.0), (5, 15040.0, 1085.0), (6, 15040.0, 1085.0), (1, 15040.0, 1085.0), (3, 15040.0, 1085.0), (4, 15040.0, 1085.0), (5, 15040.0, 1085.0), (6, 15040.0, 1085.0), (1, 15040.0, 1085.0), (3, 15040.0, 1085.0), (4, 15040.0, 1085.0), (5, 15040.0, 1085.0), (6, 15040.0, 1085.0), (1, 15040.0, 1085.0), (3, 15040.0, 1085.0), (4, 15040.0, 1085.0), (5, 15040.0, 1085.0), (6, 15040.0, 1085.0), (1, 15040.0, 1085.0), (3, 15040.0, 1085.0), (4, 15040.0, 1085.0), (5, 15040.0, 1085.0), (6, 15040.0, 1085.0), (1, 15040.0, 1085.0), (3, 15040.0, 1085.0), (4, 15040.0, 1085.0), (5, 15040.0, 1085.0), (6, 15040.0, 1085.0), (7, 15040.0, 1085.0), (13, 15040.0, 1085.0), (8, 15040.0, 1085.0), (9, 15040.0, 1085.0), (10, 15040.0, 1085.0), (11, 15040.0, 1085.0), (12, 15040.0, 1085.0), (13, 15040.0, 1085.0), (0, 15040.0, 1085.0), (0, 15040.0, 1085.0), (1, 15040.0, 1085.0), (3, 15040.0, 1085.0), (4, 15040.0, 1085.0), (5, 15040.0, 1085.0), (6, 15040.0, 1085.0), (1, 15040.0, 1085.0), (3, 15040.0, 1085.0), (4, 15040.0, 1085.0), (5, 15040.0, 1085.0), (6, 15040.0, 1085.0), (1, 15040.0, 1085.0), (3, 15040.0, 1085.0), (4, 15040.0, 1085.0), (5, 15040.0, 1085.0), (6, 15040.0, 1085.0), (1, 15040.0, 1085.0), (3, 15040.0, 1085.0), (4, 15040.0, 1085.0), (5, 15040.0, 1085.0), (6, 15040.0, 1085.0), (1, 15040.0, 1085.0), (3, 15040.0, 1085.0), (4, 15040.0, 1085.0), (5, 15040.0, 1085.0), (6, 15040.0, 1085.0), (1, 15040.0, 1094.0), (3, 15040.0, 1094.0), (4, 15040.0, 1094.0), (5, 15040.0, 1094.0), (6, 15040.0, 1094.0), (1, 15040.0, 1103.0), (3, 15040.0, 1103.0), (4, 15040.0, 1103.0), (5, 15040.0, 1103.0), (6, 15040.0, 1103.0), (1, 15040.0, 1112.0), (3, 15040.0, 1112.0), (4, 15040.0, 1112.0), (5, 15040.0, 1112.0), (6, 15040.0, 1112.0), (1, 15040.0, 1121.0), (3, 15040.0, 1121.0), (4, 15040.0, 1121.0), (5, 15040.0, 1121.0), (6, 15040.0, 1121.0), (1, 15040.0, 1130.0), (3, 15040.0, 1130.0), (4, 15040.0, 1130.0), (5, 15040.0, 1130.0), (6, 15040.0, 1130.0), (1, 15040.0, 1139.0), (3, 15040.0, 1139.0), (4, 15040.0, 1139.0), (5, 15040.0, 1139.0), (6, 15040.0, 1139.0), (1, 15040.0, 1148.0), (3, 15040.0, 1148.0), (4, 15040.0, 1148.0), (5, 15040.0, 1148.0), (6, 15040.0, 1148.0), (1, 15040.0, 1157.0), (3, 15040.0, 1157.0), (4, 15040.0, 1157.0), (5, 15040.0, 1157.0), (6, 15040.0, 1157.0), (1, 15040.0, 1166.0), (3, 15040.0, 1166.0), (4, 15040.0, 1166.0), (5, 15040.0, 1166.0), (6, 15040.0, 1166.0), (1, 15040.0, 1175.0), (3, 15040.0, 1175.0), (4, 15040.0, 1175.0), (5, 15040.0, 1175.0), (6, 15040.0, 1175.0), (1, 15040.0, 1194.0), (3, 15040.0, 1194.0), (4, 15040.0, 1194.0), (5, 15040.0, 1194.0), (6, 15040.0, 1194.0), (1, 15040.0, 1194.0), (3, 15040.0, 1194.0), (4, 15040.0, 1194.0), (5, 15040.0, 1194.0), (6, 15040.0, 1194.0), (1, 15040.0, 1194.0), (3, 15040.0, 1194.0), (4, 15040.0, 1194.0), (5, 15040.0, 1194.0), (6, 15040.0, 1194.0), (1, 15040.0, 1194.0), (3, 15040.0, 1194.0), (4, 15040.0, 1194.0), (5, 15040.0, 1194.0), (6, 15040.0, 1194.0), (1, 15040.0, 1194.0), (3, 15040.0, 1194.0), (4, 15040.0, 1194.0), (5, 15040.0, 1194.0), (6, 15040.0, 1194.0), (1, 15040.0, 1197.0), (3, 15040.0, 1197.0), (4, 15040.0, 1197.0), (5, 15040.0, 1197.0), (6, 15040.0, 1197.0), (1, 15040.0, 1203.0), (3, 15040.0, 1203.0), (4, 15040.0, 1203.0), (5, 15040.0, 1203.0), (6, 15040.0, 1203.0), (1, 15040.0, 1223.0), (3, 15040.0, 1223.0), (4, 15040.0, 1223.0), (5, 15040.0, 1223.0), (6, 15040.0, 1223.0), (7, 15040.0, 1223.0), (13, 15040.0, 1223.0), (8, 15040.0, 1223.0), (9, 15040.0, 1223.0), (10, 15040.0, 1223.0), (11, 15040.0, 1223.0), (12, 15040.0, 1223.0), (13, 15040.0, 1223.0), (0, 15040.0, 1223.0), (0, 15040.0, 1223.0), (1, 15040.0, 1223.0), (3, 15040.0, 1223.0), (4, 15040.0, 1223.0), (5, 15040.0, 1223.0), (6, 15040.0, 1223.0), (8, 46600.0, 1238.0), (9, 46600.0, 1238.0), (8, 46600.0, 1238.0), (9, 46600.0, 1245.0), (0, 46600.0, 1245.0), (0, 46600.0, 1245.0), (1, 46600.0, 1245.0), (3, 46600.0, 1245.0), (4, 46600.0, 1245.0), (5, 46600.0, 1245.0), (6, 46600.0, 1245.0), (1, 46600.0, 1252.0), (3, 46600.0, 1252.0), (4, 46600.0, 1252.0), (5, 46600.0, 1252.0), (6, 46600.0, 1252.0), (1, 46600.0, 1259.0), (3, 46600.0, 1259.0), (4, 46600.0, 1259.0), (5, 46600.0, 1259.0), (6, 46600.0, 1259.0), (1, 46600.0, 1267.0), (3, 46600.0, 1267.0), (4, 46600.0, 1267.0), (5, 46600.0, 1267.0), (6, 46600.0, 1267.0), (1, 46600.0, 1276.0), (3, 46600.0, 1276.0), (4, 46600.0, 1276.0), (5, 46600.0, 1276.0), (6, 46600.0, 1276.0), (1, 46600.0, 1283.0), (3, 46600.0, 1283.0), (4, 46600.0, 1283.0), (5, 46600.0, 1283.0), (6, 46600.0, 1283.0), (1, 46600.0, 1291.0), (3, 46600.0, 1291.0), (4, 46600.0, 1291.0), (5, 46600.0, 1291.0), (6, 46600.0, 1291.0), (1, 46600.0, 1299.0), (3, 46600.0, 1299.0), (4, 46600.0, 1299.0), (5, 46600.0, 1299.0), (6, 46600.0, 1299.0), (1, 46600.0, 1306.0), (3, 46600.0, 1306.0), (4, 46600.0, 1306.0), (5, 46600.0, 1306.0), (6, 46600.0, 1306.0), (1, 46600.0, 1350.0), (3, 46600.0, 1350.0), (4, 46600.0, 1350.0), (5, 46600.0, 1350.0), (6, 46600.0, 1350.0), (1, 46600.0, 1396.0), (3, 46600.0, 1396.0), (4, 46600.0, 1396.0), (5, 46600.0, 1396.0), (6, 46600.0, 1396.0), (1, 46600.0, 1412.0), (3, 46600.0, 1412.0), (4, 46600.0, 1412.0), (5, 46600.0, 1412.0), (6, 46600.0, 1412.0), (1, 46600.0, 1428.0), (3, 46600.0, 1428.0), (4, 46600.0, 1428.0), (5, 46600.0, 1428.0), (6, 46600.0, 1428.0), (1, 46600.0, 1428.0), (3, 46600.0, 1428.0), (4, 46600.0, 1428.0), (5, 46600.0, 1428.0), (6, 46600.0, 1428.0), (1, 46600.0, 1428.0), (3, 46600.0, 1428.0), (4, 46600.0, 1428.0), (5, 46600.0, 1428.0), (6, 46600.0, 1428.0), (1, 46600.0, 1428.0), (3, 46600.0, 1428.0), (4, 46600.0, 1428.0), (5, 46600.0, 1428.0), (6, 46600.0, 1428.0), (1, 46600.0, 1428.0), (3, 46600.0, 1428.0), (4, 46600.0, 1428.0), (5, 46600.0, 1428.0), (6, 46600.0, 1428.0), (1, 46600.0, 1428.0), (3, 46600.0, 1428.0), (4, 46600.0, 1428.0), (5, 46600.0, 1428.0), (6, 46600.0, 1428.0), (1, 46600.0, 1428.0), (3, 46600.0, 1428.0), (4, 46600.0, 1428.0), (5, 46600.0, 1428.0), (6, 46600.0, 1428.0), (1, 46600.0, 1428.0), (3, 46600.0, 1428.0), (4, 46600.0, 1428.0), (5, 46600.0, 1428.0), (6, 46600.0, 1428.0), (1, 46600.0, 1428.0), (3, 46600.0, 1428.0), (4, 46600.0, 1428.0), (5, 46600.0, 1428.0), (6, 46600.0, 1428.0), (1, 46600.0, 1428.0), (3, 46600.0, 1428.0), (4, 46600.0, 1428.0), (5, 46600.0, 1428.0), (6, 46600.0, 1428.0), (1, 46600.0, 1428.0), (3, 46600.0, 1428.0), (4, 46600.0, 1428.0), (5, 46600.0, 1428.0), (6, 46600.0, 1428.0), (1, 46600.0, 1437.0), (3, 46600.0, 1437.0), (4, 46600.0, 1437.0), (5, 46600.0, 1437.0), (6, 46600.0, 1437.0), (1, 46600.0, 1446.0), (3, 46600.0, 1446.0), (4, 46600.0, 1446.0), (5, 46600.0, 1446.0), (6, 46600.0, 1446.0), (1, 46600.0, 1454.0), (3, 46600.0, 1454.0), (4, 46600.0, 1454.0), (5, 46600.0, 1454.0), (6, 46600.0, 1454.0), (1, 46600.0, 1463.0), (3, 46600.0, 1463.0), (4, 46600.0, 1463.0), (5, 46600.0, 1463.0), (6, 46600.0, 1463.0), (1, 46600.0, 1471.0), (3, 46600.0, 1471.0), (4, 46600.0, 1471.0), (5, 46600.0, 1471.0), (6, 46600.0, 1471.0), (7, 46600.0, 1471.0), (13, 46600.0, 1471.0), (8, 46600.0, 1471.0), (9, 46600.0, 1471.0), (10, 46600.0, 1471.0), (11, 46600.0, 1471.0), (12, 46600.0, 1471.0), (13, 46600.0, 1471.0), (0, 46600.0, 1471.0), (0, 46600.0, 1471.0), (1, 46600.0, 1471.0), (3, 46600.0, 1471.0), (4, 46600.0, 1471.0), (5, 46600.0, 1471.0), (6, 46600.0, 1471.0), (1, 46600.0, 1479.0), (3, 46600.0, 1479.0), (4, 46600.0, 1479.0), (5, 46600.0, 1479.0), (6, 46600.0, 1479.0), (1, 46600.0, 1488.0), (3, 46600.0, 1488.0), (4, 46600.0, 1488.0), (5, 46600.0, 1488.0), (6, 46600.0, 1488.0), (7, 46600.0, 1488.0), (13, 46600.0, 1488.0), (8, 46600.0, 1488.0), (9, 46600.0, 1488.0), (10, 46600.0, 1488.0), (11, 46600.0, 1488.0), (12, 46600.0, 1488.0), (13, 46600.0, 1488.0), (0, 46600.0, 1488.0), (0, 46600.0, 1488.0), (1, 46600.0, 1488.0), (3, 46600.0, 1488.0), (4, 46600.0, 1488.0), (5, 46600.0, 1488.0), (6, 46600.0, 1488.0), (8, 46600.0, 1479.0), (7, 46600.0, 1479.0), (13, 46600.0, 1479.0), (8, 46600.0, 1479.0), (7, 46600.0, 1479.0), (13, 46600.0, 1479.0), (8, 46600.0, 1479.0), (7, 46600.0, 1479.0), (13, 46600.0, 1479.0), (8, 46600.0, 1479.0), (7, 46600.0, 1479.0), (13, 46600.0, 1479.0), (8, 46600.0, 1479.0), (7, 46600.0, 1479.0), (13, 46600.0, 1479.0), (8, 46600.0, 1479.0), (7, 46600.0, 1479.0), (13, 46600.0, 1479.0), (8, 46600.0, 1479.0), (7, 46600.0, 1479.0), (13, 46600.0, 1479.0), (8, 46600.0, 1479.0), (7, 46600.0, 1479.0), (13, 46600.0, 1479.0), (8, 46600.0, 1479.0), (7, 46600.0, 1479.0), (13, 46600.0, 1479.0), (8, 46600.0, 1479.0), (7, 46600.0, 1479.0), (13, 46600.0, 1479.0), (8, 46600.0, 1479.0), (7, 46600.0, 1479.0), (13, 46600.0, 1479.0), (8, 46600.0, 1479.0), (7, 46600.0, 1479.0), (13, 46600.0, 1479.0), (8, 46600.0, 1479.0), (7, 46600.0, 1479.0), (13, 46600.0, 1479.0), (8, 46600.0, 1479.0), (7, 46600.0, 1479.0), (13, 46600.0, 1479.0), (8, 46600.0, 1479.0), (7, 46600.0, 1479.0), (13, 46600.0, 1479.0), (8, 46600.0, 1479.0), (7, 46600.0, 1479.0), (13, 46600.0, 1479.0), (8, 46600.0, 1479.0), (7, 46600.0, 1479.0), (13, 46600.0, 1479.0), (8, 46600.0, 1479.0), (7, 46600.0, 1479.0), (13, 46600.0, 1479.0), (8, 46600.0, 1479.0), (7, 46600.0, 1479.0), (13, 46600.0, 1479.0), (8, 46600.0, 1479.0), (7, 46600.0, 1479.0), (13, 46600.0, 1479.0), (8, 46600.0, 1479.0), (7, 46600.0, 1479.0), (13, 46600.0, 1479.0), (8, 46600.0, 1479.0), (7, 46600.0, 1479.0), (13, 46600.0, 1479.0), (8, 46600.0, 1479.0), (7, 46600.0, 1479.0), (13, 46600.0, 1479.0), (8, 46600.0, 1479.0), (7, 46600.0, 1479.0), (13, 46600.0, 1479.0), (8, 46600.0, 1479.0), (7, 46600.0, 1479.0), (13, 46600.0, 1479.0), (8, 46600.0, 1479.0), (7, 46600.0, 1479.0), (13, 46600.0, 1479.0), (8, 46600.0, 1479.0), (7, 46600.0, 1479.0), (13, 46600.0, 1479.0), (8, 46600.0, 1479.0), (7, 46600.0, 1479.0), (13, 46600.0, 1479.0), (8, 46600.0, 1479.0), (7, 46600.0, 1479.0), (13, 46600.0, 1479.0), (8, 46600.0, 1479.0), (7, 46600.0, 1479.0), (13, 46600.0, 1479.0), (8, 46600.0, 1479.0), (7, 46600.0, 1479.0), (13, 46600.0, 1479.0), (8, 46600.0, 1479.0), (7, 46600.0, 1479.0), (13, 46600.0, 1479.0), (8, 46600.0, 1479.0), (7, 46600.0, 1479.0), (13, 46600.0, 1479.0), (8, 46600.0, 1479.0), (7, 46600.0, 1479.0), (13, 46600.0, 1479.0), (8, 46600.0, 1479.0), (7, 46600.0, 1479.0), (13, 46600.0, 1479.0), (8, 46600.0, 1479.0), (7, 46600.0, 1479.0), (13, 46600.0, 1479.0), (8, 46600.0, 1479.0), (7, 46600.0, 1479.0), (13, 46600.0, 1479.0), (8, 46600.0, 1479.0), (7, 46600.0, 1479.0), (13, 46600.0, 1479.0), (8, 46600.0, 1479.0), (7, 46600.0, 1479.0), (13, 46600.0, 1479.0), (8, 46600.0, 1479.0), (7, 46600.0, 1479.0), (13, 46600.0, 1479.0), (8, 46600.0, 1479.0), (7, 46600.0, 1479.0), (13, 46600.0, 1479.0), (8, 46600.0, 1479.0), (7, 46600.0, 1479.0), (13, 46600.0, 1479.0), (8, 46600.0, 1479.0), (7, 46600.0, 1479.0), (13, 46600.0, 1479.0), (8, 46600.0, 1479.0), (7, 46600.0, 1479.0), (13, 46600.0, 1479.0), (8, 46600.0, 1479.0), (7, 46600.0, 1479.0), (13, 46600.0, 1479.0), (8, 46600.0, 1479.0), (7, 46600.0, 1479.0), (13, 46600.0, 1479.0), (8, 46600.0, 1479.0), (7, 46600.0, 1479.0), (13, 46600.0, 1479.0), (8, 46600.0, 1479.0), (7, 46600.0, 1479.0), (13, 46600.0, 1479.0), (8, 46600.0, 1479.0), (7, 46600.0, 1479.0), (13, 46600.0, 1479.0), (8, 46600.0, 1479.0), (7, 46600.0, 1479.0), (13, 46600.0, 1479.0), (8, 46600.0, 1479.0), (7, 46600.0, 1479.0), (13, 46600.0, 1479.0), (8, 46600.0, 1479.0), (7, 46600.0, 1479.0), (13, 46600.0, 1479.0), (8, 46600.0, 1479.0), (7, 46600.0, 1479.0), (13, 46600.0, 1479.0), (8, 46600.0, 1479.0), (7, 46600.0, 1479.0), (13, 46600.0, 1479.0), (8, 46600.0, 1479.0), (7, 46600.0, 1479.0), (13, 46600.0, 1479.0), (8, 46600.0, 1479.0), (7, 46600.0, 1479.0), (13, 46600.0, 1479.0), (8, 46600.0, 1479.0), (7, 46600.0, 1479.0), (13, 46600.0, 1479.0), (8, 46600.0, 1479.0), (7, 46600.0, 1479.0), (13, 46600.0, 1479.0), (8, 46600.0, 1479.0), (7, 46600.0, 1479.0), (13, 46600.0, 1479.0), (8, 46600.0, 1479.0), (7, 46600.0, 1479.0), (13, 46600.0, 1479.0), (8, 46600.0, 1479.0), (7, 46600.0, 1479.0), (13, 46600.0, 1479.0), (8, 46600.0, 1479.0), (7, 46600.0, 1479.0), (13, 46600.0, 1479.0), (8, 46600.0, 1479.0), (7, 46600.0, 1479.0), (13, 46600.0, 1479.0), (8, 46600.0, 1479.0), (7, 46600.0, 1479.0), (13, 46600.0, 1479.0), (8, 46600.0, 1479.0), (7, 46600.0, 1479.0), (13, 46600.0, 1479.0), (8, 46600.0, 1479.0), (7, 46600.0, 1479.0), (13, 46600.0, 1479.0), (8, 46600.0, 1479.0), (7, 46600.0, 1479.0), (13, 46600.0, 1479.0), (8, 46600.0, 1479.0), (7, 46600.0, 1479.0), (13, 46600.0, 1479.0), (8, 46600.0, 1479.0), (7, 46600.0, 1479.0), (13, 46600.0, 1479.0), (8, 46600.0, 1479.0), (7, 46600.0, 1479.0), (13, 46600.0, 1479.0), (8, 46600.0, 1479.0), (7, 46600.0, 1479.0), (13, 46600.0, 1479.0), (8, 46600.0, 1479.0), (7, 46600.0, 1479.0), (13, 46600.0, 1479.0), (8, 46600.0, 1479.0), (7, 46600.0, 1479.0), (13, 46600.0, 1479.0), (8, 46600.0, 1479.0), (7, 46600.0, 1479.0), (13, 46600.0, 1479.0), (8, 46600.0, 1479.0), (7, 46600.0, 1479.0), (13, 46600.0, 1479.0), (8, 46600.0, 1479.0), (7, 46600.0, 1479.0), (13, 46600.0, 1479.0), (8, 46600.0, 1479.0), (7, 46600.0, 1479.0), (13, 46600.0, 1479.0), (8, 46600.0, 1479.0), (7, 46600.0, 1479.0), (13, 46600.0, 1479.0), (8, 46600.0, 1479.0), (7, 46600.0, 1479.0), (13, 46600.0, 1479.0), (8, 46600.0, 1479.0), (7, 46600.0, 1479.0), (13, 46600.0, 1479.0), (8, 46600.0, 1479.0), (7, 46600.0, 1479.0), (13, 46600.0, 1479.0), (8, 46600.0, 1479.0), (7, 46600.0, 1479.0), (13, 46600.0, 1479.0), (8, 46600.0, 1479.0), (7, 46600.0, 1479.0), (13, 46600.0, 1479.0), (8, 46600.0, 1479.0), (7, 46600.0, 1479.0), (13, 46600.0, 1479.0), (8, 46600.0, 1479.0), (7, 46600.0, 1479.0), (13, 46600.0, 1479.0), (8, 46600.0, 1479.0), (7, 46600.0, 1479.0), (13, 46600.0, 1479.0), (8, 46600.0, 1479.0), (7, 46600.0, 1479.0), (13, 46600.0, 1479.0), (8, 46600.0, 1479.0), (7, 46600.0, 1479.0), (13, 46600.0, 1479.0), (8, 46600.0, 1479.0), (7, 46600.0, 1479.0), (13, 46600.0, 1479.0), (8, 46600.0, 1479.0), (7, 46600.0, 1479.0), (13, 46600.0, 1479.0), (8, 46600.0, 1479.0), (7, 46600.0, 1479.0), (13, 46600.0, 1479.0), (8, 46600.0, 1479.0), (7, 46600.0, 1479.0), (13, 46600.0, 1479.0), (8, 46600.0, 1479.0), (7, 46600.0, 1479.0), (13, 46600.0, 1479.0), (8, 46600.0, 1479.0), (7, 46600.0, 1479.0), (13, 46600.0, 1479.0), (8, 46600.0, 1479.0), (7, 46600.0, 1479.0), (13, 46600.0, 1479.0), (8, 46600.0, 1479.0), (7, 46600.0, 1479.0), (13, 46600.0, 1479.0), (8, 46600.0, 1479.0), (7, 46600.0, 1479.0), (13, 46600.0, 1479.0), (8, 46600.0, 1479.0), (7, 46600.0, 1479.0), (13, 46600.0, 1479.0), (8, 46600.0, 1479.0), (7, 46600.0, 1479.0), (13, 46600.0, 1479.0), (8, 46600.0, 1479.0), (7, 46600.0, 1479.0), (13, 46600.0, 1479.0), (8, 46600.0, 1479.0), (7, 46600.0, 1479.0), (13, 46600.0, 1479.0), (8, 46600.0, 1479.0), (7, 46600.0, 1479.0), (13, 46600.0, 1479.0), (8, 46600.0, 1479.0), (7, 46600.0, 1479.0), (13, 46600.0, 1479.0), (8, 46600.0, 1479.0), (7, 46600.0, 1479.0), (13, 46600.0, 1479.0), (8, 46600.0, 1479.0), (7, 46600.0, 1479.0), (13, 46600.0, 1479.0), (8, 46600.0, 1479.0), (7, 46600.0, 1479.0), (13, 46600.0, 1479.0), (8, 46600.0, 1479.0), (7, 46600.0, 1479.0), (13, 46600.0, 1479.0), (8, 46600.0, 1479.0), (7, 46600.0, 1479.0), (13, 46600.0, 1479.0), (8, 46600.0, 1479.0), (7, 46600.0, 1479.0), (13, 46600.0, 1479.0), (8, 46600.0, 1479.0), (7, 46600.0, 1479.0), (13, 46600.0, 1479.0), (8, 46600.0, 1479.0), (7, 46600.0, 1479.0), (13, 46600.0, 1479.0), (8, 46600.0, 1479.0), (7, 46600.0, 1479.0), (13, 46600.0, 1479.0), (8, 46600.0, 1479.0), (7, 46600.0, 1479.0), (13, 46600.0, 1479.0), (8, 46600.0, 1479.0), (7, 46600.0, 1479.0), (13, 46600.0, 1479.0), (8, 46600.0, 1479.0), (7, 46600.0, 1479.0), (13, 46600.0, 1479.0), (8, 46600.0, 1479.0), (7, 46600.0, 1479.0), (13, 46600.0, 1479.0), (8, 46600.0, 1479.0), (7, 46600.0, 1479.0), (13, 46600.0, 1479.0), (8, 46600.0, 1479.0), (7, 46600.0, 1479.0), (13, 46600.0, 1479.0), (8, 46600.0, 1479.0), (7, 46600.0, 1479.0), (13, 46600.0, 1479.0), (8, 46600.0, 1479.0), (7, 46600.0, 1479.0), (13, 46600.0, 1479.0), (8, 46600.0, 1479.0), (7, 46600.0, 1479.0), (13, 46600.0, 1479.0), (8, 46600.0, 1479.0), (7, 46600.0, 1479.0), (13, 46600.0, 1479.0), (8, 46600.0, 1479.0), (7, 46600.0, 1479.0), (13, 46600.0, 1479.0), (8, 46600.0, 1479.0), (7, 46600.0, 1479.0), (13, 46600.0, 1479.0), (8, 46600.0, 1479.0), (7, 46600.0, 1479.0), (13, 46600.0, 1479.0), (8, 46600.0, 1479.0), (7, 46600.0, 1479.0), (13, 46600.0, 1479.0), (8, 46600.0, 1479.0), (7, 46600.0, 1479.0), (13, 46600.0, 1479.0), (8, 46600.0, 1479.0), (7, 46600.0, 1479.0), (13, 46600.0, 1479.0), (8, 46600.0, 1479.0), (7, 46600.0, 1479.0), (13, 46600.0, 1479.0), (8, 46600.0, 1479.0), (7, 46600.0, 1479.0), (13, 46600.0, 1479.0), (8, 46600.0, 1479.0), (7, 46600.0, 1479.0), (13, 46600.0, 1479.0), (8, 46600.0, 1479.0), (7, 46600.0, 1479.0), (13, 46600.0, 1479.0), (8, 46600.0, 1479.0), (7, 46600.0, 1479.0), (13, 46600.0, 1479.0), (8, 46600.0, 1479.0), (7, 46600.0, 1479.0), (13, 46600.0, 1479.0), (8, 46600.0, 1479.0), (7, 46600.0, 1479.0), (13, 46600.0, 1479.0), (8, 46600.0, 1479.0), (7, 46600.0, 1479.0), (13, 46600.0, 1479.0), (8, 46600.0, 1479.0), (7, 46600.0, 1479.0), (13, 46600.0, 1479.0), (8, 46600.0, 1479.0), (7, 46600.0, 1479.0), (13, 46600.0, 1479.0), (8, 46600.0, 1479.0), (7, 46600.0, 1479.0), (13, 46600.0, 1479.0), (8, 46600.0, 1479.0), (7, 46600.0, 1479.0), (13, 46600.0, 1479.0), (8, 46600.0, 1479.0), (7, 46600.0, 1479.0), (13, 46600.0, 1479.0), (8, 46600.0, 1479.0), (7, 46600.0, 1479.0), (13, 46600.0, 1479.0), (8, 46600.0, 1479.0), (7, 46600.0, 1479.0), (13, 46600.0, 1479.0), (8, 46600.0, 1479.0), (7, 46600.0, 1479.0), (13, 46600.0, 1479.0), (8, 46600.0, 1479.0), (7, 46600.0, 1479.0), (13, 46600.0, 1479.0), (8, 46600.0, 1479.0), (7, 46600.0, 1479.0), (13, 46600.0, 1479.0), (8, 46600.0, 1479.0), (7, 46600.0, 1479.0), (13, 46600.0, 1479.0), (8, 46600.0, 1479.0), (7, 46600.0, 1479.0), (13, 46600.0, 1479.0), (8, 46600.0, 1479.0), (7, 46600.0, 1479.0), (13, 46600.0, 1479.0), (8, 46600.0, 1479.0), (7, 46600.0, 1479.0), (13, 46600.0, 1479.0), (8, 46600.0, 1479.0), (7, 46600.0, 1479.0), (13, 46600.0, 1479.0), (8, 46600.0, 1479.0), (7, 46600.0, 1479.0), (13, 46600.0, 1479.0), (8, 46600.0, 1479.0), (7, 46600.0, 1479.0), (13, 46600.0, 1479.0), (8, 46600.0, 1479.0), (7, 46600.0, 1479.0), (13, 46600.0, 1479.0), (8, 46600.0, 1479.0), (7, 46600.0, 1479.0), (13, 46600.0, 1479.0), (8, 46600.0, 1479.0), (7, 46600.0, 1479.0), (13, 46600.0, 1479.0), (8, 46600.0, 1479.0), (7, 46600.0, 1479.0), (13, 46600.0, 1479.0), (8, 46600.0, 1479.0), (7, 46600.0, 1479.0), (13, 46600.0, 1479.0), (8, 46600.0, 1479.0), (7, 46600.0, 1479.0), (13, 46600.0, 1479.0), (8, 46600.0, 1479.0), (7, 46600.0, 1479.0), (13, 46600.0, 1479.0), (8, 46600.0, 1479.0), (7, 46600.0, 1479.0), (13, 46600.0, 1479.0), (8, 46600.0, 1479.0), (7, 46600.0, 1479.0), (13, 46600.0, 1479.0), (8, 46600.0, 1479.0), (7, 46600.0, 1479.0), (13, 46600.0, 1479.0), (8, 46600.0, 1479.0), (7, 46600.0, 1479.0), (13, 46600.0, 1479.0), (8, 46600.0, 1479.0), (7, 46600.0, 1479.0), (13, 46600.0, 1479.0), (8, 46600.0, 1479.0), (7, 46600.0, 1479.0), (13, 46600.0, 1479.0), (8, 46600.0, 1479.0), (7, 46600.0, 1479.0), (13, 46600.0, 1479.0), (8, 46600.0, 1479.0), (7, 46600.0, 1479.0), (13, 46600.0, 1479.0), (8, 46600.0, 1479.0), (7, 46600.0, 1479.0), (13, 46600.0, 1479.0), (8, 46600.0, 1479.0), (7, 46600.0, 1479.0), (13, 46600.0, 1479.0), (8, 46600.0, 1479.0), (7, 46600.0, 1479.0), (13, 46600.0, 1479.0), (8, 46600.0, 1479.0), (7, 46600.0, 1479.0), (13, 46600.0, 1479.0), (8, 46600.0, 1479.0), (7, 46600.0, 1479.0), (13, 46600.0, 1479.0), (8, 46600.0, 1479.0), (7, 46600.0, 1479.0), (13, 46600.0, 1479.0), (8, 46600.0, 1479.0), (7, 46600.0, 1479.0), (13, 46600.0, 1479.0), (8, 46600.0, 1479.0), (7, 46600.0, 1479.0), (13, 46600.0, 1479.0), (8, 46600.0, 1479.0), (7, 46600.0, 1479.0), (13, 46600.0, 1479.0), (8, 46600.0, 1479.0), (7, 46600.0, 1479.0), (13, 46600.0, 1479.0), (8, 46600.0, 1479.0), (7, 46600.0, 1479.0), (13, 46600.0, 1479.0), (8, 46600.0, 1479.0), (7, 46600.0, 1479.0), (13, 46600.0, 1479.0), (8, 46600.0, 1479.0), (7, 46600.0, 1479.0), (13, 46600.0, 1479.0), (8, 46600.0, 1479.0), (7, 46600.0, 1479.0), (13, 46600.0, 1479.0), (8, 46600.0, 1479.0), (7, 46600.0, 1479.0), (13, 46600.0, 1479.0), (8, 46600.0, 1479.0), (7, 46600.0, 1479.0), (13, 46600.0, 1479.0), (8, 46600.0, 1479.0), (7, 46600.0, 1479.0), (13, 46600.0, 1479.0), (8, 46600.0, 1479.0), (7, 46600.0, 1479.0), (13, 46600.0, 1479.0), (8, 46600.0, 1479.0), (7, 46600.0, 1479.0), (13, 46600.0, 1479.0), (8, 46600.0, 1479.0), (7, 46600.0, 1479.0), (13, 46600.0, 1479.0), (8, 46600.0, 1479.0), (7, 46600.0, 1479.0), (13, 46600.0, 1479.0), (8, 46600.0, 1479.0), (7, 46600.0, 1479.0), (13, 46600.0, 1479.0), (8, 46600.0, 1479.0), (7, 46600.0, 1479.0), (13, 46600.0, 1479.0), (8, 46600.0, 1479.0), (7, 46600.0, 1479.0), (13, 46600.0, 1479.0), (8, 46600.0, 1479.0), (7, 46600.0, 1479.0), (13, 46600.0, 1479.0), (8, 46600.0, 1479.0), (7, 46600.0, 1479.0), (13, 46600.0, 1479.0), (8, 46600.0, 1479.0), (7, 46600.0, 1479.0), (13, 46600.0, 1479.0), (8, 46600.0, 1479.0), (7, 46600.0, 1479.0), (13, 46600.0, 1479.0), (8, 46600.0, 1479.0), (7, 46600.0, 1479.0), (13, 46600.0, 1479.0), (8, 46600.0, 1479.0), (7, 46600.0, 1479.0), (13, 46600.0, 1479.0), (8, 46600.0, 1479.0), (7, 46600.0, 1479.0), (13, 46600.0, 1479.0), (8, 46600.0, 1479.0), (7, 46600.0, 1479.0), (13, 46600.0, 1479.0), (8, 46600.0, 1479.0), (7, 46600.0, 1479.0), (13, 46600.0, 1479.0), (8, 46600.0, 1479.0), (7, 46600.0, 1479.0), (13, 46600.0, 1479.0), (8, 46600.0, 1479.0), (7, 46600.0, 1479.0), (13, 46600.0, 1479.0), (8, 46600.0, 1479.0), (7, 46600.0, 1479.0), (13, 46600.0, 1479.0), (8, 46600.0, 1479.0), (7, 46600.0, 1479.0), (13, 46600.0, 1479.0), (8, 46600.0, 1479.0), (7, 46600.0, 1479.0), (13, 46600.0, 1479.0), (8, 46600.0, 1479.0), (7, 46600.0, 1479.0), (13, 46600.0, 1479.0), (8, 46600.0, 1479.0), (7, 46600.0, 1479.0), (13, 46600.0, 1479.0), (8, 46600.0, 1479.0), (7, 46600.0, 1479.0), (13, 46600.0, 1479.0), (8, 46600.0, 1479.0), (7, 46600.0, 1479.0), (13, 46600.0, 1479.0), (8, 46600.0, 1479.0), (7, 46600.0, 1479.0), (13, 46600.0, 1479.0), (8, 46600.0, 1479.0), (7, 46600.0, 1479.0), (13, 46600.0, 1479.0), (8, 46600.0, 1479.0), (7, 46600.0, 1479.0), (13, 46600.0, 1479.0), (8, 46600.0, 1479.0), (7, 46600.0, 1479.0), (13, 46600.0, 1479.0), (8, 46600.0, 1479.0), (7, 46600.0, 1479.0), (13, 46600.0, 1479.0), (8, 46600.0, 1479.0), (7, 46600.0, 1479.0), (13, 46600.0, 1479.0), (8, 46600.0, 1479.0), (7, 46600.0, 1479.0), (13, 46600.0, 1479.0), (8, 46600.0, 1479.0), (7, 46600.0, 1479.0), (13, 46600.0, 1479.0), (8, 46600.0, 1479.0), (7, 46600.0, 1479.0), (13, 46600.0, 1479.0), (8, 46600.0, 1479.0), (7, 46600.0, 1479.0), (13, 46600.0, 1479.0), (8, 46600.0, 1479.0), (7, 46600.0, 1479.0), (13, 46600.0, 1479.0), (8, 46600.0, 1479.0), (7, 46600.0, 1479.0), (13, 46600.0, 1479.0), (8, 46600.0, 1479.0), (7, 46600.0, 1479.0), (13, 46600.0, 1479.0), (8, 46600.0, 1479.0), (7, 46600.0, 1479.0), (13, 46600.0, 1479.0), (8, 46600.0, 1479.0), (7, 46600.0, 1479.0), (13, 46600.0, 1479.0), (8, 46600.0, 1479.0), (7, 46600.0, 1479.0), (13, 46600.0, 1479.0), (8, 46600.0, 1479.0), (7, 46600.0, 1479.0), (13, 46600.0, 1479.0), (8, 46600.0, 1479.0), (7, 46600.0, 1479.0), (13, 46600.0, 1479.0), (8, 46600.0, 1479.0), (7, 46600.0, 1479.0), (13, 46600.0, 1479.0), (8, 46600.0, 1479.0), (7, 46600.0, 1479.0), (13, 46600.0, 1479.0), (8, 46600.0, 1479.0), (7, 46600.0, 1479.0), (13, 46600.0, 1479.0), (8, 46600.0, 1479.0), (7, 46600.0, 1479.0), (13, 46600.0, 1479.0), (8, 46600.0, 1479.0), (7, 46600.0, 1479.0), (13, 46600.0, 1479.0), (8, 46600.0, 1479.0), (7, 46600.0, 1479.0), (13, 46600.0, 1479.0), (8, 46600.0, 1479.0), (7, 46600.0, 1479.0), (13, 46600.0, 1479.0), (8, 46600.0, 1479.0), (7, 46600.0, 1479.0), (13, 46600.0, 1479.0), (8, 46600.0, 1479.0), (7, 46600.0, 1479.0), (13, 46600.0, 1479.0), (8, 46600.0, 1479.0), (7, 46600.0, 1479.0), (13, 46600.0, 1479.0), (8, 46600.0, 1479.0), (7, 46600.0, 1479.0), (13, 46600.0, 1479.0), (8, 46600.0, 1479.0), (7, 46600.0, 1479.0), (13, 46600.0, 1479.0), (8, 46600.0, 1479.0), (7, 46600.0, 1479.0), (13, 46600.0, 1479.0), (8, 46600.0, 1479.0), (7, 46600.0, 1479.0), (13, 46600.0, 1479.0), (8, 46600.0, 1479.0), (7, 46600.0, 1479.0), (13, 46600.0, 1479.0), (8, 46600.0, 1479.0), (7, 46600.0, 1479.0), (13, 46600.0, 1479.0), (8, 46600.0, 1479.0), (7, 46600.0, 1479.0), (13, 46600.0, 1479.0), (8, 46600.0, 1479.0), (7, 46600.0, 1479.0), (13, 46600.0, 1479.0), (8, 46600.0, 1479.0), (7, 46600.0, 1479.0), (13, 46600.0, 1479.0), (8, 46600.0, 1479.0), (7, 46600.0, 1479.0), (13, 46600.0, 1479.0), (8, 46600.0, 1479.0), (7, 46600.0, 1479.0), (13, 46600.0, 1479.0), (8, 46600.0, 1479.0), (7, 46600.0, 1479.0), (13, 46600.0, 1479.0), (8, 46600.0, 1479.0), (7, 46600.0, 1479.0), (13, 46600.0, 1479.0), (8, 46600.0, 1479.0), (7, 46600.0, 1479.0), (13, 46600.0, 1479.0), (8, 46600.0, 1479.0), (7, 46600.0, 1479.0), (13, 46600.0, 1479.0), (8, 46600.0, 1479.0), (7, 46600.0, 1479.0), (13, 46600.0, 1479.0), (8, 46600.0, 1479.0), (7, 46600.0, 1479.0), (13, 46600.0, 1479.0), (8, 46600.0, 1479.0), (7, 46600.0, 1479.0), (13, 46600.0, 1479.0), (8, 46600.0, 1479.0), (7, 46600.0, 1479.0), (13, 46600.0, 1479.0), (8, 46600.0, 1479.0), (7, 46600.0, 1479.0), (13, 46600.0, 1479.0), (8, 46600.0, 1479.0), (7, 46600.0, 1479.0), (13, 46600.0, 1479.0), (8, 46600.0, 1479.0), (7, 46600.0, 1479.0), (13, 46600.0, 1479.0), (8, 46600.0, 1479.0), (7, 46600.0, 1479.0), (13, 8459.0, 1479.0), (7, 8459.0, 1479.0), (13, 8459.0, 1479.0), (7, 8459.0, 1479.0), (13, 8459.0, 1479.0), (7, 8459.0, 1479.0), (13, 8459.0, 1479.0), (7, 8459.0, 1479.0), (13, 8459.0, 1479.0), (7, 8459.0, 1479.0), (13, 8459.0, 1479.0), (7, 8459.0, 1479.0), (13, 8459.0, 1479.0), (7, 8459.0, 1479.0), (13, 8459.0, 1479.0), (7, 8459.0, 1479.0), (13, 8459.0, 1479.0), (7, 8459.0, 1479.0), (13, 8459.0, 1479.0), (7, 8459.0, 1479.0), (13, 8459.0, 1479.0), (7, 8459.0, 1479.0), (13, 8459.0, 1479.0), (7, 8459.0, 1479.0), (13, 8459.0, 1479.0), (7, 8459.0, 1479.0), (13, 8459.0, 1479.0), (7, 8459.0, 1479.0), (13, 8459.0, 1479.0), (7, 8459.0, 1479.0), (13, 8459.0, 1479.0), (7, 8459.0, 1479.0), (13, 8459.0, 1479.0), (7, 8459.0, 1479.0), (13, 8459.0, 1479.0), (7, 8459.0, 1479.0), (13, 8459.0, 1479.0), (7, 8459.0, 1479.0), (13, 8459.0, 1479.0), (7, 8459.0, 1479.0), (13, 8459.0, 1479.0), (7, 8459.0, 1479.0), (13, 8459.0, 1479.0), (7, 8459.0, 1479.0), (13, 8459.0, 1479.0), (7, 8459.0, 1479.0), (13, 8459.0, 1479.0), (7, 8459.0, 1479.0), (13, 8459.0, 1479.0), (7, 8459.0, 1479.0), (13, 8459.0, 1479.0), (7, 8459.0, 1479.0), (13, 8459.0, 1479.0), (7, 8459.0, 1479.0), (13, 8459.0, 1479.0), (7, 8459.0, 1479.0), (13, 8459.0, 1479.0), (7, 8459.0, 1479.0), (13, 8459.0, 1479.0), (7, 8459.0, 1479.0), (13, 8459.0, 1479.0), (7, 8459.0, 1479.0), (13, 8459.0, 1479.0), (7, 8459.0, 1479.0), (13, 8459.0, 1479.0), (7, 8459.0, 1479.0), (13, 8459.0, 1479.0), (7, 8459.0, 1479.0), (13, 8459.0, 1479.0), (7, 8459.0, 1479.0), (13, 8459.0, 1479.0), (7, 8459.0, 1479.0), (13, 8459.0, 1479.0), (7, 8459.0, 1479.0), (13, 8459.0, 1479.0), (7, 8459.0, 1479.0), (13, 8459.0, 1479.0), (7, 8459.0, 1479.0), (13, 8459.0, 1479.0), (7, 8459.0, 1479.0), (13, 8459.0, 1479.0), (7, 8459.0, 1479.0), (13, 8459.0, 1479.0), (7, 8459.0, 1479.0), (13, 8459.0, 1479.0), (7, 8459.0, 1479.0), (13, 8459.0, 1479.0), (7, 8459.0, 1479.0), (13, 8459.0, 1479.0), (7, 8459.0, 1479.0), (13, 8459.0, 1479.0), (7, 8459.0, 1479.0), (13, 8459.0, 1479.0), (7, 8459.0, 1479.0), (13, 8459.0, 1479.0), (7, 8459.0, 1479.0), (13, 8459.0, 1479.0), (7, 8459.0, 1479.0), (13, 8459.0, 1479.0), (7, 8459.0, 1479.0), (13, 8459.0, 1479.0), (7, 8459.0, 1479.0), (13, 8459.0, 1479.0), (7, 8459.0, 1479.0), (13, 8459.0, 1479.0), (7, 8459.0, 1479.0), (13, 8459.0, 1479.0), (7, 8459.0, 1479.0), (13, 8459.0, 1479.0), (7, 8459.0, 1479.0), (13, 8459.0, 1479.0), (7, 8459.0, 1479.0), (13, 8459.0, 1479.0), (7, 8459.0, 1479.0), (13, 8459.0, 1479.0), (7, 8459.0, 1479.0), (13, 8459.0, 1479.0), (7, 8459.0, 1479.0), (13, 8459.0, 1479.0), (7, 8459.0, 1479.0), (13, 8459.0, 1479.0), (7, 8459.0, 1479.0), (13, 8459.0, 1479.0), (7, 8459.0, 1479.0), (13, 8459.0, 1479.0), (7, 8459.0, 1479.0), (13, 8459.0, 1479.0), (7, 8459.0, 1479.0), (13, 8459.0, 1479.0), (7, 8459.0, 1479.0), (13, 8459.0, 1479.0), (7, 8459.0, 1479.0), (13, 8459.0, 1479.0), (7, 8459.0, 1479.0), (13, 8459.0, 1479.0), (7, 8459.0, 1479.0), (13, 8459.0, 1479.0), (7, 8459.0, 1479.0), (13, 8459.0, 1479.0), (7, 8459.0, 1479.0), (13, 8459.0, 1479.0), (7, 8459.0, 1479.0), (13, 8459.0, 1479.0), (7, 8459.0, 1479.0), (13, 8459.0, 1479.0), (7, 8459.0, 1479.0), (13, 8459.0, 1479.0), (7, 8459.0, 1479.0), (13, 8459.0, 1479.0), (7, 8459.0, 1479.0), (13, 8459.0, 1479.0), (7, 8459.0, 1479.0), (13, 8459.0, 1479.0), (7, 8459.0, 1479.0), (13, 8459.0, 1479.0), (7, 8459.0, 1479.0), (13, 8459.0, 1479.0), (7, 8459.0, 1479.0), (13, 8459.0, 1479.0), (7, 8459.0, 1479.0), (13, 8459.0, 1479.0), (7, 8459.0, 1479.0), (13, 8459.0, 1479.0), (7, 8459.0, 1479.0), (13, 8459.0, 1479.0), (7, 8459.0, 1479.0), (13, 8459.0, 1479.0), (7, 8459.0, 1479.0), (13, 8459.0, 1479.0), (7, 8459.0, 1479.0), (13, 8459.0, 1479.0), (7, 8459.0, 1479.0), (13, 8459.0, 1479.0), (7, 8459.0, 1479.0), (13, 8459.0, 1479.0), (7, 8459.0, 1479.0), (13, 8459.0, 1479.0), (7, 8459.0, 1479.0), (13, 8459.0, 1479.0), (7, 8459.0, 1479.0), (13, 8459.0, 1479.0), (7, 8459.0, 1479.0), (13, 8459.0, 1479.0), (7, 8459.0, 1479.0), (13, 8459.0, 1479.0), (7, 8459.0, 1479.0), (13, 8459.0, 1479.0), (7, 8459.0, 1479.0), (13, 8459.0, 1479.0), (7, 8459.0, 1479.0), (13, 8459.0, 1479.0), (7, 8459.0, 1479.0), (13, 8459.0, 1479.0), (7, 8459.0, 1479.0), (13, 8459.0, 1479.0), (7, 8459.0, 1479.0), (13, 8459.0, 1479.0), (7, 8459.0, 1479.0), (13, 8459.0, 1479.0), (7, 8459.0, 1479.0), (13, 8459.0, 1479.0), (7, 8459.0, 1479.0), (13, 8459.0, 1479.0), (7, 8459.0, 1479.0), (13, 8459.0, 1479.0), (7, 8459.0, 1479.0), (13, 8459.0, 1479.0), (7, 8459.0, 1479.0), (13, 8459.0, 1479.0), (7, 8459.0, 1479.0), (13, 8459.0, 1479.0), (7, 8459.0, 1479.0), (13, 8459.0, 1479.0), (7, 8459.0, 1479.0), (13, 8459.0, 1479.0), (7, 8459.0, 1479.0), (13, 8459.0, 1479.0), (7, 8459.0, 1479.0), (13, 8459.0, 1479.0), (7, 8459.0, 1479.0), (13, 8459.0, 1479.0), (7, 8459.0, 1479.0), (13, 8459.0, 1479.0), (7, 8459.0, 1479.0), (13, 8459.0, 1479.0), (7, 8459.0, 1479.0), (13, 8459.0, 1479.0), (7, 8459.0, 1479.0), (13, 8459.0, 1479.0), (7, 8459.0, 1479.0), (13, 8459.0, 1479.0), (7, 8459.0, 1479.0), (13, 8459.0, 1479.0), (7, 8459.0, 1479.0), (13, 8459.0, 1479.0), (7, 8459.0, 1479.0), (13, 8459.0, 1479.0), (7, 8459.0, 1479.0), (13, 8459.0, 1479.0), (7, 8459.0, 1479.0), (13, 8459.0, 1479.0), (7, 8459.0, 1479.0), (13, 8459.0, 1479.0), (7, 8459.0, 1479.0), (13, 8459.0, 1479.0), (7, 8459.0, 1479.0), (13, 8459.0, 1479.0), (7, 8459.0, 1479.0), (13, 8459.0, 1479.0), (7, 8459.0, 1479.0), (13, 8459.0, 1479.0), (7, 8459.0, 1479.0), (13, 8459.0, 1479.0), (7, 8459.0, 1479.0), (13, 8459.0, 1479.0), (7, 8459.0, 1479.0), (13, 8459.0, 1479.0), (7, 8459.0, 1479.0), (13, 8459.0, 1479.0), (7, 8459.0, 1479.0), (13, 8459.0, 1479.0), (7, 8459.0, 1479.0), (13, 8459.0, 1479.0), (7, 8459.0, 1479.0), (13, 8459.0, 1479.0), (7, 8459.0, 1479.0), (13, 8459.0, 1479.0), (7, 8459.0, 1479.0), (13, 8459.0, 1479.0), (7, 8459.0, 1479.0), (13, 8459.0, 1479.0), (7, 8459.0, 1479.0), (13, 8459.0, 1479.0), (7, 8459.0, 1479.0), (13, 8459.0, 1479.0), (7, 8459.0, 1479.0), (13, 8459.0, 1479.0), (7, 8459.0, 1479.0), (13, 8459.0, 1479.0), (7, 8459.0, 1479.0), (13, 8459.0, 1479.0), (7, 8459.0, 1479.0), (13, 8459.0, 1479.0), (7, 8459.0, 1479.0), (13, 8459.0, 1479.0), (7, 8459.0, 1479.0), (13, 8459.0, 1479.0), (7, 8459.0, 1479.0), (13, 8459.0, 1479.0), (7, 8459.0, 1479.0), (13, 8459.0, 1479.0), (7, 8459.0, 1479.0), (13, 8459.0, 1479.0), (7, 8459.0, 1479.0), (13, 8459.0, 1479.0), (7, 8459.0, 1479.0), (13, 8459.0, 1479.0), (7, 8459.0, 1479.0), (13, 8459.0, 1479.0), (7, 8459.0, 1479.0), (13, 8459.0, 1479.0), (7, 8459.0, 1479.0), (13, 8459.0, 1479.0), (7, 8459.0, 1479.0), (13, 8459.0, 1479.0), (7, 8459.0, 1479.0), (13, 8459.0, 1479.0), (7, 8459.0, 1479.0), (13, 8459.0, 1479.0), (7, 8459.0, 1479.0), (13, 8459.0, 1479.0), (7, 8459.0, 1479.0), (13, 8459.0, 1479.0), (7, 8459.0, 1479.0), (13, 8459.0, 1479.0), (7, 8459.0, 1479.0), (13, 8459.0, 1479.0), (7, 8459.0, 1479.0), (13, 8459.0, 1479.0), (7, 8459.0, 1479.0), (13, 8459.0, 1479.0), (7, 8459.0, 1479.0), (13, 8459.0, 1479.0), (7, 8459.0, 1479.0), (13, 8459.0, 1479.0), (7, 8459.0, 1479.0), (13, 8459.0, 1479.0), (7, 8459.0, 1479.0), (13, 8459.0, 1479.0), (7, 8459.0, 1479.0), (13, 8459.0, 1479.0), (7, 8459.0, 1479.0), (13, 8459.0, 1479.0), (7, 8459.0, 1479.0), (13, 8459.0, 1479.0), (7, 8459.0, 1479.0), (13, 8459.0, 1479.0), (7, 8459.0, 1479.0), (13, 8459.0, 1479.0), (7, 8459.0, 1479.0), (13, 8459.0, 1479.0), (7, 8459.0, 1479.0), (13, 8459.0, 1479.0), (7, 8459.0, 1479.0), (13, 8459.0, 1479.0), (7, 8459.0, 1479.0), (13, 8459.0, 1479.0), (7, 8459.0, 1479.0), (13, 8459.0, 1479.0), (7, 8459.0, 1479.0), (13, 8459.0, 1479.0), (7, 8459.0, 1479.0), (13, 8459.0, 1479.0), (7, 8459.0, 1479.0), (13, 8459.0, 1479.0), (7, 8459.0, 1479.0), (13, 8459.0, 1479.0), (7, 8459.0, 1479.0), (13, 8459.0, 1479.0), (7, 8459.0, 1479.0), (13, 8459.0, 1479.0), (7, 8459.0, 1479.0), (13, 8459.0, 1479.0), (7, 8459.0, 1479.0), (13, 8459.0, 1479.0), (7, 8459.0, 1479.0), (13, 8459.0, 1479.0), (7, 8459.0, 1479.0), (13, 8459.0, 1479.0), (7, 8459.0, 1479.0), (13, 8459.0, 1479.0), (7, 8459.0, 1479.0), (13, 8459.0, 1479.0), (7, 8459.0, 1479.0), (13, 8459.0, 1479.0), (7, 8459.0, 1479.0), (13, 8459.0, 1479.0), (7, 8459.0, 1479.0), (13, 8459.0, 1479.0), (7, 8459.0, 1479.0), (13, 8459.0, 1479.0), (7, 8459.0, 1479.0), (13, 8459.0, 1479.0), (7, 8459.0, 1479.0), (13, 8459.0, 1479.0), (7, 8459.0, 1479.0), (13, 8459.0, 1479.0), (7, 8459.0, 1479.0), (13, 8459.0, 1479.0), (7, 8459.0, 1479.0), (13, 8459.0, 1479.0), (7, 8459.0, 1479.0), (13, 8459.0, 1479.0), (7, 8459.0, 1479.0), (13, 8459.0, 1479.0), (7, 8459.0, 1479.0), (13, 8459.0, 1479.0), (7, 8459.0, 1479.0), (13, 8459.0, 1479.0), (7, 8459.0, 1479.0), (13, 8459.0, 1479.0), (7, 8459.0, 1479.0), (13, 8459.0, 1479.0), (7, 8459.0, 1479.0), (13, 8459.0, 1479.0), (7, 8459.0, 1479.0), (13, 8459.0, 1479.0), (7, 8459.0, 1479.0), (13, 8459.0, 1479.0), (7, 8459.0, 1479.0), (13, 8459.0, 1479.0), (7, 8459.0, 1479.0), (13, 8459.0, 1479.0), (7, 8459.0, 1479.0), (13, 8459.0, 1479.0), (7, 8459.0, 1479.0), (13, 8459.0, 1479.0), (7, 8459.0, 1479.0), (13, 8459.0, 1479.0), (7, 8459.0, 1479.0), (13, 8459.0, 1479.0), (7, 8459.0, 1479.0), (13, 8459.0, 1479.0), (7, 8459.0, 1479.0), (13, 8459.0, 1479.0), (7, 8459.0, 1479.0), (13, 8459.0, 1479.0), (7, 8459.0, 1479.0), (13, 8459.0, 1479.0), (7, 8459.0, 1479.0), (13, 8459.0, 1479.0), (7, 8459.0, 1479.0), (13, 8459.0, 1479.0), (7, 8459.0, 1479.0), (13, 8459.0, 1479.0), (7, 8459.0, 1479.0), (13, 8459.0, 1479.0), (7, 8459.0, 1479.0), (13, 8459.0, 1479.0), (7, 8459.0, 1479.0), (13, 8459.0, 1479.0), (7, 8459.0, 1479.0), (13, 8459.0, 1479.0), (7, 8459.0, 1479.0), (13, 8459.0, 1479.0), (7, 8459.0, 1479.0), (13, 8459.0, 1479.0), (7, 8459.0, 1479.0), (13, 8459.0, 1479.0), (7, 8459.0, 1479.0), (13, 8459.0, 1479.0), (7, 8459.0, 1479.0), (13, 8459.0, 1479.0), (7, 8459.0, 1479.0), (13, 8459.0, 1479.0), (7, 8459.0, 1479.0), (13, 8459.0, 1479.0), (7, 8459.0, 1479.0), (13, 8459.0, 1479.0), (7, 8459.0, 1479.0), (13, 8459.0, 1479.0), (7, 8459.0, 1479.0), (13, 8459.0, 1479.0), (7, 8459.0, 1479.0), (13, 8459.0, 1479.0), (7, 8459.0, 1479.0), (13, 8459.0, 1479.0), (7, 8459.0, 1479.0), (13, 8459.0, 1479.0), (7, 8459.0, 1479.0), (13, 8459.0, 1479.0), (7, 8459.0, 1479.0), (13, 8459.0, 1479.0), (7, 8459.0, 1479.0), (13, 8459.0, 1479.0), (7, 8459.0, 1479.0), (13, 8459.0, 1479.0), (7, 8459.0, 1479.0), (13, 8459.0, 1479.0), (7, 8459.0, 1479.0), (13, 8459.0, 1479.0), (7, 8459.0, 1479.0), (13, 8459.0, 1479.0), (7, 8459.0, 1479.0), (13, 8459.0, 1479.0), (7, 8459.0, 1479.0), (13, 8459.0, 1479.0), (7, 8459.0, 1479.0), (13, 8459.0, 1479.0), (7, 8459.0, 1479.0), (13, 8459.0, 1479.0), (7, 8459.0, 1479.0), (13, 8459.0, 1479.0), (7, 8459.0, 1479.0), (13, 8459.0, 1479.0), (7, 8459.0, 1479.0), (13, 8459.0, 1479.0), (7, 8459.0, 1479.0), (13, 8459.0, 1479.0), (7, 8459.0, 1479.0), (13, 8459.0, 1479.0), (7, 8459.0, 1479.0), (13, 8459.0, 1479.0), (7, 8459.0, 1479.0), (13, 8459.0, 1479.0), (7, 8459.0, 1479.0), (13, 8459.0, 1479.0), (7, 8459.0, 1479.0), (13, 8459.0, 1479.0), (7, 8459.0, 1479.0), (13, 8459.0, 1479.0), (7, 8459.0, 1479.0), (13, 8459.0, 1479.0), (7, 8459.0, 1479.0), (13, 8459.0, 1479.0), (7, 8459.0, 1479.0), (13, 8459.0, 1479.0), (7, 8459.0, 1479.0), (13, 8459.0, 1479.0), (7, 8459.0, 1479.0), (13, 8459.0, 1479.0), (7, 8459.0, 1479.0), (13, 8459.0, 1479.0), (7, 8459.0, 1479.0), (13, 8459.0, 1479.0), (7, 8459.0, 1479.0), (13, 8459.0, 1479.0), (7, 8459.0, 1479.0), (13, 8459.0, 1479.0), (7, 8459.0, 1479.0), (13, 8459.0, 1479.0), (7, 8459.0, 1479.0), (13, 8459.0, 1479.0), (7, 8459.0, 1479.0), (13, 8459.0, 1479.0), (7, 8459.0, 1479.0), (13, 8459.0, 1479.0), (7, 8459.0, 1479.0), (13, 8459.0, 1479.0), (7, 8459.0, 1479.0), (13, 8459.0, 1479.0), (7, 8459.0, 1479.0), (13, 8459.0, 1479.0), (7, 8459.0, 1479.0), (13, 8459.0, 1479.0), (7, 8459.0, 1479.0), (13, 8459.0, 1479.0), (7, 8459.0, 1479.0), (13, 8459.0, 1479.0), (7, 8459.0, 1479.0), (13, 8459.0, 1479.0), (7, 8459.0, 1479.0), (13, 8459.0, 1479.0), (7, 8459.0, 1479.0), (13, 8459.0, 1479.0), (7, 8459.0, 1479.0), (13, 8459.0, 1479.0), (7, 8459.0, 1479.0), (13, 8459.0, 1479.0), (7, 8459.0, 1479.0), (13, 8459.0, 1479.0), (7, 8459.0, 1479.0), (13, 8459.0, 1479.0), (7, 8459.0, 1479.0), (13, 8459.0, 1479.0), (7, 8459.0, 1479.0), (13, 8459.0, 1479.0), (7, 8459.0, 1479.0), (13, 8459.0, 1479.0), (7, 8459.0, 1479.0), (13, 8459.0, 1479.0), (7, 8459.0, 1479.0), (13, 8459.0, 1479.0), (7, 8459.0, 1479.0), (13, 8459.0, 1479.0), (7, 8459.0, 1479.0), (13, 8459.0, 1479.0), (7, 8459.0, 1479.0), (13, 8459.0, 1479.0), (7, 8459.0, 1479.0), (13, 8459.0, 1479.0), (7, 8459.0, 1479.0), (13, 8459.0, 1479.0), (7, 8459.0, 1479.0), (13, 8459.0, 1479.0), (7, 8459.0, 1479.0), (13, 8459.0, 1479.0), (7, 8459.0, 1479.0), (13, 8459.0, 1479.0), (7, 8459.0, 1479.0), (13, 8459.0, 1479.0), (7, 8459.0, 1479.0), (13, 8459.0, 1479.0), (7, 8459.0, 1479.0), (13, 8459.0, 1479.0), (7, 8459.0, 1479.0), (13, 8459.0, 1479.0), (7, 8459.0, 1479.0), (13, 8459.0, 1479.0), (7, 8459.0, 1479.0), (13, 8459.0, 1479.0), (7, 8459.0, 1479.0), (13, 8459.0, 1479.0), (7, 8459.0, 1479.0), (13, 8459.0, 1479.0), (7, 8459.0, 1479.0), (13, 8459.0, 1479.0), (7, 8459.0, 1479.0), (13, 8459.0, 1479.0), (7, 8459.0, 1479.0), (13, 8459.0, 1479.0), (7, 8459.0, 1479.0), (13, 8459.0, 1479.0), (7, 8459.0, 1479.0), (13, 8459.0, 1479.0), (7, 8459.0, 1479.0), (13, 8459.0, 1479.0), (7, 8459.0, 1479.0), (13, 8459.0, 1479.0), (7, 8459.0, 1479.0), (13, 8459.0, 1479.0), (7, 8459.0, 1479.0), (13, 8459.0, 1479.0), (7, 8459.0, 1479.0), (13, 8459.0, 1479.0), (7, 8459.0, 1479.0), (13, 8459.0, 1479.0), (7, 8459.0, 1479.0), (13, 8459.0, 1479.0), (7, 8459.0, 1479.0), (13, 8459.0, 1479.0), (7, 8459.0, 1479.0), (13, 8459.0, 1479.0), (7, 8459.0, 1479.0), (13, 8459.0, 1479.0), (7, 8459.0, 1479.0), (13, 8459.0, 1479.0), (7, 8459.0, 1479.0), (13, 8459.0, 1479.0), (7, 8459.0, 1479.0), (13, 8459.0, 1479.0), (7, 8459.0, 1479.0), (13, 8459.0, 1479.0), (7, 8459.0, 1479.0), (13, 8459.0, 1479.0), (7, 8459.0, 1479.0), (13, 8459.0, 1479.0), (7, 8459.0, 1479.0), (13, 8459.0, 1479.0), (7, 8459.0, 1479.0), (13, 8459.0, 1479.0), (7, 8459.0, 1479.0), (13, 8459.0, 1479.0), (7, 8459.0, 1479.0), (13, 8459.0, 1479.0), (7, 8459.0, 1479.0), (13, 8459.0, 1479.0), (7, 8459.0, 1479.0), (13, 8459.0, 1479.0), (7, 8459.0, 1479.0), (13, 8459.0, 1479.0), (7, 8459.0, 1479.0), (13, 8459.0, 1479.0), (7, 8459.0, 1479.0), (13, 8459.0, 1479.0), (7, 8459.0, 1479.0), (13, 8459.0, 1479.0), (7, 8459.0, 1479.0), (13, 8459.0, 1479.0), (7, 8459.0, 1479.0), (13, 8459.0, 1479.0), (7, 8459.0, 1479.0), (13, 8459.0, 1479.0), (7, 8459.0, 1479.0), (13, 8459.0, 1479.0), (7, 8459.0, 1479.0), (13, 8459.0, 1479.0), (7, 8459.0, 1479.0), (13, 8459.0, 1479.0), (7, 8459.0, 1479.0), (13, 8459.0, 1479.0), (7, 8459.0, 1479.0), (13, 8459.0, 1479.0), (7, 8459.0, 1479.0), (13, 8459.0, 1479.0), (7, 8459.0, 1479.0), (13, 8459.0, 1479.0), (7, 8459.0, 1479.0), (13, 8459.0, 1479.0), (7, 8459.0, 1479.0), (13, 8459.0, 1479.0), (7, 8459.0, 1479.0), (13, 8459.0, 1479.0), (7, 8459.0, 1479.0), (13, 8459.0, 1479.0), (7, 8459.0, 1479.0), (13, 8459.0, 1479.0), (7, 8459.0, 1479.0), (13, 8459.0, 1479.0), (7, 8459.0, 1479.0), (13, 8459.0, 1479.0), (7, 8459.0, 1479.0), (13, 8459.0, 1479.0), (7, 8459.0, 1479.0), (13, 8459.0, 1479.0), (7, 8459.0, 1479.0), (13, 8459.0, 1479.0), (7, 8459.0, 1479.0), (13, 8459.0, 1479.0), (7, 8459.0, 1479.0), (13, 8459.0, 1479.0), (7, 8459.0, 1479.0), (13, 8459.0, 1479.0), (7, 8459.0, 1479.0), (13, 8459.0, 1479.0), (7, 8459.0, 1479.0), (13, 8459.0, 1479.0), (7, 8459.0, 1479.0), (13, 8459.0, 1479.0), (7, 8459.0, 1479.0), (13, 8459.0, 1479.0), (7, 8459.0, 1479.0), (13, 8459.0, 1479.0), (7, 8459.0, 1479.0), (13, 8459.0, 1479.0), (7, 8459.0, 1479.0), (13, 8459.0, 1479.0), (7, 8459.0, 1479.0), (13, 8459.0, 1479.0), (7, 8459.0, 1479.0), (13, 8459.0, 1479.0), (7, 8459.0, 1479.0), (13, 8459.0, 1479.0), (7, 8459.0, 1479.0), (13, 8459.0, 1479.0), (7, 8459.0, 1479.0), (13, 8459.0, 1479.0), (7, 8459.0, 1479.0), (13, 8459.0, 1479.0), (7, 8459.0, 1479.0), (13, 8459.0, 1479.0), (7, 8459.0, 1479.0), (13, 8459.0, 1479.0), (7, 8459.0, 1479.0), (13, 8459.0, 1479.0), (7, 8459.0, 1479.0), (13, 8459.0, 1479.0), (7, 8459.0, 1479.0), (13, 8459.0, 1479.0), (7, 8459.0, 1479.0), (13, 8459.0, 1479.0), (7, 8459.0, 1479.0), (13, 8459.0, 1479.0), (7, 8459.0, 1479.0), (13, 8459.0, 1479.0), (7, 8459.0, 1479.0), (13, 8459.0, 1479.0), (7, 8459.0, 1479.0), (13, 8459.0, 1479.0), (7, 8459.0, 1479.0), (13, 8459.0, 1479.0), (7, 8459.0, 1479.0), (13, 8459.0, 1479.0), (7, 8459.0, 1479.0), (13, 8459.0, 1479.0), (7, 8459.0, 1479.0), (13, 8459.0, 1479.0), (7, 8459.0, 1479.0), (13, 8459.0, 1479.0), (7, 8459.0, 1479.0), (13, 8459.0, 1479.0), (7, 8459.0, 1479.0), (13, 8459.0, 1479.0), (7, 8459.0, 1479.0), (13, 8459.0, 1479.0), (7, 8459.0, 1479.0), (13, 8459.0, 1479.0), (7, 8459.0, 1479.0), (13, 8459.0, 1479.0), (7, 8459.0, 1479.0), (13, 8459.0, 1479.0), (7, 8459.0, 1479.0), (13, 8459.0, 1479.0), (7, 8459.0, 1479.0), (13, 8459.0, 1479.0), (7, 8459.0, 1479.0), (13, 8459.0, 1479.0), (7, 8459.0, 1479.0), (13, 8459.0, 1479.0), (7, 8459.0, 1479.0), (13, 8459.0, 1479.0), (7, 8459.0, 1479.0), (13, 8459.0, 1479.0), (7, 8459.0, 1479.0), (13, 8459.0, 1479.0), (7, 8459.0, 1479.0), (13, 8459.0, 1479.0), (7, 8459.0, 1479.0), (13, 8459.0, 1479.0), (7, 8459.0, 1479.0), (13, 8459.0, 1479.0), (7, 8459.0, 1479.0), (13, 8459.0, 1479.0), (7, 8459.0, 1479.0), (13, 8459.0, 1479.0), (7, 8459.0, 1479.0), (13, 8459.0, 1479.0), (7, 8459.0, 1479.0), (13, 8459.0, 1479.0), (7, 8459.0, 1479.0), (13, 8459.0, 1479.0), (7, 8459.0, 1479.0), (13, 8459.0, 1479.0), (7, 8459.0, 1479.0), (13, 8459.0, 1479.0), (7, 8459.0, 1479.0), (13, 8459.0, 1479.0), (7, 8459.0, 1479.0), (13, 8459.0, 1479.0), (7, 8459.0, 1479.0), (13, 8459.0, 1479.0), (7, 8459.0, 1479.0), (13, 8459.0, 1479.0), (7, 8459.0, 1479.0), (13, 8459.0, 1479.0), (7, 8459.0, 1479.0), (13, 8459.0, 1479.0), (7, 8459.0, 1479.0), (13, 8459.0, 1479.0), (7, 8459.0, 1479.0), (13, 8459.0, 1479.0), (7, 8459.0, 1479.0), (13, 8459.0, 1479.0), (7, 8459.0, 1479.0), (13, 8459.0, 1479.0), (7, 8459.0, 1479.0), (13, 8459.0, 1479.0), (7, 8459.0, 1479.0), (13, 8459.0, 1479.0), (7, 8459.0, 1479.0), (13, 8459.0, 1479.0), (7, 8459.0, 1479.0), (13, 8459.0, 1479.0), (7, 8459.0, 1479.0), (13, 8459.0, 1479.0), (7, 8459.0, 1479.0), (13, 8459.0, 1479.0), (7, 8459.0, 1479.0), (13, 8459.0, 1479.0), (7, 8459.0, 1479.0), (13, 8459.0, 1479.0), (7, 8459.0, 1479.0), (13, 8459.0, 1479.0), (7, 8459.0, 1479.0), (13, 8459.0, 1479.0), (7, 8459.0, 1479.0), (13, 8459.0, 1479.0), (7, 8459.0, 1479.0), (13, 8459.0, 1479.0), (7, 8459.0, 1479.0), (13, 8459.0, 1479.0), (7, 8459.0, 1479.0), (13, 8459.0, 1479.0), (7, 8459.0, 1479.0), (13, 8459.0, 1479.0), (7, 8459.0, 1479.0), (13, 8459.0, 1479.0), (7, 8459.0, 1479.0), (13, 8459.0, 1479.0), (7, 8459.0, 1479.0), (13, 8459.0, 1479.0), (7, 8459.0, 1479.0), (13, 8459.0, 1479.0), (7, 8459.0, 1479.0), (13, 8459.0, 1479.0), (7, 8459.0, 1479.0), (13, 8459.0, 1479.0), (7, 8459.0, 1479.0), (13, 8459.0, 1479.0), (7, 8459.0, 1479.0), (13, 8459.0, 1479.0), (7, 8459.0, 1479.0), (13, 8459.0, 1479.0), (7, 8459.0, 1479.0), (13, 8459.0, 1479.0), (7, 8459.0, 1479.0), (13, 8459.0, 1479.0), (7, 8459.0, 1479.0), (13, 8459.0, 1479.0), (7, 8459.0, 1479.0), (13, 8459.0, 1479.0), (7, 8459.0, 1479.0), (13, 8459.0, 1479.0), (7, 8459.0, 1479.0), (13, 8459.0, 1479.0), (7, 8459.0, 1479.0), (13, 8459.0, 1479.0), (7, 8459.0, 1479.0), (13, 8459.0, 1479.0), (7, 8459.0, 1479.0), (13, 8459.0, 1479.0), (7, 8459.0, 1479.0), (13, 8459.0, 1479.0), (7, 8459.0, 1479.0), (13, 8459.0, 1479.0), (7, 8459.0, 1479.0), (13, 8459.0, 1479.0), (7, 8459.0, 1479.0), (13, 8459.0, 1479.0), (7, 8459.0, 1479.0), (13, 8459.0, 1479.0), (7, 8459.0, 1479.0), (13, 8459.0, 1479.0), (7, 8459.0, 1479.0), (13, 8459.0, 1479.0), (7, 8459.0, 1479.0), (13, 8459.0, 1479.0), (7, 8459.0, 1479.0), (13, 8459.0, 1479.0), (7, 8459.0, 1479.0), (13, 8459.0, 1479.0), (7, 8459.0, 1479.0), (13, 8459.0, 1479.0), (7, 8459.0, 1479.0), (13, 8459.0, 1479.0), (7, 8459.0, 1479.0), (13, 8459.0, 1479.0), (7, 8459.0, 1479.0), (13, 8459.0, 1479.0), (7, 8459.0, 1479.0), (13, 8459.0, 1479.0), (7, 8459.0, 1479.0), (13, 8459.0, 1479.0), (7, 8459.0, 1479.0), (13, 8459.0, 1479.0), (7, 8459.0, 1479.0), (13, 8459.0, 1479.0), (7, 8459.0, 1479.0), (13, 8459.0, 1479.0), (7, 8459.0, 1479.0), (13, 8459.0, 1479.0), (7, 8459.0, 1479.0), (13, 8459.0, 1479.0), (7, 8459.0, 1479.0), (13, 8459.0, 1479.0), (7, 8459.0, 1479.0), (13, 8459.0, 1479.0), (7, 8459.0, 1479.0), (13, 8459.0, 1479.0), (7, 8459.0, 1479.0), (13, 8459.0, 1479.0), (7, 8459.0, 1479.0), (13, 8459.0, 1479.0), (7, 8459.0, 1479.0), (13, 8459.0, 1479.0), (7, 8459.0, 1479.0), (13, 8459.0, 1479.0), (7, 8459.0, 1479.0), (13, 8459.0, 1479.0), (7, 8459.0, 1479.0), (13, 8459.0, 1479.0), (7, 8459.0, 1479.0), (13, 8459.0, 1479.0), (7, 8459.0, 1479.0), (13, 8459.0, 1479.0), (7, 8459.0, 1479.0), (13, 8459.0, 1479.0), (7, 8459.0, 1479.0), (13, 8459.0, 1479.0), (7, 8459.0, 1479.0), (13, 8459.0, 1479.0), (7, 8459.0, 1479.0), (13, 8459.0, 1479.0), (7, 8459.0, 1479.0), (13, 8459.0, 1479.0), (7, 8459.0, 1479.0), (13, 8459.0, 1479.0), (7, 8459.0, 1479.0), (13, 8459.0, 1479.0), (7, 8459.0, 1479.0), (13, 8459.0, 1479.0), (7, 8459.0, 1479.0), (13, 8459.0, 1479.0), (7, 8459.0, 1479.0), (13, 8459.0, 1479.0), (7, 8459.0, 1479.0), (13, 8459.0, 1479.0), (7, 8459.0, 1479.0), (13, 8459.0, 1479.0), (7, 8459.0, 1479.0), (13, 8459.0, 1479.0), (7, 8459.0, 1479.0), (13, 8459.0, 1479.0), (7, 8459.0, 1479.0), (13, 8459.0, 1479.0), (7, 8459.0, 1479.0), (13, 8459.0, 1479.0), (7, 8459.0, 1479.0), (13, 8459.0, 1479.0), (7, 8459.0, 1479.0), (13, 8459.0, 1479.0), (7, 8459.0, 1479.0), (13, 8459.0, 1479.0), (7, 8459.0, 1479.0), (13, 8459.0, 1479.0), (7, 8459.0, 1479.0), (13, 8459.0, 1479.0), (7, 8459.0, 1479.0), (13, 8459.0, 1479.0), (7, 8459.0, 1479.0), (13, 8459.0, 1479.0), (7, 8459.0, 1479.0), (13, 8459.0, 1479.0), (7, 8459.0, 1479.0), (13, 8459.0, 1479.0), (7, 8459.0, 1479.0), (13, 8459.0, 1479.0), (7, 8459.0, 1479.0), (13, 8459.0, 1479.0), (7, 8459.0, 1479.0), (13, 8459.0, 1479.0), (7, 8459.0, 1479.0), (13, 8459.0, 1479.0), (7, 8459.0, 1479.0), (13, 8459.0, 1479.0), (7, 8459.0, 1479.0), (13, 8459.0, 1479.0), (7, 8459.0, 1479.0), (13, 8459.0, 1479.0), (7, 8459.0, 1479.0), (13, 8459.0, 1479.0), (7, 8459.0, 1479.0), (13, 8459.0, 1479.0), (7, 8459.0, 1479.0), (13, 8459.0, 1479.0), (7, 8459.0, 1479.0), (13, 8459.0, 1479.0), (7, 8459.0, 1479.0), (13, 8459.0, 1479.0), (7, 8459.0, 1479.0), (13, 8459.0, 1479.0), (7, 8459.0, 1479.0), (13, 8459.0, 1479.0), (7, 8459.0, 1479.0), (13, 8459.0, 1479.0), (7, 8459.0, 1479.0), (13, 8459.0, 1479.0), (7, 8459.0, 1479.0), (13, 8459.0, 1479.0), (7, 8459.0, 1479.0), (13, 8459.0, 1479.0), (7, 8459.0, 1479.0), (13, 8459.0, 1479.0), (7, 8459.0, 1479.0), (13, 8459.0, 1479.0), (7, 8459.0, 1479.0), (13, 8459.0, 1479.0), (7, 8459.0, 1479.0), (13, 8459.0, 1479.0), (7, 8459.0, 1479.0), (13, 8459.0, 1479.0), (7, 8459.0, 1479.0), (13, 8459.0, 1479.0), (7, 8459.0, 1479.0), (13, 8459.0, 1479.0), (7, 8459.0, 1479.0), (13, 8459.0, 1479.0), (7, 8459.0, 1479.0), (13, 8459.0, 1479.0), (7, 8459.0, 1479.0), (13, 8459.0, 1479.0), (7, 8459.0, 1479.0), (13, 8459.0, 1479.0), (7, 8459.0, 1479.0), (13, 8459.0, 1479.0), (7, 8459.0, 1479.0), (13, 8459.0, 1479.0), (7, 8459.0, 1479.0), (13, 8459.0, 1479.0), (7, 8459.0, 1479.0), (13, 8459.0, 1479.0), (7, 8459.0, 1479.0), (13, 8459.0, 1479.0), (7, 8459.0, 1479.0), (13, 8459.0, 1479.0), (7, 8459.0, 1479.0), (13, 8459.0, 1479.0), (7, 8459.0, 1479.0), (13, 8459.0, 1479.0), (7, 8459.0, 1479.0), (13, 8459.0, 1479.0), (7, 8459.0, 1479.0), (13, 8459.0, 1479.0), (7, 8459.0, 1479.0), (13, 8459.0, 1479.0), (7, 8459.0, 1479.0), (13, 8459.0, 1479.0), (7, 8459.0, 1479.0), (13, 8459.0, 1479.0), (7, 8459.0, 1479.0), (13, 8459.0, 1479.0), (7, 8459.0, 1479.0), (13, 8459.0, 1479.0), (7, 8459.0, 1479.0), (13, 8459.0, 1479.0), (7, 8459.0, 1479.0), (13, 8459.0, 1479.0), (7, 8459.0, 1479.0), (13, 8459.0, 1479.0), (7, 8459.0, 1479.0), (13, 8459.0, 1479.0), (7, 8459.0, 1479.0), (13, 8459.0, 1479.0), (7, 8459.0, 1479.0), (13, 8459.0, 1479.0), (7, 8459.0, 1479.0), (13, 8459.0, 1479.0), (7, 8459.0, 1479.0), (13, 8459.0, 1479.0), (7, 8459.0, 1479.0), (13, 8459.0, 1479.0), (7, 8459.0, 1479.0), (13, 8459.0, 1479.0), (7, 8459.0, 1479.0), (13, 8459.0, 1479.0), (7, 8459.0, 1479.0), (13, 8459.0, 1479.0), (7, 8459.0, 1479.0), (13, 8459.0, 1479.0), (7, 8459.0, 1479.0), (13, 8459.0, 1479.0), (7, 8459.0, 1479.0), (13, 8459.0, 1479.0), (7, 8459.0, 1479.0), (13, 8459.0, 1479.0), (7, 8459.0, 1479.0), (13, 8459.0, 1479.0), (7, 8459.0, 1479.0), (13, 8459.0, 1479.0), (7, 8459.0, 1479.0), (13, 8459.0, 1479.0), (7, 8459.0, 1479.0), (13, 8459.0, 1479.0), (7, 8459.0, 1479.0), (13, 8459.0, 1479.0), (7, 8459.0, 1479.0), (13, 8459.0, 1479.0), (7, 8459.0, 1479.0), (13, 8459.0, 1479.0), (7, 8459.0, 1479.0), (13, 8459.0, 1479.0), (7, 8459.0, 1479.0), (13, 8459.0, 1479.0), (7, 8459.0, 1479.0), (13, 8459.0, 1479.0), (7, 8459.0, 1479.0), (13, 8459.0, 1479.0), (7, 8459.0, 1479.0), (13, 8459.0, 1479.0), (7, 8459.0, 1479.0), (13, 8459.0, 1479.0), (7, 8459.0, 1479.0), (13, 8459.0, 1479.0), (7, 8459.0, 1479.0), (13, 8459.0, 1479.0), (7, 8459.0, 1479.0), (13, 8459.0, 1479.0), (7, 8459.0, 1479.0), (13, 8459.0, 1479.0), (7, 8459.0, 1479.0), (13, 8459.0, 1479.0), (7, 8459.0, 1479.0), (13, 8459.0, 1479.0), (7, 8459.0, 1479.0), (13, 8459.0, 1479.0), (7, 8459.0, 1479.0), (13, 8459.0, 1479.0), (7, 8459.0, 1479.0), (13, 8459.0, 1479.0), (7, 8459.0, 1479.0), (13, 8459.0, 1479.0), (7, 8459.0, 1479.0), (13, 8459.0, 1479.0), (7, 8459.0, 1479.0), (13, 8459.0, 1479.0), (7, 8459.0, 1479.0), (13, 8459.0, 1479.0), (7, 8459.0, 1479.0), (13, 8459.0, 1479.0), (7, 8459.0, 1479.0), (13, 8459.0, 1479.0), (7, 8459.0, 1479.0), (13, 8459.0, 1479.0), (7, 8459.0, 1479.0), (13, 8459.0, 1479.0), (7, 8459.0, 1479.0), (13, 8459.0, 1479.0), (7, 8459.0, 1479.0), (13, 8459.0, 1479.0), (7, 8459.0, 1479.0), (13, 8459.0, 1479.0), (7, 8459.0, 1479.0), (13, 8459.0, 1479.0), (7, 8459.0, 1479.0), (13, 8459.0, 1479.0), (7, 8459.0, 1479.0), (13, 8459.0, 1479.0), (7, 8459.0, 1479.0), (13, 8459.0, 1479.0), (7, 8459.0, 1479.0), (13, 8459.0, 1479.0), (7, 8459.0, 1479.0), (13, 8459.0, 1479.0), (7, 8459.0, 1479.0), (13, 8459.0, 1479.0), (7, 8459.0, 1479.0), (13, 8459.0, 1479.0), (7, 8459.0, 1479.0), (13, 8459.0, 1479.0), (7, 8459.0, 1479.0), (13, 8459.0, 1479.0), (7, 8459.0, 1479.0), (13, 8459.0, 1479.0), (7, 8459.0, 1479.0), (13, 8459.0, 1479.0), (7, 8459.0, 1479.0), (13, 8459.0, 1479.0), (7, 8459.0, 1479.0), (13, 8459.0, 1479.0), (7, 8459.0, 1479.0), (13, 8459.0, 1479.0), (7, 8459.0, 1479.0), (13, 8459.0, 1479.0), (7, 8459.0, 1479.0), (13, 8459.0, 1479.0), (7, 8459.0, 1479.0), (13, 8459.0, 1479.0), (7, 8459.0, 1479.0), (13, 8459.0, 1479.0), (7, 8459.0, 1479.0), (13, 8459.0, 1479.0), (7, 8459.0, 1479.0), (13, 8459.0, 1479.0), (7, 8459.0, 1479.0), (13, 8459.0, 1479.0), (7, 8459.0, 1479.0), (13, 8459.0, 1479.0), (7, 8459.0, 1479.0), (13, 8459.0, 1479.0), (7, 8459.0, 1479.0), (13, 8459.0, 1479.0), (7, 8459.0, 1479.0), (13, 8459.0, 1479.0), (7, 8459.0, 1479.0), (13, 8459.0, 1479.0), (7, 8459.0, 1479.0), (13, 8459.0, 1479.0), (7, 8459.0, 1479.0), (13, 8459.0, 1479.0), (7, 8459.0, 1479.0), (13, 8459.0, 1479.0), (7, 8459.0, 1479.0), (13, 8459.0, 1479.0), (7, 8459.0, 1479.0), (13, 8459.0, 1479.0), (7, 8459.0, 1479.0), (13, 8459.0, 1479.0), (7, 8459.0, 1479.0), (13, 8459.0, 1479.0), (7, 8459.0, 1479.0), (13, 8459.0, 1479.0), (7, 8459.0, 1479.0), (13, 8459.0, 1479.0), (7, 8459.0, 1479.0), (13, 8459.0, 1479.0), (7, 8459.0, 1479.0), (13, 8459.0, 1479.0), (7, 8459.0, 1479.0), (13, 8459.0, 1479.0), (7, 8459.0, 1479.0), (13, 8459.0, 1479.0), (7, 8459.0, 1479.0), (13, 8459.0, 1479.0), (7, 8459.0, 1479.0), (13, 8459.0, 1479.0), (7, 8459.0, 1479.0), (13, 8459.0, 1479.0), (7, 8459.0, 1479.0), (13, 8459.0, 1479.0), (7, 8459.0, 1479.0), (13, 8459.0, 1479.0), (7, 8459.0, 1479.0), (13, 8459.0, 1479.0), (7, 8459.0, 1479.0), (13, 8459.0, 1479.0), (7, 8459.0, 1479.0), (13, 8459.0, 1479.0), (7, 8459.0, 1479.0), (13, 8459.0, 1479.0), (7, 8459.0, 1479.0), (13, 8459.0, 1479.0), (7, 8459.0, 1479.0), (13, 8459.0, 1479.0), (7, 8459.0, 1479.0), (13, 8459.0, 1479.0), (7, 8459.0, 1479.0), (13, 8459.0, 1479.0), (7, 8459.0, 1479.0), (13, 8459.0, 1479.0), (7, 8459.0, 1479.0), (13, 8459.0, 1479.0), (7, 8459.0, 1479.0), (13, 8459.0, 1479.0), (7, 8459.0, 1479.0), (13, 8459.0, 1479.0), (7, 8459.0, 1479.0), (13, 8459.0, 1479.0), (7, 8459.0, 1479.0), (13, 8459.0, 1479.0), (7, 8459.0, 1479.0), (13, 8459.0, 1479.0), (7, 8459.0, 1479.0), (13, 8459.0, 1479.0), (7, 8459.0, 1479.0), (13, 8459.0, 1479.0), (7, 8459.0, 1479.0), (13, 8459.0, 1479.0), (7, 8459.0, 1479.0), (13, 8459.0, 1479.0), (7, 8459.0, 1479.0), (13, 8459.0, 1479.0), (7, 8459.0, 1479.0), (13, 8459.0, 1479.0), (7, 8459.0, 1479.0), (13, 8459.0, 1479.0), (7, 8459.0, 1479.0), (13, 8459.0, 1479.0), (7, 8459.0, 1479.0), (13, 8459.0, 1479.0), (7, 8459.0, 1479.0), (13, 8459.0, 1479.0), (7, 8459.0, 1479.0), (13, 8459.0, 1479.0), (7, 8459.0, 1479.0), (13, 8459.0, 1479.0), (7, 8459.0, 1479.0), (13, 8459.0, 1479.0), (7, 8459.0, 1479.0), (13, 8459.0, 1479.0), (7, 8459.0, 1479.0), (13, 8459.0, 1479.0), (7, 8459.0, 1479.0), (13, 8459.0, 1479.0), (7, 8459.0, 1479.0), (13, 8459.0, 1479.0), (7, 8459.0, 1479.0), (13, 8459.0, 1479.0), (7, 8459.0, 1479.0), (13, 8459.0, 1479.0), (7, 8459.0, 1479.0), (13, 8459.0, 1479.0), (7, 8459.0, 1479.0), (13, 8459.0, 1479.0), (7, 8459.0, 1479.0), (13, 8459.0, 1479.0), (7, 8459.0, 1479.0), (13, 8459.0, 1479.0), (7, 8459.0, 1479.0), (13, 8459.0, 1479.0), (7, 8459.0, 1479.0), (13, 8459.0, 1479.0), (7, 8459.0, 1479.0), (13, 8459.0, 1479.0), (7, 8459.0, 1479.0), (13, 8459.0, 1479.0), (7, 8459.0, 1479.0), (13, 8459.0, 1479.0), (7, 8459.0, 1479.0), (13, 8459.0, 1479.0), (7, 8459.0, 1479.0), (13, 8459.0, 1479.0), (7, 8459.0, 1479.0), (13, 8459.0, 1479.0), (7, 8459.0, 1479.0), (13, 8459.0, 1479.0), (7, 8459.0, 1479.0), (13, 8459.0, 1479.0), (7, 8459.0, 1479.0), (13, 8459.0, 1479.0), (7, 8459.0, 1479.0), (13, 8459.0, 1479.0), (7, 8459.0, 1479.0), (13, 8459.0, 1479.0), (7, 8459.0, 1479.0), (13, 8459.0, 1479.0), (7, 8459.0, 1479.0), (13, 8459.0, 1479.0), (7, 8459.0, 1479.0), (13, 8459.0, 1479.0), (7, 8459.0, 1479.0), (13, 8459.0, 1479.0), (7, 8459.0, 1479.0), (13, 8459.0, 1479.0), (7, 8459.0, 1479.0), (13, 8459.0, 1479.0), (7, 8459.0, 1479.0), (13, 8459.0, 1479.0), (7, 8459.0, 1479.0), (13, 8459.0, 1479.0), (7, 8459.0, 1479.0), (13, 8459.0, 1479.0), (7, 8459.0, 1479.0), (13, 8459.0, 1479.0), (7, 8459.0, 1479.0), (13, 8459.0, 1479.0), (7, 8459.0, 1479.0), (13, 8459.0, 1479.0), (7, 8459.0, 1479.0), (13, 8459.0, 1479.0), (7, 8459.0, 1479.0), (13, 8459.0, 1479.0), (7, 8459.0, 1479.0), (13, 8459.0, 1479.0), (7, 8459.0, 1479.0), (13, 8459.0, 1479.0), (7, 8459.0, 1479.0), (13, 8459.0, 1479.0), (7, 8459.0, 1479.0), (13, 8459.0, 1479.0), (7, 8459.0, 1479.0), (13, 8459.0, 1479.0), (7, 8459.0, 1479.0), (13, 8459.0, 1479.0), (7, 8459.0, 1479.0), (13, 8459.0, 1479.0), (7, 8459.0, 1479.0), (13, 8459.0, 1479.0), (7, 8459.0, 1479.0), (13, 8459.0, 1479.0), (7, 8459.0, 1479.0), (13, 8459.0, 1479.0), (7, 8459.0, 1479.0), (13, 8459.0, 1479.0), (7, 8459.0, 1479.0), (13, 8459.0, 1479.0), (7, 8459.0, 1479.0), (13, 8459.0, 1479.0), (7, 8459.0, 1479.0), (13, 8459.0, 1479.0), (7, 8459.0, 1479.0), (13, 8459.0, 1479.0), (7, 8459.0, 1479.0), (13, 8459.0, 1479.0), (7, 8459.0, 1479.0), (13, 8459.0, 1479.0), (7, 8459.0, 1479.0), (13, 8459.0, 1479.0), (7, 8459.0, 1479.0), (13, 8459.0, 1479.0), (7, 8459.0, 1479.0), (13, 8459.0, 1479.0), (7, 8459.0, 1479.0), (13, 8459.0, 1479.0), (7, 8459.0, 1479.0), (13, 8459.0, 1479.0), (7, 8459.0, 1479.0), (13, 8459.0, 1479.0), (7, 8459.0, 1479.0), (13, 8459.0, 1479.0), (7, 8459.0, 1479.0), (13, 8459.0, 1479.0), (7, 8459.0, 1479.0), (13, 8459.0, 1479.0), (7, 8459.0, 1479.0), (13, 8459.0, 1479.0), (7, 8459.0, 1479.0), (13, 8459.0, 1479.0), (7, 8459.0, 1479.0), (13, 8459.0, 1479.0), (7, 8459.0, 1479.0), (13, 8459.0, 1479.0), (7, 8459.0, 1479.0), (13, 8459.0, 1479.0), (7, 8459.0, 1479.0), (13, 8459.0, 1479.0), (7, 8459.0, 1479.0), (13, 8459.0, 1479.0), (7, 8459.0, 1479.0), (13, 8459.0, 1479.0), (7, 8459.0, 1479.0), (13, 8459.0, 1479.0), (7, 8459.0, 1479.0), (13, 8459.0, 1479.0), (7, 8459.0, 1479.0), (13, 8459.0, 1479.0), (7, 8459.0, 1479.0), (13, 8459.0, 1479.0), (7, 8459.0, 1479.0), (13, 8459.0, 1479.0), (7, 8459.0, 1479.0), (13, 8459.0, 1479.0), (7, 8459.0, 1479.0), (13, 8459.0, 1479.0), (7, 8459.0, 1479.0), (13, 8459.0, 1479.0), (7, 8459.0, 1479.0), (13, 8459.0, 1479.0), (7, 8459.0, 1479.0), (13, 8459.0, 1479.0), (7, 8459.0, 1479.0), (13, 8459.0, 1479.0), (7, 8459.0, 1479.0), (13, 8459.0, 1479.0), (7, 8459.0, 1479.0), (13, 8459.0, 1479.0), (7, 8459.0, 1479.0), (13, 8459.0, 1479.0), (7, 8459.0, 1479.0), (13, 8459.0, 1479.0), (7, 8459.0, 1479.0), (13, 8459.0, 1479.0), (7, 8459.0, 1479.0), (13, 8459.0, 1479.0), (7, 8459.0, 1479.0), (13, 8459.0, 1479.0), (7, 8459.0, 1479.0), (13, 8459.0, 1479.0), (7, 8459.0, 1479.0), (13, 8459.0, 1479.0), (7, 8459.0, 1479.0), (13, 8459.0, 1479.0), (7, 8459.0, 1479.0), (13, 8459.0, 1479.0), (7, 8459.0, 1479.0), (13, 8459.0, 1479.0), (7, 8459.0, 1479.0), (13, 8459.0, 1479.0), (7, 8459.0, 1479.0), (13, 8459.0, 1479.0), (7, 8459.0, 1479.0), (13, 8459.0, 1479.0), (7, 8459.0, 1479.0), (13, 8459.0, 1479.0), (7, 8459.0, 1479.0), (13, 8459.0, 1479.0), (7, 8459.0, 1479.0), (13, 8459.0, 1479.0), (7, 8459.0, 1479.0), (13, 8459.0, 1479.0), (7, 8459.0, 1479.0), (13, 8459.0, 1479.0), (7, 8459.0, 1479.0), (13, 8459.0, 1479.0), (7, 8459.0, 1479.0), (13, 8459.0, 1479.0), (7, 8459.0, 1479.0), (13, 8459.0, 1479.0), (7, 8459.0, 1479.0), (13, 8459.0, 1479.0), (7, 8459.0, 1479.0), (13, 8459.0, 1479.0), (7, 8459.0, 1479.0), (13, 8459.0, 1479.0), (7, 8459.0, 1479.0), (13, 8459.0, 1479.0), (7, 8459.0, 1479.0), (13, 8459.0, 1479.0), (7, 8459.0, 1479.0), (13, 8459.0, 1479.0), (7, 8459.0, 1479.0), (13, 8459.0, 1479.0), (7, 8459.0, 1479.0), (13, 8459.0, 1479.0), (7, 8459.0, 1479.0), (13, 8459.0, 1479.0), (7, 8459.0, 1479.0), (13, 8459.0, 1479.0), (7, 8459.0, 1479.0), (13, 8459.0, 1479.0), (7, 8459.0, 1479.0), (13, 8459.0, 1479.0), (7, 8459.0, 1479.0), (13, 8459.0, 1479.0), (7, 8459.0, 1479.0), (13, 8459.0, 1479.0), (7, 8459.0, 1479.0), (13, 8459.0, 1479.0), (7, 8459.0, 1479.0), (13, 8459.0, 1479.0), (7, 8459.0, 1479.0), (13, 8459.0, 1479.0), (7, 8459.0, 1479.0), (13, 8459.0, 1479.0), (7, 8459.0, 1479.0), (13, 8459.0, 1479.0), (7, 8459.0, 1479.0), (13, 8459.0, 1479.0), (7, 8459.0, 1479.0), (13, 8459.0, 1479.0), (7, 8459.0, 1479.0), (13, 8459.0, 1479.0), (7, 8459.0, 1479.0), (13, 8459.0, 1479.0), (7, 8459.0, 1479.0), (13, 8459.0, 1479.0), (7, 8459.0, 1479.0), (13, 8459.0, 1479.0), (7, 8459.0, 1479.0), (13, 8459.0, 1479.0), (7, 8459.0, 1479.0), (13, 8459.0, 1479.0), (7, 8459.0, 1479.0), (13, 8459.0, 1479.0), (7, 8459.0, 1479.0), (13, 8459.0, 1479.0), (7, 8459.0, 1479.0), (13, 8459.0, 1479.0), (7, 8459.0, 1479.0), (13, 8459.0, 1479.0), (7, 8459.0, 1479.0), (13, 8459.0, 1479.0), (7, 8459.0, 1479.0), (13, 8459.0, 1479.0), (7, 8459.0, 1479.0), (13, 8459.0, 1479.0), (7, 8459.0, 1479.0), (13, 8459.0, 1479.0), (7, 8459.0, 1479.0), (13, 8459.0, 1479.0), (7, 8459.0, 1479.0), (13, 8459.0, 1479.0), (7, 8459.0, 1479.0), (13, 8459.0, 1479.0), (7, 8459.0, 1479.0), (13, 8459.0, 1479.0), (7, 8459.0, 1479.0), (13, 8459.0, 1479.0), (7, 8459.0, 1479.0), (13, 8459.0, 1479.0), (7, 8459.0, 1479.0), (13, 8459.0, 1479.0), (7, 8459.0, 1479.0), (13, 8459.0, 1479.0), (7, 8459.0, 1479.0), (13, 8459.0, 1479.0), (7, 8459.0, 1479.0), (13, 8459.0, 1479.0), (7, 8459.0, 1479.0), (13, 8459.0, 1479.0), (7, 8459.0, 1479.0), (13, 8459.0, 1479.0), (7, 8459.0, 1479.0), (13, 8459.0, 1479.0), (7, 8459.0, 1479.0), (13, 8459.0, 1479.0), (7, 8459.0, 1479.0), (13, 8459.0, 1479.0), (7, 8459.0, 1479.0), (13, 8459.0, 1479.0), (7, 8459.0, 1479.0), (13, 8459.0, 1479.0), (7, 8459.0, 1479.0), (13, 8459.0, 1479.0), (7, 8459.0, 1479.0), (13, 8459.0, 1479.0), (7, 8459.0, 1479.0), (13, 8459.0, 1479.0), (7, 8459.0, 1479.0), (13, 8459.0, 1479.0), (7, 8459.0, 1479.0), (13, 8459.0, 1479.0), (7, 8459.0, 1479.0), (13, 8459.0, 1479.0), (7, 8459.0, 1479.0), (13, 8459.0, 1479.0), (7, 8459.0, 1479.0), (13, 8459.0, 1479.0), (7, 8459.0, 1479.0), (13, 8459.0, 1479.0), (7, 8459.0, 1479.0), (13, 8459.0, 1479.0), (7, 8459.0, 1479.0), (13, 8459.0, 1479.0), (7, 8459.0, 1479.0), (13, 8459.0, 1479.0), (7, 8459.0, 1479.0), (13, 8459.0, 1479.0), (7, 8459.0, 1479.0), (13, 8459.0, 1479.0), (7, 8459.0, 1479.0), (13, 8459.0, 1479.0), (7, 8459.0, 1479.0), (13, 8459.0, 1479.0), (7, 8459.0, 1479.0), (13, 8459.0, 1479.0), (7, 8459.0, 1479.0), (13, 8459.0, 1479.0), (7, 8459.0, 1479.0), (13, 8459.0, 1479.0), (7, 8459.0, 1479.0), (13, 8459.0, 1479.0), (7, 8459.0, 1479.0), (13, 8459.0, 1479.0), (7, 8459.0, 1479.0), (13, 8459.0, 1479.0), (7, 8459.0, 1479.0), (13, 8459.0, 1479.0), (7, 8459.0, 1479.0), (13, 8459.0, 1479.0), (7, 8459.0, 1479.0), (13, 8459.0, 1479.0), (7, 8459.0, 1479.0), (13, 8459.0, 1479.0), (7, 8459.0, 1479.0), (13, 8459.0, 1479.0), (7, 8459.0, 1479.0), (13, 8459.0, 1479.0), (7, 8459.0, 1479.0), (13, 8459.0, 1479.0), (7, 8459.0, 1479.0), (13, 8459.0, 1479.0), (7, 8459.0, 1479.0), (13, 8459.0, 1479.0), (7, 8459.0, 1479.0), (13, 8459.0, 1479.0), (7, 8459.0, 1479.0), (13, 8459.0, 1479.0), (7, 8459.0, 1479.0), (13, 8459.0, 1479.0), (7, 8459.0, 1479.0), (13, 8459.0, 1479.0), (7, 8459.0, 1479.0), (13, 8459.0, 1479.0), (7, 8459.0, 1479.0), (13, 8459.0, 1479.0), (7, 8459.0, 1479.0), (13, 8459.0, 1479.0), (7, 8459.0, 1479.0), (13, 8459.0, 1479.0), (7, 8459.0, 1479.0), (13, 8459.0, 1479.0), (7, 8459.0, 1479.0), (13, 8459.0, 1479.0), (7, 8459.0, 1479.0), (13, 8459.0, 1479.0), (7, 8459.0, 1479.0), (13, 8459.0, 1479.0), (7, 8459.0, 1479.0), (13, 8459.0, 1479.0), (7, 8459.0, 1479.0), (13, 8459.0, 1479.0), (7, 8459.0, 1479.0), (13, 8459.0, 1479.0), (7, 8459.0, 1479.0), (13, 8459.0, 1479.0), (7, 8459.0, 1479.0), (13, 8459.0, 1479.0), (7, 8459.0, 1479.0), (13, 8459.0, 1479.0), (7, 8459.0, 1479.0), (13, 8459.0, 1479.0), (7, 8459.0, 1479.0), (13, 8459.0, 1479.0), (7, 8459.0, 1479.0), (13, 8459.0, 1479.0), (7, 8459.0, 1479.0), (13, 8459.0, 1479.0), (7, 8459.0, 1479.0), (13, 8459.0, 1479.0), (7, 8459.0, 1479.0), (13, 8459.0, 1479.0), (7, 8459.0, 1479.0), (13, 8459.0, 1479.0), (7, 8459.0, 1479.0), (13, 8459.0, 1479.0), (7, 8459.0, 1479.0), (13, 8459.0, 1479.0), (7, 8459.0, 1479.0), (13, 8459.0, 1479.0), (7, 8459.0, 1479.0), (13, 8459.0, 1479.0), (7, 8459.0, 1479.0), (13, 8459.0, 1479.0), (7, 8459.0, 1479.0), (13, 8459.0, 1479.0), (7, 8459.0, 1479.0), (13, 8459.0, 1479.0), (7, 8459.0, 1479.0), (13, 8459.0, 1479.0), (7, 8459.0, 1479.0), (13, 8459.0, 1479.0), (7, 8459.0, 1479.0), (13, 8459.0, 1479.0), (7, 8459.0, 1479.0), (13, 8459.0, 1479.0), (7, 8459.0, 1479.0), (13, 8459.0, 1479.0), (7, 8459.0, 1479.0), (13, 8459.0, 1479.0), (7, 8459.0, 1479.0), (13, 8459.0, 1479.0), (7, 8459.0, 1479.0), (13, 8459.0, 1479.0), (7, 8459.0, 1479.0), (13, 8459.0, 1479.0), (7, 8459.0, 1479.0), (13, 8459.0, 1479.0), (7, 8459.0, 1479.0), (13, 8459.0, 1479.0), (7, 8459.0, 1479.0), (13, 8459.0, 1479.0), (7, 8459.0, 1479.0), (13, 8459.0, 1479.0), (7, 8459.0, 1479.0), (13, 8459.0, 1479.0), (7, 8459.0, 1479.0), (13, 8459.0, 1479.0), (7, 8459.0, 1479.0), (13, 8459.0, 1479.0), (7, 8459.0, 1479.0), (13, 8459.0, 1479.0), (7, 8459.0, 1479.0), (13, 8459.0, 1479.0), (7, 8459.0, 1479.0), (13, 8459.0, 1479.0), (7, 8459.0, 1479.0), (13, 8459.0, 1479.0), (7, 8459.0, 1479.0), (13, 8459.0, 1479.0), (7, 8459.0, 1479.0), (13, 8459.0, 1479.0), (7, 8459.0, 1479.0), (13, 8459.0, 1479.0), (7, 8459.0, 1479.0), (13, 8459.0, 1479.0), (7, 8459.0, 1479.0), (13, 8459.0, 1479.0), (7, 8459.0, 1479.0), (13, 8459.0, 1479.0), (7, 8459.0, 1479.0), (13, 8459.0, 1479.0), (7, 8459.0, 1479.0), (13, 8459.0, 1479.0), (7, 8459.0, 1479.0), (13, 8459.0, 1479.0), (7, 8459.0, 1479.0), (13, 8459.0, 1479.0), (7, 8459.0, 1479.0), (13, 8459.0, 1479.0), (7, 8459.0, 1479.0), (13, 8459.0, 1479.0), (7, 8459.0, 1479.0), (13, 8459.0, 1479.0), (7, 8459.0, 1479.0), (13, 8459.0, 1479.0), (7, 8459.0, 1479.0), (13, 8459.0, 1479.0), (7, 8459.0, 1479.0), (13, 8459.0, 1479.0), (7, 8459.0, 1479.0), (13, 8459.0, 1479.0), (7, 8459.0, 1479.0), (13, 8459.0, 1479.0), (7, 8459.0, 1479.0), (13, 8459.0, 1479.0), (7, 8459.0, 1479.0), (13, 8459.0, 1479.0), (7, 8459.0, 1479.0), (13, 8459.0, 1479.0), (7, 8459.0, 1479.0), (13, 8459.0, 1479.0), (7, 8459.0, 1479.0), (13, 8459.0, 1479.0), (7, 8459.0, 1479.0), (13, 8459.0, 1479.0), (7, 8459.0, 1479.0), (13, 8459.0, 1479.0), (7, 8459.0, 1479.0), (13, 8459.0, 1479.0), (7, 8459.0, 1479.0), (13, 8459.0, 1479.0), (7, 8459.0, 1479.0), (13, 8459.0, 1479.0), (7, 8459.0, 1479.0), (13, 8459.0, 1479.0), (7, 8459.0, 1479.0), (13, 8459.0, 1479.0), (7, 8459.0, 1479.0), (13, 8459.0, 1479.0), (7, 8459.0, 1479.0), (13, 8459.0, 1479.0), (7, 8459.0, 1479.0), (13, 8459.0, 1479.0), (7, 8459.0, 1479.0), (13, 8459.0, 1479.0), (7, 8459.0, 1479.0), (13, 8459.0, 1479.0), (7, 8459.0, 1479.0), (13, 8459.0, 1479.0), (7, 8459.0, 1479.0), (13, 8459.0, 1479.0), (7, 8459.0, 1479.0), (13, 8459.0, 1479.0), (7, 8459.0, 1479.0), (13, 8459.0, 1479.0), (7, 8459.0, 1479.0), (13, 8459.0, 1479.0), (7, 8459.0, 1479.0), (13, 8459.0, 1479.0), (7, 8459.0, 1479.0), (13, 8459.0, 1479.0), (7, 8459.0, 1479.0), (13, 8459.0, 1479.0), (7, 8459.0, 1479.0), (13, 8459.0, 1479.0), (7, 8459.0, 1479.0), (13, 8459.0, 1479.0), (7, 8459.0, 1479.0), (13, 8459.0, 1479.0), (7, 8459.0, 1479.0), (13, 8459.0, 1479.0), (7, 8459.0, 1479.0), (13, 8459.0, 1479.0), (7, 8459.0, 1479.0), (13, 8459.0, 1479.0), (7, 8459.0, 1479.0), (13, 8459.0, 1479.0), (7, 8459.0, 1479.0), (13, 8459.0, 1479.0), (7, 8459.0, 1479.0), (13, 8459.0, 1479.0), (7, 8459.0, 1479.0), (13, 8459.0, 1479.0), (7, 8459.0, 1479.0), (13, 8459.0, 1479.0), (7, 8459.0, 1479.0), (13, 8459.0, 1479.0), (7, 8459.0, 1479.0), (13, 8459.0, 1479.0), (7, 8459.0, 1479.0), (13, 8459.0, 1479.0), (7, 8459.0, 1479.0), (13, 8459.0, 1479.0), (7, 8459.0, 1479.0), (13, 8459.0, 1479.0), (7, 8459.0, 1479.0), (13, 8459.0, 1479.0), (7, 8459.0, 1479.0), (13, 8459.0, 1479.0), (7, 8459.0, 1479.0), (13, 8459.0, 1479.0), (7, 8459.0, 1479.0), (13, 8459.0, 1479.0), (7, 8459.0, 1479.0), (13, 8459.0, 1479.0), (7, 8459.0, 1479.0), (13, 8459.0, 1479.0), (7, 8459.0, 1479.0), (13, 8459.0, 1479.0), (7, 8459.0, 1479.0), (13, 8459.0, 1479.0), (7, 8459.0, 1479.0), (13, 8459.0, 1479.0), (7, 8459.0, 1479.0), (13, 8459.0, 1479.0), (7, 8459.0, 1479.0), (13, 8459.0, 1479.0), (7, 8459.0, 1479.0), (13, 8459.0, 1479.0), (7, 8459.0, 1479.0), (13, 8459.0, 1479.0), (7, 8459.0, 1479.0), (13, 8459.0, 1479.0), (7, 8459.0, 1479.0), (13, 8459.0, 1479.0), (7, 8459.0, 1479.0), (13, 8459.0, 1479.0), (7, 8459.0, 1479.0), (13, 8459.0, 1479.0), (7, 8459.0, 1479.0), (13, 8459.0, 1479.0), (7, 8459.0, 1479.0), (13, 8459.0, 1479.0), (7, 8459.0, 1479.0), (13, 8459.0, 1479.0), (7, 8459.0, 1479.0), (13, 8459.0, 1479.0), (7, 8459.0, 1479.0), (13, 8459.0, 1479.0), (7, 8459.0, 1479.0), (13, 8459.0, 1479.0), (7, 8459.0, 1479.0), (13, 8459.0, 1479.0), (7, 8459.0, 1479.0), (13, 8459.0, 1479.0), (7, 8459.0, 1479.0), (13, 8459.0, 1479.0), (7, 8459.0, 1479.0), (13, 8459.0, 1479.0), (7, 8459.0, 1479.0), (13, 8459.0, 1479.0), (7, 8459.0, 1479.0), (13, 8459.0, 1479.0), (7, 8459.0, 1479.0), (13, 8459.0, 1479.0), (7, 8459.0, 1479.0), (13, 8459.0, 1479.0), (7, 8459.0, 1479.0), (13, 8459.0, 1479.0), (7, 8459.0, 1479.0), (13, 8459.0, 1479.0), (7, 8459.0, 1479.0), (13, 8459.0, 1479.0), (7, 8459.0, 1479.0), (13, 8459.0, 1479.0), (7, 8459.0, 1479.0), (13, 8459.0, 1479.0), (7, 8459.0, 1479.0), (13, 8459.0, 1479.0), (7, 8459.0, 1479.0), (13, 8459.0, 1479.0), (7, 8459.0, 1479.0), (13, 8459.0, 1479.0), (7, 8459.0, 1479.0), (13, 8459.0, 1479.0), (7, 8459.0, 1479.0), (13, 8459.0, 1479.0), (7, 8459.0, 1479.0), (13, 8459.0, 1479.0), (7, 8459.0, 1479.0), (13, 8459.0, 1479.0), (7, 8459.0, 1479.0), (13, 8459.0, 1479.0), (7, 8459.0, 1479.0), (13, 8459.0, 1479.0), (7, 8459.0, 1479.0), (13, 8459.0, 1479.0), (7, 8459.0, 1479.0), (13, 8459.0, 1479.0), (7, 8459.0, 1479.0), (13, 8459.0, 1479.0), (7, 8459.0, 1479.0), (13, 8459.0, 1479.0), (7, 8459.0, 1479.0), (13, 8459.0, 1479.0), (7, 8459.0, 1479.0), (13, 8459.0, 1479.0), (7, 8459.0, 1479.0), (13, 8459.0, 1479.0), (7, 8459.0, 1479.0), (13, 8459.0, 1479.0), (7, 8459.0, 1479.0), (13, 8459.0, 1479.0), (7, 8459.0, 1479.0), (13, 8459.0, 1479.0), (7, 8459.0, 1479.0), (13, 8459.0, 1479.0), (7, 8459.0, 1479.0), (13, 8459.0, 1479.0), (7, 8459.0, 1479.0), (13, 8459.0, 1479.0), (7, 8459.0, 1479.0), (13, 8459.0, 1479.0), (7, 8459.0, 1479.0), (13, 8459.0, 1479.0), (7, 8459.0, 1479.0), (13, 8459.0, 1479.0), (7, 8459.0, 1479.0), (13, 8459.0, 1479.0), (7, 8459.0, 1479.0), (13, 8459.0, 1479.0), (7, 8459.0, 1479.0), (13, 8459.0, 1479.0), (7, 8459.0, 1479.0), (13, 8459.0, 1479.0), (7, 8459.0, 1479.0), (13, 8459.0, 1479.0), (7, 8459.0, 1479.0), (13, 8459.0, 1479.0), (7, 8459.0, 1479.0), (13, 8459.0, 1479.0), (7, 8459.0, 1479.0), (13, 8459.0, 1479.0), (7, 8459.0, 1479.0), (13, 8459.0, 1479.0), (7, 8459.0, 1479.0), (13, 8459.0, 1479.0), (7, 8459.0, 1479.0), (13, 8459.0, 1479.0), (7, 8459.0, 1479.0), (13, 8459.0, 1479.0), (7, 8459.0, 1479.0), (13, 8459.0, 1479.0), (7, 8459.0, 1479.0), (13, 8459.0, 1479.0), (7, 8459.0, 1479.0), (13, 8459.0, 1479.0), (7, 8459.0, 1479.0), (13, 8459.0, 1479.0), (7, 8459.0, 1479.0), (13, 8459.0, 1479.0), (7, 8459.0, 1479.0), (13, 8459.0, 1479.0), (7, 8459.0, 1479.0), (13, 8459.0, 1479.0), (7, 8459.0, 1479.0), (13, 8459.0, 1479.0), (7, 8459.0, 1479.0), (13, 8459.0, 1479.0), (7, 8459.0, 1479.0), (13, 8459.0, 1479.0), (7, 8459.0, 1479.0), (13, 8459.0, 1479.0), (7, 8459.0, 1479.0), (13, 8459.0, 1479.0), (7, 8459.0, 1479.0), (13, 8459.0, 1479.0), (7, 8459.0, 1479.0), (13, 8459.0, 1479.0), (7, 8459.0, 1479.0), (13, 8459.0, 1479.0), (7, 8459.0, 1479.0), (13, 8459.0, 1479.0), (7, 8459.0, 1479.0), (13, 8459.0, 1479.0), (7, 8459.0, 1479.0), (13, 8459.0, 1479.0), (7, 8459.0, 1479.0), (13, 8459.0, 1479.0), (7, 8459.0, 1479.0), (13, 8459.0, 1479.0), (7, 8459.0, 1479.0), (13, 8459.0, 1479.0), (7, 8459.0, 1479.0), (13, 8459.0, 1479.0), (7, 8459.0, 1479.0), (13, 8459.0, 1479.0), (7, 8459.0, 1479.0), (13, 8459.0, 1479.0), (7, 8459.0, 1479.0), (13, 8459.0, 1479.0), (7, 8459.0, 1479.0), (13, 8459.0, 1479.0), (7, 8459.0, 1479.0), (13, 8459.0, 1479.0), (7, 8459.0, 1479.0), (13, 8459.0, 1479.0), (7, 8459.0, 1479.0), (13, 8459.0, 1479.0), (7, 8459.0, 1479.0), (13, 8459.0, 1479.0), (7, 8459.0, 1479.0), (13, 8459.0, 1479.0), (7, 8459.0, 1479.0), (13, 8459.0, 1479.0), (7, 8459.0, 1479.0), (13, 8459.0, 1479.0), (7, 8459.0, 1479.0), (13, 8459.0, 1479.0), (7, 8459.0, 1479.0), (13, 8459.0, 1479.0), (7, 8459.0, 1479.0), (13, 8459.0, 1479.0), (7, 8459.0, 1479.0), (13, 8459.0, 1479.0), (7, 8459.0, 1479.0), (13, 8459.0, 1479.0), (7, 8459.0, 1479.0), (13, 8459.0, 1479.0), (7, 8459.0, 1479.0), (13, 8459.0, 1479.0), (7, 8459.0, 1479.0), (13, 8459.0, 1479.0), (7, 8459.0, 1479.0), (13, 8459.0, 1479.0), (7, 8459.0, 1479.0), (13, 8459.0, 1479.0), (7, 8459.0, 1479.0), (13, 8459.0, 1479.0), (7, 8459.0, 1479.0), (13, 8459.0, 1479.0), (7, 8459.0, 1479.0), (13, 8459.0, 1479.0), (7, 8459.0, 1479.0), (13, 8459.0, 1479.0), (7, 8459.0, 1479.0), (13, 8459.0, 1479.0), (7, 8459.0, 1479.0), (13, 8459.0, 1479.0), (7, 8459.0, 1479.0), (13, 8459.0, 1479.0), (7, 8459.0, 1479.0), (13, 8459.0, 1479.0), (7, 8459.0, 1479.0), (13, 8459.0, 1479.0), (7, 8459.0, 1479.0), (13, 8459.0, 1479.0), (7, 8459.0, 1479.0), (13, 8459.0, 1479.0), (7, 8459.0, 1479.0), (13, 8459.0, 1479.0), (7, 8459.0, 1479.0), (13, 8459.0, 1479.0), (7, 8459.0, 1479.0), (13, 8459.0, 1479.0), (7, 8459.0, 1479.0), (13, 8459.0, 1479.0), (7, 8459.0, 1479.0), (13, 8459.0, 1479.0), (7, 8459.0, 1479.0), (13, 8459.0, 1479.0), (7, 8459.0, 1479.0), (13, 8459.0, 1479.0), (7, 8459.0, 1479.0), (13, 8459.0, 1479.0), (7, 8459.0, 1479.0), (13, 8459.0, 1479.0), (7, 8459.0, 1479.0), (13, 8459.0, 1479.0), (7, 8459.0, 1479.0), (13, 8459.0, 1479.0), (7, 8459.0, 1479.0), (13, 8459.0, 1479.0), (7, 8459.0, 1479.0), (13, 8459.0, 1479.0), (7, 8459.0, 1479.0), (13, 8459.0, 1479.0), (7, 8459.0, 1479.0), (13, 8459.0, 1479.0), (7, 8459.0, 1479.0), (13, 8459.0, 1479.0), (7, 8459.0, 1479.0), (13, 8459.0, 1479.0), (7, 8459.0, 1479.0), (13, 8459.0, 1479.0), (7, 8459.0, 1479.0), (13, 8459.0, 1479.0), (7, 8459.0, 1479.0), (13, 8459.0, 1479.0), (7, 8459.0, 1479.0), (13, 8459.0, 1479.0), (7, 8459.0, 1479.0), (13, 8459.0, 1479.0), (7, 8459.0, 1479.0), (13, 8459.0, 1479.0), (7, 8459.0, 1479.0), (13, 8459.0, 1479.0), (7, 8459.0, 1479.0), (13, 8459.0, 1479.0), (7, 8459.0, 1479.0), (13, 8459.0, 1479.0), (7, 8459.0, 1479.0), (13, 8459.0, 1479.0), (7, 8459.0, 1479.0), (13, 8459.0, 1479.0), (7, 8459.0, 1479.0), (13, 8459.0, 1479.0), (7, 8459.0, 1479.0), (13, 8459.0, 1479.0), (7, 8459.0, 1479.0), (13, 8459.0, 1479.0), (7, 8459.0, 1479.0), (13, 8459.0, 1479.0), (7, 8459.0, 1479.0), (13, 8459.0, 1479.0), (7, 8459.0, 1479.0), (13, 8459.0, 1479.0), (7, 8459.0, 1479.0), (13, 8459.0, 1479.0), (7, 8459.0, 1479.0), (13, 8459.0, 1479.0), (7, 8459.0, 1479.0), (13, 8459.0, 1479.0), (7, 8459.0, 1479.0), (13, 8459.0, 1479.0), (7, 8459.0, 1479.0), (13, 8459.0, 1479.0), (7, 8459.0, 1479.0), (13, 8459.0, 1479.0), (7, 8459.0, 1479.0), (13, 8459.0, 1479.0), (7, 8459.0, 1479.0), (13, 8459.0, 1479.0), (7, 8459.0, 1479.0), (13, 8459.0, 1479.0), (7, 8459.0, 1479.0), (13, 8459.0, 1479.0), (7, 8459.0, 1479.0), (13, 8459.0, 1479.0), (7, 8459.0, 1479.0), (13, 8459.0, 1479.0), (7, 8459.0, 1479.0), (13, 8459.0, 1479.0), (7, 8459.0, 1479.0), (13, 8459.0, 1479.0), (7, 8459.0, 1479.0), (13, 8459.0, 1479.0), (7, 8459.0, 1479.0), (13, 8459.0, 1479.0), (7, 8459.0, 1479.0), (13, 8459.0, 1479.0), (7, 8459.0, 1479.0), (13, 8459.0, 1479.0), (7, 8459.0, 1479.0), (13, 8459.0, 1479.0), (7, 8459.0, 1479.0), (13, 8459.0, 1479.0), (7, 8459.0, 1479.0), (13, 8459.0, 1479.0), (7, 8459.0, 1479.0), (13, 8459.0, 1479.0), (7, 8459.0, 1479.0), (13, 8459.0, 1479.0), (7, 8459.0, 1479.0), (13, 8459.0, 1479.0), (7, 8459.0, 1479.0), (13, 8459.0, 1479.0), (7, 8459.0, 1479.0), (13, 8459.0, 1479.0), (7, 8459.0, 1479.0), (13, 8459.0, 1479.0), (7, 8459.0, 1479.0), (13, 8459.0, 1479.0), (7, 8459.0, 1479.0), (13, 8459.0, 1479.0), (7, 8459.0, 1479.0), (13, 8459.0, 1479.0), (7, 8459.0, 1479.0), (13, 8459.0, 1479.0), (7, 8459.0, 1479.0), (13, 8459.0, 1479.0), (7, 8459.0, 1479.0), (13, 8459.0, 1479.0), (7, 8459.0, 1479.0), (13, 8459.0, 1479.0), (7, 8459.0, 1479.0), (13, 8459.0, 1479.0), (7, 8459.0, 1479.0), (13, 8459.0, 1479.0), (7, 8459.0, 1479.0), (13, 8459.0, 1479.0), (7, 8459.0, 1479.0), (13, 8459.0, 1479.0), (7, 8459.0, 1479.0), (13, 8459.0, 1479.0), (7, 8459.0, 1479.0), (13, 8459.0, 1479.0), (7, 8459.0, 1479.0), (13, 8459.0, 1479.0), (7, 8459.0, 1479.0), (13, 8459.0, 1479.0), (7, 8459.0, 1479.0), (13, 8459.0, 1479.0), (7, 8459.0, 1479.0), (13, 8459.0, 1479.0), (7, 8459.0, 1479.0), (13, 8459.0, 1479.0), (7, 8459.0, 1479.0), (13, 8459.0, 1479.0), (7, 8459.0, 1479.0), (13, 8459.0, 1479.0), (7, 8459.0, 1479.0), (13, 8459.0, 1479.0), (7, 8459.0, 1479.0), (13, 8459.0, 1479.0), (7, 8459.0, 1479.0), (13, 8459.0, 1479.0), (7, 8459.0, 1479.0), (13, 8459.0, 1479.0), (7, 8459.0, 1479.0), (13, 8459.0, 1479.0), (7, 8459.0, 1479.0), (13, 8459.0, 1479.0), (7, 8459.0, 1479.0), (13, 8459.0, 1479.0), (7, 8459.0, 1479.0), (13, 8459.0, 1479.0), (7, 8459.0, 1479.0), (13, 8459.0, 1479.0), (7, 8459.0, 1479.0), (13, 8459.0, 1479.0), (7, 8459.0, 1479.0), (13, 8459.0, 1479.0), (7, 8459.0, 1479.0), (13, 8459.0, 1479.0), (7, 8459.0, 1479.0), (13, 8459.0, 1479.0), (7, 8459.0, 1479.0), (13, 8459.0, 1479.0), (7, 8459.0, 1479.0), (13, 8459.0, 1479.0), (7, 8459.0, 1479.0), (13, 8459.0, 1479.0), (7, 8459.0, 1479.0), (13, 8459.0, 1479.0), (7, 8459.0, 1479.0), (13, 8459.0, 1479.0), (7, 8459.0, 1479.0), (13, 8459.0, 1479.0), (7, 8459.0, 1479.0), (13, 8459.0, 1479.0), (7, 8459.0, 1479.0), (13, 8459.0, 1479.0), (7, 8459.0, 1479.0), (13, 8459.0, 1479.0), (7, 8459.0, 1479.0), (13, 8459.0, 1479.0), (7, 8459.0, 1479.0), (13, 8459.0, 1479.0), (7, 8459.0, 1479.0), (13, 8459.0, 1479.0), (7, 8459.0, 1479.0), (13, 8459.0, 1479.0), (7, 8459.0, 1479.0), (13, 8459.0, 1479.0), (7, 8459.0, 1479.0), (13, 8459.0, 1479.0), (7, 8459.0, 1479.0), (13, 8459.0, 1479.0), (7, 8459.0, 1479.0), (13, 8459.0, 1479.0), (7, 8459.0, 1479.0), (13, 8459.0, 1479.0), (7, 8459.0, 1479.0), (13, 8459.0, 1479.0), (7, 8459.0, 1479.0), (13, 8459.0, 1479.0), (7, 8459.0, 1479.0), (13, 8459.0, 1479.0), (7, 8459.0, 1479.0), (13, 8459.0, 1479.0), (7, 8459.0, 1479.0), (13, 8459.0, 1479.0), (7, 8459.0, 1479.0), (13, 8459.0, 1479.0), (7, 8459.0, 1479.0), (13, 8459.0, 1479.0), (7, 8459.0, 1479.0), (13, 8459.0, 1479.0), (7, 8459.0, 1479.0), (13, 8459.0, 1479.0), (7, 8459.0, 1479.0), (13, 8459.0, 1479.0), (7, 8459.0, 1479.0), (13, 8459.0, 1479.0), (7, 8459.0, 1479.0), (13, 8459.0, 1479.0), (7, 8459.0, 1479.0), (13, 8459.0, 1479.0), (7, 8459.0, 1479.0), (13, 8459.0, 1479.0), (7, 8459.0, 1479.0), (13, 8459.0, 1479.0), (7, 8459.0, 1479.0), (13, 8459.0, 1479.0), (7, 8459.0, 1479.0), (13, 8459.0, 1479.0), (7, 8459.0, 1479.0), (13, 8459.0, 1479.0), (7, 8459.0, 1479.0), (13, 8459.0, 1479.0), (7, 8459.0, 1479.0), (13, 8459.0, 1479.0), (7, 8459.0, 1479.0), (13, 8459.0, 1479.0), (7, 8459.0, 1479.0), (13, 8459.0, 1479.0), (7, 8459.0, 1479.0), (13, 8459.0, 1479.0), (7, 8459.0, 1479.0), (13, 8459.0, 1479.0), (7, 8459.0, 1479.0), (13, 8459.0, 1479.0), (7, 8459.0, 1479.0), (13, 8459.0, 1479.0), (7, 8459.0, 1479.0), (13, 8459.0, 1479.0), (7, 8459.0, 1479.0), (13, 8459.0, 1479.0), (7, 8459.0, 1479.0), (13, 8459.0, 1479.0), (7, 8459.0, 1479.0), (13, 8459.0, 1479.0), (7, 8459.0, 1479.0), (13, 8459.0, 1479.0), (7, 8459.0, 1479.0), (13, 8459.0, 1479.0), (7, 8459.0, 1479.0), (13, 8459.0, 1479.0), (7, 8459.0, 1479.0), (13, 8459.0, 1479.0), (7, 8459.0, 1479.0), (13, 8459.0, 1479.0), (7, 8459.0, 1479.0), (13, 8459.0, 1479.0), (7, 8459.0, 1479.0), (13, 8459.0, 1479.0), (7, 8459.0, 1479.0), (13, 8459.0, 1479.0), (7, 8459.0, 1479.0), (13, 8459.0, 1479.0), (7, 8459.0, 1479.0), (13, 8459.0, 1479.0), (7, 8459.0, 1479.0), (13, 8459.0, 1479.0), (7, 8459.0, 1479.0), (13, 8459.0, 1479.0), (7, 8459.0, 1479.0), (13, 8459.0, 1479.0), (7, 8459.0, 1479.0), (13, 8459.0, 1479.0), (7, 8459.0, 1479.0), (13, 8459.0, 1479.0), (7, 8459.0, 1479.0), (13, 8459.0, 1479.0), (7, 8459.0, 1479.0), (13, 8459.0, 1479.0), (7, 8459.0, 1479.0), (13, 8459.0, 1479.0), (7, 8459.0, 1479.0), (13, 8459.0, 1479.0), (7, 8459.0, 1479.0), (13, 8459.0, 1479.0), (7, 8459.0, 1479.0), (13, 8459.0, 1479.0), (7, 8459.0, 1479.0), (13, 8459.0, 1479.0), (7, 8459.0, 1479.0), (13, 8459.0, 1479.0), (7, 8459.0, 1479.0), (13, 8459.0, 1479.0), (7, 8459.0, 1479.0), (13, 8459.0, 1479.0), (7, 8459.0, 1479.0), (13, 8459.0, 1479.0), (7, 8459.0, 1479.0), (13, 8459.0, 1479.0), (7, 8459.0, 1479.0), (13, 8459.0, 1479.0), (7, 8459.0, 1479.0), (13, 8459.0, 1479.0), (7, 8459.0, 1479.0), (13, 8459.0, 1479.0), (7, 8459.0, 1479.0), (13, 8459.0, 1479.0), (7, 8459.0, 1479.0), (13, 8459.0, 1479.0), (7, 8459.0, 1479.0), (13, 8459.0, 1479.0), (7, 8459.0, 1479.0), (13, 8459.0, 1479.0), (7, 8459.0, 1479.0), (13, 8459.0, 1479.0), (7, 8459.0, 1479.0), (13, 8459.0, 1479.0), (7, 8459.0, 1479.0), (13, 8459.0, 1479.0), (7, 8459.0, 1479.0), (13, 8459.0, 1479.0), (7, 8459.0, 1479.0), (13, 8459.0, 1479.0), (7, 8459.0, 1479.0), (13, 8459.0, 1479.0), (7, 8459.0, 1479.0), (13, 8459.0, 1479.0), (7, 8459.0, 1479.0), (13, 8459.0, 1479.0), (7, 8459.0, 1479.0), (13, 8459.0, 1479.0), (7, 8459.0, 1479.0), (13, 8459.0, 1479.0), (7, 8459.0, 1479.0), (13, 8459.0, 1479.0), (7, 8459.0, 1479.0), (13, 8459.0, 1479.0), (7, 8459.0, 1479.0), (13, 8459.0, 1479.0), (7, 8459.0, 1479.0), (13, 8459.0, 1479.0), (7, 8459.0, 1479.0), (13, 8459.0, 1479.0), (7, 8459.0, 1479.0), (13, 8459.0, 1479.0), (7, 8459.0, 1479.0), (13, 8459.0, 1479.0), (7, 8459.0, 1479.0), (13, 8459.0, 1479.0), (7, 8459.0, 1479.0), (13, 8459.0, 1479.0), (7, 8459.0, 1479.0), (13, 8459.0, 1479.0), (7, 8459.0, 1479.0), (13, 8459.0, 1479.0), (7, 8459.0, 1479.0), (13, 8459.0, 1479.0), (7, 8459.0, 1479.0), (13, 8459.0, 1479.0), (7, 8459.0, 1479.0), (13, 8459.0, 1479.0), (7, 8459.0, 1479.0), (13, 8459.0, 1479.0), (7, 8459.0, 1479.0), (13, 8459.0, 1479.0), (7, 8459.0, 1479.0), (13, 8459.0, 1479.0), (7, 8459.0, 1479.0), (13, 8459.0, 1479.0), (7, 8459.0, 1479.0), (13, 8459.0, 1479.0), (7, 8459.0, 1479.0), (13, 8459.0, 1479.0), (7, 8459.0, 1479.0), (13, 8459.0, 1479.0), (7, 8459.0, 1479.0), (13, 8459.0, 1479.0), (7, 8459.0, 1479.0), (13, 8459.0, 1479.0), (7, 8459.0, 1479.0), (13, 8459.0, 1479.0), (7, 8459.0, 1479.0), (13, 8459.0, 1479.0), (7, 8459.0, 1479.0), (13, 8459.0, 1479.0), (7, 8459.0, 1479.0), (13, 8459.0, 1479.0), (7, 8459.0, 1479.0), (13, 8459.0, 1479.0), (7, 8459.0, 1479.0), (13, 8459.0, 1479.0), (7, 8459.0, 1479.0), (13, 8459.0, 1479.0), (7, 8459.0, 1479.0), (13, 8459.0, 1479.0), (7, 8459.0, 1479.0), (13, 8459.0, 1479.0), (7, 8459.0, 1479.0), (13, 8459.0, 1479.0), (7, 8459.0, 1479.0), (13, 8459.0, 1479.0), (7, 8459.0, 1479.0), (13, 8459.0, 1479.0), (7, 8459.0, 1479.0), (13, 8459.0, 1479.0), (7, 8459.0, 1479.0), (13, 8459.0, 1479.0), (7, 8459.0, 1479.0), (13, 8459.0, 1479.0), (7, 8459.0, 1479.0), (13, 8459.0, 1479.0), (7, 8459.0, 1479.0), (13, 8459.0, 1479.0), (7, 8459.0, 1479.0), (13, 8459.0, 1479.0), (7, 8459.0, 1479.0), (13, 8459.0, 1479.0), (7, 8459.0, 1479.0), (13, 8459.0, 1479.0), (7, 8459.0, 1479.0), (13, 8459.0, 1479.0), (7, 8459.0, 1479.0), (13, 8459.0, 1479.0), (7, 8459.0, 1479.0), (13, 8459.0, 1479.0), (7, 8459.0, 1479.0), (13, 8459.0, 1479.0), (7, 8459.0, 1479.0), (13, 8459.0, 1479.0), (7, 8459.0, 1479.0), (13, 8459.0, 1479.0), (7, 8459.0, 1479.0), (13, 8459.0, 1479.0), (7, 8459.0, 1479.0), (13, 8459.0, 1479.0), (7, 8459.0, 1479.0), (13, 8459.0, 1479.0), (7, 8459.0, 1479.0), (13, 8459.0, 1479.0), (7, 8459.0, 1479.0), (13, 8459.0, 1479.0), (7, 8459.0, 1479.0), (13, 8459.0, 1479.0), (7, 8459.0, 1479.0), (13, 8459.0, 1479.0), (7, 8459.0, 1479.0), (13, 57069.0, 1508.0), (0, 57069.0, 1508.0), (0, 57069.0, 1508.0), (1, 57069.0, 1508.0), (3, 57069.0, 1508.0), (4, 57069.0, 1508.0), (5, 57069.0, 1508.0), (6, 57069.0, 1508.0), (1, 57069.0, 1508.0), (3, 57069.0, 1508.0), (4, 57069.0, 1508.0), (5, 57069.0, 1508.0), (6, 57069.0, 1508.0), (1, 57069.0, 1508.0), (3, 57069.0, 1508.0), (4, 57069.0, 1508.0), (5, 57069.0, 1508.0), (6, 57069.0, 1508.0), (1, 57069.0, 1508.0), (3, 57069.0, 1508.0), (4, 57069.0, 1508.0), (5, 57069.0, 1508.0), (6, 57069.0, 1508.0), (1, 57069.0, 1508.0), (3, 57069.0, 1508.0), (4, 57069.0, 1508.0), (5, 57069.0, 1508.0), (6, 57069.0, 1508.0), (1, 57069.0, 1508.0), (3, 57069.0, 1508.0), (4, 57069.0, 1508.0), (5, 57069.0, 1508.0), (6, 57069.0, 1508.0), (1, 57069.0, 1508.0), (3, 57069.0, 1508.0), (4, 57069.0, 1508.0), (5, 57069.0, 1508.0), (6, 57069.0, 1508.0), (1, 57069.0, 1508.0), (3, 57069.0, 1508.0), (4, 57069.0, 1508.0), (5, 57069.0, 1508.0), (6, 57069.0, 1508.0), (1, 57069.0, 1526.0), (3, 57069.0, 1526.0), (4, 57069.0, 1526.0), (5, 57069.0, 1526.0), (6, 57069.0, 1526.0), (1, 57069.0, 1545.0), (3, 57069.0, 1545.0), (4, 57069.0, 1545.0), (5, 57069.0, 1545.0), (6, 57069.0, 1545.0), (1, 57069.0, 1563.0), (3, 57069.0, 1563.0), (4, 57069.0, 1563.0), (5, 57069.0, 1563.0), (6, 57069.0, 1563.0), (1, 57069.0, 1608.0), (3, 57069.0, 1608.0), (4, 57069.0, 1608.0), (5, 57069.0, 1608.0), (6, 57069.0, 1608.0), (1, 57069.0, 1650.0), (3, 57069.0, 1650.0), (4, 57069.0, 1650.0), (5, 57069.0, 1650.0), (6, 57069.0, 1650.0), (1, 57069.0, 1694.0), (3, 57069.0, 1694.0), (4, 57069.0, 1694.0), (5, 57069.0, 1694.0), (6, 57069.0, 1694.0), (1, 57069.0, 1701.0), (3, 57069.0, 1701.0), (4, 57069.0, 1701.0), (5, 57069.0, 1701.0), (6, 57069.0, 1701.0), (1, 57069.0, 1710.0), (3, 57069.0, 1710.0), (4, 57069.0, 1710.0), (5, 57069.0, 1710.0), (6, 57069.0, 1710.0), (1, 57069.0, 1710.0), (3, 57069.0, 1710.0), (4, 57069.0, 1710.0), (5, 57069.0, 1710.0), (6, 57069.0, 1710.0), (1, 57069.0, 1710.0), (3, 57069.0, 1710.0), (4, 57069.0, 1710.0), (5, 57069.0, 1710.0), (6, 57069.0, 1710.0), (1, 57069.0, 1710.0), (3, 57069.0, 1710.0), (4, 57069.0, 1710.0), (5, 57069.0, 1710.0), (6, 57069.0, 1710.0), (1, 57069.0, 1710.0), (3, 57069.0, 1710.0), (4, 57069.0, 1710.0), (5, 57069.0, 1710.0), (6, 57069.0, 1710.0), (1, 57069.0, 1710.0), (3, 57069.0, 1710.0), (4, 57069.0, 1710.0), (5, 57069.0, 1710.0), (6, 57069.0, 1710.0), (1, 57069.0, 1710.0), (3, 57069.0, 1710.0), (4, 57069.0, 1710.0), (5, 57069.0, 1710.0), (6, 57069.0, 1710.0), (1, 57069.0, 1710.0), (3, 57069.0, 1710.0), (4, 57069.0, 1710.0), (5, 57069.0, 1710.0), (6, 57069.0, 1710.0), (7, 57069.0, 1710.0), (8, 57069.0, 1710.0), (9, 57069.0, 1710.0), (10, 57069.0, 1710.0), (11, 57069.0, 1710.0), (12, 57069.0, 1710.0), (13, 57069.0, 1710.0), (0, 57069.0, 1710.0), (0, 57069.0, 1710.0), (1, 57069.0, 1710.0), (3, 57069.0, 1710.0), (4, 57069.0, 1710.0), (5, 57069.0, 1710.0), (6, 57069.0, 1710.0), (1, 57069.0, 1718.0), (3, 57069.0, 1718.0), (4, 57069.0, 1718.0), (5, 57069.0, 1718.0), (6, 57069.0, 1718.0), (1, 57069.0, 1725.0), (3, 57069.0, 1725.0), (4, 57069.0, 1725.0), (5, 57069.0, 1725.0), (6, 57069.0, 1725.0), (1, 57069.0, 1732.0), (3, 57069.0, 1732.0), (4, 57069.0, 1732.0), (5, 57069.0, 1732.0), (6, 57069.0, 1732.0), (1, 57069.0, 1740.0), (3, 57069.0, 1740.0), (4, 57069.0, 1740.0), (5, 57069.0, 1740.0), (6, 57069.0, 1740.0), (1, 57069.0, 1748.0), (3, 57069.0, 1748.0), (4, 57069.0, 1748.0), (5, 57069.0, 1748.0), (6, 57069.0, 1748.0), (1, 57069.0, 1754.0), (3, 57069.0, 1754.0), (4, 57069.0, 1754.0), (5, 57069.0, 1754.0), (6, 57069.0, 1754.0), (1, 57069.0, 1760.0), (3, 57069.0, 1760.0), (4, 57069.0, 1760.0), (5, 57069.0, 1760.0), (6, 57069.0, 1760.0), (1, 57069.0, 1768.0), (3, 57069.0, 1768.0), (4, 57069.0, 1768.0), (5, 57069.0, 1768.0), (6, 57069.0, 1768.0), (1, 57069.0, 1768.0), (3, 57069.0, 1768.0), (4, 57069.0, 1768.0), (5, 57069.0, 1768.0), (6, 57069.0, 1768.0), (1, 57069.0, 1768.0), (3, 57069.0, 1768.0), (4, 57069.0, 1768.0), (5, 57069.0, 1768.0), (6, 57069.0, 1768.0), (1, 57069.0, 1775.0), (3, 57069.0, 1775.0), (4, 57069.0, 1775.0), (5, 57069.0, 1775.0), (6, 57069.0, 1775.0), (1, 57069.0, 1782.0), (3, 57069.0, 1782.0), (4, 57069.0, 1782.0), (5, 57069.0, 1782.0), (6, 57069.0, 1782.0), (7, 57069.0, 1782.0), (13, 57069.0, 1782.0), (8, 57069.0, 1782.0), (9, 57069.0, 1782.0), (10, 57069.0, 1782.0), (11, 57069.0, 1782.0), (12, 57069.0, 1782.0), (13, 57069.0, 1782.0), (0, 57069.0, 1782.0), (0, 57069.0, 1782.0), (1, 57069.0, 1782.0), (3, 57069.0, 1782.0), (4, 57069.0, 1782.0), (5, 57069.0, 1782.0), (6, 57069.0, 1782.0), (8, 57069.0, 1782.0), (9, 57069.0, 1782.0), (10, 57069.0, 1782.0), (11, 57069.0, 1782.0), (12, 57069.0, 1782.0), (13, 57069.0, 1782.0), (0, 57069.0, 1782.0), (0, 57069.0, 1782.0), (1, 57069.0, 1782.0), (3, 57069.0, 1782.0), (4, 57069.0, 1782.0), (5, 57069.0, 1782.0), (6, 57069.0, 1782.0), (8, 57069.0, 1782.0), (9, 57069.0, 1782.0), (10, 57069.0, 1782.0), (11, 57069.0, 1782.0), (12, 57069.0, 1782.0), (13, 57069.0, 1782.0), (0, 57069.0, 1782.0)]
2026-01-01 16:50:10,707 estimate_duration: transitions=[(0, 1520.0, 9.0), (0, 1520.0, 9.0), (1, 1520.0, 9.0), (2, 1520.0, 9.0), (3, 1520.0, 9.0), (4, 1520.0, 9.0), (5, 1520.0, 9.0), (6, 1520.0, 9.0), (1, 1520.0, 18.0), (2, 1520.0, 18.0), (3, 1520.0, 18.0), (4, 1520.0, 18.0), (5, 1520.0, 18.0), (6, 1520.0, 18.0), (1, 1520.0, 27.0), (2, 1520.0, 27.0), (3, 1520.0, 27.0), (4, 1520.0, 27.0), (5, 1520.0, 27.0), (6, 1520.0, 27.0), (1, 1520.0, 36.0), (2, 1520.0, 36.0), (3, 1520.0, 36.0), (4, 1520.0, 36.0), (5, 1520.0, 36.0), (6, 1520.0, 36.0), (1, 1520.0, 44.0), (3, 1520.0, 44.0), (4, 1520.0, 44.0), (5, 1520.0, 44.0), (6, 1520.0, 44.0), (1, 1520.0, 52.0), (3, 1520.0, 52.0), (4, 1520.0, 52.0), (5, 1520.0, 52.0), (6, 1520.0, 52.0), (1, 1520.0, 59.0), (3, 1520.0, 59.0), (4, 1520.0, 59.0), (5, 1520.0, 59.0), (6, 1520.0, 59.0), (1, 1520.0, 67.0), (3, 1520.0, 67.0), (4, 1520.0, 67.0), (5, 1520.0, 67.0), (6, 1520.0, 67.0), (1, 1520.0, 75.0), (3, 1520.0, 75.0), (4, 1520.0, 75.0), (5, 1520.0, 75.0), (6, 1520.0, 75.0), (1, 1520.0, 83.0), (3, 1520.0, 83.0), (4, 1520.0, 83.0), (5, 1520.0, 83.0), (6, 1520.0, 83.0), (1, 1520.0, 92.0), (3, 1520.0, 92.0), (4, 1520.0, 92.0), (5, 1520.0, 92.0), (6, 1520.0, 92.0), (1, 1520.0, 100.0), (3, 1520.0, 100.0), (4, 1520.0, 100.0), (5, 1520.0, 100.0), (6, 1520.0, 100.0), (1, 1520.0, 108.0), (3, 1520.0, 108.0), (4, 1520.0, 108.0), (5, 1520.0, 108.0), (6, 1520.0, 108.0), (7, 1520.0, 108.0), (8, 1520.0, 108.0), (9, 1520.0, 108.0), (10, 1520.0, 108.0), (11, 1520.0, 108.0), (12, 1520.0, 108.0), (1, 1520.0, 108.0), (3, 1520.0, 108.0), (4, 1520.0, 108.0), (5, 1520.0, 108.0), (6, 1520.0, 108.0), (1, 1520.0, 117.0), (2, 1520.0, 117.0), (3, 1520.0, 117.0), (4, 1520.0, 117.0), (5, 1520.0, 117.0), (6, 1520.0, 117.0), (1, 1520.0, 126.0), (2, 1520.0, 126.0), (3, 1520.0, 126.0), (4, 1520.0, 126.0), (5, 1520.0, 126.0), (6, 1520.0, 126.0), (1, 1520.0, 134.0), (2, 1520.0, 134.0), (3, 1520.0, 134.0), (4, 1520.0, 134.0), (5, 1520.0, 134.0), (6, 1520.0, 134.0), (1, 1520.0, 143.0), (3, 1520.0, 143.0), (4, 1520.0, 143.0), (5, 1520.0, 143.0), (6, 1520.0, 143.0), (7, 1520.0, 152.0), (1, 1520.0, 152.0), (3, 1520.0, 152.0), (4, 1520.0, 152.0), (5, 1520.0, 152.0), (6, 1520.0, 152.0), (1, 1520.0, 161.0), (3, 1520.0, 161.0), (4, 1520.0, 161.0), (5, 1520.0, 161.0), (6, 1520.0, 161.0), (7, 1520.0, 161.0), (8, 1520.0, 161.0), (9, 1520.0, 161.0), (10, 1520.0, 161.0), (11, 1520.0, 161.0), (12, 1520.0, 161.0), (1, 1520.0, 161.0), (3, 1520.0, 161.0), (4, 1520.0, 161.0), (5, 1520.0, 161.0), (6, 1520.0, 161.0), (0, 15040.0, 170.0), (7, 15040.0, 170.0), (0, 15040.0, 170.0), (1, 15040.0, 170.0), (2, 15040.0, 170.0), (3, 15040.0, 170.0), (4, 15040.0, 170.0), (5, 15040.0, 170.0), (6, 15040.0, 170.0), (8, 15040.0, 170.0), (9, 15040.0, 170.0), (10, 15040.0, 170.0), (11, 15040.0, 170.0), (12, 15040.0, 170.0), (1, 15040.0, 170.0), (2, 15040.0, 170.0), (3, 15040.0, 170.0), (4, 15040.0, 170.0), (5, 15040.0, 170.0), (6, 15040.0, 170.0), (1, 15040.0, 179.0), (2, 15040.0, 179.0), (3, 15040.0, 179.0), (4, 15040.0, 179.0), (5, 15040.0, 179.0), (6, 15040.0, 179.0), (1, 15040.0, 188.0), (2, 15040.0, 188.0), (3, 15040.0, 188.0), (4, 15040.0, 188.0), (5, 15040.0, 188.0), (6, 15040.0, 188.0), (1, 15040.0, 237.0), (2, 15040.0, 237.0), (3, 15040.0, 237.0), (4, 15040.0, 237.0), (5, 15040.0, 237.0), (6, 15040.0, 237.0), (1, 15040.0, 285.0), (2, 15040.0, 285.0), (3, 15040.0, 285.0), (4, 15040.0, 285.0), (5, 15040.0, 285.0), (6, 15040.0, 285.0), (1, 15040.0, 334.0), (3, 15040.0, 334.0), (4, 15040.0, 334.0), (5, 15040.0, 334.0), (6, 15040.0, 334.0), (1, 15040.0, 383.0), (3, 15040.0, 383.0), (4, 15040.0, 383.0), (5, 15040.0, 383.0), (6, 15040.0, 383.0), (1, 15040.0, 432.0), (3, 15040.0, 432.0), (4, 15040.0, 432.0), (5, 15040.0, 432.0), (6, 15040.0, 432.0), (1, 15040.0, 481.0), (3, 15040.0, 481.0), (4, 15040.0, 481.0), (5, 15040.0, 481.0), (6, 15040.0, 481.0), (1, 15040.0, 500.0), (3, 15040.0, 500.0), (4, 15040.0, 500.0), (5, 15040.0, 500.0), (6, 15040.0, 500.0), (1, 15040.0, 519.0), (3, 15040.0, 519.0), (4, 15040.0, 519.0), (5, 15040.0, 519.0), (6, 15040.0, 519.0), (7, 15040.0, 519.0), (8, 15040.0, 519.0), (9, 15040.0, 519.0), (10, 15040.0, 519.0), (11, 15040.0, 519.0), (12, 15040.0, 519.0), (1, 15040.0, 519.0), (3, 15040.0, 519.0), (4, 15040.0, 519.0), (5, 15040.0, 519.0), (6, 15040.0, 519.0), (1, 15040.0, 538.0), (2, 15040.0, 538.0), (3, 15040.0, 538.0), (4, 15040.0, 538.0), (5, 15040.0, 538.0), (6, 15040.0, 538.0), (1, 15040.0, 557.0), (2, 15040.0, 557.0), (3, 15040.0, 557.0), (4, 15040.0, 557.0), (5, 15040.0, 557.0), (6, 15040.0, 557.0), (1, 15040.0, 576.0), (2, 15040.0, 576.0), (3, 15040.0, 576.0), (4, 15040.0, 576.0), (5, 15040.0, 576.0), (6, 15040.0, 576.0), (7, 15040.0, 576.0), (8, 15040.0, 576.0), (9, 15040.0, 576.0), (10, 15040.0, 576.0), (11, 15040.0, 576.0), (12, 15040.0, 576.0), (1, 15040.0, 576.0), (2, 15040.0, 576.0), (3, 15040.0, 576.0), (4, 15040.0, 576.0), (5, 15040.0, 576.0), (6, 15040.0, 576.0), (1, 15040.0, 595.0), (2, 15040.0, 595.0), (3, 15040.0, 595.0), (4, 15040.0, 595.0), (5, 15040.0, 595.0), (6, 15040.0, 595.0), (1, 15040.0, 614.0), (2, 15040.0, 614.0), (3, 15040.0, 614.0), (4, 15040.0, 614.0), (5, 15040.0, 614.0), (6, 15040.0, 614.0), (1, 15040.0, 633.0), (2, 15040.0, 633.0), (3, 15040.0, 633.0), (4, 15040.0, 633.0), (5, 15040.0, 633.0), (6, 15040.0, 633.0), (1, 15040.0, 652.0), (2, 15040.0, 652.0), (3, 15040.0, 652.0), (4, 15040.0, 652.0), (5, 15040.0, 652.0), (6, 15040.0, 652.0), (1, 15040.0, 671.0), (2, 15040.0, 671.0), (3, 15040.0, 671.0), (4, 15040.0, 671.0), (5, 15040.0, 671.0), (6, 15040.0, 671.0), (1, 15040.0, 690.0), (3, 15040.0, 690.0), (4, 15040.0, 690.0), (5, 15040.0, 690.0), (6, 15040.0, 690.0), (1, 15040.0, 709.0), (3, 15040.0, 709.0), (4, 15040.0, 709.0), (5, 15040.0, 709.0), (6, 15040.0, 709.0), (1, 15040.0, 728.0), (3, 15040.0, 728.0), (4, 15040.0, 728.0), (5, 15040.0, 728.0), (6, 15040.0, 728.0), (1, 15040.0, 746.0), (3, 15040.0, 746.0), (4, 15040.0, 746.0), (5, 15040.0, 746.0), (6, 15040.0, 746.0), (1, 15040.0, 764.0), (3, 15040.0, 764.0), (4, 15040.0, 764.0), (5, 15040.0, 764.0), (6, 15040.0, 764.0), (1, 15040.0, 783.0), (3, 15040.0, 783.0), (4, 15040.0, 783.0), (5, 15040.0, 783.0), (6, 15040.0, 783.0), (1, 15040.0, 801.0), (3, 15040.0, 801.0), (4, 15040.0, 801.0), (5, 15040.0, 801.0), (6, 15040.0, 801.0), (1, 15040.0, 819.0), (3, 15040.0, 819.0), (4, 15040.0, 819.0), (5, 15040.0, 819.0), (6, 15040.0, 819.0), (1, 15040.0, 837.0), (3, 15040.0, 837.0), (4, 15040.0, 837.0), (5, 15040.0, 837.0), (6, 15040.0, 837.0), (7, 15040.0, 837.0), (8, 15040.0, 837.0), (9, 15040.0, 837.0), (10, 15040.0, 837.0), (11, 15040.0, 837.0), (12, 15040.0, 837.0), (1, 15040.0, 837.0), (3, 15040.0, 837.0), (4, 15040.0, 837.0), (5, 15040.0, 837.0), (6, 15040.0, 837.0), (1, 15040.0, 856.0), (3, 15040.0, 856.0), (4, 15040.0, 856.0), (5, 15040.0, 856.0), (6, 15040.0, 856.0), (1, 15040.0, 865.0), (3, 15040.0, 865.0), (4, 15040.0, 865.0), (5, 15040.0, 865.0), (6, 15040.0, 865.0), (1, 15040.0, 874.0), (3, 15040.0, 874.0), (4, 15040.0, 874.0), (5, 15040.0, 874.0), (6, 15040.0, 874.0), (1, 15040.0, 883.0), (3, 15040.0, 883.0), (4, 15040.0, 883.0), (5, 15040.0, 883.0), (6, 15040.0, 883.0), (1, 15040.0, 892.0), (3, 15040.0, 892.0), (4, 15040.0, 892.0), (5, 15040.0, 892.0), (6, 15040.0, 892.0), (1, 15040.0, 901.0), (3, 15040.0, 901.0), (4, 15040.0, 901.0), (5, 15040.0, 901.0), (6, 15040.0, 901.0), (1, 15040.0, 910.0), (3, 15040.0, 910.0), (4, 15040.0, 910.0), (5, 15040.0, 910.0), (6, 15040.0, 910.0), (1, 15040.0, 919.0), (3, 15040.0, 919.0), (4, 15040.0, 919.0), (5, 15040.0, 919.0), (6, 15040.0, 919.0), (1, 15040.0, 928.0), (3, 15040.0, 928.0), (4, 15040.0, 928.0), (5, 15040.0, 928.0), (6, 15040.0, 928.0), (1, 15040.0, 928.0), (3, 15040.0, 928.0), (4, 15040.0, 928.0), (5, 15040.0, 928.0), (6, 15040.0, 928.0), (1, 15040.0, 928.0), (3, 15040.0, 928.0), (4, 15040.0, 928.0), (5, 15040.0, 928.0), (6, 15040.0, 928.0), (1, 15040.0, 928.0), (3, 15040.0, 928.0), (4, 15040.0, 928.0), (5, 15040.0, 928.0), (6, 15040.0, 928.0), (1, 15040.0, 937.0), (3, 15040.0, 937.0), (4, 15040.0, 937.0), (5, 15040.0, 937.0), (6, 15040.0, 937.0), (1, 15040.0, 946.0), (3, 15040.0, 946.0), (4, 15040.0, 946.0), (5, 15040.0, 946.0), (6, 15040.0, 946.0), (1, 15040.0, 955.0), (3, 15040.0, 955.0), (4, 15040.0, 955.0), (5, 15040.0, 955.0), (6, 15040.0, 955.0), (1, 15040.0, 977.0), (3, 15040.0, 977.0), (4, 15040.0, 977.0), (5, 15040.0, 977.0), (6, 15040.0, 977.0), (1, 15040.0, 986.0), (3, 15040.0, 986.0), (4, 15040.0, 986.0), (5, 15040.0, 986.0), (6, 15040.0, 986.0), (7, 15040.0, 986.0), (8, 15040.0, 986.0), (9, 15040.0, 986.0), (10, 15040.0, 986.0), (11, 15040.0, 986.0), (12, 15040.0, 986.0), (13, 15040.0, 986.0), (0, 15040.0, 986.0), (0, 15040.0, 986.0), (1, 15040.0, 986.0), (3, 15040.0, 986.0), (4, 15040.0, 986.0), (5, 15040.0, 986.0), (6, 15040.0, 986.0), (1, 15040.0, 995.0), (3, 15040.0, 995.0), (4, 15040.0, 995.0), (5, 15040.0, 995.0), (6, 15040.0, 995.0), (1, 15040.0, 1004.0), (3, 15040.0, 1004.0), (4, 15040.0, 1004.0), (5, 15040.0, 1004.0), (6, 15040.0, 1004.0), (1, 15040.0, 1013.0), (3, 15040.0, 1013.0), (4, 15040.0, 1013.0), (5, 15040.0, 1013.0), (6, 15040.0, 1013.0), (1, 15040.0, 1022.0), (3, 15040.0, 1022.0), (4, 15040.0, 1022.0), (5, 15040.0, 1022.0), (6, 15040.0, 1022.0), (1, 15040.0, 1031.0), (3, 15040.0, 1031.0), (4, 15040.0, 1031.0), (5, 15040.0, 1031.0), (6, 15040.0, 1031.0), (1, 15040.0, 1040.0), (3, 15040.0, 1040.0), (4, 15040.0, 1040.0), (5, 15040.0, 1040.0), (6, 15040.0, 1040.0), (1, 15040.0, 1049.0), (3, 15040.0, 1049.0), (4, 15040.0, 1049.0), (5, 15040.0, 1049.0), (6, 15040.0, 1049.0), (1, 15040.0, 1058.0), (3, 15040.0, 1058.0), (4, 15040.0, 1058.0), (5, 15040.0, 1058.0), (6, 15040.0, 1058.0), (1, 15040.0, 1067.0), (3, 15040.0, 1067.0), (4, 15040.0, 1067.0), (5, 15040.0, 1067.0), (6, 15040.0, 1067.0), (1, 15040.0, 1076.0), (3, 15040.0, 1076.0), (4, 15040.0, 1076.0), (5, 15040.0, 1076.0), (6, 15040.0, 1076.0), (1, 15040.0, 1085.0), (3, 15040.0, 1085.0), (4, 15040.0, 1085.0), (5, 15040.0, 1085.0), (6, 15040.0, 1085.0), (1, 15040.0, 1085.0), (3, 15040.0, 1085.0), (4, 15040.0, 1085.0), (5, 15040.0, 1085.0), (6, 15040.0, 1085.0), (1, 15040.0, 1085.0), (3, 15040.0, 1085.0), (4, 15040.0, 1085.0), (5, 15040.0, 1085.0), (6, 15040.0, 1085.0), (1, 15040.0, 1085.0), (3, 15040.0, 1085.0), (4, 15040.0, 1085.0), (5, 15040.0, 1085.0), (6, 15040.0, 1085.0), (1, 15040.0, 1085.0), (3, 15040.0, 1085.0), (4, 15040.0, 1085.0), (5, 15040.0, 1085.0), (6, 15040.0, 1085.0), (1, 15040.0, 1085.0), (3, 15040.0, 1085.0), (4, 15040.0, 1085.0), (5, 15040.0, 1085.0), (6, 15040.0, 1085.0), (1, 15040.0, 1085.0), (3, 15040.0, 1085.0), (4, 15040.0, 1085.0), (5, 15040.0, 1085.0), (6, 15040.0, 1085.0), (1, 15040.0, 1085.0), (3, 15040.0, 1085.0), (4, 15040.0, 1085.0), (5, 15040.0, 1085.0), (6, 15040.0, 1085.0), (1, 15040.0, 1085.0), (3, 15040.0, 1085.0), (4, 15040.0, 1085.0), (5, 15040.0, 1085.0), (6, 15040.0, 1085.0), (7, 15040.0, 1085.0), (13, 15040.0, 1085.0), (8, 15040.0, 1085.0), (9, 15040.0, 1085.0), (10, 15040.0, 1085.0), (11, 15040.0, 1085.0), (12, 15040.0, 1085.0), (13, 15040.0, 1085.0), (0, 15040.0, 1085.0), (0, 15040.0, 1085.0), (1, 15040.0, 1085.0), (3, 15040.0, 1085.0), (4, 15040.0, 1085.0), (5, 15040.0, 1085.0), (6, 15040.0, 1085.0), (1, 15040.0, 1085.0), (3, 15040.0, 1085.0), (4, 15040.0, 1085.0), (5, 15040.0, 1085.0), (6, 15040.0, 1085.0), (1, 15040.0, 1085.0), (3, 15040.0, 1085.0), (4, 15040.0, 1085.0), (5, 15040.0, 1085.0), (6, 15040.0, 1085.0), (1, 15040.0, 1085.0), (3, 15040.0, 1085.0), (4, 15040.0, 1085.0), (5, 15040.0, 1085.0), (6, 15040.0, 1085.0), (1, 15040.0, 1085.0), (3, 15040.0, 1085.0), (4, 15040.0, 1085.0), (5, 15040.0, 1085.0), (6, 15040.0, 1085.0), (1, 15040.0, 1094.0), (3, 15040.0, 1094.0), (4, 15040.0, 1094.0), (5, 15040.0, 1094.0), (6, 15040.0, 1094.0), (1, 15040.0, 1103.0), (3, 15040.0, 1103.0), (4, 15040.0, 1103.0), (5, 15040.0, 1103.0), (6, 15040.0, 1103.0), (1, 15040.0, 1112.0), (3, 15040.0, 1112.0), (4, 15040.0, 1112.0), (5, 15040.0, 1112.0), (6, 15040.0, 1112.0), (1, 15040.0, 1121.0), (3, 15040.0, 1121.0), (4, 15040.0, 1121.0), (5, 15040.0, 1121.0), (6, 15040.0, 1121.0), (1, 15040.0, 1130.0), (3, 15040.0, 1130.0), (4, 15040.0, 1130.0), (5, 15040.0, 1130.0), (6, 15040.0, 1130.0), (1, 15040.0, 1139.0), (3, 15040.0, 1139.0), (4, 15040.0, 1139.0), (5, 15040.0, 1139.0), (6, 15040.0, 1139.0), (1, 15040.0, 1148.0), (3, 15040.0, 1148.0), (4, 15040.0, 1148.0), (5, 15040.0, 1148.0), (6, 15040.0, 1148.0), (1, 15040.0, 1157.0), (3, 15040.0, 1157.0), (4, 15040.0, 1157.0), (5, 15040.0, 1157.0), (6, 15040.0, 1157.0), (1, 15040.0, 1166.0), (3, 15040.0, 1166.0), (4, 15040.0, 1166.0), (5, 15040.0, 1166.0), (6, 15040.0, 1166.0), (1, 15040.0, 1175.0), (3, 15040.0, 1175.0), (4, 15040.0, 1175.0), (5, 15040.0, 1175.0), (6, 15040.0, 1175.0), (1, 15040.0, 1194.0), (3, 15040.0, 1194.0), (4, 15040.0, 1194.0), (5, 15040.0, 1194.0), (6, 15040.0, 1194.0), (1, 15040.0, 1194.0), (3, 15040.0, 1194.0), (4, 15040.0, 1194.0), (5, 15040.0, 1194.0), (6, 15040.0, 1194.0), (1, 15040.0, 1194.0), (3, 15040.0, 1194.0), (4, 15040.0, 1194.0), (5, 15040.0, 1194.0), (6, 15040.0, 1194.0), (1, 15040.0, 1194.0), (3, 15040.0, 1194.0), (4, 15040.0, 1194.0), (5, 15040.0, 1194.0), (6, 15040.0, 1194.0), (1, 15040.0, 1194.0), (3, 15040.0, 1194.0), (4, 15040.0, 1194.0), (5, 15040.0, 1194.0), (6, 15040.0, 1194.0), (1, 15040.0, 1197.0), (3, 15040.0, 1197.0), (4, 15040.0, 1197.0), (5, 15040.0, 1197.0), (6, 15040.0, 1197.0), (1, 15040.0, 1203.0), (3, 15040.0, 1203.0), (4, 15040.0, 1203.0), (5, 15040.0, 1203.0), (6, 15040.0, 1203.0), (1, 15040.0, 1223.0), (3, 15040.0, 1223.0), (4, 15040.0, 1223.0), (5, 15040.0, 1223.0), (6, 15040.0, 1223.0), (7, 15040.0, 1223.0), (13, 15040.0, 1223.0), (8, 15040.0, 1223.0), (9, 15040.0, 1223.0), (10, 15040.0, 1223.0), (11, 15040.0, 1223.0), (12, 15040.0, 1223.0), (13, 15040.0, 1223.0), (0, 15040.0, 1223.0), (0, 15040.0, 1223.0), (1, 15040.0, 1223.0), (3, 15040.0, 1223.0), (4, 15040.0, 1223.0), (5, 15040.0, 1223.0), (6, 15040.0, 1223.0), (8, 46600.0, 1238.0), (9, 46600.0, 1238.0), (8, 46600.0, 1238.0), (9, 46600.0, 1245.0), (0, 46600.0, 1245.0), (0, 46600.0, 1245.0), (1, 46600.0, 1245.0), (3, 46600.0, 1245.0), (4, 46600.0, 1245.0), (5, 46600.0, 1245.0), (6, 46600.0, 1245.0), (1, 46600.0, 1252.0), (3, 46600.0, 1252.0), (4, 46600.0, 1252.0), (5, 46600.0, 1252.0), (6, 46600.0, 1252.0), (1, 46600.0, 1259.0), (3, 46600.0, 1259.0), (4, 46600.0, 1259.0), (5, 46600.0, 1259.0), (6, 46600.0, 1259.0), (1, 46600.0, 1267.0), (3, 46600.0, 1267.0), (4, 46600.0, 1267.0), (5, 46600.0, 1267.0), (6, 46600.0, 1267.0), (1, 46600.0, 1276.0), (3, 46600.0, 1276.0), (4, 46600.0, 1276.0), (5, 46600.0, 1276.0), (6, 46600.0, 1276.0), (1, 46600.0, 1283.0), (3, 46600.0, 1283.0), (4, 46600.0, 1283.0), (5, 46600.0, 1283.0), (6, 46600.0, 1283.0), (1, 46600.0, 1291.0), (3, 46600.0, 1291.0), (4, 46600.0, 1291.0), (5, 46600.0, 1291.0), (6, 46600.0, 1291.0), (1, 46600.0, 1299.0), (3, 46600.0, 1299.0), (4, 46600.0, 1299.0), (5, 46600.0, 1299.0), (6, 46600.0, 1299.0), (1, 46600.0, 1306.0), (3, 46600.0, 1306.0), (4, 46600.0, 1306.0), (5, 46600.0, 1306.0), (6, 46600.0, 1306.0), (1, 46600.0, 1350.0), (3, 46600.0, 1350.0), (4, 46600.0, 1350.0), (5, 46600.0, 1350.0), (6, 46600.0, 1350.0), (1, 46600.0, 1396.0), (3, 46600.0, 1396.0), (4, 46600.0, 1396.0), (5, 46600.0, 1396.0), (6, 46600.0, 1396.0), (1, 46600.0, 1412.0), (3, 46600.0, 1412.0), (4, 46600.0, 1412.0), (5, 46600.0, 1412.0), (6, 46600.0, 1412.0), (1, 46600.0, 1428.0), (3, 46600.0, 1428.0), (4, 46600.0, 1428.0), (5, 46600.0, 1428.0), (6, 46600.0, 1428.0), (1, 46600.0, 1428.0), (3, 46600.0, 1428.0), (4, 46600.0, 1428.0), (5, 46600.0, 1428.0), (6, 46600.0, 1428.0), (1, 46600.0, 1428.0), (3, 46600.0, 1428.0), (4, 46600.0, 1428.0), (5, 46600.0, 1428.0), (6, 46600.0, 1428.0), (1, 46600.0, 1428.0), (3, 46600.0, 1428.0), (4, 46600.0, 1428.0), (5, 46600.0, 1428.0), (6, 46600.0, 1428.0), (1, 46600.0, 1428.0), (3, 46600.0, 1428.0), (4, 46600.0, 1428.0), (5, 46600.0, 1428.0), (6, 46600.0, 1428.0), (1, 46600.0, 1428.0), (3, 46600.0, 1428.0), (4, 46600.0, 1428.0), (5, 46600.0, 1428.0), (6, 46600.0, 1428.0), (1, 46600.0, 1428.0), (3, 46600.0, 1428.0), (4, 46600.0, 1428.0), (5, 46600.0, 1428.0), (6, 46600.0, 1428.0), (1, 46600.0, 1428.0), (3, 46600.0, 1428.0), (4, 46600.0, 1428.0), (5, 46600.0, 1428.0), (6, 46600.0, 1428.0), (1, 46600.0, 1428.0), (3, 46600.0, 1428.0), (4, 46600.0, 1428.0), (5, 46600.0, 1428.0), (6, 46600.0, 1428.0), (1, 46600.0, 1428.0), (3, 46600.0, 1428.0), (4, 46600.0, 1428.0), (5, 46600.0, 1428.0), (6, 46600.0, 1428.0), (1, 46600.0, 1428.0), (3, 46600.0, 1428.0), (4, 46600.0, 1428.0), (5, 46600.0, 1428.0), (6, 46600.0, 1428.0), (1, 46600.0, 1437.0), (3, 46600.0, 1437.0), (4, 46600.0, 1437.0), (5, 46600.0, 1437.0), (6, 46600.0, 1437.0), (1, 46600.0, 1446.0), (3, 46600.0, 1446.0), (4, 46600.0, 1446.0), (5, 46600.0, 1446.0), (6, 46600.0, 1446.0), (1, 46600.0, 1454.0), (3, 46600.0, 1454.0), (4, 46600.0, 1454.0), (5, 46600.0, 1454.0), (6, 46600.0, 1454.0), (1, 46600.0, 1463.0), (3, 46600.0, 1463.0), (4, 46600.0, 1463.0), (5, 46600.0, 1463.0), (6, 46600.0, 1463.0), (1, 46600.0, 1471.0), (3, 46600.0, 1471.0), (4, 46600.0, 1471.0), (5, 46600.0, 1471.0), (6, 46600.0, 1471.0), (7, 46600.0, 1471.0), (13, 46600.0, 1471.0), (8, 46600.0, 1471.0), (9, 46600.0, 1471.0), (10, 46600.0, 1471.0), (11, 46600.0, 1471.0), (12, 46600.0, 1471.0), (13, 46600.0, 1471.0), (0, 46600.0, 1471.0), (0, 46600.0, 1471.0), (1, 46600.0, 1471.0), (3, 46600.0, 1471.0), (4, 46600.0, 1471.0), (5, 46600.0, 1471.0), (6, 46600.0, 1471.0), (1, 46600.0, 1479.0), (3, 46600.0, 1479.0), (4, 46600.0, 1479.0), (5, 46600.0, 1479.0), (6, 46600.0, 1479.0), (1, 46600.0, 1488.0), (3, 46600.0, 1488.0), (4, 46600.0, 1488.0), (5, 46600.0, 1488.0), (6, 46600.0, 1488.0), (7, 46600.0, 1488.0), (13, 46600.0, 1488.0), (8, 46600.0, 1488.0), (9, 46600.0, 1488.0), (10, 46600.0, 1488.0), (11, 46600.0, 1488.0), (12, 46600.0, 1488.0), (13, 46600.0, 1488.0), (0, 46600.0, 1488.0), (0, 46600.0, 1488.0), (1, 46600.0, 1488.0), (3, 46600.0, 1488.0), (4, 46600.0, 1488.0), (5, 46600.0, 1488.0), (6, 46600.0, 1488.0), (8, 46600.0, 1479.0), (7, 46600.0, 1479.0), (13, 46600.0, 1479.0), (8, 46600.0, 1479.0), (7, 46600.0, 1479.0), (13, 46600.0, 1479.0), (8, 46600.0, 1479.0), (7, 46600.0, 1479.0), (13, 46600.0, 1479.0), (8, 46600.0, 1479.0), (7, 46600.0, 1479.0), (13, 46600.0, 1479.0), (8, 46600.0, 1479.0), (7, 46600.0, 1479.0), (13, 46600.0, 1479.0), (8, 46600.0, 1479.0), (7, 46600.0, 1479.0), (13, 46600.0, 1479.0), (8, 46600.0, 1479.0), (7, 46600.0, 1479.0), (13, 46600.0, 1479.0), (8, 46600.0, 1479.0), (7, 46600.0, 1479.0), (13, 46600.0, 1479.0), (8, 46600.0, 1479.0), (7, 46600.0, 1479.0), (13, 46600.0, 1479.0), (8, 46600.0, 1479.0), (7, 46600.0, 1479.0), (13, 46600.0, 1479.0), (8, 46600.0, 1479.0), (7, 46600.0, 1479.0), (13, 46600.0, 1479.0), (8, 46600.0, 1479.0), (7, 46600.0, 1479.0), (13, 46600.0, 1479.0), (8, 46600.0, 1479.0), (7, 46600.0, 1479.0), (13, 46600.0, 1479.0), (8, 46600.0, 1479.0), (7, 46600.0, 1479.0), (13, 46600.0, 1479.0), (8, 46600.0, 1479.0), (7, 46600.0, 1479.0), (13, 46600.0, 1479.0), (8, 46600.0, 1479.0), (7, 46600.0, 1479.0), (13, 46600.0, 1479.0), (8, 46600.0, 1479.0), (7, 46600.0, 1479.0), (13, 46600.0, 1479.0), (8, 46600.0, 1479.0), (7, 46600.0, 1479.0), (13, 46600.0, 1479.0), (8, 46600.0, 1479.0), (7, 46600.0, 1479.0), (13, 46600.0, 1479.0), (8, 46600.0, 1479.0), (7, 46600.0, 1479.0), (13, 46600.0, 1479.0), (8, 46600.0, 1479.0), (7, 46600.0, 1479.0), (13, 46600.0, 1479.0), (8, 46600.0, 1479.0), (7, 46600.0, 1479.0), (13, 46600.0, 1479.0), (8, 46600.0, 1479.0), (7, 46600.0, 1479.0), (13, 46600.0, 1479.0), (8, 46600.0, 1479.0), (7, 46600.0, 1479.0), (13, 46600.0, 1479.0), (8, 46600.0, 1479.0), (7, 46600.0, 1479.0), (13, 46600.0, 1479.0), (8, 46600.0, 1479.0), (7, 46600.0, 1479.0), (13, 46600.0, 1479.0), (8, 46600.0, 1479.0), (7, 46600.0, 1479.0), (13, 46600.0, 1479.0), (8, 46600.0, 1479.0), (7, 46600.0, 1479.0), (13, 46600.0, 1479.0), (8, 46600.0, 1479.0), (7, 46600.0, 1479.0), (13, 46600.0, 1479.0), (8, 46600.0, 1479.0), (7, 46600.0, 1479.0), (13, 46600.0, 1479.0), (8, 46600.0, 1479.0), (7, 46600.0, 1479.0), (13, 46600.0, 1479.0), (8, 46600.0, 1479.0), (7, 46600.0, 1479.0), (13, 46600.0, 1479.0), (8, 46600.0, 1479.0), (7, 46600.0, 1479.0), (13, 46600.0, 1479.0), (8, 46600.0, 1479.0), (7, 46600.0, 1479.0), (13, 46600.0, 1479.0), (8, 46600.0, 1479.0), (7, 46600.0, 1479.0), (13, 46600.0, 1479.0), (8, 46600.0, 1479.0), (7, 46600.0, 1479.0), (13, 46600.0, 1479.0), (8, 46600.0, 1479.0), (7, 46600.0, 1479.0), (13, 46600.0, 1479.0), (8, 46600.0, 1479.0), (7, 46600.0, 1479.0), (13, 46600.0, 1479.0), (8, 46600.0, 1479.0), (7, 46600.0, 1479.0), (13, 46600.0, 1479.0), (8, 46600.0, 1479.0), (7, 46600.0, 1479.0), (13, 46600.0, 1479.0), (8, 46600.0, 1479.0), (7, 46600.0, 1479.0), (13, 46600.0, 1479.0), (8, 46600.0, 1479.0), (7, 46600.0, 1479.0), (13, 46600.0, 1479.0), (8, 46600.0, 1479.0), (7, 46600.0, 1479.0), (13, 46600.0, 1479.0), (8, 46600.0, 1479.0), (7, 46600.0, 1479.0), (13, 46600.0, 1479.0), (8, 46600.0, 1479.0), (7, 46600.0, 1479.0), (13, 46600.0, 1479.0), (8, 46600.0, 1479.0), (7, 46600.0, 1479.0), (13, 46600.0, 1479.0), (8, 46600.0, 1479.0), (7, 46600.0, 1479.0), (13, 46600.0, 1479.0), (8, 46600.0, 1479.0), (7, 46600.0, 1479.0), (13, 46600.0, 1479.0), (8, 46600.0, 1479.0), (7, 46600.0, 1479.0), (13, 46600.0, 1479.0), (8, 46600.0, 1479.0), (7, 46600.0, 1479.0), (13, 46600.0, 1479.0), (8, 46600.0, 1479.0), (7, 46600.0, 1479.0), (13, 46600.0, 1479.0), (8, 46600.0, 1479.0), (7, 46600.0, 1479.0), (13, 46600.0, 1479.0), (8, 46600.0, 1479.0), (7, 46600.0, 1479.0), (13, 46600.0, 1479.0), (8, 46600.0, 1479.0), (7, 46600.0, 1479.0), (13, 46600.0, 1479.0), (8, 46600.0, 1479.0), (7, 46600.0, 1479.0), (13, 46600.0, 1479.0), (8, 46600.0, 1479.0), (7, 46600.0, 1479.0), (13, 46600.0, 1479.0), (8, 46600.0, 1479.0), (7, 46600.0, 1479.0), (13, 46600.0, 1479.0), (8, 46600.0, 1479.0), (7, 46600.0, 1479.0), (13, 46600.0, 1479.0), (8, 46600.0, 1479.0), (7, 46600.0, 1479.0), (13, 46600.0, 1479.0), (8, 46600.0, 1479.0), (7, 46600.0, 1479.0), (13, 46600.0, 1479.0), (8, 46600.0, 1479.0), (7, 46600.0, 1479.0), (13, 46600.0, 1479.0), (8, 46600.0, 1479.0), (7, 46600.0, 1479.0), (13, 46600.0, 1479.0), (8, 46600.0, 1479.0), (7, 46600.0, 1479.0), (13, 46600.0, 1479.0), (8, 46600.0, 1479.0), (7, 46600.0, 1479.0), (13, 46600.0, 1479.0), (8, 46600.0, 1479.0), (7, 46600.0, 1479.0), (13, 46600.0, 1479.0), (8, 46600.0, 1479.0), (7, 46600.0, 1479.0), (13, 46600.0, 1479.0), (8, 46600.0, 1479.0), (7, 46600.0, 1479.0), (13, 46600.0, 1479.0), (8, 46600.0, 1479.0), (7, 46600.0, 1479.0), (13, 46600.0, 1479.0), (8, 46600.0, 1479.0), (7, 46600.0, 1479.0), (13, 46600.0, 1479.0), (8, 46600.0, 1479.0), (7, 46600.0, 1479.0), (13, 46600.0, 1479.0), (8, 46600.0, 1479.0), (7, 46600.0, 1479.0), (13, 46600.0, 1479.0), (8, 46600.0, 1479.0), (7, 46600.0, 1479.0), (13, 46600.0, 1479.0), (8, 46600.0, 1479.0), (7, 46600.0, 1479.0), (13, 46600.0, 1479.0), (8, 46600.0, 1479.0), (7, 46600.0, 1479.0), (13, 46600.0, 1479.0), (8, 46600.0, 1479.0), (7, 46600.0, 1479.0), (13, 46600.0, 1479.0), (8, 46600.0, 1479.0), (7, 46600.0, 1479.0), (13, 46600.0, 1479.0), (8, 46600.0, 1479.0), (7, 46600.0, 1479.0), (13, 46600.0, 1479.0), (8, 46600.0, 1479.0), (7, 46600.0, 1479.0), (13, 46600.0, 1479.0), (8, 46600.0, 1479.0), (7, 46600.0, 1479.0), (13, 46600.0, 1479.0), (8, 46600.0, 1479.0), (7, 46600.0, 1479.0), (13, 46600.0, 1479.0), (8, 46600.0, 1479.0), (7, 46600.0, 1479.0), (13, 46600.0, 1479.0), (8, 46600.0, 1479.0), (7, 46600.0, 1479.0), (13, 46600.0, 1479.0), (8, 46600.0, 1479.0), (7, 46600.0, 1479.0), (13, 46600.0, 1479.0), (8, 46600.0, 1479.0), (7, 46600.0, 1479.0), (13, 46600.0, 1479.0), (8, 46600.0, 1479.0), (7, 46600.0, 1479.0), (13, 46600.0, 1479.0), (8, 46600.0, 1479.0), (7, 46600.0, 1479.0), (13, 46600.0, 1479.0), (8, 46600.0, 1479.0), (7, 46600.0, 1479.0), (13, 46600.0, 1479.0), (8, 46600.0, 1479.0), (7, 46600.0, 1479.0), (13, 46600.0, 1479.0), (8, 46600.0, 1479.0), (7, 46600.0, 1479.0), (13, 46600.0, 1479.0), (8, 46600.0, 1479.0), (7, 46600.0, 1479.0), (13, 46600.0, 1479.0), (8, 46600.0, 1479.0), (7, 46600.0, 1479.0), (13, 46600.0, 1479.0), (8, 46600.0, 1479.0), (7, 46600.0, 1479.0), (13, 46600.0, 1479.0), (8, 46600.0, 1479.0), (7, 46600.0, 1479.0), (13, 46600.0, 1479.0), (8, 46600.0, 1479.0), (7, 46600.0, 1479.0), (13, 46600.0, 1479.0), (8, 46600.0, 1479.0), (7, 46600.0, 1479.0), (13, 46600.0, 1479.0), (8, 46600.0, 1479.0), (7, 46600.0, 1479.0), (13, 46600.0, 1479.0), (8, 46600.0, 1479.0), (7, 46600.0, 1479.0), (13, 46600.0, 1479.0), (8, 46600.0, 1479.0), (7, 46600.0, 1479.0), (13, 46600.0, 1479.0), (8, 46600.0, 1479.0), (7, 46600.0, 1479.0), (13, 46600.0, 1479.0), (8, 46600.0, 1479.0), (7, 46600.0, 1479.0), (13, 46600.0, 1479.0), (8, 46600.0, 1479.0), (7, 46600.0, 1479.0), (13, 46600.0, 1479.0), (8, 46600.0, 1479.0), (7, 46600.0, 1479.0), (13, 46600.0, 1479.0), (8, 46600.0, 1479.0), (7, 46600.0, 1479.0), (13, 46600.0, 1479.0), (8, 46600.0, 1479.0), (7, 46600.0, 1479.0), (13, 46600.0, 1479.0), (8, 46600.0, 1479.0), (7, 46600.0, 1479.0), (13, 46600.0, 1479.0), (8, 46600.0, 1479.0), (7, 46600.0, 1479.0), (13, 46600.0, 1479.0), (8, 46600.0, 1479.0), (7, 46600.0, 1479.0), (13, 46600.0, 1479.0), (8, 46600.0, 1479.0), (7, 46600.0, 1479.0), (13, 46600.0, 1479.0), (8, 46600.0, 1479.0), (7, 46600.0, 1479.0), (13, 46600.0, 1479.0), (8, 46600.0, 1479.0), (7, 46600.0, 1479.0), (13, 46600.0, 1479.0), (8, 46600.0, 1479.0), (7, 46600.0, 1479.0), (13, 46600.0, 1479.0), (8, 46600.0, 1479.0), (7, 46600.0, 1479.0), (13, 46600.0, 1479.0), (8, 46600.0, 1479.0), (7, 46600.0, 1479.0), (13, 46600.0, 1479.0), (8, 46600.0, 1479.0), (7, 46600.0, 1479.0), (13, 46600.0, 1479.0), (8, 46600.0, 1479.0), (7, 46600.0, 1479.0), (13, 46600.0, 1479.0), (8, 46600.0, 1479.0), (7, 46600.0, 1479.0), (13, 46600.0, 1479.0), (8, 46600.0, 1479.0), (7, 46600.0, 1479.0), (13, 46600.0, 1479.0), (8, 46600.0, 1479.0), (7, 46600.0, 1479.0), (13, 46600.0, 1479.0), (8, 46600.0, 1479.0), (7, 46600.0, 1479.0), (13, 46600.0, 1479.0), (8, 46600.0, 1479.0), (7, 46600.0, 1479.0), (13, 46600.0, 1479.0), (8, 46600.0, 1479.0), (7, 46600.0, 1479.0), (13, 46600.0, 1479.0), (8, 46600.0, 1479.0), (7, 46600.0, 1479.0), (13, 46600.0, 1479.0), (8, 46600.0, 1479.0), (7, 46600.0, 1479.0), (13, 46600.0, 1479.0), (8, 46600.0, 1479.0), (7, 46600.0, 1479.0), (13, 46600.0, 1479.0), (8, 46600.0, 1479.0), (7, 46600.0, 1479.0), (13, 46600.0, 1479.0), (8, 46600.0, 1479.0), (7, 46600.0, 1479.0), (13, 46600.0, 1479.0), (8, 46600.0, 1479.0), (7, 46600.0, 1479.0), (13, 46600.0, 1479.0), (8, 46600.0, 1479.0), (7, 46600.0, 1479.0), (13, 46600.0, 1479.0), (8, 46600.0, 1479.0), (7, 46600.0, 1479.0), (13, 46600.0, 1479.0), (8, 46600.0, 1479.0), (7, 46600.0, 1479.0), (13, 46600.0, 1479.0), (8, 46600.0, 1479.0), (7, 46600.0, 1479.0), (13, 46600.0, 1479.0), (8, 46600.0, 1479.0), (7, 46600.0, 1479.0), (13, 46600.0, 1479.0), (8, 46600.0, 1479.0), (7, 46600.0, 1479.0), (13, 46600.0, 1479.0), (8, 46600.0, 1479.0), (7, 46600.0, 1479.0), (13, 46600.0, 1479.0), (8, 46600.0, 1479.0), (7, 46600.0, 1479.0), (13, 46600.0, 1479.0), (8, 46600.0, 1479.0), (7, 46600.0, 1479.0), (13, 46600.0, 1479.0), (8, 46600.0, 1479.0), (7, 46600.0, 1479.0), (13, 46600.0, 1479.0), (8, 46600.0, 1479.0), (7, 46600.0, 1479.0), (13, 46600.0, 1479.0), (8, 46600.0, 1479.0), (7, 46600.0, 1479.0), (13, 46600.0, 1479.0), (8, 46600.0, 1479.0), (7, 46600.0, 1479.0), (13, 46600.0, 1479.0), (8, 46600.0, 1479.0), (7, 46600.0, 1479.0), (13, 46600.0, 1479.0), (8, 46600.0, 1479.0), (7, 46600.0, 1479.0), (13, 46600.0, 1479.0), (8, 46600.0, 1479.0), (7, 46600.0, 1479.0), (13, 46600.0, 1479.0), (8, 46600.0, 1479.0), (7, 46600.0, 1479.0), (13, 46600.0, 1479.0), (8, 46600.0, 1479.0), (7, 46600.0, 1479.0), (13, 46600.0, 1479.0), (8, 46600.0, 1479.0), (7, 46600.0, 1479.0), (13, 46600.0, 1479.0), (8, 46600.0, 1479.0), (7, 46600.0, 1479.0), (13, 46600.0, 1479.0), (8, 46600.0, 1479.0), (7, 46600.0, 1479.0), (13, 46600.0, 1479.0), (8, 46600.0, 1479.0), (7, 46600.0, 1479.0), (13, 46600.0, 1479.0), (8, 46600.0, 1479.0), (7, 46600.0, 1479.0), (13, 46600.0, 1479.0), (8, 46600.0, 1479.0), (7, 46600.0, 1479.0), (13, 46600.0, 1479.0), (8, 46600.0, 1479.0), (7, 46600.0, 1479.0), (13, 46600.0, 1479.0), (8, 46600.0, 1479.0), (7, 46600.0, 1479.0), (13, 46600.0, 1479.0), (8, 46600.0, 1479.0), (7, 46600.0, 1479.0), (13, 46600.0, 1479.0), (8, 46600.0, 1479.0), (7, 46600.0, 1479.0), (13, 46600.0, 1479.0), (8, 46600.0, 1479.0), (7, 46600.0, 1479.0), (13, 46600.0, 1479.0), (8, 46600.0, 1479.0), (7, 46600.0, 1479.0), (13, 46600.0, 1479.0), (8, 46600.0, 1479.0), (7, 46600.0, 1479.0), (13, 46600.0, 1479.0), (8, 46600.0, 1479.0), (7, 46600.0, 1479.0), (13, 46600.0, 1479.0), (8, 46600.0, 1479.0), (7, 46600.0, 1479.0), (13, 46600.0, 1479.0), (8, 46600.0, 1479.0), (7, 46600.0, 1479.0), (13, 46600.0, 1479.0), (8, 46600.0, 1479.0), (7, 46600.0, 1479.0), (13, 46600.0, 1479.0), (8, 46600.0, 1479.0), (7, 46600.0, 1479.0), (13, 46600.0, 1479.0), (8, 46600.0, 1479.0), (7, 46600.0, 1479.0), (13, 46600.0, 1479.0), (8, 46600.0, 1479.0), (7, 46600.0, 1479.0), (13, 46600.0, 1479.0), (8, 46600.0, 1479.0), (7, 46600.0, 1479.0), (13, 46600.0, 1479.0), (8, 46600.0, 1479.0), (7, 46600.0, 1479.0), (13, 46600.0, 1479.0), (8, 46600.0, 1479.0), (7, 46600.0, 1479.0), (13, 46600.0, 1479.0), (8, 46600.0, 1479.0), (7, 46600.0, 1479.0), (13, 46600.0, 1479.0), (8, 46600.0, 1479.0), (7, 46600.0, 1479.0), (13, 46600.0, 1479.0), (8, 46600.0, 1479.0), (7, 46600.0, 1479.0), (13, 46600.0, 1479.0), (8, 46600.0, 1479.0), (7, 46600.0, 1479.0), (13, 46600.0, 1479.0), (8, 46600.0, 1479.0), (7, 46600.0, 1479.0), (13, 46600.0, 1479.0), (8, 46600.0, 1479.0), (7, 46600.0, 1479.0), (13, 46600.0, 1479.0), (8, 46600.0, 1479.0), (7, 46600.0, 1479.0), (13, 46600.0, 1479.0), (8, 46600.0, 1479.0), (7, 46600.0, 1479.0), (13, 46600.0, 1479.0), (8, 46600.0, 1479.0), (7, 46600.0, 1479.0), (13, 46600.0, 1479.0), (8, 46600.0, 1479.0), (7, 46600.0, 1479.0), (13, 46600.0, 1479.0), (8, 46600.0, 1479.0), (7, 46600.0, 1479.0), (13, 46600.0, 1479.0), (8, 46600.0, 1479.0), (7, 46600.0, 1479.0), (13, 46600.0, 1479.0), (8, 46600.0, 1479.0), (7, 46600.0, 1479.0), (13, 46600.0, 1479.0), (8, 46600.0, 1479.0), (7, 46600.0, 1479.0), (13, 46600.0, 1479.0), (8, 46600.0, 1479.0), (7, 46600.0, 1479.0), (13, 46600.0, 1479.0), (8, 46600.0, 1479.0), (7, 46600.0, 1479.0), (13, 46600.0, 1479.0), (8, 46600.0, 1479.0), (7, 46600.0, 1479.0), (13, 46600.0, 1479.0), (8, 46600.0, 1479.0), (7, 46600.0, 1479.0), (13, 46600.0, 1479.0), (8, 46600.0, 1479.0), (7, 46600.0, 1479.0), (13, 46600.0, 1479.0), (8, 46600.0, 1479.0), (7, 46600.0, 1479.0), (13, 46600.0, 1479.0), (8, 46600.0, 1479.0), (7, 46600.0, 1479.0), (13, 46600.0, 1479.0), (8, 46600.0, 1479.0), (7, 46600.0, 1479.0), (13, 46600.0, 1479.0), (8, 46600.0, 1479.0), (7, 46600.0, 1479.0), (13, 46600.0, 1479.0), (8, 46600.0, 1479.0), (7, 46600.0, 1479.0), (13, 46600.0, 1479.0), (8, 46600.0, 1479.0), (7, 46600.0, 1479.0), (13, 46600.0, 1479.0), (8, 46600.0, 1479.0), (7, 46600.0, 1479.0), (13, 46600.0, 1479.0), (8, 46600.0, 1479.0), (7, 46600.0, 1479.0), (13, 46600.0, 1479.0), (8, 46600.0, 1479.0), (7, 46600.0, 1479.0), (13, 46600.0, 1479.0), (8, 46600.0, 1479.0), (7, 46600.0, 1479.0), (13, 46600.0, 1479.0), (8, 46600.0, 1479.0), (7, 46600.0, 1479.0), (13, 46600.0, 1479.0), (8, 46600.0, 1479.0), (7, 46600.0, 1479.0), (13, 46600.0, 1479.0), (8, 46600.0, 1479.0), (7, 46600.0, 1479.0), (13, 46600.0, 1479.0), (8, 46600.0, 1479.0), (7, 46600.0, 1479.0), (13, 46600.0, 1479.0), (8, 46600.0, 1479.0), (7, 46600.0, 1479.0), (13, 46600.0, 1479.0), (8, 46600.0, 1479.0), (7, 46600.0, 1479.0), (13, 46600.0, 1479.0), (8, 46600.0, 1479.0), (7, 46600.0, 1479.0), (13, 46600.0, 1479.0), (8, 46600.0, 1479.0), (7, 46600.0, 1479.0), (13, 46600.0, 1479.0), (8, 46600.0, 1479.0), (7, 46600.0, 1479.0), (13, 46600.0, 1479.0), (8, 46600.0, 1479.0), (7, 46600.0, 1479.0), (13, 46600.0, 1479.0), (8, 46600.0, 1479.0), (7, 46600.0, 1479.0), (13, 46600.0, 1479.0), (8, 46600.0, 1479.0), (7, 46600.0, 1479.0), (13, 46600.0, 1479.0), (8, 46600.0, 1479.0), (7, 46600.0, 1479.0), (13, 46600.0, 1479.0), (8, 46600.0, 1479.0), (7, 46600.0, 1479.0), (13, 46600.0, 1479.0), (8, 46600.0, 1479.0), (7, 46600.0, 1479.0), (13, 46600.0, 1479.0), (8, 46600.0, 1479.0), (7, 46600.0, 1479.0), (13, 46600.0, 1479.0), (8, 46600.0, 1479.0), (7, 46600.0, 1479.0), (13, 46600.0, 1479.0), (8, 46600.0, 1479.0), (7, 46600.0, 1479.0), (13, 46600.0, 1479.0), (8, 46600.0, 1479.0), (7, 46600.0, 1479.0), (13, 46600.0, 1479.0), (8, 46600.0, 1479.0), (7, 46600.0, 1479.0), (13, 46600.0, 1479.0), (8, 46600.0, 1479.0), (7, 46600.0, 1479.0), (13, 46600.0, 1479.0), (8, 46600.0, 1479.0), (7, 46600.0, 1479.0), (13, 46600.0, 1479.0), (8, 46600.0, 1479.0), (7, 46600.0, 1479.0), (13, 46600.0, 1479.0), (8, 46600.0, 1479.0), (7, 46600.0, 1479.0), (13, 46600.0, 1479.0), (8, 46600.0, 1479.0), (7, 46600.0, 1479.0), (13, 46600.0, 1479.0), (8, 46600.0, 1479.0), (7, 46600.0, 1479.0), (13, 46600.0, 1479.0), (8, 46600.0, 1479.0), (7, 46600.0, 1479.0), (13, 46600.0, 1479.0), (8, 46600.0, 1479.0), (7, 46600.0, 1479.0), (13, 46600.0, 1479.0), (8, 46600.0, 1479.0), (7, 46600.0, 1479.0), (13, 46600.0, 1479.0), (8, 46600.0, 1479.0), (7, 46600.0, 1479.0), (13, 46600.0, 1479.0), (8, 46600.0, 1479.0), (7, 46600.0, 1479.0), (13, 46600.0, 1479.0), (8, 46600.0, 1479.0), (7, 46600.0, 1479.0), (13, 46600.0, 1479.0), (8, 46600.0, 1479.0), (7, 46600.0, 1479.0), (13, 46600.0, 1479.0), (8, 46600.0, 1479.0), (7, 46600.0, 1479.0), (13, 46600.0, 1479.0), (8, 46600.0, 1479.0), (7, 46600.0, 1479.0), (13, 46600.0, 1479.0), (8, 46600.0, 1479.0), (7, 46600.0, 1479.0), (13, 46600.0, 1479.0), (8, 46600.0, 1479.0), (7, 46600.0, 1479.0), (13, 46600.0, 1479.0), (8, 46600.0, 1479.0), (7, 46600.0, 1479.0), (13, 46600.0, 1479.0), (8, 46600.0, 1479.0), (7, 46600.0, 1479.0), (13, 46600.0, 1479.0), (8, 46600.0, 1479.0), (7, 46600.0, 1479.0), (13, 46600.0, 1479.0), (8, 46600.0, 1479.0), (7, 46600.0, 1479.0), (13, 46600.0, 1479.0), (8, 46600.0, 1479.0), (7, 46600.0, 1479.0), (13, 46600.0, 1479.0), (8, 46600.0, 1479.0), (7, 46600.0, 1479.0), (13, 46600.0, 1479.0), (8, 46600.0, 1479.0), (7, 46600.0, 1479.0), (13, 46600.0, 1479.0), (8, 46600.0, 1479.0), (7, 46600.0, 1479.0), (13, 46600.0, 1479.0), (8, 46600.0, 1479.0), (7, 46600.0, 1479.0), (13, 46600.0, 1479.0), (8, 46600.0, 1479.0), (7, 46600.0, 1479.0), (13, 46600.0, 1479.0), (8, 46600.0, 1479.0), (7, 46600.0, 1479.0), (13, 46600.0, 1479.0), (8, 46600.0, 1479.0), (7, 46600.0, 1479.0), (13, 46600.0, 1479.0), (8, 46600.0, 1479.0), (7, 46600.0, 1479.0), (13, 46600.0, 1479.0), (8, 46600.0, 1479.0), (7, 46600.0, 1479.0), (13, 46600.0, 1479.0), (8, 46600.0, 1479.0), (7, 46600.0, 1479.0), (13, 46600.0, 1479.0), (8, 46600.0, 1479.0), (7, 46600.0, 1479.0), (13, 46600.0, 1479.0), (8, 46600.0, 1479.0), (7, 46600.0, 1479.0), (13, 46600.0, 1479.0), (8, 46600.0, 1479.0), (7, 46600.0, 1479.0), (13, 46600.0, 1479.0), (8, 46600.0, 1479.0), (7, 46600.0, 1479.0), (13, 46600.0, 1479.0), (8, 46600.0, 1479.0), (7, 46600.0, 1479.0), (13, 46600.0, 1479.0), (8, 46600.0, 1479.0), (7, 46600.0, 1479.0), (13, 46600.0, 1479.0), (8, 46600.0, 1479.0), (7, 46600.0, 1479.0), (13, 46600.0, 1479.0), (8, 46600.0, 1479.0), (7, 46600.0, 1479.0), (13, 46600.0, 1479.0), (8, 46600.0, 1479.0), (7, 46600.0, 1479.0), (13, 46600.0, 1479.0), (8, 46600.0, 1479.0), (7, 46600.0, 1479.0), (13, 46600.0, 1479.0), (8, 46600.0, 1479.0), (7, 46600.0, 1479.0), (13, 46600.0, 1479.0), (8, 46600.0, 1479.0), (7, 46600.0, 1479.0), (13, 8459.0, 1479.0), (7, 8459.0, 1479.0), (13, 8459.0, 1479.0), (7, 8459.0, 1479.0), (13, 8459.0, 1479.0), (7, 8459.0, 1479.0), (13, 8459.0, 1479.0), (7, 8459.0, 1479.0), (13, 8459.0, 1479.0), (7, 8459.0, 1479.0), (13, 8459.0, 1479.0), (7, 8459.0, 1479.0), (13, 8459.0, 1479.0), (7, 8459.0, 1479.0), (13, 8459.0, 1479.0), (7, 8459.0, 1479.0), (13, 8459.0, 1479.0), (7, 8459.0, 1479.0), (13, 8459.0, 1479.0), (7, 8459.0, 1479.0), (13, 8459.0, 1479.0), (7, 8459.0, 1479.0), (13, 8459.0, 1479.0), (7, 8459.0, 1479.0), (13, 8459.0, 1479.0), (7, 8459.0, 1479.0), (13, 8459.0, 1479.0), (7, 8459.0, 1479.0), (13, 8459.0, 1479.0), (7, 8459.0, 1479.0), (13, 8459.0, 1479.0), (7, 8459.0, 1479.0), (13, 8459.0, 1479.0), (7, 8459.0, 1479.0), (13, 8459.0, 1479.0), (7, 8459.0, 1479.0), (13, 8459.0, 1479.0), (7, 8459.0, 1479.0), (13, 8459.0, 1479.0), (7, 8459.0, 1479.0), (13, 8459.0, 1479.0), (7, 8459.0, 1479.0), (13, 8459.0, 1479.0), (7, 8459.0, 1479.0), (13, 8459.0, 1479.0), (7, 8459.0, 1479.0), (13, 8459.0, 1479.0), (7, 8459.0, 1479.0), (13, 8459.0, 1479.0), (7, 8459.0, 1479.0), (13, 8459.0, 1479.0), (7, 8459.0, 1479.0), (13, 8459.0, 1479.0), (7, 8459.0, 1479.0), (13, 8459.0, 1479.0), (7, 8459.0, 1479.0), (13, 8459.0, 1479.0), (7, 8459.0, 1479.0), (13, 8459.0, 1479.0), (7, 8459.0, 1479.0), (13, 8459.0, 1479.0), (7, 8459.0, 1479.0), (13, 8459.0, 1479.0), (7, 8459.0, 1479.0), (13, 8459.0, 1479.0), (7, 8459.0, 1479.0), (13, 8459.0, 1479.0), (7, 8459.0, 1479.0), (13, 8459.0, 1479.0), (7, 8459.0, 1479.0), (13, 8459.0, 1479.0), (7, 8459.0, 1479.0), (13, 8459.0, 1479.0), (7, 8459.0, 1479.0), (13, 8459.0, 1479.0), (7, 8459.0, 1479.0), (13, 8459.0, 1479.0), (7, 8459.0, 1479.0), (13, 8459.0, 1479.0), (7, 8459.0, 1479.0), (13, 8459.0, 1479.0), (7, 8459.0, 1479.0), (13, 8459.0, 1479.0), (7, 8459.0, 1479.0), (13, 8459.0, 1479.0), (7, 8459.0, 1479.0), (13, 8459.0, 1479.0), (7, 8459.0, 1479.0), (13, 8459.0, 1479.0), (7, 8459.0, 1479.0), (13, 8459.0, 1479.0), (7, 8459.0, 1479.0), (13, 8459.0, 1479.0), (7, 8459.0, 1479.0), (13, 8459.0, 1479.0), (7, 8459.0, 1479.0), (13, 8459.0, 1479.0), (7, 8459.0, 1479.0), (13, 8459.0, 1479.0), (7, 8459.0, 1479.0), (13, 8459.0, 1479.0), (7, 8459.0, 1479.0), (13, 8459.0, 1479.0), (7, 8459.0, 1479.0), (13, 8459.0, 1479.0), (7, 8459.0, 1479.0), (13, 8459.0, 1479.0), (7, 8459.0, 1479.0), (13, 8459.0, 1479.0), (7, 8459.0, 1479.0), (13, 8459.0, 1479.0), (7, 8459.0, 1479.0), (13, 8459.0, 1479.0), (7, 8459.0, 1479.0), (13, 8459.0, 1479.0), (7, 8459.0, 1479.0), (13, 8459.0, 1479.0), (7, 8459.0, 1479.0), (13, 8459.0, 1479.0), (7, 8459.0, 1479.0), (13, 8459.0, 1479.0), (7, 8459.0, 1479.0), (13, 8459.0, 1479.0), (7, 8459.0, 1479.0), (13, 8459.0, 1479.0), (7, 8459.0, 1479.0), (13, 8459.0, 1479.0), (7, 8459.0, 1479.0), (13, 8459.0, 1479.0), (7, 8459.0, 1479.0), (13, 8459.0, 1479.0), (7, 8459.0, 1479.0), (13, 8459.0, 1479.0), (7, 8459.0, 1479.0), (13, 8459.0, 1479.0), (7, 8459.0, 1479.0), (13, 8459.0, 1479.0), (7, 8459.0, 1479.0), (13, 8459.0, 1479.0), (7, 8459.0, 1479.0), (13, 8459.0, 1479.0), (7, 8459.0, 1479.0), (13, 8459.0, 1479.0), (7, 8459.0, 1479.0), (13, 8459.0, 1479.0), (7, 8459.0, 1479.0), (13, 8459.0, 1479.0), (7, 8459.0, 1479.0), (13, 8459.0, 1479.0), (7, 8459.0, 1479.0), (13, 8459.0, 1479.0), (7, 8459.0, 1479.0), (13, 8459.0, 1479.0), (7, 8459.0, 1479.0), (13, 8459.0, 1479.0), (7, 8459.0, 1479.0), (13, 8459.0, 1479.0), (7, 8459.0, 1479.0), (13, 8459.0, 1479.0), (7, 8459.0, 1479.0), (13, 8459.0, 1479.0), (7, 8459.0, 1479.0), (13, 8459.0, 1479.0), (7, 8459.0, 1479.0), (13, 8459.0, 1479.0), (7, 8459.0, 1479.0), (13, 8459.0, 1479.0), (7, 8459.0, 1479.0), (13, 8459.0, 1479.0), (7, 8459.0, 1479.0), (13, 8459.0, 1479.0), (7, 8459.0, 1479.0), (13, 8459.0, 1479.0), (7, 8459.0, 1479.0), (13, 8459.0, 1479.0), (7, 8459.0, 1479.0), (13, 8459.0, 1479.0), (7, 8459.0, 1479.0), (13, 8459.0, 1479.0), (7, 8459.0, 1479.0), (13, 8459.0, 1479.0), (7, 8459.0, 1479.0), (13, 8459.0, 1479.0), (7, 8459.0, 1479.0), (13, 8459.0, 1479.0), (7, 8459.0, 1479.0), (13, 8459.0, 1479.0), (7, 8459.0, 1479.0), (13, 8459.0, 1479.0), (7, 8459.0, 1479.0), (13, 8459.0, 1479.0), (7, 8459.0, 1479.0), (13, 8459.0, 1479.0), (7, 8459.0, 1479.0), (13, 8459.0, 1479.0), (7, 8459.0, 1479.0), (13, 8459.0, 1479.0), (7, 8459.0, 1479.0), (13, 8459.0, 1479.0), (7, 8459.0, 1479.0), (13, 8459.0, 1479.0), (7, 8459.0, 1479.0), (13, 8459.0, 1479.0), (7, 8459.0, 1479.0), (13, 8459.0, 1479.0), (7, 8459.0, 1479.0), (13, 8459.0, 1479.0), (7, 8459.0, 1479.0), (13, 8459.0, 1479.0), (7, 8459.0, 1479.0), (13, 8459.0, 1479.0), (7, 8459.0, 1479.0), (13, 8459.0, 1479.0), (7, 8459.0, 1479.0), (13, 8459.0, 1479.0), (7, 8459.0, 1479.0), (13, 8459.0, 1479.0), (7, 8459.0, 1479.0), (13, 8459.0, 1479.0), (7, 8459.0, 1479.0), (13, 8459.0, 1479.0), (7, 8459.0, 1479.0), (13, 8459.0, 1479.0), (7, 8459.0, 1479.0), (13, 8459.0, 1479.0), (7, 8459.0, 1479.0), (13, 8459.0, 1479.0), (7, 8459.0, 1479.0), (13, 8459.0, 1479.0), (7, 8459.0, 1479.0), (13, 8459.0, 1479.0), (7, 8459.0, 1479.0), (13, 8459.0, 1479.0), (7, 8459.0, 1479.0), (13, 8459.0, 1479.0), (7, 8459.0, 1479.0), (13, 8459.0, 1479.0), (7, 8459.0, 1479.0), (13, 8459.0, 1479.0), (7, 8459.0, 1479.0), (13, 8459.0, 1479.0), (7, 8459.0, 1479.0), (13, 8459.0, 1479.0), (7, 8459.0, 1479.0), (13, 8459.0, 1479.0), (7, 8459.0, 1479.0), (13, 8459.0, 1479.0), (7, 8459.0, 1479.0), (13, 8459.0, 1479.0), (7, 8459.0, 1479.0), (13, 8459.0, 1479.0), (7, 8459.0, 1479.0), (13, 8459.0, 1479.0), (7, 8459.0, 1479.0), (13, 8459.0, 1479.0), (7, 8459.0, 1479.0), (13, 8459.0, 1479.0), (7, 8459.0, 1479.0), (13, 8459.0, 1479.0), (7, 8459.0, 1479.0), (13, 8459.0, 1479.0), (7, 8459.0, 1479.0), (13, 8459.0, 1479.0), (7, 8459.0, 1479.0), (13, 8459.0, 1479.0), (7, 8459.0, 1479.0), (13, 8459.0, 1479.0), (7, 8459.0, 1479.0), (13, 8459.0, 1479.0), (7, 8459.0, 1479.0), (13, 8459.0, 1479.0), (7, 8459.0, 1479.0), (13, 8459.0, 1479.0), (7, 8459.0, 1479.0), (13, 8459.0, 1479.0), (7, 8459.0, 1479.0), (13, 8459.0, 1479.0), (7, 8459.0, 1479.0), (13, 8459.0, 1479.0), (7, 8459.0, 1479.0), (13, 8459.0, 1479.0), (7, 8459.0, 1479.0), (13, 8459.0, 1479.0), (7, 8459.0, 1479.0), (13, 8459.0, 1479.0), (7, 8459.0, 1479.0), (13, 8459.0, 1479.0), (7, 8459.0, 1479.0), (13, 8459.0, 1479.0), (7, 8459.0, 1479.0), (13, 8459.0, 1479.0), (7, 8459.0, 1479.0), (13, 8459.0, 1479.0), (7, 8459.0, 1479.0), (13, 8459.0, 1479.0), (7, 8459.0, 1479.0), (13, 8459.0, 1479.0), (7, 8459.0, 1479.0), (13, 8459.0, 1479.0), (7, 8459.0, 1479.0), (13, 8459.0, 1479.0), (7, 8459.0, 1479.0), (13, 8459.0, 1479.0), (7, 8459.0, 1479.0), (13, 8459.0, 1479.0), (7, 8459.0, 1479.0), (13, 8459.0, 1479.0), (7, 8459.0, 1479.0), (13, 8459.0, 1479.0), (7, 8459.0, 1479.0), (13, 8459.0, 1479.0), (7, 8459.0, 1479.0), (13, 8459.0, 1479.0), (7, 8459.0, 1479.0), (13, 8459.0, 1479.0), (7, 8459.0, 1479.0), (13, 8459.0, 1479.0), (7, 8459.0, 1479.0), (13, 8459.0, 1479.0), (7, 8459.0, 1479.0), (13, 8459.0, 1479.0), (7, 8459.0, 1479.0), (13, 8459.0, 1479.0), (7, 8459.0, 1479.0), (13, 8459.0, 1479.0), (7, 8459.0, 1479.0), (13, 8459.0, 1479.0), (7, 8459.0, 1479.0), (13, 8459.0, 1479.0), (7, 8459.0, 1479.0), (13, 8459.0, 1479.0), (7, 8459.0, 1479.0), (13, 8459.0, 1479.0), (7, 8459.0, 1479.0), (13, 8459.0, 1479.0), (7, 8459.0, 1479.0), (13, 8459.0, 1479.0), (7, 8459.0, 1479.0), (13, 8459.0, 1479.0), (7, 8459.0, 1479.0), (13, 8459.0, 1479.0), (7, 8459.0, 1479.0), (13, 8459.0, 1479.0), (7, 8459.0, 1479.0), (13, 8459.0, 1479.0), (7, 8459.0, 1479.0), (13, 8459.0, 1479.0), (7, 8459.0, 1479.0), (13, 8459.0, 1479.0), (7, 8459.0, 1479.0), (13, 8459.0, 1479.0), (7, 8459.0, 1479.0), (13, 8459.0, 1479.0), (7, 8459.0, 1479.0), (13, 8459.0, 1479.0), (7, 8459.0, 1479.0), (13, 8459.0, 1479.0), (7, 8459.0, 1479.0), (13, 8459.0, 1479.0), (7, 8459.0, 1479.0), (13, 8459.0, 1479.0), (7, 8459.0, 1479.0), (13, 8459.0, 1479.0), (7, 8459.0, 1479.0), (13, 8459.0, 1479.0), (7, 8459.0, 1479.0), (13, 8459.0, 1479.0), (7, 8459.0, 1479.0), (13, 8459.0, 1479.0), (7, 8459.0, 1479.0), (13, 8459.0, 1479.0), (7, 8459.0, 1479.0), (13, 8459.0, 1479.0), (7, 8459.0, 1479.0), (13, 8459.0, 1479.0), (7, 8459.0, 1479.0), (13, 8459.0, 1479.0), (7, 8459.0, 1479.0), (13, 8459.0, 1479.0), (7, 8459.0, 1479.0), (13, 8459.0, 1479.0), (7, 8459.0, 1479.0), (13, 8459.0, 1479.0), (7, 8459.0, 1479.0), (13, 8459.0, 1479.0), (7, 8459.0, 1479.0), (13, 8459.0, 1479.0), (7, 8459.0, 1479.0), (13, 8459.0, 1479.0), (7, 8459.0, 1479.0), (13, 8459.0, 1479.0), (7, 8459.0, 1479.0), (13, 8459.0, 1479.0), (7, 8459.0, 1479.0), (13, 8459.0, 1479.0), (7, 8459.0, 1479.0), (13, 8459.0, 1479.0), (7, 8459.0, 1479.0), (13, 8459.0, 1479.0), (7, 8459.0, 1479.0), (13, 8459.0, 1479.0), (7, 8459.0, 1479.0), (13, 8459.0, 1479.0), (7, 8459.0, 1479.0), (13, 8459.0, 1479.0), (7, 8459.0, 1479.0), (13, 8459.0, 1479.0), (7, 8459.0, 1479.0), (13, 8459.0, 1479.0), (7, 8459.0, 1479.0), (13, 8459.0, 1479.0), (7, 8459.0, 1479.0), (13, 8459.0, 1479.0), (7, 8459.0, 1479.0), (13, 8459.0, 1479.0), (7, 8459.0, 1479.0), (13, 8459.0, 1479.0), (7, 8459.0, 1479.0), (13, 8459.0, 1479.0), (7, 8459.0, 1479.0), (13, 8459.0, 1479.0), (7, 8459.0, 1479.0), (13, 8459.0, 1479.0), (7, 8459.0, 1479.0), (13, 8459.0, 1479.0), (7, 8459.0, 1479.0), (13, 8459.0, 1479.0), (7, 8459.0, 1479.0), (13, 8459.0, 1479.0), (7, 8459.0, 1479.0), (13, 8459.0, 1479.0), (7, 8459.0, 1479.0), (13, 8459.0, 1479.0), (7, 8459.0, 1479.0), (13, 8459.0, 1479.0), (7, 8459.0, 1479.0), (13, 8459.0, 1479.0), (7, 8459.0, 1479.0), (13, 8459.0, 1479.0), (7, 8459.0, 1479.0), (13, 8459.0, 1479.0), (7, 8459.0, 1479.0), (13, 8459.0, 1479.0), (7, 8459.0, 1479.0), (13, 8459.0, 1479.0), (7, 8459.0, 1479.0), (13, 8459.0, 1479.0), (7, 8459.0, 1479.0), (13, 8459.0, 1479.0), (7, 8459.0, 1479.0), (13, 8459.0, 1479.0), (7, 8459.0, 1479.0), (13, 8459.0, 1479.0), (7, 8459.0, 1479.0), (13, 8459.0, 1479.0), (7, 8459.0, 1479.0), (13, 8459.0, 1479.0), (7, 8459.0, 1479.0), (13, 8459.0, 1479.0), (7, 8459.0, 1479.0), (13, 8459.0, 1479.0), (7, 8459.0, 1479.0), (13, 8459.0, 1479.0), (7, 8459.0, 1479.0), (13, 8459.0, 1479.0), (7, 8459.0, 1479.0), (13, 8459.0, 1479.0), (7, 8459.0, 1479.0), (13, 8459.0, 1479.0), (7, 8459.0, 1479.0), (13, 8459.0, 1479.0), (7, 8459.0, 1479.0), (13, 8459.0, 1479.0), (7, 8459.0, 1479.0), (13, 8459.0, 1479.0), (7, 8459.0, 1479.0), (13, 8459.0, 1479.0), (7, 8459.0, 1479.0), (13, 8459.0, 1479.0), (7, 8459.0, 1479.0), (13, 8459.0, 1479.0), (7, 8459.0, 1479.0), (13, 8459.0, 1479.0), (7, 8459.0, 1479.0), (13, 8459.0, 1479.0), (7, 8459.0, 1479.0), (13, 8459.0, 1479.0), (7, 8459.0, 1479.0), (13, 8459.0, 1479.0), (7, 8459.0, 1479.0), (13, 8459.0, 1479.0), (7, 8459.0, 1479.0), (13, 8459.0, 1479.0), (7, 8459.0, 1479.0), (13, 8459.0, 1479.0), (7, 8459.0, 1479.0), (13, 8459.0, 1479.0), (7, 8459.0, 1479.0), (13, 8459.0, 1479.0), (7, 8459.0, 1479.0), (13, 8459.0, 1479.0), (7, 8459.0, 1479.0), (13, 8459.0, 1479.0), (7, 8459.0, 1479.0), (13, 8459.0, 1479.0), (7, 8459.0, 1479.0), (13, 8459.0, 1479.0), (7, 8459.0, 1479.0), (13, 8459.0, 1479.0), (7, 8459.0, 1479.0), (13, 8459.0, 1479.0), (7, 8459.0, 1479.0), (13, 8459.0, 1479.0), (7, 8459.0, 1479.0), (13, 8459.0, 1479.0), (7, 8459.0, 1479.0), (13, 8459.0, 1479.0), (7, 8459.0, 1479.0), (13, 8459.0, 1479.0), (7, 8459.0, 1479.0), (13, 8459.0, 1479.0), (7, 8459.0, 1479.0), (13, 8459.0, 1479.0), (7, 8459.0, 1479.0), (13, 8459.0, 1479.0), (7, 8459.0, 1479.0), (13, 8459.0, 1479.0), (7, 8459.0, 1479.0), (13, 8459.0, 1479.0), (7, 8459.0, 1479.0), (13, 8459.0, 1479.0), (7, 8459.0, 1479.0), (13, 8459.0, 1479.0), (7, 8459.0, 1479.0), (13, 8459.0, 1479.0), (7, 8459.0, 1479.0), (13, 8459.0, 1479.0), (7, 8459.0, 1479.0), (13, 8459.0, 1479.0), (7, 8459.0, 1479.0), (13, 8459.0, 1479.0), (7, 8459.0, 1479.0), (13, 8459.0, 1479.0), (7, 8459.0, 1479.0), (13, 8459.0, 1479.0), (7, 8459.0, 1479.0), (13, 8459.0, 1479.0), (7, 8459.0, 1479.0), (13, 8459.0, 1479.0), (7, 8459.0, 1479.0), (13, 8459.0, 1479.0), (7, 8459.0, 1479.0), (13, 8459.0, 1479.0), (7, 8459.0, 1479.0), (13, 8459.0, 1479.0), (7, 8459.0, 1479.0), (13, 8459.0, 1479.0), (7, 8459.0, 1479.0), (13, 8459.0, 1479.0), (7, 8459.0, 1479.0), (13, 8459.0, 1479.0), (7, 8459.0, 1479.0), (13, 8459.0, 1479.0), (7, 8459.0, 1479.0), (13, 8459.0, 1479.0), (7, 8459.0, 1479.0), (13, 8459.0, 1479.0), (7, 8459.0, 1479.0), (13, 8459.0, 1479.0), (7, 8459.0, 1479.0), (13, 8459.0, 1479.0), (7, 8459.0, 1479.0), (13, 8459.0, 1479.0), (7, 8459.0, 1479.0), (13, 8459.0, 1479.0), (7, 8459.0, 1479.0), (13, 8459.0, 1479.0), (7, 8459.0, 1479.0), (13, 8459.0, 1479.0), (7, 8459.0, 1479.0), (13, 8459.0, 1479.0), (7, 8459.0, 1479.0), (13, 8459.0, 1479.0), (7, 8459.0, 1479.0), (13, 8459.0, 1479.0), (7, 8459.0, 1479.0), (13, 8459.0, 1479.0), (7, 8459.0, 1479.0), (13, 8459.0, 1479.0), (7, 8459.0, 1479.0), (13, 8459.0, 1479.0), (7, 8459.0, 1479.0), (13, 8459.0, 1479.0), (7, 8459.0, 1479.0), (13, 8459.0, 1479.0), (7, 8459.0, 1479.0), (13, 8459.0, 1479.0), (7, 8459.0, 1479.0), (13, 8459.0, 1479.0), (7, 8459.0, 1479.0), (13, 8459.0, 1479.0), (7, 8459.0, 1479.0), (13, 8459.0, 1479.0), (7, 8459.0, 1479.0), (13, 8459.0, 1479.0), (7, 8459.0, 1479.0), (13, 8459.0, 1479.0), (7, 8459.0, 1479.0), (13, 8459.0, 1479.0), (7, 8459.0, 1479.0), (13, 8459.0, 1479.0), (7, 8459.0, 1479.0), (13, 8459.0, 1479.0), (7, 8459.0, 1479.0), (13, 8459.0, 1479.0), (7, 8459.0, 1479.0), (13, 8459.0, 1479.0), (7, 8459.0, 1479.0), (13, 8459.0, 1479.0), (7, 8459.0, 1479.0), (13, 8459.0, 1479.0), (7, 8459.0, 1479.0), (13, 8459.0, 1479.0), (7, 8459.0, 1479.0), (13, 8459.0, 1479.0), (7, 8459.0, 1479.0), (13, 8459.0, 1479.0), (7, 8459.0, 1479.0), (13, 8459.0, 1479.0), (7, 8459.0, 1479.0), (13, 8459.0, 1479.0), (7, 8459.0, 1479.0), (13, 8459.0, 1479.0), (7, 8459.0, 1479.0), (13, 8459.0, 1479.0), (7, 8459.0, 1479.0), (13, 8459.0, 1479.0), (7, 8459.0, 1479.0), (13, 8459.0, 1479.0), (7, 8459.0, 1479.0), (13, 8459.0, 1479.0), (7, 8459.0, 1479.0), (13, 8459.0, 1479.0), (7, 8459.0, 1479.0), (13, 8459.0, 1479.0), (7, 8459.0, 1479.0), (13, 8459.0, 1479.0), (7, 8459.0, 1479.0), (13, 8459.0, 1479.0), (7, 8459.0, 1479.0), (13, 8459.0, 1479.0), (7, 8459.0, 1479.0), (13, 8459.0, 1479.0), (7, 8459.0, 1479.0), (13, 8459.0, 1479.0), (7, 8459.0, 1479.0), (13, 8459.0, 1479.0), (7, 8459.0, 1479.0), (13, 8459.0, 1479.0), (7, 8459.0, 1479.0), (13, 8459.0, 1479.0), (7, 8459.0, 1479.0), (13, 8459.0, 1479.0), (7, 8459.0, 1479.0), (13, 8459.0, 1479.0), (7, 8459.0, 1479.0), (13, 8459.0, 1479.0), (7, 8459.0, 1479.0), (13, 8459.0, 1479.0), (7, 8459.0, 1479.0), (13, 8459.0, 1479.0), (7, 8459.0, 1479.0), (13, 8459.0, 1479.0), (7, 8459.0, 1479.0), (13, 8459.0, 1479.0), (7, 8459.0, 1479.0), (13, 8459.0, 1479.0), (7, 8459.0, 1479.0), (13, 8459.0, 1479.0), (7, 8459.0, 1479.0), (13, 8459.0, 1479.0), (7, 8459.0, 1479.0), (13, 8459.0, 1479.0), (7, 8459.0, 1479.0), (13, 8459.0, 1479.0), (7, 8459.0, 1479.0), (13, 8459.0, 1479.0), (7, 8459.0, 1479.0), (13, 8459.0, 1479.0), (7, 8459.0, 1479.0), (13, 8459.0, 1479.0), (7, 8459.0, 1479.0), (13, 8459.0, 1479.0), (7, 8459.0, 1479.0), (13, 8459.0, 1479.0), (7, 8459.0, 1479.0), (13, 8459.0, 1479.0), (7, 8459.0, 1479.0), (13, 8459.0, 1479.0), (7, 8459.0, 1479.0), (13, 8459.0, 1479.0), (7, 8459.0, 1479.0), (13, 8459.0, 1479.0), (7, 8459.0, 1479.0), (13, 8459.0, 1479.0), (7, 8459.0, 1479.0), (13, 8459.0, 1479.0), (7, 8459.0, 1479.0), (13, 8459.0, 1479.0), (7, 8459.0, 1479.0), (13, 8459.0, 1479.0), (7, 8459.0, 1479.0), (13, 8459.0, 1479.0), (7, 8459.0, 1479.0), (13, 8459.0, 1479.0), (7, 8459.0, 1479.0), (13, 8459.0, 1479.0), (7, 8459.0, 1479.0), (13, 8459.0, 1479.0), (7, 8459.0, 1479.0), (13, 8459.0, 1479.0), (7, 8459.0, 1479.0), (13, 8459.0, 1479.0), (7, 8459.0, 1479.0), (13, 8459.0, 1479.0), (7, 8459.0, 1479.0), (13, 8459.0, 1479.0), (7, 8459.0, 1479.0), (13, 8459.0, 1479.0), (7, 8459.0, 1479.0), (13, 8459.0, 1479.0), (7, 8459.0, 1479.0), (13, 8459.0, 1479.0), (7, 8459.0, 1479.0), (13, 8459.0, 1479.0), (7, 8459.0, 1479.0), (13, 8459.0, 1479.0), (7, 8459.0, 1479.0), (13, 8459.0, 1479.0), (7, 8459.0, 1479.0), (13, 8459.0, 1479.0), (7, 8459.0, 1479.0), (13, 8459.0, 1479.0), (7, 8459.0, 1479.0), (13, 8459.0, 1479.0), (7, 8459.0, 1479.0), (13, 8459.0, 1479.0), (7, 8459.0, 1479.0), (13, 8459.0, 1479.0), (7, 8459.0, 1479.0), (13, 8459.0, 1479.0), (7, 8459.0, 1479.0), (13, 8459.0, 1479.0), (7, 8459.0, 1479.0), (13, 8459.0, 1479.0), (7, 8459.0, 1479.0), (13, 8459.0, 1479.0), (7, 8459.0, 1479.0), (13, 8459.0, 1479.0), (7, 8459.0, 1479.0), (13, 8459.0, 1479.0), (7, 8459.0, 1479.0), (13, 8459.0, 1479.0), (7, 8459.0, 1479.0), (13, 8459.0, 1479.0), (7, 8459.0, 1479.0), (13, 8459.0, 1479.0), (7, 8459.0, 1479.0), (13, 8459.0, 1479.0), (7, 8459.0, 1479.0), (13, 8459.0, 1479.0), (7, 8459.0, 1479.0), (13, 8459.0, 1479.0), (7, 8459.0, 1479.0), (13, 8459.0, 1479.0), (7, 8459.0, 1479.0), (13, 8459.0, 1479.0), (7, 8459.0, 1479.0), (13, 8459.0, 1479.0), (7, 8459.0, 1479.0), (13, 8459.0, 1479.0), (7, 8459.0, 1479.0), (13, 8459.0, 1479.0), (7, 8459.0, 1479.0), (13, 8459.0, 1479.0), (7, 8459.0, 1479.0), (13, 8459.0, 1479.0), (7, 8459.0, 1479.0), (13, 8459.0, 1479.0), (7, 8459.0, 1479.0), (13, 8459.0, 1479.0), (7, 8459.0, 1479.0), (13, 8459.0, 1479.0), (7, 8459.0, 1479.0), (13, 8459.0, 1479.0), (7, 8459.0, 1479.0), (13, 8459.0, 1479.0), (7, 8459.0, 1479.0), (13, 8459.0, 1479.0), (7, 8459.0, 1479.0), (13, 8459.0, 1479.0), (7, 8459.0, 1479.0), (13, 8459.0, 1479.0), (7, 8459.0, 1479.0), (13, 8459.0, 1479.0), (7, 8459.0, 1479.0), (13, 8459.0, 1479.0), (7, 8459.0, 1479.0), (13, 8459.0, 1479.0), (7, 8459.0, 1479.0), (13, 8459.0, 1479.0), (7, 8459.0, 1479.0), (13, 8459.0, 1479.0), (7, 8459.0, 1479.0), (13, 8459.0, 1479.0), (7, 8459.0, 1479.0), (13, 8459.0, 1479.0), (7, 8459.0, 1479.0), (13, 8459.0, 1479.0), (7, 8459.0, 1479.0), (13, 8459.0, 1479.0), (7, 8459.0, 1479.0), (13, 8459.0, 1479.0), (7, 8459.0, 1479.0), (13, 8459.0, 1479.0), (7, 8459.0, 1479.0), (13, 8459.0, 1479.0), (7, 8459.0, 1479.0), (13, 8459.0, 1479.0), (7, 8459.0, 1479.0), (13, 8459.0, 1479.0), (7, 8459.0, 1479.0), (13, 8459.0, 1479.0), (7, 8459.0, 1479.0), (13, 8459.0, 1479.0), (7, 8459.0, 1479.0), (13, 8459.0, 1479.0), (7, 8459.0, 1479.0), (13, 8459.0, 1479.0), (7, 8459.0, 1479.0), (13, 8459.0, 1479.0), (7, 8459.0, 1479.0), (13, 8459.0, 1479.0), (7, 8459.0, 1479.0), (13, 8459.0, 1479.0), (7, 8459.0, 1479.0), (13, 8459.0, 1479.0), (7, 8459.0, 1479.0), (13, 8459.0, 1479.0), (7, 8459.0, 1479.0), (13, 8459.0, 1479.0), (7, 8459.0, 1479.0), (13, 8459.0, 1479.0), (7, 8459.0, 1479.0), (13, 8459.0, 1479.0), (7, 8459.0, 1479.0), (13, 8459.0, 1479.0), (7, 8459.0, 1479.0), (13, 8459.0, 1479.0), (7, 8459.0, 1479.0), (13, 8459.0, 1479.0), (7, 8459.0, 1479.0), (13, 8459.0, 1479.0), (7, 8459.0, 1479.0), (13, 8459.0, 1479.0), (7, 8459.0, 1479.0), (13, 8459.0, 1479.0), (7, 8459.0, 1479.0), (13, 8459.0, 1479.0), (7, 8459.0, 1479.0), (13, 8459.0, 1479.0), (7, 8459.0, 1479.0), (13, 8459.0, 1479.0), (7, 8459.0, 1479.0), (13, 8459.0, 1479.0), (7, 8459.0, 1479.0), (13, 8459.0, 1479.0), (7, 8459.0, 1479.0), (13, 8459.0, 1479.0), (7, 8459.0, 1479.0), (13, 8459.0, 1479.0), (7, 8459.0, 1479.0), (13, 8459.0, 1479.0), (7, 8459.0, 1479.0), (13, 8459.0, 1479.0), (7, 8459.0, 1479.0), (13, 8459.0, 1479.0), (7, 8459.0, 1479.0), (13, 8459.0, 1479.0), (7, 8459.0, 1479.0), (13, 8459.0, 1479.0), (7, 8459.0, 1479.0), (13, 8459.0, 1479.0), (7, 8459.0, 1479.0), (13, 8459.0, 1479.0), (7, 8459.0, 1479.0), (13, 8459.0, 1479.0), (7, 8459.0, 1479.0), (13, 8459.0, 1479.0), (7, 8459.0, 1479.0), (13, 8459.0, 1479.0), (7, 8459.0, 1479.0), (13, 8459.0, 1479.0), (7, 8459.0, 1479.0), (13, 8459.0, 1479.0), (7, 8459.0, 1479.0), (13, 8459.0, 1479.0), (7, 8459.0, 1479.0), (13, 8459.0, 1479.0), (7, 8459.0, 1479.0), (13, 8459.0, 1479.0), (7, 8459.0, 1479.0), (13, 8459.0, 1479.0), (7, 8459.0, 1479.0), (13, 8459.0, 1479.0), (7, 8459.0, 1479.0), (13, 8459.0, 1479.0), (7, 8459.0, 1479.0), (13, 8459.0, 1479.0), (7, 8459.0, 1479.0), (13, 8459.0, 1479.0), (7, 8459.0, 1479.0), (13, 8459.0, 1479.0), (7, 8459.0, 1479.0), (13, 8459.0, 1479.0), (7, 8459.0, 1479.0), (13, 8459.0, 1479.0), (7, 8459.0, 1479.0), (13, 8459.0, 1479.0), (7, 8459.0, 1479.0), (13, 8459.0, 1479.0), (7, 8459.0, 1479.0), (13, 8459.0, 1479.0), (7, 8459.0, 1479.0), (13, 8459.0, 1479.0), (7, 8459.0, 1479.0), (13, 8459.0, 1479.0), (7, 8459.0, 1479.0), (13, 8459.0, 1479.0), (7, 8459.0, 1479.0), (13, 8459.0, 1479.0), (7, 8459.0, 1479.0), (13, 8459.0, 1479.0), (7, 8459.0, 1479.0), (13, 8459.0, 1479.0), (7, 8459.0, 1479.0), (13, 8459.0, 1479.0), (7, 8459.0, 1479.0), (13, 8459.0, 1479.0), (7, 8459.0, 1479.0), (13, 8459.0, 1479.0), (7, 8459.0, 1479.0), (13, 8459.0, 1479.0), (7, 8459.0, 1479.0), (13, 8459.0, 1479.0), (7, 8459.0, 1479.0), (13, 8459.0, 1479.0), (7, 8459.0, 1479.0), (13, 8459.0, 1479.0), (7, 8459.0, 1479.0), (13, 8459.0, 1479.0), (7, 8459.0, 1479.0), (13, 8459.0, 1479.0), (7, 8459.0, 1479.0), (13, 8459.0, 1479.0), (7, 8459.0, 1479.0), (13, 8459.0, 1479.0), (7, 8459.0, 1479.0), (13, 8459.0, 1479.0), (7, 8459.0, 1479.0), (13, 8459.0, 1479.0), (7, 8459.0, 1479.0), (13, 8459.0, 1479.0), (7, 8459.0, 1479.0), (13, 8459.0, 1479.0), (7, 8459.0, 1479.0), (13, 8459.0, 1479.0), (7, 8459.0, 1479.0), (13, 8459.0, 1479.0), (7, 8459.0, 1479.0), (13, 8459.0, 1479.0), (7, 8459.0, 1479.0), (13, 8459.0, 1479.0), (7, 8459.0, 1479.0), (13, 8459.0, 1479.0), (7, 8459.0, 1479.0), (13, 8459.0, 1479.0), (7, 8459.0, 1479.0), (13, 8459.0, 1479.0), (7, 8459.0, 1479.0), (13, 8459.0, 1479.0), (7, 8459.0, 1479.0), (13, 8459.0, 1479.0), (7, 8459.0, 1479.0), (13, 8459.0, 1479.0), (7, 8459.0, 1479.0), (13, 8459.0, 1479.0), (7, 8459.0, 1479.0), (13, 8459.0, 1479.0), (7, 8459.0, 1479.0), (13, 8459.0, 1479.0), (7, 8459.0, 1479.0), (13, 8459.0, 1479.0), (7, 8459.0, 1479.0), (13, 8459.0, 1479.0), (7, 8459.0, 1479.0), (13, 8459.0, 1479.0), (7, 8459.0, 1479.0), (13, 8459.0, 1479.0), (7, 8459.0, 1479.0), (13, 8459.0, 1479.0), (7, 8459.0, 1479.0), (13, 8459.0, 1479.0), (7, 8459.0, 1479.0), (13, 8459.0, 1479.0), (7, 8459.0, 1479.0), (13, 8459.0, 1479.0), (7, 8459.0, 1479.0), (13, 8459.0, 1479.0), (7, 8459.0, 1479.0), (13, 8459.0, 1479.0), (7, 8459.0, 1479.0), (13, 8459.0, 1479.0), (7, 8459.0, 1479.0), (13, 8459.0, 1479.0), (7, 8459.0, 1479.0), (13, 8459.0, 1479.0), (7, 8459.0, 1479.0), (13, 8459.0, 1479.0), (7, 8459.0, 1479.0), (13, 8459.0, 1479.0), (7, 8459.0, 1479.0), (13, 8459.0, 1479.0), (7, 8459.0, 1479.0), (13, 8459.0, 1479.0), (7, 8459.0, 1479.0), (13, 8459.0, 1479.0), (7, 8459.0, 1479.0), (13, 8459.0, 1479.0), (7, 8459.0, 1479.0), (13, 8459.0, 1479.0), (7, 8459.0, 1479.0), (13, 8459.0, 1479.0), (7, 8459.0, 1479.0), (13, 8459.0, 1479.0), (7, 8459.0, 1479.0), (13, 8459.0, 1479.0), (7, 8459.0, 1479.0), (13, 8459.0, 1479.0), (7, 8459.0, 1479.0), (13, 8459.0, 1479.0), (7, 8459.0, 1479.0), (13, 8459.0, 1479.0), (7, 8459.0, 1479.0), (13, 8459.0, 1479.0), (7, 8459.0, 1479.0), (13, 8459.0, 1479.0), (7, 8459.0, 1479.0), (13, 8459.0, 1479.0), (7, 8459.0, 1479.0), (13, 8459.0, 1479.0), (7, 8459.0, 1479.0), (13, 8459.0, 1479.0), (7, 8459.0, 1479.0), (13, 8459.0, 1479.0), (7, 8459.0, 1479.0), (13, 8459.0, 1479.0), (7, 8459.0, 1479.0), (13, 8459.0, 1479.0), (7, 8459.0, 1479.0), (13, 8459.0, 1479.0), (7, 8459.0, 1479.0), (13, 8459.0, 1479.0), (7, 8459.0, 1479.0), (13, 8459.0, 1479.0), (7, 8459.0, 1479.0), (13, 8459.0, 1479.0), (7, 8459.0, 1479.0), (13, 8459.0, 1479.0), (7, 8459.0, 1479.0), (13, 8459.0, 1479.0), (7, 8459.0, 1479.0), (13, 8459.0, 1479.0), (7, 8459.0, 1479.0), (13, 8459.0, 1479.0), (7, 8459.0, 1479.0), (13, 8459.0, 1479.0), (7, 8459.0, 1479.0), (13, 8459.0, 1479.0), (7, 8459.0, 1479.0), (13, 8459.0, 1479.0), (7, 8459.0, 1479.0), (13, 8459.0, 1479.0), (7, 8459.0, 1479.0), (13, 8459.0, 1479.0), (7, 8459.0, 1479.0), (13, 8459.0, 1479.0), (7, 8459.0, 1479.0), (13, 8459.0, 1479.0), (7, 8459.0, 1479.0), (13, 8459.0, 1479.0), (7, 8459.0, 1479.0), (13, 8459.0, 1479.0), (7, 8459.0, 1479.0), (13, 8459.0, 1479.0), (7, 8459.0, 1479.0), (13, 8459.0, 1479.0), (7, 8459.0, 1479.0), (13, 8459.0, 1479.0), (7, 8459.0, 1479.0), (13, 8459.0, 1479.0), (7, 8459.0, 1479.0), (13, 8459.0, 1479.0), (7, 8459.0, 1479.0), (13, 8459.0, 1479.0), (7, 8459.0, 1479.0), (13, 8459.0, 1479.0), (7, 8459.0, 1479.0), (13, 8459.0, 1479.0), (7, 8459.0, 1479.0), (13, 8459.0, 1479.0), (7, 8459.0, 1479.0), (13, 8459.0, 1479.0), (7, 8459.0, 1479.0), (13, 8459.0, 1479.0), (7, 8459.0, 1479.0), (13, 8459.0, 1479.0), (7, 8459.0, 1479.0), (13, 8459.0, 1479.0), (7, 8459.0, 1479.0), (13, 8459.0, 1479.0), (7, 8459.0, 1479.0), (13, 8459.0, 1479.0), (7, 8459.0, 1479.0), (13, 8459.0, 1479.0), (7, 8459.0, 1479.0), (13, 8459.0, 1479.0), (7, 8459.0, 1479.0), (13, 8459.0, 1479.0), (7, 8459.0, 1479.0), (13, 8459.0, 1479.0), (7, 8459.0, 1479.0), (13, 8459.0, 1479.0), (7, 8459.0, 1479.0), (13, 8459.0, 1479.0), (7, 8459.0, 1479.0), (13, 8459.0, 1479.0), (7, 8459.0, 1479.0), (13, 8459.0, 1479.0), (7, 8459.0, 1479.0), (13, 8459.0, 1479.0), (7, 8459.0, 1479.0), (13, 8459.0, 1479.0), (7, 8459.0, 1479.0), (13, 8459.0, 1479.0), (7, 8459.0, 1479.0), (13, 8459.0, 1479.0), (7, 8459.0, 1479.0), (13, 8459.0, 1479.0), (7, 8459.0, 1479.0), (13, 8459.0, 1479.0), (7, 8459.0, 1479.0), (13, 8459.0, 1479.0), (7, 8459.0, 1479.0), (13, 8459.0, 1479.0), (7, 8459.0, 1479.0), (13, 8459.0, 1479.0), (7, 8459.0, 1479.0), (13, 8459.0, 1479.0), (7, 8459.0, 1479.0), (13, 8459.0, 1479.0), (7, 8459.0, 1479.0), (13, 8459.0, 1479.0), (7, 8459.0, 1479.0), (13, 8459.0, 1479.0), (7, 8459.0, 1479.0), (13, 8459.0, 1479.0), (7, 8459.0, 1479.0), (13, 8459.0, 1479.0), (7, 8459.0, 1479.0), (13, 8459.0, 1479.0), (7, 8459.0, 1479.0), (13, 8459.0, 1479.0), (7, 8459.0, 1479.0), (13, 8459.0, 1479.0), (7, 8459.0, 1479.0), (13, 8459.0, 1479.0), (7, 8459.0, 1479.0), (13, 8459.0, 1479.0), (7, 8459.0, 1479.0), (13, 8459.0, 1479.0), (7, 8459.0, 1479.0), (13, 8459.0, 1479.0), (7, 8459.0, 1479.0), (13, 8459.0, 1479.0), (7, 8459.0, 1479.0), (13, 8459.0, 1479.0), (7, 8459.0, 1479.0), (13, 8459.0, 1479.0), (7, 8459.0, 1479.0), (13, 8459.0, 1479.0), (7, 8459.0, 1479.0), (13, 8459.0, 1479.0), (7, 8459.0, 1479.0), (13, 8459.0, 1479.0), (7, 8459.0, 1479.0), (13, 8459.0, 1479.0), (7, 8459.0, 1479.0), (13, 8459.0, 1479.0), (7, 8459.0, 1479.0), (13, 8459.0, 1479.0), (7, 8459.0, 1479.0), (13, 8459.0, 1479.0), (7, 8459.0, 1479.0), (13, 8459.0, 1479.0), (7, 8459.0, 1479.0), (13, 8459.0, 1479.0), (7, 8459.0, 1479.0), (13, 8459.0, 1479.0), (7, 8459.0, 1479.0), (13, 8459.0, 1479.0), (7, 8459.0, 1479.0), (13, 8459.0, 1479.0), (7, 8459.0, 1479.0), (13, 8459.0, 1479.0), (7, 8459.0, 1479.0), (13, 8459.0, 1479.0), (7, 8459.0, 1479.0), (13, 8459.0, 1479.0), (7, 8459.0, 1479.0), (13, 8459.0, 1479.0), (7, 8459.0, 1479.0), (13, 8459.0, 1479.0), (7, 8459.0, 1479.0), (13, 8459.0, 1479.0), (7, 8459.0, 1479.0), (13, 8459.0, 1479.0), (7, 8459.0, 1479.0), (13, 8459.0, 1479.0), (7, 8459.0, 1479.0), (13, 8459.0, 1479.0), (7, 8459.0, 1479.0), (13, 8459.0, 1479.0), (7, 8459.0, 1479.0), (13, 8459.0, 1479.0), (7, 8459.0, 1479.0), (13, 8459.0, 1479.0), (7, 8459.0, 1479.0), (13, 8459.0, 1479.0), (7, 8459.0, 1479.0), (13, 8459.0, 1479.0), (7, 8459.0, 1479.0), (13, 8459.0, 1479.0), (7, 8459.0, 1479.0), (13, 8459.0, 1479.0), (7, 8459.0, 1479.0), (13, 8459.0, 1479.0), (7, 8459.0, 1479.0), (13, 8459.0, 1479.0), (7, 8459.0, 1479.0), (13, 8459.0, 1479.0), (7, 8459.0, 1479.0), (13, 8459.0, 1479.0), (7, 8459.0, 1479.0), (13, 8459.0, 1479.0), (7, 8459.0, 1479.0), (13, 8459.0, 1479.0), (7, 8459.0, 1479.0), (13, 8459.0, 1479.0), (7, 8459.0, 1479.0), (13, 8459.0, 1479.0), (7, 8459.0, 1479.0), (13, 8459.0, 1479.0), (7, 8459.0, 1479.0), (13, 8459.0, 1479.0), (7, 8459.0, 1479.0), (13, 8459.0, 1479.0), (7, 8459.0, 1479.0), (13, 8459.0, 1479.0), (7, 8459.0, 1479.0), (13, 8459.0, 1479.0), (7, 8459.0, 1479.0), (13, 8459.0, 1479.0), (7, 8459.0, 1479.0), (13, 8459.0, 1479.0), (7, 8459.0, 1479.0), (13, 8459.0, 1479.0), (7, 8459.0, 1479.0), (13, 8459.0, 1479.0), (7, 8459.0, 1479.0), (13, 8459.0, 1479.0), (7, 8459.0, 1479.0), (13, 8459.0, 1479.0), (7, 8459.0, 1479.0), (13, 8459.0, 1479.0), (7, 8459.0, 1479.0), (13, 8459.0, 1479.0), (7, 8459.0, 1479.0), (13, 8459.0, 1479.0), (7, 8459.0, 1479.0), (13, 8459.0, 1479.0), (7, 8459.0, 1479.0), (13, 8459.0, 1479.0), (7, 8459.0, 1479.0), (13, 8459.0, 1479.0), (7, 8459.0, 1479.0), (13, 8459.0, 1479.0), (7, 8459.0, 1479.0), (13, 8459.0, 1479.0), (7, 8459.0, 1479.0), (13, 8459.0, 1479.0), (7, 8459.0, 1479.0), (13, 8459.0, 1479.0), (7, 8459.0, 1479.0), (13, 8459.0, 1479.0), (7, 8459.0, 1479.0), (13, 8459.0, 1479.0), (7, 8459.0, 1479.0), (13, 8459.0, 1479.0), (7, 8459.0, 1479.0), (13, 8459.0, 1479.0), (7, 8459.0, 1479.0), (13, 8459.0, 1479.0), (7, 8459.0, 1479.0), (13, 8459.0, 1479.0), (7, 8459.0, 1479.0), (13, 8459.0, 1479.0), (7, 8459.0, 1479.0), (13, 8459.0, 1479.0), (7, 8459.0, 1479.0), (13, 8459.0, 1479.0), (7, 8459.0, 1479.0), (13, 8459.0, 1479.0), (7, 8459.0, 1479.0), (13, 8459.0, 1479.0), (7, 8459.0, 1479.0), (13, 8459.0, 1479.0), (7, 8459.0, 1479.0), (13, 8459.0, 1479.0), (7, 8459.0, 1479.0), (13, 8459.0, 1479.0), (7, 8459.0, 1479.0), (13, 8459.0, 1479.0), (7, 8459.0, 1479.0), (13, 8459.0, 1479.0), (7, 8459.0, 1479.0), (13, 8459.0, 1479.0), (7, 8459.0, 1479.0), (13, 8459.0, 1479.0), (7, 8459.0, 1479.0), (13, 8459.0, 1479.0), (7, 8459.0, 1479.0), (13, 8459.0, 1479.0), (7, 8459.0, 1479.0), (13, 8459.0, 1479.0), (7, 8459.0, 1479.0), (13, 8459.0, 1479.0), (7, 8459.0, 1479.0), (13, 8459.0, 1479.0), (7, 8459.0, 1479.0), (13, 8459.0, 1479.0), (7, 8459.0, 1479.0), (13, 8459.0, 1479.0), (7, 8459.0, 1479.0), (13, 8459.0, 1479.0), (7, 8459.0, 1479.0), (13, 8459.0, 1479.0), (7, 8459.0, 1479.0), (13, 8459.0, 1479.0), (7, 8459.0, 1479.0), (13, 8459.0, 1479.0), (7, 8459.0, 1479.0), (13, 8459.0, 1479.0), (7, 8459.0, 1479.0), (13, 8459.0, 1479.0), (7, 8459.0, 1479.0), (13, 8459.0, 1479.0), (7, 8459.0, 1479.0), (13, 8459.0, 1479.0), (7, 8459.0, 1479.0), (13, 8459.0, 1479.0), (7, 8459.0, 1479.0), (13, 8459.0, 1479.0), (7, 8459.0, 1479.0), (13, 8459.0, 1479.0), (7, 8459.0, 1479.0), (13, 8459.0, 1479.0), (7, 8459.0, 1479.0), (13, 8459.0, 1479.0), (7, 8459.0, 1479.0), (13, 8459.0, 1479.0), (7, 8459.0, 1479.0), (13, 8459.0, 1479.0), (7, 8459.0, 1479.0), (13, 8459.0, 1479.0), (7, 8459.0, 1479.0), (13, 8459.0, 1479.0), (7, 8459.0, 1479.0), (13, 8459.0, 1479.0), (7, 8459.0, 1479.0), (13, 8459.0, 1479.0), (7, 8459.0, 1479.0), (13, 8459.0, 1479.0), (7, 8459.0, 1479.0), (13, 8459.0, 1479.0), (7, 8459.0, 1479.0), (13, 8459.0, 1479.0), (7, 8459.0, 1479.0), (13, 8459.0, 1479.0), (7, 8459.0, 1479.0), (13, 8459.0, 1479.0), (7, 8459.0, 1479.0), (13, 8459.0, 1479.0), (7, 8459.0, 1479.0), (13, 8459.0, 1479.0), (7, 8459.0, 1479.0), (13, 8459.0, 1479.0), (7, 8459.0, 1479.0), (13, 8459.0, 1479.0), (7, 8459.0, 1479.0), (13, 8459.0, 1479.0), (7, 8459.0, 1479.0), (13, 8459.0, 1479.0), (7, 8459.0, 1479.0), (13, 8459.0, 1479.0), (7, 8459.0, 1479.0), (13, 8459.0, 1479.0), (7, 8459.0, 1479.0), (13, 8459.0, 1479.0), (7, 8459.0, 1479.0), (13, 8459.0, 1479.0), (7, 8459.0, 1479.0), (13, 8459.0, 1479.0), (7, 8459.0, 1479.0), (13, 8459.0, 1479.0), (7, 8459.0, 1479.0), (13, 8459.0, 1479.0), (7, 8459.0, 1479.0), (13, 8459.0, 1479.0), (7, 8459.0, 1479.0), (13, 8459.0, 1479.0), (7, 8459.0, 1479.0), (13, 8459.0, 1479.0), (7, 8459.0, 1479.0), (13, 8459.0, 1479.0), (7, 8459.0, 1479.0), (13, 8459.0, 1479.0), (7, 8459.0, 1479.0), (13, 8459.0, 1479.0), (7, 8459.0, 1479.0), (13, 8459.0, 1479.0), (7, 8459.0, 1479.0), (13, 8459.0, 1479.0), (7, 8459.0, 1479.0), (13, 8459.0, 1479.0), (7, 8459.0, 1479.0), (13, 8459.0, 1479.0), (7, 8459.0, 1479.0), (13, 8459.0, 1479.0), (7, 8459.0, 1479.0), (13, 8459.0, 1479.0), (7, 8459.0, 1479.0), (13, 8459.0, 1479.0), (7, 8459.0, 1479.0), (13, 8459.0, 1479.0), (7, 8459.0, 1479.0), (13, 8459.0, 1479.0), (7, 8459.0, 1479.0), (13, 8459.0, 1479.0), (7, 8459.0, 1479.0), (13, 8459.0, 1479.0), (7, 8459.0, 1479.0), (13, 8459.0, 1479.0), (7, 8459.0, 1479.0), (13, 8459.0, 1479.0), (7, 8459.0, 1479.0), (13, 8459.0, 1479.0), (7, 8459.0, 1479.0), (13, 8459.0, 1479.0), (7, 8459.0, 1479.0), (13, 8459.0, 1479.0), (7, 8459.0, 1479.0), (13, 8459.0, 1479.0), (7, 8459.0, 1479.0), (13, 8459.0, 1479.0), (7, 8459.0, 1479.0), (13, 8459.0, 1479.0), (7, 8459.0, 1479.0), (13, 8459.0, 1479.0), (7, 8459.0, 1479.0), (13, 8459.0, 1479.0), (7, 8459.0, 1479.0), (13, 8459.0, 1479.0), (7, 8459.0, 1479.0), (13, 8459.0, 1479.0), (7, 8459.0, 1479.0), (13, 8459.0, 1479.0), (7, 8459.0, 1479.0), (13, 8459.0, 1479.0), (7, 8459.0, 1479.0), (13, 8459.0, 1479.0), (7, 8459.0, 1479.0), (13, 8459.0, 1479.0), (7, 8459.0, 1479.0), (13, 8459.0, 1479.0), (7, 8459.0, 1479.0), (13, 8459.0, 1479.0), (7, 8459.0, 1479.0), (13, 8459.0, 1479.0), (7, 8459.0, 1479.0), (13, 8459.0, 1479.0), (7, 8459.0, 1479.0), (13, 8459.0, 1479.0), (7, 8459.0, 1479.0), (13, 8459.0, 1479.0), (7, 8459.0, 1479.0), (13, 8459.0, 1479.0), (7, 8459.0, 1479.0), (13, 8459.0, 1479.0), (7, 8459.0, 1479.0), (13, 8459.0, 1479.0), (7, 8459.0, 1479.0), (13, 8459.0, 1479.0), (7, 8459.0, 1479.0), (13, 8459.0, 1479.0), (7, 8459.0, 1479.0), (13, 8459.0, 1479.0), (7, 8459.0, 1479.0), (13, 8459.0, 1479.0), (7, 8459.0, 1479.0), (13, 8459.0, 1479.0), (7, 8459.0, 1479.0), (13, 8459.0, 1479.0), (7, 8459.0, 1479.0), (13, 8459.0, 1479.0), (7, 8459.0, 1479.0), (13, 8459.0, 1479.0), (7, 8459.0, 1479.0), (13, 8459.0, 1479.0), (7, 8459.0, 1479.0), (13, 8459.0, 1479.0), (7, 8459.0, 1479.0), (13, 8459.0, 1479.0), (7, 8459.0, 1479.0), (13, 8459.0, 1479.0), (7, 8459.0, 1479.0), (13, 8459.0, 1479.0), (7, 8459.0, 1479.0), (13, 8459.0, 1479.0), (7, 8459.0, 1479.0), (13, 8459.0, 1479.0), (7, 8459.0, 1479.0), (13, 8459.0, 1479.0), (7, 8459.0, 1479.0), (13, 8459.0, 1479.0), (7, 8459.0, 1479.0), (13, 8459.0, 1479.0), (7, 8459.0, 1479.0), (13, 8459.0, 1479.0), (7, 8459.0, 1479.0), (13, 8459.0, 1479.0), (7, 8459.0, 1479.0), (13, 8459.0, 1479.0), (7, 8459.0, 1479.0), (13, 8459.0, 1479.0), (7, 8459.0, 1479.0), (13, 8459.0, 1479.0), (7, 8459.0, 1479.0), (13, 8459.0, 1479.0), (7, 8459.0, 1479.0), (13, 8459.0, 1479.0), (7, 8459.0, 1479.0), (13, 8459.0, 1479.0), (7, 8459.0, 1479.0), (13, 8459.0, 1479.0), (7, 8459.0, 1479.0), (13, 8459.0, 1479.0), (7, 8459.0, 1479.0), (13, 8459.0, 1479.0), (7, 8459.0, 1479.0), (13, 8459.0, 1479.0), (7, 8459.0, 1479.0), (13, 8459.0, 1479.0), (7, 8459.0, 1479.0), (13, 8459.0, 1479.0), (7, 8459.0, 1479.0), (13, 8459.0, 1479.0), (7, 8459.0, 1479.0), (13, 8459.0, 1479.0), (7, 8459.0, 1479.0), (13, 8459.0, 1479.0), (7, 8459.0, 1479.0), (13, 8459.0, 1479.0), (7, 8459.0, 1479.0), (13, 8459.0, 1479.0), (7, 8459.0, 1479.0), (13, 8459.0, 1479.0), (7, 8459.0, 1479.0), (13, 8459.0, 1479.0), (7, 8459.0, 1479.0), (13, 8459.0, 1479.0), (7, 8459.0, 1479.0), (13, 8459.0, 1479.0), (7, 8459.0, 1479.0), (13, 8459.0, 1479.0), (7, 8459.0, 1479.0), (13, 8459.0, 1479.0), (7, 8459.0, 1479.0), (13, 8459.0, 1479.0), (7, 8459.0, 1479.0), (13, 8459.0, 1479.0), (7, 8459.0, 1479.0), (13, 8459.0, 1479.0), (7, 8459.0, 1479.0), (13, 8459.0, 1479.0), (7, 8459.0, 1479.0), (13, 8459.0, 1479.0), (7, 8459.0, 1479.0), (13, 8459.0, 1479.0), (7, 8459.0, 1479.0), (13, 8459.0, 1479.0), (7, 8459.0, 1479.0), (13, 8459.0, 1479.0), (7, 8459.0, 1479.0), (13, 8459.0, 1479.0), (7, 8459.0, 1479.0), (13, 8459.0, 1479.0), (7, 8459.0, 1479.0), (13, 8459.0, 1479.0), (7, 8459.0, 1479.0), (13, 8459.0, 1479.0), (7, 8459.0, 1479.0), (13, 8459.0, 1479.0), (7, 8459.0, 1479.0), (13, 8459.0, 1479.0), (7, 8459.0, 1479.0), (13, 8459.0, 1479.0), (7, 8459.0, 1479.0), (13, 8459.0, 1479.0), (7, 8459.0, 1479.0), (13, 8459.0, 1479.0), (7, 8459.0, 1479.0), (13, 8459.0, 1479.0), (7, 8459.0, 1479.0), (13, 8459.0, 1479.0), (7, 8459.0, 1479.0), (13, 8459.0, 1479.0), (7, 8459.0, 1479.0), (13, 8459.0, 1479.0), (7, 8459.0, 1479.0), (13, 8459.0, 1479.0), (7, 8459.0, 1479.0), (13, 8459.0, 1479.0), (7, 8459.0, 1479.0), (13, 8459.0, 1479.0), (7, 8459.0, 1479.0), (13, 8459.0, 1479.0), (7, 8459.0, 1479.0), (13, 8459.0, 1479.0), (7, 8459.0, 1479.0), (13, 8459.0, 1479.0), (7, 8459.0, 1479.0), (13, 8459.0, 1479.0), (7, 8459.0, 1479.0), (13, 8459.0, 1479.0), (7, 8459.0, 1479.0), (13, 8459.0, 1479.0), (7, 8459.0, 1479.0), (13, 8459.0, 1479.0), (7, 8459.0, 1479.0), (13, 8459.0, 1479.0), (7, 8459.0, 1479.0), (13, 8459.0, 1479.0), (7, 8459.0, 1479.0), (13, 8459.0, 1479.0), (7, 8459.0, 1479.0), (13, 8459.0, 1479.0), (7, 8459.0, 1479.0), (13, 8459.0, 1479.0), (7, 8459.0, 1479.0), (13, 8459.0, 1479.0), (7, 8459.0, 1479.0), (13, 8459.0, 1479.0), (7, 8459.0, 1479.0), (13, 8459.0, 1479.0), (7, 8459.0, 1479.0), (13, 8459.0, 1479.0), (7, 8459.0, 1479.0), (13, 8459.0, 1479.0), (7, 8459.0, 1479.0), (13, 8459.0, 1479.0), (7, 8459.0, 1479.0), (13, 8459.0, 1479.0), (7, 8459.0, 1479.0), (13, 8459.0, 1479.0), (7, 8459.0, 1479.0), (13, 8459.0, 1479.0), (7, 8459.0, 1479.0), (13, 8459.0, 1479.0), (7, 8459.0, 1479.0), (13, 8459.0, 1479.0), (7, 8459.0, 1479.0), (13, 8459.0, 1479.0), (7, 8459.0, 1479.0), (13, 8459.0, 1479.0), (7, 8459.0, 1479.0), (13, 8459.0, 1479.0), (7, 8459.0, 1479.0), (13, 8459.0, 1479.0), (7, 8459.0, 1479.0), (13, 8459.0, 1479.0), (7, 8459.0, 1479.0), (13, 8459.0, 1479.0), (7, 8459.0, 1479.0), (13, 8459.0, 1479.0), (7, 8459.0, 1479.0), (13, 8459.0, 1479.0), (7, 8459.0, 1479.0), (13, 8459.0, 1479.0), (7, 8459.0, 1479.0), (13, 8459.0, 1479.0), (7, 8459.0, 1479.0), (13, 8459.0, 1479.0), (7, 8459.0, 1479.0), (13, 8459.0, 1479.0), (7, 8459.0, 1479.0), (13, 8459.0, 1479.0), (7, 8459.0, 1479.0), (13, 8459.0, 1479.0), (7, 8459.0, 1479.0), (13, 8459.0, 1479.0), (7, 8459.0, 1479.0), (13, 8459.0, 1479.0), (7, 8459.0, 1479.0), (13, 8459.0, 1479.0), (7, 8459.0, 1479.0), (13, 8459.0, 1479.0), (7, 8459.0, 1479.0), (13, 8459.0, 1479.0), (7, 8459.0, 1479.0), (13, 8459.0, 1479.0), (7, 8459.0, 1479.0), (13, 8459.0, 1479.0), (7, 8459.0, 1479.0), (13, 8459.0, 1479.0), (7, 8459.0, 1479.0), (13, 8459.0, 1479.0), (7, 8459.0, 1479.0), (13, 8459.0, 1479.0), (7, 8459.0, 1479.0), (13, 8459.0, 1479.0), (7, 8459.0, 1479.0), (13, 8459.0, 1479.0), (7, 8459.0, 1479.0), (13, 8459.0, 1479.0), (7, 8459.0, 1479.0), (13, 8459.0, 1479.0), (7, 8459.0, 1479.0), (13, 8459.0, 1479.0), (7, 8459.0, 1479.0), (13, 8459.0, 1479.0), (7, 8459.0, 1479.0), (13, 8459.0, 1479.0), (7, 8459.0, 1479.0), (13, 8459.0, 1479.0), (7, 8459.0, 1479.0), (13, 8459.0, 1479.0), (7, 8459.0, 1479.0), (13, 8459.0, 1479.0), (7, 8459.0, 1479.0), (13, 8459.0, 1479.0), (7, 8459.0, 1479.0), (13, 8459.0, 1479.0), (7, 8459.0, 1479.0), (13, 8459.0, 1479.0), (7, 8459.0, 1479.0), (13, 8459.0, 1479.0), (7, 8459.0, 1479.0), (13, 8459.0, 1479.0), (7, 8459.0, 1479.0), (13, 8459.0, 1479.0), (7, 8459.0, 1479.0), (13, 8459.0, 1479.0), (7, 8459.0, 1479.0), (13, 8459.0, 1479.0), (7, 8459.0, 1479.0), (13, 8459.0, 1479.0), (7, 8459.0, 1479.0), (13, 8459.0, 1479.0), (7, 8459.0, 1479.0), (13, 8459.0, 1479.0), (7, 8459.0, 1479.0), (13, 8459.0, 1479.0), (7, 8459.0, 1479.0), (13, 8459.0, 1479.0), (7, 8459.0, 1479.0), (13, 8459.0, 1479.0), (7, 8459.0, 1479.0), (13, 8459.0, 1479.0), (7, 8459.0, 1479.0), (13, 8459.0, 1479.0), (7, 8459.0, 1479.0), (13, 8459.0, 1479.0), (7, 8459.0, 1479.0), (13, 8459.0, 1479.0), (7, 8459.0, 1479.0), (13, 8459.0, 1479.0), (7, 8459.0, 1479.0), (13, 8459.0, 1479.0), (7, 8459.0, 1479.0), (13, 8459.0, 1479.0), (7, 8459.0, 1479.0), (13, 8459.0, 1479.0), (7, 8459.0, 1479.0), (13, 8459.0, 1479.0), (7, 8459.0, 1479.0), (13, 8459.0, 1479.0), (7, 8459.0, 1479.0), (13, 8459.0, 1479.0), (7, 8459.0, 1479.0), (13, 8459.0, 1479.0), (7, 8459.0, 1479.0), (13, 8459.0, 1479.0), (7, 8459.0, 1479.0), (13, 8459.0, 1479.0), (7, 8459.0, 1479.0), (13, 8459.0, 1479.0), (7, 8459.0, 1479.0), (13, 8459.0, 1479.0), (7, 8459.0, 1479.0), (13, 8459.0, 1479.0), (7, 8459.0, 1479.0), (13, 8459.0, 1479.0), (7, 8459.0, 1479.0), (13, 8459.0, 1479.0), (7, 8459.0, 1479.0), (13, 8459.0, 1479.0), (7, 8459.0, 1479.0), (13, 8459.0, 1479.0), (7, 8459.0, 1479.0), (13, 8459.0, 1479.0), (7, 8459.0, 1479.0), (13, 8459.0, 1479.0), (7, 8459.0, 1479.0), (13, 8459.0, 1479.0), (7, 8459.0, 1479.0), (13, 8459.0, 1479.0), (7, 8459.0, 1479.0), (13, 8459.0, 1479.0), (7, 8459.0, 1479.0), (13, 8459.0, 1479.0), (7, 8459.0, 1479.0), (13, 8459.0, 1479.0), (7, 8459.0, 1479.0), (13, 8459.0, 1479.0), (7, 8459.0, 1479.0), (13, 8459.0, 1479.0), (7, 8459.0, 1479.0), (13, 8459.0, 1479.0), (7, 8459.0, 1479.0), (13, 8459.0, 1479.0), (7, 8459.0, 1479.0), (13, 8459.0, 1479.0), (7, 8459.0, 1479.0), (13, 8459.0, 1479.0), (7, 8459.0, 1479.0), (13, 8459.0, 1479.0), (7, 8459.0, 1479.0), (13, 8459.0, 1479.0), (7, 8459.0, 1479.0), (13, 8459.0, 1479.0), (7, 8459.0, 1479.0), (13, 8459.0, 1479.0), (7, 8459.0, 1479.0), (13, 8459.0, 1479.0), (7, 8459.0, 1479.0), (13, 8459.0, 1479.0), (7, 8459.0, 1479.0), (13, 8459.0, 1479.0), (7, 8459.0, 1479.0), (13, 8459.0, 1479.0), (7, 8459.0, 1479.0), (13, 8459.0, 1479.0), (7, 8459.0, 1479.0), (13, 8459.0, 1479.0), (7, 8459.0, 1479.0), (13, 8459.0, 1479.0), (7, 8459.0, 1479.0), (13, 8459.0, 1479.0), (7, 8459.0, 1479.0), (13, 8459.0, 1479.0), (7, 8459.0, 1479.0), (13, 8459.0, 1479.0), (7, 8459.0, 1479.0), (13, 8459.0, 1479.0), (7, 8459.0, 1479.0), (13, 8459.0, 1479.0), (7, 8459.0, 1479.0), (13, 8459.0, 1479.0), (7, 8459.0, 1479.0), (13, 8459.0, 1479.0), (7, 8459.0, 1479.0), (13, 8459.0, 1479.0), (7, 8459.0, 1479.0), (13, 8459.0, 1479.0), (7, 8459.0, 1479.0), (13, 8459.0, 1479.0), (7, 8459.0, 1479.0), (13, 8459.0, 1479.0), (7, 8459.0, 1479.0), (13, 8459.0, 1479.0), (7, 8459.0, 1479.0), (13, 8459.0, 1479.0), (7, 8459.0, 1479.0), (13, 8459.0, 1479.0), (7, 8459.0, 1479.0), (13, 8459.0, 1479.0), (7, 8459.0, 1479.0), (13, 8459.0, 1479.0), (7, 8459.0, 1479.0), (13, 8459.0, 1479.0), (7, 8459.0, 1479.0), (13, 8459.0, 1479.0), (7, 8459.0, 1479.0), (13, 8459.0, 1479.0), (7, 8459.0, 1479.0), (13, 8459.0, 1479.0), (7, 8459.0, 1479.0), (13, 8459.0, 1479.0), (7, 8459.0, 1479.0), (13, 8459.0, 1479.0), (7, 8459.0, 1479.0), (13, 8459.0, 1479.0), (7, 8459.0, 1479.0), (13, 8459.0, 1479.0), (7, 8459.0, 1479.0), (13, 8459.0, 1479.0), (7, 8459.0, 1479.0), (13, 8459.0, 1479.0), (7, 8459.0, 1479.0), (13, 8459.0, 1479.0), (7, 8459.0, 1479.0), (13, 8459.0, 1479.0), (7, 8459.0, 1479.0), (13, 8459.0, 1479.0), (7, 8459.0, 1479.0), (13, 8459.0, 1479.0), (7, 8459.0, 1479.0), (13, 8459.0, 1479.0), (7, 8459.0, 1479.0), (13, 8459.0, 1479.0), (7, 8459.0, 1479.0), (13, 8459.0, 1479.0), (7, 8459.0, 1479.0), (13, 8459.0, 1479.0), (7, 8459.0, 1479.0), (13, 8459.0, 1479.0), (7, 8459.0, 1479.0), (13, 8459.0, 1479.0), (7, 8459.0, 1479.0), (13, 8459.0, 1479.0), (7, 8459.0, 1479.0), (13, 8459.0, 1479.0), (7, 8459.0, 1479.0), (13, 8459.0, 1479.0), (7, 8459.0, 1479.0), (13, 8459.0, 1479.0), (7, 8459.0, 1479.0), (13, 8459.0, 1479.0), (7, 8459.0, 1479.0), (13, 8459.0, 1479.0), (7, 8459.0, 1479.0), (13, 8459.0, 1479.0), (7, 8459.0, 1479.0), (13, 8459.0, 1479.0), (7, 8459.0, 1479.0), (13, 8459.0, 1479.0), (7, 8459.0, 1479.0), (13, 8459.0, 1479.0), (7, 8459.0, 1479.0), (13, 8459.0, 1479.0), (7, 8459.0, 1479.0), (13, 8459.0, 1479.0), (7, 8459.0, 1479.0), (13, 8459.0, 1479.0), (7, 8459.0, 1479.0), (13, 8459.0, 1479.0), (7, 8459.0, 1479.0), (13, 8459.0, 1479.0), (7, 8459.0, 1479.0), (13, 8459.0, 1479.0), (7, 8459.0, 1479.0), (13, 8459.0, 1479.0), (7, 8459.0, 1479.0), (13, 8459.0, 1479.0), (7, 8459.0, 1479.0), (13, 8459.0, 1479.0), (7, 8459.0, 1479.0), (13, 8459.0, 1479.0), (7, 8459.0, 1479.0), (13, 8459.0, 1479.0), (7, 8459.0, 1479.0), (13, 8459.0, 1479.0), (7, 8459.0, 1479.0), (13, 8459.0, 1479.0), (7, 8459.0, 1479.0), (13, 8459.0, 1479.0), (7, 8459.0, 1479.0), (13, 8459.0, 1479.0), (7, 8459.0, 1479.0), (13, 8459.0, 1479.0), (7, 8459.0, 1479.0), (13, 8459.0, 1479.0), (7, 8459.0, 1479.0), (13, 8459.0, 1479.0), (7, 8459.0, 1479.0), (13, 8459.0, 1479.0), (7, 8459.0, 1479.0), (13, 8459.0, 1479.0), (7, 8459.0, 1479.0), (13, 8459.0, 1479.0), (7, 8459.0, 1479.0), (13, 8459.0, 1479.0), (7, 8459.0, 1479.0), (13, 8459.0, 1479.0), (7, 8459.0, 1479.0), (13, 8459.0, 1479.0), (7, 8459.0, 1479.0), (13, 8459.0, 1479.0), (7, 8459.0, 1479.0), (13, 8459.0, 1479.0), (7, 8459.0, 1479.0), (13, 8459.0, 1479.0), (7, 8459.0, 1479.0), (13, 8459.0, 1479.0), (7, 8459.0, 1479.0), (13, 8459.0, 1479.0), (7, 8459.0, 1479.0), (13, 8459.0, 1479.0), (7, 8459.0, 1479.0), (13, 8459.0, 1479.0), (7, 8459.0, 1479.0), (13, 8459.0, 1479.0), (7, 8459.0, 1479.0), (13, 8459.0, 1479.0), (7, 8459.0, 1479.0), (13, 8459.0, 1479.0), (7, 8459.0, 1479.0), (13, 8459.0, 1479.0), (7, 8459.0, 1479.0), (13, 8459.0, 1479.0), (7, 8459.0, 1479.0), (13, 8459.0, 1479.0), (7, 8459.0, 1479.0), (13, 8459.0, 1479.0), (7, 8459.0, 1479.0), (13, 8459.0, 1479.0), (7, 8459.0, 1479.0), (13, 8459.0, 1479.0), (7, 8459.0, 1479.0), (13, 8459.0, 1479.0), (7, 8459.0, 1479.0), (13, 8459.0, 1479.0), (7, 8459.0, 1479.0), (13, 8459.0, 1479.0), (7, 8459.0, 1479.0), (13, 8459.0, 1479.0), (7, 8459.0, 1479.0), (13, 8459.0, 1479.0), (7, 8459.0, 1479.0), (13, 8459.0, 1479.0), (7, 8459.0, 1479.0), (13, 8459.0, 1479.0), (7, 8459.0, 1479.0), (13, 8459.0, 1479.0), (7, 8459.0, 1479.0), (13, 8459.0, 1479.0), (7, 8459.0, 1479.0), (13, 8459.0, 1479.0), (7, 8459.0, 1479.0), (13, 8459.0, 1479.0), (7, 8459.0, 1479.0), (13, 8459.0, 1479.0), (7, 8459.0, 1479.0), (13, 8459.0, 1479.0), (7, 8459.0, 1479.0), (13, 8459.0, 1479.0), (7, 8459.0, 1479.0), (13, 8459.0, 1479.0), (7, 8459.0, 1479.0), (13, 8459.0, 1479.0), (7, 8459.0, 1479.0), (13, 8459.0, 1479.0), (7, 8459.0, 1479.0), (13, 8459.0, 1479.0), (7, 8459.0, 1479.0), (13, 8459.0, 1479.0), (7, 8459.0, 1479.0), (13, 8459.0, 1479.0), (7, 8459.0, 1479.0), (13, 8459.0, 1479.0), (7, 8459.0, 1479.0), (13, 8459.0, 1479.0), (7, 8459.0, 1479.0), (13, 8459.0, 1479.0), (7, 8459.0, 1479.0), (13, 8459.0, 1479.0), (7, 8459.0, 1479.0), (13, 8459.0, 1479.0), (7, 8459.0, 1479.0), (13, 8459.0, 1479.0), (7, 8459.0, 1479.0), (13, 8459.0, 1479.0), (7, 8459.0, 1479.0), (13, 8459.0, 1479.0), (7, 8459.0, 1479.0), (13, 8459.0, 1479.0), (7, 8459.0, 1479.0), (13, 8459.0, 1479.0), (7, 8459.0, 1479.0), (13, 8459.0, 1479.0), (7, 8459.0, 1479.0), (13, 8459.0, 1479.0), (7, 8459.0, 1479.0), (13, 8459.0, 1479.0), (7, 8459.0, 1479.0), (13, 8459.0, 1479.0), (7, 8459.0, 1479.0), (13, 8459.0, 1479.0), (7, 8459.0, 1479.0), (13, 8459.0, 1479.0), (7, 8459.0, 1479.0), (13, 8459.0, 1479.0), (7, 8459.0, 1479.0), (13, 8459.0, 1479.0), (7, 8459.0, 1479.0), (13, 8459.0, 1479.0), (7, 8459.0, 1479.0), (13, 8459.0, 1479.0), (7, 8459.0, 1479.0), (13, 8459.0, 1479.0), (7, 8459.0, 1479.0), (13, 8459.0, 1479.0), (7, 8459.0, 1479.0), (13, 8459.0, 1479.0), (7, 8459.0, 1479.0), (13, 8459.0, 1479.0), (7, 8459.0, 1479.0), (13, 8459.0, 1479.0), (7, 8459.0, 1479.0), (13, 8459.0, 1479.0), (7, 8459.0, 1479.0), (13, 8459.0, 1479.0), (7, 8459.0, 1479.0), (13, 8459.0, 1479.0), (7, 8459.0, 1479.0), (13, 8459.0, 1479.0), (7, 8459.0, 1479.0), (13, 8459.0, 1479.0), (7, 8459.0, 1479.0), (13, 8459.0, 1479.0), (7, 8459.0, 1479.0), (13, 8459.0, 1479.0), (7, 8459.0, 1479.0), (13, 8459.0, 1479.0), (7, 8459.0, 1479.0), (13, 8459.0, 1479.0), (7, 8459.0, 1479.0), (13, 8459.0, 1479.0), (7, 8459.0, 1479.0), (13, 8459.0, 1479.0), (7, 8459.0, 1479.0), (13, 8459.0, 1479.0), (7, 8459.0, 1479.0), (13, 8459.0, 1479.0), (7, 8459.0, 1479.0), (13, 8459.0, 1479.0), (7, 8459.0, 1479.0), (13, 8459.0, 1479.0), (7, 8459.0, 1479.0), (13, 8459.0, 1479.0), (7, 8459.0, 1479.0), (13, 8459.0, 1479.0), (7, 8459.0, 1479.0), (13, 8459.0, 1479.0), (7, 8459.0, 1479.0), (13, 8459.0, 1479.0), (7, 8459.0, 1479.0), (13, 8459.0, 1479.0), (7, 8459.0, 1479.0), (13, 8459.0, 1479.0), (7, 8459.0, 1479.0), (13, 8459.0, 1479.0), (7, 8459.0, 1479.0), (13, 8459.0, 1479.0), (7, 8459.0, 1479.0), (13, 8459.0, 1479.0), (7, 8459.0, 1479.0), (13, 8459.0, 1479.0), (7, 8459.0, 1479.0), (13, 8459.0, 1479.0), (7, 8459.0, 1479.0), (13, 8459.0, 1479.0), (7, 8459.0, 1479.0), (13, 8459.0, 1479.0), (7, 8459.0, 1479.0), (13, 8459.0, 1479.0), (7, 8459.0, 1479.0), (13, 8459.0, 1479.0), (7, 8459.0, 1479.0), (13, 8459.0, 1479.0), (7, 8459.0, 1479.0), (13, 8459.0, 1479.0), (7, 8459.0, 1479.0), (13, 8459.0, 1479.0), (7, 8459.0, 1479.0), (13, 8459.0, 1479.0), (7, 8459.0, 1479.0), (13, 8459.0, 1479.0), (7, 8459.0, 1479.0), (13, 8459.0, 1479.0), (7, 8459.0, 1479.0), (13, 8459.0, 1479.0), (7, 8459.0, 1479.0), (13, 8459.0, 1479.0), (7, 8459.0, 1479.0), (13, 8459.0, 1479.0), (7, 8459.0, 1479.0), (13, 8459.0, 1479.0), (7, 8459.0, 1479.0), (13, 8459.0, 1479.0), (7, 8459.0, 1479.0), (13, 8459.0, 1479.0), (7, 8459.0, 1479.0), (13, 8459.0, 1479.0), (7, 8459.0, 1479.0), (13, 8459.0, 1479.0), (7, 8459.0, 1479.0), (13, 8459.0, 1479.0), (7, 8459.0, 1479.0), (13, 8459.0, 1479.0), (7, 8459.0, 1479.0), (13, 8459.0, 1479.0), (7, 8459.0, 1479.0), (13, 8459.0, 1479.0), (7, 8459.0, 1479.0), (13, 8459.0, 1479.0), (7, 8459.0, 1479.0), (13, 8459.0, 1479.0), (7, 8459.0, 1479.0), (13, 8459.0, 1479.0), (7, 8459.0, 1479.0), (13, 8459.0, 1479.0), (7, 8459.0, 1479.0), (13, 8459.0, 1479.0), (7, 8459.0, 1479.0), (13, 8459.0, 1479.0), (7, 8459.0, 1479.0), (13, 8459.0, 1479.0), (7, 8459.0, 1479.0), (13, 8459.0, 1479.0), (7, 8459.0, 1479.0), (13, 8459.0, 1479.0), (7, 8459.0, 1479.0), (13, 8459.0, 1479.0), (7, 8459.0, 1479.0), (13, 8459.0, 1479.0), (7, 8459.0, 1479.0), (13, 8459.0, 1479.0), (7, 8459.0, 1479.0), (13, 8459.0, 1479.0), (7, 8459.0, 1479.0), (13, 8459.0, 1479.0), (7, 8459.0, 1479.0), (13, 8459.0, 1479.0), (7, 8459.0, 1479.0), (13, 8459.0, 1479.0), (7, 8459.0, 1479.0), (13, 8459.0, 1479.0), (7, 8459.0, 1479.0), (13, 8459.0, 1479.0), (7, 8459.0, 1479.0), (13, 8459.0, 1479.0), (7, 8459.0, 1479.0), (13, 8459.0, 1479.0), (7, 8459.0, 1479.0), (13, 8459.0, 1479.0), (7, 8459.0, 1479.0), (13, 8459.0, 1479.0), (7, 8459.0, 1479.0), (13, 8459.0, 1479.0), (7, 8459.0, 1479.0), (13, 8459.0, 1479.0), (7, 8459.0, 1479.0), (13, 8459.0, 1479.0), (7, 8459.0, 1479.0), (13, 8459.0, 1479.0), (7, 8459.0, 1479.0), (13, 8459.0, 1479.0), (7, 8459.0, 1479.0), (13, 8459.0, 1479.0), (7, 8459.0, 1479.0), (13, 8459.0, 1479.0), (7, 8459.0, 1479.0), (13, 8459.0, 1479.0), (7, 8459.0, 1479.0), (13, 8459.0, 1479.0), (7, 8459.0, 1479.0), (13, 8459.0, 1479.0), (7, 8459.0, 1479.0), (13, 8459.0, 1479.0), (7, 8459.0, 1479.0), (13, 8459.0, 1479.0), (7, 8459.0, 1479.0), (13, 8459.0, 1479.0), (7, 8459.0, 1479.0), (13, 8459.0, 1479.0), (7, 8459.0, 1479.0), (13, 8459.0, 1479.0), (7, 8459.0, 1479.0), (13, 8459.0, 1479.0), (7, 8459.0, 1479.0), (13, 8459.0, 1479.0), (7, 8459.0, 1479.0), (13, 8459.0, 1479.0), (7, 8459.0, 1479.0), (13, 8459.0, 1479.0), (7, 8459.0, 1479.0), (13, 8459.0, 1479.0), (7, 8459.0, 1479.0), (13, 8459.0, 1479.0), (7, 8459.0, 1479.0), (13, 8459.0, 1479.0), (7, 8459.0, 1479.0), (13, 8459.0, 1479.0), (7, 8459.0, 1479.0), (13, 8459.0, 1479.0), (7, 8459.0, 1479.0), (13, 8459.0, 1479.0), (7, 8459.0, 1479.0), (13, 8459.0, 1479.0), (7, 8459.0, 1479.0), (13, 8459.0, 1479.0), (7, 8459.0, 1479.0), (13, 8459.0, 1479.0), (7, 8459.0, 1479.0), (13, 8459.0, 1479.0), (7, 8459.0, 1479.0), (13, 8459.0, 1479.0), (7, 8459.0, 1479.0), (13, 8459.0, 1479.0), (7, 8459.0, 1479.0), (13, 8459.0, 1479.0), (7, 8459.0, 1479.0), (13, 8459.0, 1479.0), (7, 8459.0, 1479.0), (13, 8459.0, 1479.0), (7, 8459.0, 1479.0), (13, 8459.0, 1479.0), (7, 8459.0, 1479.0), (13, 8459.0, 1479.0), (7, 8459.0, 1479.0), (13, 8459.0, 1479.0), (7, 8459.0, 1479.0), (13, 8459.0, 1479.0), (7, 8459.0, 1479.0), (13, 8459.0, 1479.0), (7, 8459.0, 1479.0), (13, 8459.0, 1479.0), (7, 8459.0, 1479.0), (13, 8459.0, 1479.0), (7, 8459.0, 1479.0), (13, 8459.0, 1479.0), (7, 8459.0, 1479.0), (13, 8459.0, 1479.0), (7, 8459.0, 1479.0), (13, 8459.0, 1479.0), (7, 8459.0, 1479.0), (13, 8459.0, 1479.0), (7, 8459.0, 1479.0), (13, 8459.0, 1479.0), (7, 8459.0, 1479.0), (13, 8459.0, 1479.0), (7, 8459.0, 1479.0), (13, 8459.0, 1479.0), (7, 8459.0, 1479.0), (13, 8459.0, 1479.0), (7, 8459.0, 1479.0), (13, 8459.0, 1479.0), (7, 8459.0, 1479.0), (13, 8459.0, 1479.0), (7, 8459.0, 1479.0), (13, 8459.0, 1479.0), (7, 8459.0, 1479.0), (13, 8459.0, 1479.0), (7, 8459.0, 1479.0), (13, 8459.0, 1479.0), (7, 8459.0, 1479.0), (13, 8459.0, 1479.0), (7, 8459.0, 1479.0), (13, 8459.0, 1479.0), (7, 8459.0, 1479.0), (13, 8459.0, 1479.0), (7, 8459.0, 1479.0), (13, 8459.0, 1479.0), (7, 8459.0, 1479.0), (13, 8459.0, 1479.0), (7, 8459.0, 1479.0), (13, 8459.0, 1479.0), (7, 8459.0, 1479.0), (13, 8459.0, 1479.0), (7, 8459.0, 1479.0), (13, 8459.0, 1479.0), (7, 8459.0, 1479.0), (13, 8459.0, 1479.0), (7, 8459.0, 1479.0), (13, 8459.0, 1479.0), (7, 8459.0, 1479.0), (13, 8459.0, 1479.0), (7, 8459.0, 1479.0), (13, 8459.0, 1479.0), (7, 8459.0, 1479.0), (13, 8459.0, 1479.0), (7, 8459.0, 1479.0), (13, 8459.0, 1479.0), (7, 8459.0, 1479.0), (13, 8459.0, 1479.0), (7, 8459.0, 1479.0), (13, 8459.0, 1479.0), (7, 8459.0, 1479.0), (13, 8459.0, 1479.0), (7, 8459.0, 1479.0), (13, 8459.0, 1479.0), (7, 8459.0, 1479.0), (13, 8459.0, 1479.0), (7, 8459.0, 1479.0), (13, 8459.0, 1479.0), (7, 8459.0, 1479.0), (13, 8459.0, 1479.0), (7, 8459.0, 1479.0), (13, 8459.0, 1479.0), (7, 8459.0, 1479.0), (13, 8459.0, 1479.0), (7, 8459.0, 1479.0), (13, 8459.0, 1479.0), (7, 8459.0, 1479.0), (13, 8459.0, 1479.0), (7, 8459.0, 1479.0), (13, 8459.0, 1479.0), (7, 8459.0, 1479.0), (13, 8459.0, 1479.0), (7, 8459.0, 1479.0), (13, 8459.0, 1479.0), (7, 8459.0, 1479.0), (13, 8459.0, 1479.0), (7, 8459.0, 1479.0), (13, 8459.0, 1479.0), (7, 8459.0, 1479.0), (13, 8459.0, 1479.0), (7, 8459.0, 1479.0), (13, 8459.0, 1479.0), (7, 8459.0, 1479.0), (13, 8459.0, 1479.0), (7, 8459.0, 1479.0), (13, 8459.0, 1479.0), (7, 8459.0, 1479.0), (13, 8459.0, 1479.0), (7, 8459.0, 1479.0), (13, 8459.0, 1479.0), (7, 8459.0, 1479.0), (13, 8459.0, 1479.0), (7, 8459.0, 1479.0), (13, 8459.0, 1479.0), (7, 8459.0, 1479.0), (13, 8459.0, 1479.0), (7, 8459.0, 1479.0), (13, 8459.0, 1479.0), (7, 8459.0, 1479.0), (13, 8459.0, 1479.0), (7, 8459.0, 1479.0), (13, 8459.0, 1479.0), (7, 8459.0, 1479.0), (13, 8459.0, 1479.0), (7, 8459.0, 1479.0), (13, 8459.0, 1479.0), (7, 8459.0, 1479.0), (13, 8459.0, 1479.0), (7, 8459.0, 1479.0), (13, 8459.0, 1479.0), (7, 8459.0, 1479.0), (13, 8459.0, 1479.0), (7, 8459.0, 1479.0), (13, 8459.0, 1479.0), (7, 8459.0, 1479.0), (13, 8459.0, 1479.0), (7, 8459.0, 1479.0), (13, 8459.0, 1479.0), (7, 8459.0, 1479.0), (13, 8459.0, 1479.0), (7, 8459.0, 1479.0), (13, 8459.0, 1479.0), (7, 8459.0, 1479.0), (13, 8459.0, 1479.0), (7, 8459.0, 1479.0), (13, 8459.0, 1479.0), (7, 8459.0, 1479.0), (13, 8459.0, 1479.0), (7, 8459.0, 1479.0), (13, 8459.0, 1479.0), (7, 8459.0, 1479.0), (13, 8459.0, 1479.0), (7, 8459.0, 1479.0), (13, 8459.0, 1479.0), (7, 8459.0, 1479.0), (13, 8459.0, 1479.0), (7, 8459.0, 1479.0), (13, 8459.0, 1479.0), (7, 8459.0, 1479.0), (13, 8459.0, 1479.0), (7, 8459.0, 1479.0), (13, 8459.0, 1479.0), (7, 8459.0, 1479.0), (13, 8459.0, 1479.0), (7, 8459.0, 1479.0), (13, 8459.0, 1479.0), (7, 8459.0, 1479.0), (13, 8459.0, 1479.0), (7, 8459.0, 1479.0), (13, 8459.0, 1479.0), (7, 8459.0, 1479.0), (13, 8459.0, 1479.0), (7, 8459.0, 1479.0), (13, 8459.0, 1479.0), (7, 8459.0, 1479.0), (13, 8459.0, 1479.0), (7, 8459.0, 1479.0), (13, 8459.0, 1479.0), (7, 8459.0, 1479.0), (13, 8459.0, 1479.0), (7, 8459.0, 1479.0), (13, 8459.0, 1479.0), (7, 8459.0, 1479.0), (13, 8459.0, 1479.0), (7, 8459.0, 1479.0), (13, 8459.0, 1479.0), (7, 8459.0, 1479.0), (13, 8459.0, 1479.0), (7, 8459.0, 1479.0), (13, 8459.0, 1479.0), (7, 8459.0, 1479.0), (13, 8459.0, 1479.0), (7, 8459.0, 1479.0), (13, 8459.0, 1479.0), (7, 8459.0, 1479.0), (13, 8459.0, 1479.0), (7, 8459.0, 1479.0), (13, 8459.0, 1479.0), (7, 8459.0, 1479.0), (13, 8459.0, 1479.0), (7, 8459.0, 1479.0), (13, 8459.0, 1479.0), (7, 8459.0, 1479.0), (13, 8459.0, 1479.0), (7, 8459.0, 1479.0), (13, 8459.0, 1479.0), (7, 8459.0, 1479.0), (13, 8459.0, 1479.0), (7, 8459.0, 1479.0), (13, 8459.0, 1479.0), (7, 8459.0, 1479.0), (13, 8459.0, 1479.0), (7, 8459.0, 1479.0), (13, 8459.0, 1479.0), (7, 8459.0, 1479.0), (13, 8459.0, 1479.0), (7, 8459.0, 1479.0), (13, 8459.0, 1479.0), (7, 8459.0, 1479.0), (13, 8459.0, 1479.0), (7, 8459.0, 1479.0), (13, 8459.0, 1479.0), (7, 8459.0, 1479.0), (13, 8459.0, 1479.0), (7, 8459.0, 1479.0), (13, 8459.0, 1479.0), (7, 8459.0, 1479.0), (13, 8459.0, 1479.0), (7, 8459.0, 1479.0), (13, 8459.0, 1479.0), (7, 8459.0, 1479.0), (13, 8459.0, 1479.0), (7, 8459.0, 1479.0), (13, 8459.0, 1479.0), (7, 8459.0, 1479.0), (13, 8459.0, 1479.0), (7, 8459.0, 1479.0), (13, 8459.0, 1479.0), (7, 8459.0, 1479.0), (13, 8459.0, 1479.0), (7, 8459.0, 1479.0), (13, 8459.0, 1479.0), (7, 8459.0, 1479.0), (13, 8459.0, 1479.0), (7, 8459.0, 1479.0), (13, 8459.0, 1479.0), (7, 8459.0, 1479.0), (13, 8459.0, 1479.0), (7, 8459.0, 1479.0), (13, 8459.0, 1479.0), (7, 8459.0, 1479.0), (13, 8459.0, 1479.0), (7, 8459.0, 1479.0), (13, 8459.0, 1479.0), (7, 8459.0, 1479.0), (13, 8459.0, 1479.0), (7, 8459.0, 1479.0), (13, 8459.0, 1479.0), (7, 8459.0, 1479.0), (13, 8459.0, 1479.0), (7, 8459.0, 1479.0), (13, 8459.0, 1479.0), (7, 8459.0, 1479.0), (13, 8459.0, 1479.0), (7, 8459.0, 1479.0), (13, 8459.0, 1479.0), (7, 8459.0, 1479.0), (13, 8459.0, 1479.0), (7, 8459.0, 1479.0), (13, 8459.0, 1479.0), (7, 8459.0, 1479.0), (13, 8459.0, 1479.0), (7, 8459.0, 1479.0), (13, 8459.0, 1479.0), (7, 8459.0, 1479.0), (13, 8459.0, 1479.0), (7, 8459.0, 1479.0), (13, 8459.0, 1479.0), (7, 8459.0, 1479.0), (13, 8459.0, 1479.0), (7, 8459.0, 1479.0), (13, 8459.0, 1479.0), (7, 8459.0, 1479.0), (13, 8459.0, 1479.0), (7, 8459.0, 1479.0), (13, 8459.0, 1479.0), (7, 8459.0, 1479.0), (13, 8459.0, 1479.0), (7, 8459.0, 1479.0), (13, 8459.0, 1479.0), (7, 8459.0, 1479.0), (13, 8459.0, 1479.0), (7, 8459.0, 1479.0), (13, 8459.0, 1479.0), (7, 8459.0, 1479.0), (13, 8459.0, 1479.0), (7, 8459.0, 1479.0), (13, 8459.0, 1479.0), (7, 8459.0, 1479.0), (13, 8459.0, 1479.0), (7, 8459.0, 1479.0), (13, 8459.0, 1479.0), (7, 8459.0, 1479.0), (13, 8459.0, 1479.0), (7, 8459.0, 1479.0), (13, 8459.0, 1479.0), (7, 8459.0, 1479.0), (13, 8459.0, 1479.0), (7, 8459.0, 1479.0), (13, 8459.0, 1479.0), (7, 8459.0, 1479.0), (13, 8459.0, 1479.0), (7, 8459.0, 1479.0), (13, 8459.0, 1479.0), (7, 8459.0, 1479.0), (13, 8459.0, 1479.0), (7, 8459.0, 1479.0), (13, 8459.0, 1479.0), (7, 8459.0, 1479.0), (13, 8459.0, 1479.0), (7, 8459.0, 1479.0), (13, 8459.0, 1479.0), (7, 8459.0, 1479.0), (13, 8459.0, 1479.0), (7, 8459.0, 1479.0), (13, 57069.0, 1508.0), (0, 57069.0, 1508.0), (0, 57069.0, 1508.0), (1, 57069.0, 1508.0), (3, 57069.0, 1508.0), (4, 57069.0, 1508.0), (5, 57069.0, 1508.0), (6, 57069.0, 1508.0), (1, 57069.0, 1508.0), (3, 57069.0, 1508.0), (4, 57069.0, 1508.0), (5, 57069.0, 1508.0), (6, 57069.0, 1508.0), (1, 57069.0, 1508.0), (3, 57069.0, 1508.0), (4, 57069.0, 1508.0), (5, 57069.0, 1508.0), (6, 57069.0, 1508.0), (1, 57069.0, 1508.0), (3, 57069.0, 1508.0), (4, 57069.0, 1508.0), (5, 57069.0, 1508.0), (6, 57069.0, 1508.0), (1, 57069.0, 1508.0), (3, 57069.0, 1508.0), (4, 57069.0, 1508.0), (5, 57069.0, 1508.0), (6, 57069.0, 1508.0), (1, 57069.0, 1508.0), (3, 57069.0, 1508.0), (4, 57069.0, 1508.0), (5, 57069.0, 1508.0), (6, 57069.0, 1508.0), (1, 57069.0, 1508.0), (3, 57069.0, 1508.0), (4, 57069.0, 1508.0), (5, 57069.0, 1508.0), (6, 57069.0, 1508.0), (1, 57069.0, 1508.0), (3, 57069.0, 1508.0), (4, 57069.0, 1508.0), (5, 57069.0, 1508.0), (6, 57069.0, 1508.0), (1, 57069.0, 1526.0), (3, 57069.0, 1526.0), (4, 57069.0, 1526.0), (5, 57069.0, 1526.0), (6, 57069.0, 1526.0), (1, 57069.0, 1545.0), (3, 57069.0, 1545.0), (4, 57069.0, 1545.0), (5, 57069.0, 1545.0), (6, 57069.0, 1545.0), (1, 57069.0, 1563.0), (3, 57069.0, 1563.0), (4, 57069.0, 1563.0), (5, 57069.0, 1563.0), (6, 57069.0, 1563.0), (1, 57069.0, 1608.0), (3, 57069.0, 1608.0), (4, 57069.0, 1608.0), (5, 57069.0, 1608.0), (6, 57069.0, 1608.0), (1, 57069.0, 1650.0), (3, 57069.0, 1650.0), (4, 57069.0, 1650.0), (5, 57069.0, 1650.0), (6, 57069.0, 1650.0), (1, 57069.0, 1694.0), (3, 57069.0, 1694.0), (4, 57069.0, 1694.0), (5, 57069.0, 1694.0), (6, 57069.0, 1694.0), (1, 57069.0, 1701.0), (3, 57069.0, 1701.0), (4, 57069.0, 1701.0), (5, 57069.0, 1701.0), (6, 57069.0, 1701.0), (1, 57069.0, 1710.0), (3, 57069.0, 1710.0), (4, 57069.0, 1710.0), (5, 57069.0, 1710.0), (6, 57069.0, 1710.0), (1, 57069.0, 1710.0), (3, 57069.0, 1710.0), (4, 57069.0, 1710.0), (5, 57069.0, 1710.0), (6, 57069.0, 1710.0), (1, 57069.0, 1710.0), (3, 57069.0, 1710.0), (4, 57069.0, 1710.0), (5, 57069.0, 1710.0), (6, 57069.0, 1710.0), (1, 57069.0, 1710.0), (3, 57069.0, 1710.0), (4, 57069.0, 1710.0), (5, 57069.0, 1710.0), (6, 57069.0, 1710.0), (1, 57069.0, 1710.0), (3, 57069.0, 1710.0), (4, 57069.0, 1710.0), (5, 57069.0, 1710.0), (6, 57069.0, 1710.0), (1, 57069.0, 1710.0), (3, 57069.0, 1710.0), (4, 57069.0, 1710.0), (5, 57069.0, 1710.0), (6, 57069.0, 1710.0), (1, 57069.0, 1710.0), (3, 57069.0, 1710.0), (4, 57069.0, 1710.0), (5, 57069.0, 1710.0), (6, 57069.0, 1710.0), (1, 57069.0, 1710.0), (3, 57069.0, 1710.0), (4, 57069.0, 1710.0), (5, 57069.0, 1710.0), (6, 57069.0, 1710.0), (7, 57069.0, 1710.0), (8, 57069.0, 1710.0), (9, 57069.0, 1710.0), (10, 57069.0, 1710.0), (11, 57069.0, 1710.0), (12, 57069.0, 1710.0), (13, 57069.0, 1710.0), (0, 57069.0, 1710.0), (0, 57069.0, 1710.0), (1, 57069.0, 1710.0), (3, 57069.0, 1710.0), (4, 57069.0, 1710.0), (5, 57069.0, 1710.0), (6, 57069.0, 1710.0), (1, 57069.0, 1718.0), (3, 57069.0, 1718.0), (4, 57069.0, 1718.0), (5, 57069.0, 1718.0), (6, 57069.0, 1718.0), (1, 57069.0, 1725.0), (3, 57069.0, 1725.0), (4, 57069.0, 1725.0), (5, 57069.0, 1725.0), (6, 57069.0, 1725.0), (1, 57069.0, 1732.0), (3, 57069.0, 1732.0), (4, 57069.0, 1732.0), (5, 57069.0, 1732.0), (6, 57069.0, 1732.0), (1, 57069.0, 1740.0), (3, 57069.0, 1740.0), (4, 57069.0, 1740.0), (5, 57069.0, 1740.0), (6, 57069.0, 1740.0), (1, 57069.0, 1748.0), (3, 57069.0, 1748.0), (4, 57069.0, 1748.0), (5, 57069.0, 1748.0), (6, 57069.0, 1748.0), (1, 57069.0, 1754.0), (3, 57069.0, 1754.0), (4, 57069.0, 1754.0), (5, 57069.0, 1754.0), (6, 57069.0, 1754.0), (1, 57069.0, 1760.0), (3, 57069.0, 1760.0), (4, 57069.0, 1760.0), (5, 57069.0, 1760.0), (6, 57069.0, 1760.0), (1, 57069.0, 1768.0), (3, 57069.0, 1768.0), (4, 57069.0, 1768.0), (5, 57069.0, 1768.0), (6, 57069.0, 1768.0), (1, 57069.0, 1768.0), (3, 57069.0, 1768.0), (4, 57069.0, 1768.0), (5, 57069.0, 1768.0), (6, 57069.0, 1768.0), (1, 57069.0, 1768.0), (3, 57069.0, 1768.0), (4, 57069.0, 1768.0), (5, 57069.0, 1768.0), (6, 57069.0, 1768.0), (1, 57069.0, 1775.0), (3, 57069.0, 1775.0), (4, 57069.0, 1775.0), (5, 57069.0, 1775.0), (6, 57069.0, 1775.0), (1, 57069.0, 1782.0), (3, 57069.0, 1782.0), (4, 57069.0, 1782.0), (5, 57069.0, 1782.0), (6, 57069.0, 1782.0), (7, 57069.0, 1782.0), (13, 57069.0, 1782.0), (8, 57069.0, 1782.0), (9, 57069.0, 1782.0), (10, 57069.0, 1782.0), (11, 57069.0, 1782.0), (12, 57069.0, 1782.0), (13, 57069.0, 1782.0), (0, 57069.0, 1782.0), (0, 57069.0, 1782.0), (1, 57069.0, 1782.0), (3, 57069.0, 1782.0), (4, 57069.0, 1782.0), (5, 57069.0, 1782.0), (6, 57069.0, 1782.0), (8, 57069.0, 1782.0), (9, 57069.0, 1782.0), (10, 57069.0, 1782.0), (11, 57069.0, 1782.0), (12, 57069.0, 1782.0), (13, 57069.0, 1782.0), (0, 57069.0, 1782.0), (0, 57069.0, 1782.0), (1, 57069.0, 1782.0), (3, 57069.0, 1782.0), (4, 57069.0, 1782.0), (5, 57069.0, 1782.0), (6, 57069.0, 1782.0), (8, 57069.0, 1782.0), (9, 57069.0, 1782.0), (10, 57069.0, 1782.0), (11, 57069.0, 1782.0), (12, 57069.0, 1782.0), (13, 57069.0, 1782.0), (0, 57069.0, 1782.0)]
2026-01-01 16:50:43,482 new_labeled_uids={'south_I20B418091FD055E7AC6EBE_1_1753412472_mp4_t_1575s_x1024_y0', 'south_I20B418091FD055E7AC6EBE_1_1753417889_mp4_t_1450s_x1536_y0', 'south_I20B418091FD055E7AC6EBE_1_1750418447_mp4_t_1492s_x512_y0', 'south_I20B418091FD055E7AC6EBE_1_1750420253_mp4_t_939s_x512_y0', 'south_I20B418091FD055E7AC6EBE_1_1750425669_mp4_t_1733s_x512_y0', 'south_I20B418091FD055E7AC6EBE_1_1753412472_mp4_t_1588s_x1024_y0', 'south_I20B418091FD055E7AC6EBE_1_1750434699_mp4_t_1398s_x512_y512', 'south_I20B418091FD055E7AC6EBE_1_1753421502_mp4_t_691s_x1536_y512', 'south_I20B418091FD055E7AC6EBE_1_1750429283_mp4_t_831s_x512_y512', 'south_I20B418091FD055E7AC6EBE_1_1750422056_mp4_t_660s_x1024_y0'}
2026-01-01 16:50:43,482 new_labeled_idx=Index([17013, 17990, 27671, 30330, 33751, 42076, 43745, 46036, 50105, 51694], dtype='int64')
2026-01-01 16:50:43,500 new_labeled_nn_idx=825
2026-01-01 16:50:43,612 new_labeled_nn_uids=29       south_I20B418091FD055E7AC6EBE_1_1750418447_mp4...
120      south_I20B418091FD055E7AC6EBE_1_1753421502_mp4...
149      south_I20B418091FD055E7AC6EBE_1_1753412472_mp4...
224      south_I20B418091FD055E7AC6EBE_1_1750438312_mp4...
229      south_I20B418091FD055E7AC6EBE_1_1750422056_mp4...
                               ...                        
56676    south_I20B418091FD055E7AC6EBE_1_1750438312_mp4...
56694    south_I20B418091FD055E7AC6EBE_1_1750422056_mp4...
56812    south_I20B418091FD055E7AC6EBE_1_1750418447_mp4...
56972    south_I20B418091FD055E7AC6EBE_1_1750422056_mp4...
56990    south_I20B418091FD055E7AC6EBE_1_1750434699_mp4...
Name: uid, Length: 825, dtype: object
2026-01-01 16:50:44,361 Using knn_rank_exponent=3
2026-01-01 16:50:44,361 labeled_indices_=1790
2026-01-01 16:50:44,376 quicker_updates: labeled_indices_ before test_indices=113
2026-01-01 16:50:44,378 quicker_updates: labeled_indices_=5819
2026-01-01 16:50:44,460 make_predictions: labeled_indices_=5819
2026-01-01 16:50:57,207 compute_near_labeled took=12.273215055465698
2026-01-01 16:50:57,346 knn near_labeled=0.07788801193237305
2026-01-01 16:50:57,744 make_predictions: near_labeled_indices_=6249
2026-01-01 16:50:58,983 [TIMING] PCA data preparation took 0.2289590835571289 s
2026-01-01 16:51:00,537 pca analysis took=1.36
2026-01-01 16:51:02,435 pca application took=1.84
2026-01-01 16:51:03,199 [TIMING] FRE setting in DataFrame took 2.606560468673706 s
2026-01-01 16:51:44,472 Using dp_most_needed for most needed
2026-01-01 16:51:44,968 |data most needed| = 118
2026-01-01 16:51:49,272 make_predictions end=1767282709.2721028
2026-01-01 16:51:50,796 |predicted_test|=209
2026-01-01 16:52:52,078 color_and_label start=1767282772.0779684
2026-01-01 16:52:52,386 color_and_label: updating 825 media
2026-01-01 16:52:53,127 unique_labels end=1.049248218536377
2026-01-01 16:52:53,137 color_prob took=1.0591888427734375
2026-01-01 16:52:53,459 coloring dp_cluster took=1.3816523551940918
2026-01-01 16:52:53,535 fre=(0.0, 0.9228111868558146)
2026-01-01 16:52:53,779 fre_for_color took=1.7010762691497803
2026-01-01 16:52:56,440 color_class took=4.362626791000366
2026-01-01 16:52:56,528 label_possible took=4.4502716064453125
2026-01-01 16:52:56,528 coloring took=3.3199715614318848
2026-01-01 16:52:59,689 no prediction=5
2026-01-01 16:52:59,689 instant_reclassification done = 172.81831002235413
2026-01-01 16:52:59,710 127.0.0.1 - - [01/Jan/2026 16:52:59] "POST /label HTTP/1.1" 200 -
2026-01-01 16:52:59,778 127.0.0.1 - - [01/Jan/2026 16:52:59] "GET /annflux?&as_ranking_column=fre_strat HTTP/1.1" 200 -
2026-01-01 16:52:59,847 127.0.0.1 - - [01/Jan/2026 16:52:59] "[36mGET /static/annflux_layout.js HTTP/1.1[0m" 304 -
2026-01-01 16:52:59,850 127.0.0.1 - - [01/Jan/2026 16:52:59] "[36mGET /static/annflux.js HTTP/1.1[0m" 304 -
2026-01-01 16:52:59,851 127.0.0.1 - - [01/Jan/2026 16:52:59] "[36mGET /static/annflux_objects.js HTTP/1.1[0m" 304 -
2026-01-01 16:52:59,852 127.0.0.1 - - [01/Jan/2026 16:52:59] "[36mGET /static/lap.js HTTP/1.1[0m" 304 -
2026-01-01 16:52:59,857 127.0.0.1 - - [01/Jan/2026 16:52:59] "[36mGET /static/annflux.css HTTP/1.1[0m" 304 -
2026-01-01 16:52:59,862 127.0.0.1 - - [01/Jan/2026 16:52:59] "GET /labels/css HTTP/1.1" 200 -
2026-01-01 16:52:59,864 127.0.0.1 - - [01/Jan/2026 16:52:59] "[36mGET /static/hyparquet/index.js HTTP/1.1[0m" 304 -
2026-01-01 16:52:59,886 127.0.0.1 - - [01/Jan/2026 16:52:59] "[36mGET /static/hyparquet/read.js HTTP/1.1[0m" 304 -
2026-01-01 16:52:59,889 127.0.0.1 - - [01/Jan/2026 16:52:59] "[36mGET /static/hyparquet/metadata.js HTTP/1.1[0m" 304 -
2026-01-01 16:52:59,891 127.0.0.1 - - [01/Jan/2026 16:52:59] "[36mGET /static/hyparquet/query.js HTTP/1.1[0m" 304 -
2026-01-01 16:52:59,892 127.0.0.1 - - [01/Jan/2026 16:52:59] "[36mGET /static/hyparquet/snappy.js HTTP/1.1[0m" 304 -
2026-01-01 16:52:59,893 127.0.0.1 - - [01/Jan/2026 16:52:59] "[36mGET /static/hyparquet/utils.js HTTP/1.1[0m" 304 -
2026-01-01 16:52:59,951 127.0.0.1 - - [01/Jan/2026 16:52:59] "[36mGET /static/hyparquet/rowgroup.js HTTP/1.1[0m" 304 -
2026-01-01 16:52:59,951 127.0.0.1 - - [01/Jan/2026 16:52:59] "[36mGET /static/hyparquet/plan.js HTTP/1.1[0m" 304 -
2026-01-01 16:52:59,953 127.0.0.1 - - [01/Jan/2026 16:52:59] "[36mGET /static/hyparquet/constants.js HTTP/1.1[0m" 304 -
2026-01-01 16:52:59,956 127.0.0.1 - - [01/Jan/2026 16:52:59] "[36mGET /static/hyparquet/thrift.js HTTP/1.1[0m" 304 -
2026-01-01 16:52:59,957 127.0.0.1 - - [01/Jan/2026 16:52:59] "[36mGET /static/hyparquet/convert.js HTTP/1.1[0m" 304 -
2026-01-01 16:52:59,958 127.0.0.1 - - [01/Jan/2026 16:52:59] "[36mGET /static/hyparquet/schema.js HTTP/1.1[0m" 304 -
2026-01-01 16:52:59,964 127.0.0.1 - - [01/Jan/2026 16:52:59] "[36mGET /static/hyparquet/assemble.js HTTP/1.1[0m" 304 -
2026-01-01 16:52:59,965 127.0.0.1 - - [01/Jan/2026 16:52:59] "[36mGET /static/hyparquet/column.js HTTP/1.1[0m" 304 -
2026-01-01 16:52:59,978 127.0.0.1 - - [01/Jan/2026 16:52:59] "[36mGET /static/hyparquet/datapage.js HTTP/1.1[0m" 304 -
2026-01-01 16:52:59,979 127.0.0.1 - - [01/Jan/2026 16:52:59] "[36mGET /static/hyparquet/plain.js HTTP/1.1[0m" 304 -
2026-01-01 16:52:59,996 127.0.0.1 - - [01/Jan/2026 16:52:59] "[36mGET /static/hyparquet/delta.js HTTP/1.1[0m" 304 -
2026-01-01 16:52:59,997 127.0.0.1 - - [01/Jan/2026 16:52:59] "[36mGET /static/hyparquet/encoding.js HTTP/1.1[0m" 304 -
2026-01-01 16:53:00,043 127.0.0.1 - - [01/Jan/2026 16:53:00] "[36mGET /static/loading_circle.gif HTTP/1.1[0m" 304 -
2026-01-01 16:53:00,044 127.0.0.1 - - [01/Jan/2026 16:53:00] "[36mGET /static/annflux.svg HTTP/1.1[0m" 304 -
2026-01-01 16:53:00,049 127.0.0.1 - - [01/Jan/2026 16:53:00] "[36mGET /static/label.svg HTTP/1.1[0m" 304 -
2026-01-01 16:53:00,050 127.0.0.1 - - [01/Jan/2026 16:53:00] "[36mGET /static/settings.svg HTTP/1.1[0m" 304 -
2026-01-01 16:53:00,052 127.0.0.1 - - [01/Jan/2026 16:53:00] "[36mGET /static/newlabel.svg HTTP/1.1[0m" 304 -
2026-01-01 16:53:00,057 annflux_data_path = /mnt/big/indeed/video_hazehorst_south/annflux/../annflux/group0_annflux.csv
2026-01-01 16:53:00,058 127.0.0.1 - - [01/Jan/2026 16:53:00] "GET /data/group HTTP/1.1" 200 -
2026-01-01 16:53:00,068 127.0.0.1 - - [01/Jan/2026 16:53:00] "GET /performance HTTP/1.1" 200 -
2026-01-01 16:53:00,071 127.0.0.1 - - [01/Jan/2026 16:53:00] "GET /label_defs HTTP/1.1" 200 -
2026-01-01 16:53:00,105 127.0.0.1 - - [01/Jan/2026 16:53:00] "GET /exclusivity/data HTTP/1.1" 200 -
2026-01-01 16:53:01,287 annflux_data_path = /mnt/big/indeed/video_hazehorst_south/annflux/../annflux/annflux.csv
2026-01-01 16:53:01,288 127.0.0.1 - - [01/Jan/2026 16:53:01] "HEAD /data HTTP/1.1" 200 -
2026-01-01 16:53:01,452 annflux_data_path = /mnt/big/indeed/video_hazehorst_south/annflux/../annflux/annflux.csv
2026-01-01 16:53:01,453 127.0.0.1 - - [01/Jan/2026 16:53:01] "[35m[1mGET /data HTTP/1.1[0m" 206 -
2026-01-01 16:53:01,613 annflux_data_path = /mnt/big/indeed/video_hazehorst_south/annflux/../annflux/annflux.csv
2026-01-01 16:53:01,614 127.0.0.1 - - [01/Jan/2026 16:53:01] "[35m[1mGET /data HTTP/1.1[0m" 206 -
2026-01-01 16:53:02,966 127.0.0.1 - - [01/Jan/2026 16:53:02] "GET /images/thumbnail/south_I20B418091FD055E7AC6EBE_1_1750423863_mp4_t_1708s_x1024_y512 HTTP/1.1" 200 -
2026-01-01 16:53:02,970 127.0.0.1 - - [01/Jan/2026 16:53:02] "GET /images/thumbnail/south_I20B418091FD055E7AC6EBE_1_1750445539_mp4_t_573s_x1536_y0 HTTP/1.1" 200 -
2026-01-01 16:53:02,970 127.0.0.1 - - [01/Jan/2026 16:53:02] "GET /images/thumbnail/south_I20B418091FD055E7AC6EBE_1_1750429283_mp4_t_657s_x0_y0 HTTP/1.1" 200 -
2026-01-01 16:53:02,974 127.0.0.1 - - [01/Jan/2026 16:53:02] "GET /images/thumbnail/south_I20B418091FD055E7AC6EBE_1_1753416082_mp4_t_757s_x1536_y0 HTTP/1.1" 200 -
2026-01-01 16:53:02,975 127.0.0.1 - - [01/Jan/2026 16:53:02] "GET /images/thumbnail/south_I20B418091FD055E7AC6EBE_1_1750422056_mp4_t_1058s_x1024_y0 HTTP/1.1" 200 -
2026-01-01 16:53:02,978 127.0.0.1 - - [01/Jan/2026 16:53:02] "GET /images/thumbnail/south_I20B418091FD055E7AC6EBE_1_1750432892_mp4_t_1706s_x0_y0 HTTP/1.1" 200 -
2026-01-01 16:53:02,985 127.0.0.1 - - [01/Jan/2026 16:53:02] "GET /images/thumbnail/south_I20B418091FD055E7AC6EBE_1_1753468210_mp4_t_514s_x512_y0 HTTP/1.1" 200 -
2026-01-01 16:53:02,994 127.0.0.1 - - [01/Jan/2026 16:53:02] "GET /images/thumbnail/south_I20B418091FD055E7AC6EBE_1_1750418447_mp4_t_1494s_x512_y0 HTTP/1.1" 200 -
2026-01-01 16:53:02,995 127.0.0.1 - - [01/Jan/2026 16:53:02] "GET /images/thumbnail/south_I20B418091FD055E7AC6EBE_1_1750418447_mp4_t_877s_x1024_y0 HTTP/1.1" 200 -
2026-01-01 16:53:02,995 127.0.0.1 - - [01/Jan/2026 16:53:02] "GET /images/thumbnail/south_I20B418091FD055E7AC6EBE_1_1750438312_mp4_t_597s_x512_y0 HTTP/1.1" 200 -
2026-01-01 16:53:03,000 127.0.0.1 - - [01/Jan/2026 16:53:03] "GET /images/thumbnail/south_I20B418091FD055E7AC6EBE_1_1753417889_mp4_t_305s_x0_y512 HTTP/1.1" 200 -
2026-01-01 16:53:03,000 127.0.0.1 - - [01/Jan/2026 16:53:03] "GET /images/thumbnail/south_I20B418091FD055E7AC6EBE_1_1750438312_mp4_t_936s_x512_y512 HTTP/1.1" 200 -
2026-01-01 16:53:03,001 127.0.0.1 - - [01/Jan/2026 16:53:03] "GET /images/thumbnail/south_I20B418091FD055E7AC6EBE_1_1750434699_mp4_t_1435s_x1536_y0 HTTP/1.1" 200 -
2026-01-01 16:53:03,012 127.0.0.1 - - [01/Jan/2026 16:53:03] "GET /images/thumbnail/south_I20B418091FD055E7AC6EBE_1_1750418447_mp4_t_814s_x1024_y0 HTTP/1.1" 200 -
2026-01-01 16:53:03,027 127.0.0.1 - - [01/Jan/2026 16:53:03] "GET /images/thumbnail/south_I20B418091FD055E7AC6EBE_1_1750418447_mp4_t_776s_x1024_y0 HTTP/1.1" 200 -
2026-01-01 16:53:03,028 127.0.0.1 - - [01/Jan/2026 16:53:03] "GET /images/thumbnail/south_I20B418091FD055E7AC6EBE_1_1750420253_mp4_t_1503s_x1536_y512 HTTP/1.1" 200 -
2026-01-01 16:53:03,052 127.0.0.1 - - [01/Jan/2026 16:53:03] "GET /images/thumbnail/south_I20B418091FD055E7AC6EBE_1_1753639200_mp4_t_684s_x0_y512 HTTP/1.1" 200 -
2026-01-01 16:53:03,054 127.0.0.1 - - [01/Jan/2026 16:53:03] "GET /images/thumbnail/south_I20B418091FD055E7AC6EBE_1_1750432892_mp4_t_688s_x0_y0 HTTP/1.1" 200 -
2026-01-01 16:53:03,066 127.0.0.1 - - [01/Jan/2026 16:53:03] "GET /images/thumbnail/south_I20B418091FD055E7AC6EBE_1_1753408858_mp4_t_962s_x0_y512 HTTP/1.1" 200 -
2026-01-01 16:53:03,090 127.0.0.1 - - [01/Jan/2026 16:53:03] "GET /images/thumbnail/south_I20B418091FD055E7AC6EBE_1_1750422056_mp4_t_1832s_x1024_y0 HTTP/1.1" 200 -
2026-01-01 16:53:03,091 127.0.0.1 - - [01/Jan/2026 16:53:03] "GET /images/thumbnail/south_I20B418091FD055E7AC6EBE_1_1753587062_mp4_t_1193s_x1024_y512 HTTP/1.1" 200 -
2026-01-01 16:53:03,105 127.0.0.1 - - [01/Jan/2026 16:53:03] "GET /images/thumbnail/south_I20B418091FD055E7AC6EBE_1_1750418447_mp4_t_1317s_x0_y512 HTTP/1.1" 200 -
2026-01-01 16:53:03,127 127.0.0.1 - - [01/Jan/2026 16:53:03] "GET /images/thumbnail/south_I20B418091FD055E7AC6EBE_1_1750443732_mp4_t_643s_x1536_y0 HTTP/1.1" 200 -
2026-01-01 16:53:03,139 127.0.0.1 - - [01/Jan/2026 16:53:03] "GET /images/thumbnail/south_I20B418091FD055E7AC6EBE_1_1753572618_mp4_t_1495s_x1024_y0 HTTP/1.1" 200 -
2026-01-01 16:53:03,141 127.0.0.1 - - [01/Jan/2026 16:53:03] "GET /images/thumbnail/south_I20B418091FD055E7AC6EBE_1_1750422056_mp4_t_1157s_x1024_y0 HTTP/1.1" 200 -
2026-01-01 16:53:03,156 127.0.0.1 - - [01/Jan/2026 16:53:03] "GET /images/thumbnail/south_I20B418091FD055E7AC6EBE_1_1750434699_mp4_t_1459s_x512_y0 HTTP/1.1" 200 -
2026-01-01 16:53:03,160 127.0.0.1 - - [01/Jan/2026 16:53:03] "GET /images/thumbnail/south_I20B418091FD055E7AC6EBE_1_1753416082_mp4_t_1185s_x1536_y0 HTTP/1.1" 200 -
2026-01-01 16:53:03,177 127.0.0.1 - - [01/Jan/2026 16:53:03] "GET /images/thumbnail/south_I20B418091FD055E7AC6EBE_1_1750418447_mp4_t_262s_x1024_y0 HTTP/1.1" 200 -
2026-01-01 16:53:03,194 127.0.0.1 - - [01/Jan/2026 16:53:03] "GET /images/thumbnail/south_I20B418091FD055E7AC6EBE_1_1750432892_mp4_t_1742s_x0_y512 HTTP/1.1" 200 -
2026-01-01 16:53:03,202 127.0.0.1 - - [01/Jan/2026 16:53:03] "GET /images/thumbnail/south_I20B418091FD055E7AC6EBE_1_1753412472_mp4_t_1805s_x1024_y512 HTTP/1.1" 200 -
2026-01-01 16:53:03,214 127.0.0.1 - - [01/Jan/2026 16:53:03] "GET /images/thumbnail/south_I20B418091FD055E7AC6EBE_1_1750447346_mp4_t_1272s_x1024_y0 HTTP/1.1" 200 -
2026-01-01 16:53:03,226 127.0.0.1 - - [01/Jan/2026 16:53:03] "GET /images/thumbnail/south_I20B418091FD055E7AC6EBE_1_1753417889_mp4_t_265s_x1536_y0 HTTP/1.1" 200 -
2026-01-01 16:53:03,238 127.0.0.1 - - [01/Jan/2026 16:53:03] "GET /images/thumbnail/south_I20B418091FD055E7AC6EBE_1_1753417889_mp4_t_567s_x1536_y0 HTTP/1.1" 200 -
2026-01-01 16:53:03,248 127.0.0.1 - - [01/Jan/2026 16:53:03] "GET /images/thumbnail/south_I20B418091FD055E7AC6EBE_1_1753414278_mp4_t_53s_x1024_y512 HTTP/1.1" 200 -
2026-01-01 16:53:03,260 127.0.0.1 - - [01/Jan/2026 16:53:03] "GET /images/thumbnail/south_I20B418091FD055E7AC6EBE_1_1750440119_mp4_t_251s_x0_y512 HTTP/1.1" 200 -
2026-01-01 16:53:03,272 127.0.0.1 - - [01/Jan/2026 16:53:03] "GET /images/thumbnail/south_I20B418091FD055E7AC6EBE_1_1750440119_mp4_t_1269s_x0_y512 HTTP/1.1" 200 -
2026-01-01 16:53:03,283 127.0.0.1 - - [01/Jan/2026 16:53:03] "GET /images/thumbnail/south_I20B418091FD055E7AC6EBE_1_1750420253_mp4_t_1191s_x0_y0 HTTP/1.1" 200 -
2026-01-01 16:53:03,304 127.0.0.1 - - [01/Jan/2026 16:53:03] "GET /images/thumbnail/south_I20B418091FD055E7AC6EBE_1_1750418447_mp4_t_1116s_x512_y512 HTTP/1.1" 200 -
2026-01-01 16:53:03,311 127.0.0.1 - - [01/Jan/2026 16:53:03] "GET /images/thumbnail/south_I20B418091FD055E7AC6EBE_1_1750422056_mp4_t_1878s_x1024_y512 HTTP/1.1" 200 -
2026-01-01 16:53:03,326 127.0.0.1 - - [01/Jan/2026 16:53:03] "GET /images/thumbnail/south_I20B418091FD055E7AC6EBE_1_1750429283_mp4_t_794s_x0_y0 HTTP/1.1" 200 -
2026-01-01 16:53:03,337 127.0.0.1 - - [01/Jan/2026 16:53:03] "GET /images/thumbnail/south_I20B418091FD055E7AC6EBE_1_1750418447_mp4_t_871s_x0_y0 HTTP/1.1" 200 -
2026-01-01 16:53:03,349 127.0.0.1 - - [01/Jan/2026 16:53:03] "GET /images/thumbnail/south_I20B418091FD055E7AC6EBE_1_1750420253_mp4_t_1444s_x1536_y0 HTTP/1.1" 200 -
2026-01-01 16:53:03,363 127.0.0.1 - - [01/Jan/2026 16:53:03] "GET /images/thumbnail/south_I20B418091FD055E7AC6EBE_1_1750418447_mp4_t_1045s_x0_y0 HTTP/1.1" 200 -
2026-01-01 16:53:03,377 127.0.0.1 - - [01/Jan/2026 16:53:03] "GET /images/thumbnail/south_I20B418091FD055E7AC6EBE_1_1750432892_mp4_t_1705s_x512_y0 HTTP/1.1" 200 -
2026-01-01 16:53:03,389 127.0.0.1 - - [01/Jan/2026 16:53:03] "GET /images/thumbnail/south_I20B418091FD055E7AC6EBE_1_1750418447_mp4_t_1734s_x1536_y0 HTTP/1.1" 200 -
2026-01-01 16:53:03,403 127.0.0.1 - - [01/Jan/2026 16:53:03] "GET /images/thumbnail/south_I20B418091FD055E7AC6EBE_1_1750418447_mp4_t_1234s_x1536_y512 HTTP/1.1" 200 -
2026-01-01 16:53:03,413 127.0.0.1 - - [01/Jan/2026 16:53:03] "GET /images/thumbnail/south_I20B418091FD055E7AC6EBE_1_1750422056_mp4_t_1051s_x512_y512 HTTP/1.1" 200 -
2026-01-01 16:53:03,424 127.0.0.1 - - [01/Jan/2026 16:53:03] "GET /images/thumbnail/south_I20B418091FD055E7AC6EBE_1_1750422056_mp4_t_1064s_x1024_y0 HTTP/1.1" 200 -
2026-01-01 16:53:03,439 127.0.0.1 - - [01/Jan/2026 16:53:03] "GET /images/thumbnail/south_I20B418091FD055E7AC6EBE_1_1750445539_mp4_t_1713s_x1536_y0 HTTP/1.1" 200 -
2026-01-01 16:53:03,451 127.0.0.1 - - [01/Jan/2026 16:53:03] "GET /images/thumbnail/south_I20B418091FD055E7AC6EBE_1_1750422056_mp4_t_1733s_x512_y0 HTTP/1.1" 200 -
2026-01-01 16:53:03,593 127.0.0.1 - - [01/Jan/2026 16:53:03] "GET /images/thumbnail/south_I20B418091FD055E7AC6EBE_1_1750422056_mp4_t_817s_x1024_y0 HTTP/1.1" 200 -
2026-01-01 16:53:03,607 127.0.0.1 - - [01/Jan/2026 16:53:03] "GET /images/thumbnail/south_I20B418091FD055E7AC6EBE_1_1753412472_mp4_t_1642s_x512_y0 HTTP/1.1" 200 -
2026-01-01 16:53:03,610 127.0.0.1 - - [01/Jan/2026 16:53:03] "GET /images/thumbnail/south_I20B418091FD055E7AC6EBE_1_1750418447_mp4_t_1621s_x512_y0 HTTP/1.1" 200 -
2026-01-01 16:53:03,615 127.0.0.1 - - [01/Jan/2026 16:53:03] "GET /images/thumbnail/south_I20B418091FD055E7AC6EBE_1_1753412472_mp4_t_1637s_x512_y0 HTTP/1.1" 200 -
2026-01-01 16:53:03,615 127.0.0.1 - - [01/Jan/2026 16:53:03] "GET /images/thumbnail/south_I20B418091FD055E7AC6EBE_1_1750429283_mp4_t_660s_x512_y0 HTTP/1.1" 200 -
2026-01-01 16:53:03,626 127.0.0.1 - - [01/Jan/2026 16:53:03] "GET /images/thumbnail/south_I20B418091FD055E7AC6EBE_1_1750425669_mp4_t_1736s_x1024_y0 HTTP/1.1" 200 -
2026-01-01 16:53:03,633 127.0.0.1 - - [01/Jan/2026 16:53:03] "GET /images/thumbnail/south_I20B418091FD055E7AC6EBE_1_1750422056_mp4_t_1197s_x1024_y0 HTTP/1.1" 200 -
2026-01-01 16:53:03,635 127.0.0.1 - - [01/Jan/2026 16:53:03] "GET /images/thumbnail/south_I20B418091FD055E7AC6EBE_1_1753412472_mp4_t_1555s_x1024_y0 HTTP/1.1" 200 -
2026-01-01 16:53:03,636 127.0.0.1 - - [01/Jan/2026 16:53:03] "GET /images/thumbnail/south_I20B418091FD055E7AC6EBE_1_1750422056_mp4_t_663s_x1024_y0 HTTP/1.1" 200 -
2026-01-01 16:53:03,647 127.0.0.1 - - [01/Jan/2026 16:53:03] "GET /images/thumbnail/south_I20B418091FD055E7AC6EBE_1_1750425669_mp4_t_29s_x0_y0 HTTP/1.1" 200 -
2026-01-01 16:53:22,901 label_update={'south_I20B418091FD055E7AC6EBE_1_1753412472_mp4_t_1637s_x512_y0': 'No activity', 'south_I20B418091FD055E7AC6EBE_1_1750422056_mp4_t_663s_x1024_y0': 'Activity,Car,Human,Own', 'south_I20B418091FD055E7AC6EBE_1_1750422056_mp4_t_1197s_x1024_y0': 'Activity,Car,Own,Human', 'south_I20B418091FD055E7AC6EBE_1_1753412472_mp4_t_1642s_x512_y0': 'No activity', 'south_I20B418091FD055E7AC6EBE_1_1750422056_mp4_t_817s_x1024_y0': 'Activity,Car,Human,Own', 'south_I20B418091FD055E7AC6EBE_1_1750429283_mp4_t_660s_x512_y0': 'Activity,Human', 'south_I20B418091FD055E7AC6EBE_1_1750418447_mp4_t_1621s_x512_y0': 'Activity,Car,Own', 'south_I20B418091FD055E7AC6EBE_1_1753412472_mp4_t_1555s_x1024_y0': 'No activity', 'south_I20B418091FD055E7AC6EBE_1_1750425669_mp4_t_1736s_x1024_y0': 'Activity,Car,Human,Own', 'south_I20B418091FD055E7AC6EBE_1_1750425669_mp4_t_29s_x0_y0': 'No activity'}
2026-01-01 16:53:23,615 instant_reclassification 2=0.6947016716003418
2026-01-01 16:53:23,617 instant_reclassification 3=1767282803.6171095
2026-01-01 16:53:23,617 state.version_for_recompute='9dee45a1adfa4d241af4187c6adec73b4fd4bbdf56262da9b7096c3a_None', result_set.entry.uid='9dee45a1adfa4d241af4187c6adec73b4fd4bbdf56262da9b7096c3a',state.trained_for_version_previous=None
2026-01-01 16:53:23,622 instant_reclassification 4=0.701746940612793
2026-01-01 16:53:23,709 Loading kNN results from /mnt/big/indeed/video_hazehorst_south/annflux/datarepo/resultset-20260101164645-9dee45a1/knn_results.npz
2026-01-01 16:53:23,774 Loading kNN results from /mnt/big/indeed/video_hazehorst_south/annflux/datarepo/resultset-20260101164645-9dee45a1/knn_results_dp.npz
2026-01-01 16:53:23,779 new_labeled_uids={'south_I20B418091FD055E7AC6EBE_1_1750418447_mp4_t_1621s_x512_y0', 'south_I20B418091FD055E7AC6EBE_1_1750422056_mp4_t_1197s_x1024_y0', 'south_I20B418091FD055E7AC6EBE_1_1750425669_mp4_t_1736s_x1024_y0', 'south_I20B418091FD055E7AC6EBE_1_1750422056_mp4_t_817s_x1024_y0', 'south_I20B418091FD055E7AC6EBE_1_1750429283_mp4_t_660s_x512_y0', 'south_I20B418091FD055E7AC6EBE_1_1753412472_mp4_t_1637s_x512_y0', 'south_I20B418091FD055E7AC6EBE_1_1750422056_mp4_t_663s_x1024_y0', 'south_I20B418091FD055E7AC6EBE_1_1753412472_mp4_t_1642s_x512_y0', 'south_I20B418091FD055E7AC6EBE_1_1753412472_mp4_t_1555s_x1024_y0', 'south_I20B418091FD055E7AC6EBE_1_1750425669_mp4_t_29s_x0_y0'}
2026-01-01 16:53:23,779 new_labeled_idx=Index([149, 8216, 19716, 24178, 25953, 29743, 30073, 37473, 40904, 54809], dtype='int64')
2026-01-01 16:53:23,779 new_labeled_nn_idx=745
2026-01-01 16:53:23,783 new_labeled_nn_uids=29       south_I20B418091FD055E7AC6EBE_1_1750418447_mp4...
149      south_I20B418091FD055E7AC6EBE_1_1753412472_mp4...
210      south_I20B418091FD055E7AC6EBE_1_1750422056_mp4...
229      south_I20B418091FD055E7AC6EBE_1_1750422056_mp4...
273      south_I20B418091FD055E7AC6EBE_1_1750423863_mp4...
                               ...                        
56812    south_I20B418091FD055E7AC6EBE_1_1750418447_mp4...
56896    south_I20B418091FD055E7AC6EBE_1_1750422056_mp4...
56924    south_I20B418091FD055E7AC6EBE_1_1750420253_mp4...
56972    south_I20B418091FD055E7AC6EBE_1_1750422056_mp4...
57012    south_I20B418091FD055E7AC6EBE_1_1750422056_mp4...
Name: uid, Length: 745, dtype: object
2026-01-01 16:53:23,786 Using knn_rank_exponent=3
2026-01-01 16:53:23,786 labeled_indices_=1798
2026-01-01 16:53:23,786 quicker_updates: labeled_indices_ before test_indices=104
2026-01-01 16:53:23,787 quicker_updates: labeled_indices_=5810
2026-01-01 16:53:23,787 make_predictions: labeled_indices_=5810
2026-01-01 16:53:26,991 compute_near_labeled took=3.1695706844329834
2026-01-01 16:53:27,085 knn near_labeled=0.07930278778076172
2026-01-01 16:53:27,392 make_predictions: near_labeled_indices_=6231
2026-01-01 16:53:29,718 [TIMING] PCA data preparation took 0.2956066131591797 s
2026-01-01 16:53:32,126 pca analysis took=2.38
2026-01-01 16:53:34,531 pca application took=2.40
2026-01-01 16:53:35,221 [TIMING] FRE setting in DataFrame took 3.094977855682373 s
2026-01-01 16:54:54,004 Using dp_most_needed for most needed
2026-01-01 16:54:54,348 |data most needed| = 118
2026-01-01 16:54:58,499 make_predictions end=1767282898.498964
2026-01-01 16:55:00,074 |predicted_test|=210
2026-01-01 16:56:00,833 color_and_label start=1767282960.8336291
2026-01-01 16:56:01,216 color_and_label: updating 745 media
2026-01-01 16:56:01,607 unique_labels end=0.7736611366271973
2026-01-01 16:56:01,611 color_prob took=0.7778530120849609
2026-01-01 16:56:01,698 coloring dp_cluster took=0.8648343086242676
2026-01-01 16:56:01,824 fre=(0.0, 0.9460114095097631)
2026-01-01 16:56:01,939 fre_for_color took=1.1057188510894775
2026-01-01 16:56:03,204 color_class took=2.371162176132202
2026-01-01 16:56:03,273 label_possible took=2.440053701400757
2026-01-01 16:56:03,274 coloring took=1.6590137481689453
2026-01-01 16:56:06,347 no prediction=5
2026-01-01 16:56:06,347 instant_reclassification done = 163.4268205165863
2026-01-01 16:56:06,364 127.0.0.1 - - [01/Jan/2026 16:56:06] "POST /label HTTP/1.1" 200 -
2026-01-01 16:56:06,411 127.0.0.1 - - [01/Jan/2026 16:56:06] "GET /annflux?&as_ranking_column=fre_strat HTTP/1.1" 200 -
2026-01-01 16:56:06,479 127.0.0.1 - - [01/Jan/2026 16:56:06] "[36mGET /static/annflux.js HTTP/1.1[0m" 304 -
2026-01-01 16:56:06,480 127.0.0.1 - - [01/Jan/2026 16:56:06] "[36mGET /static/annflux_layout.js HTTP/1.1[0m" 304 -
2026-01-01 16:56:06,483 127.0.0.1 - - [01/Jan/2026 16:56:06] "[36mGET /static/annflux_objects.js HTTP/1.1[0m" 304 -
2026-01-01 16:56:06,485 127.0.0.1 - - [01/Jan/2026 16:56:06] "[36mGET /static/lap.js HTTP/1.1[0m" 304 -
2026-01-01 16:56:06,486 127.0.0.1 - - [01/Jan/2026 16:56:06] "[36mGET /static/annflux.css HTTP/1.1[0m" 304 -
2026-01-01 16:56:06,494 127.0.0.1 - - [01/Jan/2026 16:56:06] "GET /labels/css HTTP/1.1" 200 -
2026-01-01 16:56:06,496 127.0.0.1 - - [01/Jan/2026 16:56:06] "[36mGET /static/hyparquet/index.js HTTP/1.1[0m" 304 -
2026-01-01 16:56:06,524 127.0.0.1 - - [01/Jan/2026 16:56:06] "[36mGET /static/hyparquet/read.js HTTP/1.1[0m" 304 -
2026-01-01 16:56:06,526 127.0.0.1 - - [01/Jan/2026 16:56:06] "[36mGET /static/hyparquet/snappy.js HTTP/1.1[0m" 304 -
2026-01-01 16:56:06,527 127.0.0.1 - - [01/Jan/2026 16:56:06] "[36mGET /static/hyparquet/query.js HTTP/1.1[0m" 304 -
2026-01-01 16:56:06,528 127.0.0.1 - - [01/Jan/2026 16:56:06] "[36mGET /static/hyparquet/metadata.js HTTP/1.1[0m" 304 -
2026-01-01 16:56:06,529 127.0.0.1 - - [01/Jan/2026 16:56:06] "[36mGET /static/hyparquet/utils.js HTTP/1.1[0m" 304 -
2026-01-01 16:56:06,577 127.0.0.1 - - [01/Jan/2026 16:56:06] "[36mGET /static/hyparquet/plan.js HTTP/1.1[0m" 304 -
2026-01-01 16:56:06,578 127.0.0.1 - - [01/Jan/2026 16:56:06] "[36mGET /static/hyparquet/rowgroup.js HTTP/1.1[0m" 304 -
2026-01-01 16:56:06,582 127.0.0.1 - - [01/Jan/2026 16:56:06] "[36mGET /static/hyparquet/schema.js HTTP/1.1[0m" 304 -
2026-01-01 16:56:06,583 127.0.0.1 - - [01/Jan/2026 16:56:06] "[36mGET /static/hyparquet/convert.js HTTP/1.1[0m" 304 -
2026-01-01 16:56:06,585 127.0.0.1 - - [01/Jan/2026 16:56:06] "[36mGET /static/hyparquet/constants.js HTTP/1.1[0m" 304 -
2026-01-01 16:56:06,586 127.0.0.1 - - [01/Jan/2026 16:56:06] "[36mGET /static/hyparquet/thrift.js HTTP/1.1[0m" 304 -
2026-01-01 16:56:06,601 127.0.0.1 - - [01/Jan/2026 16:56:06] "[36mGET /static/hyparquet/assemble.js HTTP/1.1[0m" 304 -
2026-01-01 16:56:06,602 127.0.0.1 - - [01/Jan/2026 16:56:06] "[36mGET /static/hyparquet/column.js HTTP/1.1[0m" 304 -
2026-01-01 16:56:06,616 127.0.0.1 - - [01/Jan/2026 16:56:06] "[36mGET /static/hyparquet/datapage.js HTTP/1.1[0m" 304 -
2026-01-01 16:56:06,617 127.0.0.1 - - [01/Jan/2026 16:56:06] "[36mGET /static/hyparquet/plain.js HTTP/1.1[0m" 304 -
2026-01-01 16:56:06,633 127.0.0.1 - - [01/Jan/2026 16:56:06] "[36mGET /static/hyparquet/delta.js HTTP/1.1[0m" 304 -
2026-01-01 16:56:06,634 127.0.0.1 - - [01/Jan/2026 16:56:06] "[36mGET /static/hyparquet/encoding.js HTTP/1.1[0m" 304 -
2026-01-01 16:56:06,685 127.0.0.1 - - [01/Jan/2026 16:56:06] "[36mGET /static/loading_circle.gif HTTP/1.1[0m" 304 -
2026-01-01 16:56:06,687 127.0.0.1 - - [01/Jan/2026 16:56:06] "[36mGET /static/annflux.svg HTTP/1.1[0m" 304 -
2026-01-01 16:56:06,687 127.0.0.1 - - [01/Jan/2026 16:56:06] "[36mGET /static/label.svg HTTP/1.1[0m" 304 -
2026-01-01 16:56:06,691 127.0.0.1 - - [01/Jan/2026 16:56:06] "[36mGET /static/settings.svg HTTP/1.1[0m" 304 -
2026-01-01 16:56:06,692 127.0.0.1 - - [01/Jan/2026 16:56:06] "[36mGET /static/newlabel.svg HTTP/1.1[0m" 304 -
2026-01-01 16:56:06,716 annflux_data_path = /mnt/big/indeed/video_hazehorst_south/annflux/../annflux/group0_annflux.csv
2026-01-01 16:56:06,717 127.0.0.1 - - [01/Jan/2026 16:56:06] "GET /data/group HTTP/1.1" 200 -
2026-01-01 16:56:06,725 127.0.0.1 - - [01/Jan/2026 16:56:06] "GET /label_defs HTTP/1.1" 200 -
2026-01-01 16:56:06,728 127.0.0.1 - - [01/Jan/2026 16:56:06] "GET /performance HTTP/1.1" 200 -
2026-01-01 16:56:06,779 127.0.0.1 - - [01/Jan/2026 16:56:06] "[36mGET /exclusivity/data HTTP/1.1[0m" 304 -
2026-01-01 16:56:07,888 annflux_data_path = /mnt/big/indeed/video_hazehorst_south/annflux/../annflux/annflux.csv
2026-01-01 16:56:07,889 127.0.0.1 - - [01/Jan/2026 16:56:07] "HEAD /data HTTP/1.1" 200 -
2026-01-01 16:56:08,045 annflux_data_path = /mnt/big/indeed/video_hazehorst_south/annflux/../annflux/annflux.csv
2026-01-01 16:56:08,045 127.0.0.1 - - [01/Jan/2026 16:56:08] "[35m[1mGET /data HTTP/1.1[0m" 206 -
2026-01-01 16:56:08,218 annflux_data_path = /mnt/big/indeed/video_hazehorst_south/annflux/../annflux/annflux.csv
2026-01-01 16:56:08,218 127.0.0.1 - - [01/Jan/2026 16:56:08] "[35m[1mGET /data HTTP/1.1[0m" 206 -
2026-01-01 16:56:09,504 127.0.0.1 - - [01/Jan/2026 16:56:09] "GET /images/thumbnail/south_I20B418091FD055E7AC6EBE_1_1750434699_mp4_t_1435s_x1536_y0 HTTP/1.1" 200 -
2026-01-01 16:56:09,505 127.0.0.1 - - [01/Jan/2026 16:56:09] "GET /images/thumbnail/south_I20B418091FD055E7AC6EBE_1_1750440119_mp4_t_251s_x0_y512 HTTP/1.1" 200 -
2026-01-01 16:56:09,509 127.0.0.1 - - [01/Jan/2026 16:56:09] "GET /images/thumbnail/south_I20B418091FD055E7AC6EBE_1_1753416082_mp4_t_757s_x1536_y0 HTTP/1.1" 200 -
2026-01-01 16:56:09,511 127.0.0.1 - - [01/Jan/2026 16:56:09] "GET /images/thumbnail/south_I20B418091FD055E7AC6EBE_1_1750423863_mp4_t_1708s_x1024_y512 HTTP/1.1" 200 -
2026-01-01 16:56:09,515 127.0.0.1 - - [01/Jan/2026 16:56:09] "GET /images/thumbnail/south_I20B418091FD055E7AC6EBE_1_1750422056_mp4_t_1832s_x1024_y0 HTTP/1.1" 200 -
2026-01-01 16:56:09,518 127.0.0.1 - - [01/Jan/2026 16:56:09] "GET /images/thumbnail/south_I20B418091FD055E7AC6EBE_1_1750432892_mp4_t_1742s_x0_y512 HTTP/1.1" 200 -
2026-01-01 16:56:09,523 127.0.0.1 - - [01/Jan/2026 16:56:09] "GET /images/thumbnail/south_I20B418091FD055E7AC6EBE_1_1750418447_mp4_t_1116s_x512_y512 HTTP/1.1" 200 -
2026-01-01 16:56:09,523 127.0.0.1 - - [01/Jan/2026 16:56:09] "GET /images/thumbnail/south_I20B418091FD055E7AC6EBE_1_1750440119_mp4_t_1269s_x0_y512 HTTP/1.1" 200 -
2026-01-01 16:56:09,528 127.0.0.1 - - [01/Jan/2026 16:56:09] "GET /images/thumbnail/south_I20B418091FD055E7AC6EBE_1_1750422056_mp4_t_1733s_x512_y0 HTTP/1.1" 200 -
2026-01-01 16:56:09,529 127.0.0.1 - - [01/Jan/2026 16:56:09] "GET /images/thumbnail/south_I20B418091FD055E7AC6EBE_1_1750420253_mp4_t_1191s_x0_y0 HTTP/1.1" 200 -
2026-01-01 16:56:09,534 127.0.0.1 - - [01/Jan/2026 16:56:09] "GET /images/thumbnail/south_I20B418091FD055E7AC6EBE_1_1750422056_mp4_t_1878s_x1024_y512 HTTP/1.1" 200 -
2026-01-01 16:56:09,537 127.0.0.1 - - [01/Jan/2026 16:56:09] "GET /images/thumbnail/south_I20B418091FD055E7AC6EBE_1_1750429283_mp4_t_794s_x0_y0 HTTP/1.1" 200 -
2026-01-01 16:56:09,540 127.0.0.1 - - [01/Jan/2026 16:56:09] "GET /images/thumbnail/south_I20B418091FD055E7AC6EBE_1_1750418447_mp4_t_1045s_x0_y0 HTTP/1.1" 200 -
2026-01-01 16:56:09,541 127.0.0.1 - - [01/Jan/2026 16:56:09] "GET /images/thumbnail/south_I20B418091FD055E7AC6EBE_1_1750420253_mp4_t_1444s_x1536_y0 HTTP/1.1" 200 -
2026-01-01 16:56:09,545 127.0.0.1 - - [01/Jan/2026 16:56:09] "GET /images/thumbnail/south_I20B418091FD055E7AC6EBE_1_1750418447_mp4_t_871s_x0_y0 HTTP/1.1" 200 -
2026-01-01 16:56:09,548 127.0.0.1 - - [01/Jan/2026 16:56:09] "GET /images/thumbnail/south_I20B418091FD055E7AC6EBE_1_1750432892_mp4_t_1705s_x512_y0 HTTP/1.1" 200 -
2026-01-01 16:56:09,552 127.0.0.1 - - [01/Jan/2026 16:56:09] "GET /images/thumbnail/south_I20B418091FD055E7AC6EBE_1_1750418447_mp4_t_1734s_x1536_y0 HTTP/1.1" 200 -
2026-01-01 16:56:09,554 127.0.0.1 - - [01/Jan/2026 16:56:09] "GET /images/thumbnail/south_I20B418091FD055E7AC6EBE_1_1750418447_mp4_t_1234s_x1536_y512 HTTP/1.1" 200 -
2026-01-01 16:56:09,560 127.0.0.1 - - [01/Jan/2026 16:56:09] "GET /images/thumbnail/south_I20B418091FD055E7AC6EBE_1_1750422056_mp4_t_1064s_x1024_y0 HTTP/1.1" 200 -
2026-01-01 16:56:09,561 127.0.0.1 - - [01/Jan/2026 16:56:09] "GET /images/thumbnail/south_I20B418091FD055E7AC6EBE_1_1750422056_mp4_t_1051s_x512_y512 HTTP/1.1" 200 -
2026-01-01 16:56:09,563 127.0.0.1 - - [01/Jan/2026 16:56:09] "GET /images/thumbnail/south_I20B418091FD055E7AC6EBE_1_1750445539_mp4_t_1713s_x1536_y0 HTTP/1.1" 200 -
2026-01-01 16:56:09,568 127.0.0.1 - - [01/Jan/2026 16:56:09] "GET /images/thumbnail/south_I20B418091FD055E7AC6EBE_1_1750445539_mp4_t_573s_x1536_y0 HTTP/1.1" 200 -
2026-01-01 16:56:09,570 127.0.0.1 - - [01/Jan/2026 16:56:09] "GET /images/thumbnail/south_I20B418091FD055E7AC6EBE_1_1750422056_mp4_t_1058s_x1024_y0 HTTP/1.1" 200 -
2026-01-01 16:56:09,574 127.0.0.1 - - [01/Jan/2026 16:56:09] "GET /images/thumbnail/south_I20B418091FD055E7AC6EBE_1_1750429283_mp4_t_657s_x0_y0 HTTP/1.1" 200 -
2026-01-01 16:56:09,579 127.0.0.1 - - [01/Jan/2026 16:56:09] "GET /images/thumbnail/south_I20B418091FD055E7AC6EBE_1_1750418447_mp4_t_1494s_x512_y0 HTTP/1.1" 200 -
2026-01-01 16:56:09,580 127.0.0.1 - - [01/Jan/2026 16:56:09] "GET /images/thumbnail/south_I20B418091FD055E7AC6EBE_1_1750432892_mp4_t_1706s_x0_y0 HTTP/1.1" 200 -
2026-01-01 16:56:09,586 127.0.0.1 - - [01/Jan/2026 16:56:09] "GET /images/thumbnail/south_I20B418091FD055E7AC6EBE_1_1750438312_mp4_t_597s_x512_y0 HTTP/1.1" 200 -
2026-01-01 16:56:09,587 127.0.0.1 - - [01/Jan/2026 16:56:09] "GET /images/thumbnail/south_I20B418091FD055E7AC6EBE_1_1753468210_mp4_t_514s_x512_y0 HTTP/1.1" 200 -
2026-01-01 16:56:09,588 127.0.0.1 - - [01/Jan/2026 16:56:09] "GET /images/thumbnail/south_I20B418091FD055E7AC6EBE_1_1750418447_mp4_t_877s_x1024_y0 HTTP/1.1" 200 -
2026-01-01 16:56:09,594 127.0.0.1 - - [01/Jan/2026 16:56:09] "GET /images/thumbnail/south_I20B418091FD055E7AC6EBE_1_1753417889_mp4_t_305s_x0_y512 HTTP/1.1" 200 -
2026-01-01 16:56:09,597 127.0.0.1 - - [01/Jan/2026 16:56:09] "GET /images/thumbnail/south_I20B418091FD055E7AC6EBE_1_1750438312_mp4_t_936s_x512_y512 HTTP/1.1" 200 -
2026-01-01 16:56:09,598 127.0.0.1 - - [01/Jan/2026 16:56:09] "GET /images/thumbnail/south_I20B418091FD055E7AC6EBE_1_1750418447_mp4_t_814s_x1024_y0 HTTP/1.1" 200 -
2026-01-01 16:56:09,602 127.0.0.1 - - [01/Jan/2026 16:56:09] "GET /images/thumbnail/south_I20B418091FD055E7AC6EBE_1_1750420253_mp4_t_1503s_x1536_y512 HTTP/1.1" 200 -
2026-01-01 16:56:09,603 127.0.0.1 - - [01/Jan/2026 16:56:09] "GET /images/thumbnail/south_I20B418091FD055E7AC6EBE_1_1750418447_mp4_t_776s_x1024_y0 HTTP/1.1" 200 -
2026-01-01 16:56:09,608 127.0.0.1 - - [01/Jan/2026 16:56:09] "GET /images/thumbnail/south_I20B418091FD055E7AC6EBE_1_1753639200_mp4_t_684s_x0_y512 HTTP/1.1" 200 -
2026-01-01 16:56:09,609 127.0.0.1 - - [01/Jan/2026 16:56:09] "GET /images/thumbnail/south_I20B418091FD055E7AC6EBE_1_1753587062_mp4_t_1193s_x1024_y512 HTTP/1.1" 200 -
2026-01-01 16:56:09,611 127.0.0.1 - - [01/Jan/2026 16:56:09] "GET /images/thumbnail/south_I20B418091FD055E7AC6EBE_1_1750432892_mp4_t_688s_x0_y0 HTTP/1.1" 200 -
2026-01-01 16:56:09,614 127.0.0.1 - - [01/Jan/2026 16:56:09] "GET /images/thumbnail/south_I20B418091FD055E7AC6EBE_1_1753408858_mp4_t_962s_x0_y512 HTTP/1.1" 200 -
2026-01-01 16:56:09,620 127.0.0.1 - - [01/Jan/2026 16:56:09] "GET /images/thumbnail/south_I20B418091FD055E7AC6EBE_1_1750443732_mp4_t_643s_x1536_y0 HTTP/1.1" 200 -
2026-01-01 16:56:09,622 127.0.0.1 - - [01/Jan/2026 16:56:09] "GET /images/thumbnail/south_I20B418091FD055E7AC6EBE_1_1750418447_mp4_t_1317s_x0_y512 HTTP/1.1" 200 -
2026-01-01 16:56:09,624 127.0.0.1 - - [01/Jan/2026 16:56:09] "GET /images/thumbnail/south_I20B418091FD055E7AC6EBE_1_1750422056_mp4_t_1157s_x1024_y0 HTTP/1.1" 200 -
2026-01-01 16:56:09,628 127.0.0.1 - - [01/Jan/2026 16:56:09] "GET /images/thumbnail/south_I20B418091FD055E7AC6EBE_1_1753572618_mp4_t_1495s_x1024_y0 HTTP/1.1" 200 -
2026-01-01 16:56:09,628 127.0.0.1 - - [01/Jan/2026 16:56:09] "GET /images/thumbnail/south_I20B418091FD055E7AC6EBE_1_1753416082_mp4_t_1185s_x1536_y0 HTTP/1.1" 200 -
2026-01-01 16:56:09,632 127.0.0.1 - - [01/Jan/2026 16:56:09] "GET /images/thumbnail/south_I20B418091FD055E7AC6EBE_1_1750434699_mp4_t_1459s_x512_y0 HTTP/1.1" 200 -
2026-01-01 16:56:09,636 127.0.0.1 - - [01/Jan/2026 16:56:09] "GET /images/thumbnail/south_I20B418091FD055E7AC6EBE_1_1750418447_mp4_t_262s_x1024_y0 HTTP/1.1" 200 -
2026-01-01 16:56:09,637 127.0.0.1 - - [01/Jan/2026 16:56:09] "GET /images/thumbnail/south_I20B418091FD055E7AC6EBE_1_1753412472_mp4_t_1805s_x1024_y512 HTTP/1.1" 200 -
2026-01-01 16:56:09,641 127.0.0.1 - - [01/Jan/2026 16:56:09] "GET /images/thumbnail/south_I20B418091FD055E7AC6EBE_1_1750447346_mp4_t_1272s_x1024_y0 HTTP/1.1" 200 -
2026-01-01 16:56:09,641 127.0.0.1 - - [01/Jan/2026 16:56:09] "GET /images/thumbnail/south_I20B418091FD055E7AC6EBE_1_1753417889_mp4_t_265s_x1536_y0 HTTP/1.1" 200 -
2026-01-01 16:56:09,643 127.0.0.1 - - [01/Jan/2026 16:56:09] "GET /images/thumbnail/south_I20B418091FD055E7AC6EBE_1_1753417889_mp4_t_567s_x1536_y0 HTTP/1.1" 200 -
2026-01-01 16:56:09,645 127.0.0.1 - - [01/Jan/2026 16:56:09] "GET /images/thumbnail/south_I20B418091FD055E7AC6EBE_1_1753414278_mp4_t_53s_x1024_y512 HTTP/1.1" 200 -
2026-01-01 16:56:10,132 127.0.0.1 - - [01/Jan/2026 16:56:10] "GET /images/thumbnail/south_I20B418091FD055E7AC6EBE_1_1750420253_mp4_t_30s_x512_y0 HTTP/1.1" 200 -
2026-01-01 16:56:10,142 127.0.0.1 - - [01/Jan/2026 16:56:10] "GET /images/thumbnail/south_I20B418091FD055E7AC6EBE_1_1753412472_mp4_t_1672s_x1024_y0 HTTP/1.1" 200 -
2026-01-01 16:56:10,144 127.0.0.1 - - [01/Jan/2026 16:56:10] "GET /images/thumbnail/south_I20B418091FD055E7AC6EBE_1_1750422056_mp4_t_657s_x1024_y0 HTTP/1.1" 200 -
2026-01-01 16:56:10,148 127.0.0.1 - - [01/Jan/2026 16:56:10] "GET /images/thumbnail/south_I20B418091FD055E7AC6EBE_1_1750418447_mp4_t_1171s_x512_y0 HTTP/1.1" 200 -
2026-01-01 16:56:10,161 127.0.0.1 - - [01/Jan/2026 16:56:10] "GET /images/thumbnail/south_I20B418091FD055E7AC6EBE_1_1753412472_mp4_t_1566s_x1024_y0 HTTP/1.1" 200 -
2026-01-01 16:56:10,162 127.0.0.1 - - [01/Jan/2026 16:56:10] "GET /images/thumbnail/south_I20B418091FD055E7AC6EBE_1_1753412472_mp4_t_1569s_x1024_y0 HTTP/1.1" 200 -
2026-01-01 16:56:10,163 127.0.0.1 - - [01/Jan/2026 16:56:10] "GET /images/thumbnail/south_I20B418091FD055E7AC6EBE_1_1750418447_mp4_t_763s_x1024_y512 HTTP/1.1" 200 -
2026-01-01 16:56:10,177 127.0.0.1 - - [01/Jan/2026 16:56:10] "GET /images/thumbnail/south_I20B418091FD055E7AC6EBE_1_1750418447_mp4_t_776s_x512_y512 HTTP/1.1" 200 -
2026-01-01 16:56:10,183 127.0.0.1 - - [01/Jan/2026 16:56:10] "GET /images/thumbnail/south_I20B418091FD055E7AC6EBE_1_1750418447_mp4_t_873s_x1024_y0 HTTP/1.1" 200 -
2026-01-01 16:56:10,189 127.0.0.1 - - [01/Jan/2026 16:56:10] "GET /images/thumbnail/south_I20B418091FD055E7AC6EBE_1_1750418447_mp4_t_1270s_x0_y512 HTTP/1.1" 200 -
2026-01-01 17:00:27,043 label_update={'south_I20B418091FD055E7AC6EBE_1_1753412472_mp4_t_1566s_x1024_y0': 'No activity', 'south_I20B418091FD055E7AC6EBE_1_1750422056_mp4_t_657s_x1024_y0': 'Activity,Car,Human,Own', 'south_I20B418091FD055E7AC6EBE_1_1750418447_mp4_t_1171s_x512_y0': 'Activity,Car,Own', 'south_I20B418091FD055E7AC6EBE_1_1753412472_mp4_t_1569s_x1024_y0': 'No activity', 'south_I20B418091FD055E7AC6EBE_1_1750420253_mp4_t_30s_x512_y0': 'Activity,Car,Own', 'south_I20B418091FD055E7AC6EBE_1_1750418447_mp4_t_776s_x512_y512': 'Activity,Car,Human,Own', 'south_I20B418091FD055E7AC6EBE_1_1750418447_mp4_t_873s_x1024_y0': 'Activity,Car,Own', 'south_I20B418091FD055E7AC6EBE_1_1753412472_mp4_t_1672s_x1024_y0': 'No activity', 'south_I20B418091FD055E7AC6EBE_1_1750418447_mp4_t_763s_x1024_y512': 'Activity,Car,Human,Own', 'south_I20B418091FD055E7AC6EBE_1_1750418447_mp4_t_1270s_x0_y512': 'No activity'}
2026-01-01 17:00:27,773 instant_reclassification 2=0.7217667102813721
2026-01-01 17:00:27,775 instant_reclassification 3=1767283227.7751374
2026-01-01 17:00:27,775 state.version_for_recompute='9dee45a1adfa4d241af4187c6adec73b4fd4bbdf56262da9b7096c3a_None', result_set.entry.uid='9dee45a1adfa4d241af4187c6adec73b4fd4bbdf56262da9b7096c3a',state.trained_for_version_previous=None
2026-01-01 17:00:27,781 instant_reclassification 4=0.7300324440002441
2026-01-01 17:00:27,890 Loading kNN results from /mnt/big/indeed/video_hazehorst_south/annflux/datarepo/resultset-20260101164645-9dee45a1/knn_results.npz
2026-01-01 17:00:27,954 Loading kNN results from /mnt/big/indeed/video_hazehorst_south/annflux/datarepo/resultset-20260101164645-9dee45a1/knn_results_dp.npz
2026-01-01 17:00:27,958 new_labeled_uids={'south_I20B418091FD055E7AC6EBE_1_1750418447_mp4_t_1171s_x512_y0', 'south_I20B418091FD055E7AC6EBE_1_1750418447_mp4_t_873s_x1024_y0', 'south_I20B418091FD055E7AC6EBE_1_1750418447_mp4_t_1270s_x0_y512', 'south_I20B418091FD055E7AC6EBE_1_1750418447_mp4_t_776s_x512_y512', 'south_I20B418091FD055E7AC6EBE_1_1750422056_mp4_t_657s_x1024_y0', 'south_I20B418091FD055E7AC6EBE_1_1750420253_mp4_t_30s_x512_y0', 'south_I20B418091FD055E7AC6EBE_1_1753412472_mp4_t_1672s_x1024_y0', 'south_I20B418091FD055E7AC6EBE_1_1753412472_mp4_t_1566s_x1024_y0', 'south_I20B418091FD055E7AC6EBE_1_1750418447_mp4_t_763s_x1024_y512', 'south_I20B418091FD055E7AC6EBE_1_1753412472_mp4_t_1569s_x1024_y0'}
2026-01-01 17:00:27,958 new_labeled_idx=Index([16839, 26706, 28070, 31240, 31461, 36559, 38472, 43659, 48993, 51633], dtype='int64')
2026-01-01 17:00:27,958 new_labeled_nn_idx=705
2026-01-01 17:00:27,962 new_labeled_nn_uids=29       south_I20B418091FD055E7AC6EBE_1_1750418447_mp4...
127      south_I20B418091FD055E7AC6EBE_1_1750418447_mp4...
149      south_I20B418091FD055E7AC6EBE_1_1753412472_mp4...
185      south_I20B418091FD055E7AC6EBE_1_1750418447_mp4...
210      south_I20B418091FD055E7AC6EBE_1_1750422056_mp4...
                               ...                        
56735    south_I20B418091FD055E7AC6EBE_1_1750422056_mp4...
56812    south_I20B418091FD055E7AC6EBE_1_1750418447_mp4...
56896    south_I20B418091FD055E7AC6EBE_1_1750422056_mp4...
56924    south_I20B418091FD055E7AC6EBE_1_1750420253_mp4...
57012    south_I20B418091FD055E7AC6EBE_1_1750422056_mp4...
Name: uid, Length: 705, dtype: object
2026-01-01 17:00:27,965 Using knn_rank_exponent=3
2026-01-01 17:00:27,965 labeled_indices_=1807
2026-01-01 17:00:27,965 quicker_updates: labeled_indices_ before test_indices=97
2026-01-01 17:00:27,965 quicker_updates: labeled_indices_=5803
2026-01-01 17:00:27,966 make_predictions: labeled_indices_=5803
2026-01-01 17:00:34,664 compute_near_labeled took=6.664694786071777
2026-01-01 17:00:34,943 knn near_labeled=0.06130838394165039
2026-01-01 17:00:35,230 make_predictions: near_labeled_indices_=6239
2026-01-01 17:00:36,504 [TIMING] PCA data preparation took 0.10778093338012695 s
2026-01-01 17:00:38,340 pca analysis took=1.82
2026-01-01 17:00:41,007 pca application took=2.65
2026-01-01 17:00:41,370 [TIMING] FRE setting in DataFrame took 3.0082786083221436 s
2026-01-01 17:01:59,606 Using dp_most_needed for most needed
2026-01-01 17:02:00,049 |data most needed| = 118
2026-01-01 17:02:03,362 make_predictions end=1767283323.3628163
2026-01-01 17:02:05,626 |predicted_test|=211
2026-01-01 17:02:14,485 127.0.0.1 - - [01/Jan/2026 17:02:14] "GET /annflux?&as_ranking_column=fre_strat HTTP/1.1" 200 -
2026-01-01 17:02:22,273 127.0.0.1 - - [01/Jan/2026 17:02:22] "[36mGET /static/hyparquet/index.js HTTP/1.1[0m" 304 -
2026-01-01 17:02:22,461 127.0.0.1 - - [01/Jan/2026 17:02:22] "GET /static/annflux.css HTTP/1.1" 200 -
2026-01-01 17:02:22,583 127.0.0.1 - - [01/Jan/2026 17:02:22] "[36mGET /static/annflux.js HTTP/1.1[0m" 304 -
2026-01-01 17:02:22,657 127.0.0.1 - - [01/Jan/2026 17:02:22] "[36mGET /static/annflux_layout.js HTTP/1.1[0m" 304 -
2026-01-01 17:02:22,917 127.0.0.1 - - [01/Jan/2026 17:02:22] "[36mGET /static/annflux_objects.js HTTP/1.1[0m" 304 -
2026-01-01 17:02:22,953 127.0.0.1 - - [01/Jan/2026 17:02:22] "[36mGET /static/lap.js HTTP/1.1[0m" 304 -
2026-01-01 17:02:23,116 127.0.0.1 - - [01/Jan/2026 17:02:23] "GET /labels/css HTTP/1.1" 200 -
2026-01-01 17:02:23,125 127.0.0.1 - - [01/Jan/2026 17:02:23] "[36mGET /static/hyparquet/metadata.js HTTP/1.1[0m" 304 -
2026-01-01 17:02:23,167 127.0.0.1 - - [01/Jan/2026 17:02:23] "[36mGET /static/hyparquet/read.js HTTP/1.1[0m" 304 -
2026-01-01 17:02:23,188 127.0.0.1 - - [01/Jan/2026 17:02:23] "[36mGET /static/hyparquet/query.js HTTP/1.1[0m" 304 -
2026-01-01 17:02:23,325 127.0.0.1 - - [01/Jan/2026 17:02:23] "[36mGET /static/hyparquet/utils.js HTTP/1.1[0m" 304 -
2026-01-01 17:02:23,337 127.0.0.1 - - [01/Jan/2026 17:02:23] "[36mGET /static/hyparquet/snappy.js HTTP/1.1[0m" 304 -
2026-01-01 17:02:23,349 127.0.0.1 - - [01/Jan/2026 17:02:23] "[36mGET /static/hyparquet/constants.js HTTP/1.1[0m" 304 -
2026-01-01 17:02:23,471 127.0.0.1 - - [01/Jan/2026 17:02:23] "[36mGET /static/hyparquet/convert.js HTTP/1.1[0m" 304 -
2026-01-01 17:02:23,478 127.0.0.1 - - [01/Jan/2026 17:02:23] "[36mGET /static/hyparquet/schema.js HTTP/1.1[0m" 304 -
2026-01-01 17:02:23,512 127.0.0.1 - - [01/Jan/2026 17:02:23] "[36mGET /static/hyparquet/plan.js HTTP/1.1[0m" 304 -
2026-01-01 17:02:23,513 127.0.0.1 - - [01/Jan/2026 17:02:23] "[36mGET /static/hyparquet/thrift.js HTTP/1.1[0m" 304 -
2026-01-01 17:02:23,572 127.0.0.1 - - [01/Jan/2026 17:02:23] "[36mGET /static/hyparquet/rowgroup.js HTTP/1.1[0m" 304 -
2026-01-01 17:02:30,254 127.0.0.1 - - [01/Jan/2026 17:02:30] "[36mGET /static/hyparquet/assemble.js HTTP/1.1[0m" 304 -
2026-01-01 17:02:30,326 127.0.0.1 - - [01/Jan/2026 17:02:30] "[36mGET /static/hyparquet/column.js HTTP/1.1[0m" 304 -
2026-01-01 17:02:31,070 127.0.0.1 - - [01/Jan/2026 17:02:31] "[36mGET /static/hyparquet/datapage.js HTTP/1.1[0m" 304 -
2026-01-01 17:02:31,162 127.0.0.1 - - [01/Jan/2026 17:02:31] "[36mGET /static/hyparquet/plain.js HTTP/1.1[0m" 304 -
2026-01-01 17:02:31,191 127.0.0.1 - - [01/Jan/2026 17:02:31] "[36mGET /static/hyparquet/delta.js HTTP/1.1[0m" 304 -
2026-01-01 17:02:31,291 127.0.0.1 - - [01/Jan/2026 17:02:31] "[36mGET /static/hyparquet/encoding.js HTTP/1.1[0m" 304 -
2026-01-01 17:02:31,664 annflux_data_path = /mnt/big/indeed/video_hazehorst_south/annflux/../annflux/group0_annflux.csv
2026-01-01 17:02:31,764 127.0.0.1 - - [01/Jan/2026 17:02:31] "GET /data/group HTTP/1.1" 200 -
2026-01-01 17:02:31,863 127.0.0.1 - - [01/Jan/2026 17:02:31] "GET /label_defs HTTP/1.1" 200 -
2026-01-01 17:02:31,927 127.0.0.1 - - [01/Jan/2026 17:02:31] "GET /performance HTTP/1.1" 200 -
2026-01-01 17:02:32,098 127.0.0.1 - - [01/Jan/2026 17:02:32] "[36mGET /exclusivity/data HTTP/1.1[0m" 304 -
2026-01-01 17:02:32,449 127.0.0.1 - - [01/Jan/2026 17:02:32] "[36mGET /static/loading_circle.gif HTTP/1.1[0m" 304 -
2026-01-01 17:02:34,023 127.0.0.1 - - [01/Jan/2026 17:02:34] "[36mGET /static/label.svg HTTP/1.1[0m" 304 -
2026-01-01 17:02:34,033 127.0.0.1 - - [01/Jan/2026 17:02:34] "[36mGET /static/annflux.svg HTTP/1.1[0m" 304 -
2026-01-01 17:02:34,172 127.0.0.1 - - [01/Jan/2026 17:02:34] "[36mGET /static/settings.svg HTTP/1.1[0m" 304 -
2026-01-01 17:02:34,210 127.0.0.1 - - [01/Jan/2026 17:02:34] "GET /annflux?&as_ranking_column=fre_strat HTTP/1.1" 200 -
2026-01-01 17:02:34,357 127.0.0.1 - - [01/Jan/2026 17:02:34] "[36mGET /static/newlabel.svg HTTP/1.1[0m" 304 -
2026-01-01 17:02:37,866 127.0.0.1 - - [01/Jan/2026 17:02:37] "[36mGET /static/annflux.js HTTP/1.1[0m" 304 -
2026-01-01 17:02:38,021 127.0.0.1 - - [01/Jan/2026 17:02:38] "[36mGET /static/annflux_layout.js HTTP/1.1[0m" 304 -
2026-01-01 17:02:38,185 127.0.0.1 - - [01/Jan/2026 17:02:38] "[36mGET /static/annflux_objects.js HTTP/1.1[0m" 304 -
2026-01-01 17:02:38,274 127.0.0.1 - - [01/Jan/2026 17:02:38] "[36mGET /static/lap.js HTTP/1.1[0m" 304 -
2026-01-01 17:02:38,680 127.0.0.1 - - [01/Jan/2026 17:02:38] "[36mGET /static/annflux.css HTTP/1.1[0m" 304 -
2026-01-01 17:02:39,205 127.0.0.1 - - [01/Jan/2026 17:02:39] "[36mGET /static/hyparquet/index.js HTTP/1.1[0m" 304 -
2026-01-01 17:02:39,225 127.0.0.1 - - [01/Jan/2026 17:02:39] "GET /labels/css HTTP/1.1" 200 -
2026-01-01 17:02:39,402 127.0.0.1 - - [01/Jan/2026 17:02:39] "[36mGET /static/hyparquet/read.js HTTP/1.1[0m" 304 -
2026-01-01 17:02:39,665 127.0.0.1 - - [01/Jan/2026 17:02:39] "[36mGET /static/hyparquet/metadata.js HTTP/1.1[0m" 304 -
2026-01-01 17:02:39,953 127.0.0.1 - - [01/Jan/2026 17:02:39] "[36mGET /static/hyparquet/query.js HTTP/1.1[0m" 304 -
2026-01-01 17:02:40,050 127.0.0.1 - - [01/Jan/2026 17:02:40] "[36mGET /static/hyparquet/snappy.js HTTP/1.1[0m" 304 -
2026-01-01 17:02:40,175 127.0.0.1 - - [01/Jan/2026 17:02:40] "[36mGET /static/hyparquet/plan.js HTTP/1.1[0m" 304 -
2026-01-01 17:02:40,301 127.0.0.1 - - [01/Jan/2026 17:02:40] "[36mGET /static/hyparquet/utils.js HTTP/1.1[0m" 304 -
